frame_index,t_monotonic_ns
0,141899182596804
1,141899204240726
2,141899222596817
3,141899242405817
4,141899262799718
5,141899282604566
6,141899306353860
7,141899326166679
8,141899346252410
9,141899366015791
10,141899386250745
11,141899406023498
12,141899426155246
13,141899445921699
14,141899466038183
15,141899486251570
16,141899506142145
17,141899526398166
18,141899546267265
19,141899565919279
20,141899586025322
21,141899605896288
22,141899625998479
23,141899645888561
24,141899666166364
25,141899686121138
26,141899706317162
27,141899726274266
28,141899746405207
29,141899766674592
30,141899786617587
31,141899810406215
32,141899830548067
33,141899850450252
34,141899870716572
35,141899890639971
36,141899910668914
37,141899930461020
38,141899951336324
39,141899970534295
40,141899990689409
41,141900012705076
42,141900031016143
43,141900056252905
44,141900075694508
45,141900091922177
46,141900110406108
47,141900130243528
48,141900150501856
49,141900170226497
50,141900190375564
51,141900210327863
52,141900230282075
53,141900250277736
54,141900271678229
55,141900290290506
56,141900314276041
57,141900334169707
58,141900354212221
59,141900374089165
60,141900394208761
61,141900414114485
62,141900434223091
63,141900454156593
64,141900474275437
65,141900494243976
66,141900514648145
67,141900534304905
68,141900554454908
69,141900574113973
70,141900594454581
71,141900614304595
72,141900634724491
73,141900654244289
74,141900674334386
75,141900694348470
76,141900714394778
77,141900734412698
78,141900754396949
79,141900774656148
80,141900794596162
81,141900818431449
82,141900838642790
83,141900858330534
84,141900878429226
85,141900898237252
86,141900918610397
87,141900938521201
88,141900958384396
89,141900978172661
90,141900998439708
91,141901018508112
92,141901039208451
93,141901058456104
94,141901078563015
95,141901098411110
96,141901118640104
97,141901138540035
98,141901158608755
99,141901178384877
100,141901198606571
101,141901218424845
102,141901238761623
103,141901258407648
104,141901278730064
105,141901298394301
106,141901322603031
107,141901342444132
108,141901362533514
109,141901382744242
110,141901402655281
111,141901422459687
112,141901442694507
113,141901462391870
114,141901482611534
115,141901502372366
116,141901522845932
117,141901542683176
118,141901562670562
119,141901582331334
120,141901602542294
121,141901622350572
122,141901642745404
123,141901662302870
124,141901682463489
125,141901702293791
126,141901722478395
127,141901742553739
128,141901762448986
129,141901782384540
130,141901802526878
131,141901826264395
132,141901846682877
133,141901866231779
134,141901886438619
135,141901906214136
136,141901926405673
137,141901947308504
138,141901966402038
139,141901986262923
140,141902006587830
141,141902026736210
142,141902046788812
143,141902066290903
144,141902086466390
145,141902106266095
146,141902126786356
147,141902146625961
148,141902166547800
149,141902186301424
150,141902206526816
151,141902226287667
152,141902246677701
153,141902266265325
154,141902286798279
155,141902306536354
156,141902334256756
157,141902350509266
158,141902370599364
159,141902390292054
160,141902410524025
161,141902430343238
162,141902450677651
163,141902470369685
164,141902490846959
165,141902510402606
166,141902531598459
167,141902550677364
168,141902570702024
169,141902590412100
170,141902610569424
171,141902630348838
172,141902650817706
173,141902670335425
174,141902690727813
175,141902710330848
176,141902730564105
177,141902750699298
178,141902770548414
179,141902790489749
180,141902810648265
181,141902834320475
182,141902854675585
183,141902874381350
184,141902894668287
185,141902915035622
186,141902934498388
187,141902955056776
188,141902974896941
189,141902994552869
190,141903014875433
191,141903035059542
192,141903055387074
193,141903074997930
194,141903095384454
195,141903115166742
196,141903135438395
197,141903155311885
198,141903175615650
199,141903195342207
200,141903215960094
201,141903235452659
202,141903255849388
203,141903275663179
204,141903295855693
205,141903315660564
206,141903339701510
207,141903359488555
208,141903379962219
209,141903399796246
210,141903419952257
211,141903439699245
212,141903460189310
213,141903479849234
214,141903500122369
215,141903519662586
216,141903539992912
217,141903559758895
218,141903580424817
219,141903599973109
220,141903619996435
221,141903640326664
222,141903660311016
223,141903679824646
224,141903700110877
225,141903719750471
226,141903740030075
227,141903759841509
228,141903780226312
229,141903800140052
230,141903819884593
231,141903843489357
232,141903863601687
233,141903883337666
234,141903903710848
235,141903923247865
236,141903943526460
237,141903963390644
238,141903983442516
239,141904003236656
240,141904023207758
241,141904043175991
242,141904062996102
243,141904082722054
244,141904102959580
245,141904122550210
246,141904142737526
247,141904162523076
248,141904182784598
249,141904202822201
250,141904222837715
251,141904242616686
252,141904262972424
253,141904283044716
254,141904303400129
255,141904322816122
256,141904346985040
257,141904366726973
258,141904387304851
259,141904407319419
260,141904427124834
261,141904446691876
262,141904466891453
263,141904486625836
264,141904507029871
265,141904526598252
266,141904546848094
267,141904566588123
268,141904586800809
269,141904606849859
270,141904626805520
271,141904646621274
272,141904666807099
273,141904686700401
274,141904707023382
275,141904726670160
276,141904746863652
277,141904766608539
278,141904787334046
279,141904806891120
280,141904826943573
281,141904850768552
282,141904870893467
283,141904890694202
284,141904911230111
285,141904930743064
286,141904951470789
287,141904970709081
288,141904991063630
289,141905011088878
290,141905031207908
291,141905051205165
292,141905071206880
293,141905090816055
294,141905111239363
295,141905131009300
296,141905151417869
297,141905171036050
298,141905191242820
299,141905211254990
300,141905231369088
301,141905251207431
302,141905271448492
303,141905291673023
304,141905311827541
305,141905331289507
306,141905355392925
307,141905375053785
308,141905395289197
309,141905415156935
310,141905435237999
311,141905455103627
312,141905475310087
313,141905495253239
314,141905515486844
315,141905535414901
316,141905555553785
317,141905575106316
318,141905595292381
319,141905615108720
320,141905635268143
321,141905654998953
322,141905675316931
323,141905695326755
324,141905715626220
325,141905735301160
326,141905755531503
327,141905775283726
328,141905796271114
329,141905815591946
330,141905835678292
331,141905859410273
332,141905879544459
333,141905899566794
334,141905919784934
335,141905939411995
336,141905959594145
337,141905979339029
338,141905999578770
339,141906019657232
340,141906040713403
341,141906059446861
342,141906079638912
343,141906099397870
344,141906119683239
345,141906139378067
346,141906159589575
347,141906179332360
348,141906199550264
349,141906219464420
350,141906239500067
351,141906259302808
352,141906279527232
353,141906300698015
354,141906319802707
355,141906339277233
356,141906363685255
357,141906383253231
358,141906403546842
359,141906423363794
360,141906443534973
361,141906463307090
362,141906483673155
363,141906503267438
364,141906523641778
365,141906544804603
366,141906563768436
367,141906583326755
368,141906603562760
369,141906623936504
370,141906645464578
371,141906663346938
372,141906683532374
373,141906703257735
374,141906723694829
375,141906743354061
376,141906763594549
377,141906783462628
378,141906803953883
379,141906823223408
380,141906843373074
381,141906867123148
382,141906887809486
383,141906907167324
384,141906927304351
385,141906948285948
386,141906967268897
387,141906986862007
388,141907010747582
389,141907032678562
390,141907052831905
391,141907072504639
392,141907092405329
393,141907108845221
394,141907126659203
395,141907146394859
396,141907166723130
397,141907186453812
398,141907206686300
399,141907226523021
400,141907246767485
401,141907266737999
402,141907286924730
403,141907306679131
404,141907326928792
405,141907349747089
406,141907370929793
407,141907391288198
408,141907410946728
409,141907430827550
410,141907450889243
411,141907470708993
412,141907490854207
413,141907510657458
414,141907530878793
415,141907551225884
416,141907571063115
417,141907590784747
418,141907610900746
419,141907630693147
420,141907650850190
421,141907670710222
422,141907690843515
423,141907710687048
424,141907730679866
425,141907750674627
426,141907770831720
427,141907790598292
428,141907810824799
429,141907830518410
430,141907850709032
431,141907874376957
432,141907894610616
433,141907914413231
434,141907934648839
435,141907954824405
436,141907974910461
437,141907994462469
438,141908014628449
439,141908034444324
440,141908056602763
441,141908074557718
442,141908094681186
443,141908114353882
444,141908134493961
445,141908154728277
446,141908174746369
447,141908194345723
448,141908214469141
449,141908234288081
450,141908254364087
451,141908274266349
452,141908294438206
453,141908314395923
454,141908334533366
455,141908354190706
456,141908378478678
457,141908398302081
458,141908418466460
459,141908438313469
460,141908458560791
461,141908478590711
462,141908498752980
463,141908518539915
464,141908538652517
465,141908559404557
466,141908578999104
467,141908598655733
468,141908618601003
469,141908638439689
470,141908658665477
471,141908678589806
472,141908698694573
473,141908718539123
474,141908738691408
475,141908758540877
476,141908778815213
477,141908798970994
478,141908818815395
479,141908838560966
480,141908858686704
481,141908882755383
482,141908902442146
483,141908922353456
484,141908942495470
485,141908962164490
486,141908982417638
487,141909002207219
488,141909022250946
489,141909042169051
490,141909063455588
491,141909082282732
492,141909102308688
493,141909122121239
494,141909142230479
495,141909162134635
496,141909182239224
497,141909202165198
498,141909222300635
499,141909242138044
500,141909262256834
501,141909282057205
502,141909303510899
503,141909322284458
504,141909342263087
505,141909362010592
506,141909386150182
507,141909405977009
508,141909426265439
509,141909446037182
510,141909466269005
511,141909486140105
512,141909506290906
513,141909526272832
514,141909546300413
515,141909566398715
516,141909586490446
517,141909606248419
518,141909626363563
519,141909647570806
520,141909666411792
521,141909686360824
522,141909706350169
523,141909726283032
524,141909746350458
525,141909766143093
526,141909786403016
527,141909807275976
528,141909826494155
529,141909846310445
530,141909866750686
531,141909890183855
532,141909910396941
533,141909930279010
534,141909952059725
535,141909970282888
536,141909990564989
537,141910010248052
538,141910030522795
539,141910050348438
540,141910070553612
541,141910090326934
542,141910110678616
543,141910130222265
544,141910150404225
545,141910170216521
546,141910190481200
547,141910210223012
548,141910230435824
549,141910250250886
550,141910270486387
551,141910290364179
552,141910311246496
553,141910330394391
554,141910350544814
555,141910370299603
556,141910395024157
557,141910414974970
558,141910434727812
559,141910454317923
560,141910474557502
561,141910494417273
562,141910514510793
563,141910534382565
564,141910554720156
565,141910574732834
566,141910594721436
567,141910614386127
568,141910634681093
569,141910654469616
570,141910674590483
571,141910694349191
572,141910714571681
573,141910734254983
574,141910754474503
575,141910774183446
576,141910794313217
577,141910815133429
578,141910834716010
579,141910854633472
580,141910874581299
581,141910898306165
582,141910919329456
583,141910938452489
584,141910958530493
585,141910978252647
586,141910998442408
587,141911018351490
588,141911038646012
589,141911058533992
590,141911078810295
591,141911098366551
592,141911118564628
593,141911138523180
594,141911158704627
595,141911178512446
596,141911198565469
597,141911218360965
598,141911238524034
599,141911258283714
600,141911278523499
601,141911298339369
602,141911318783762
603,141911338584530
604,141911358660833
605,141911378506123
606,141911402418193
607,141911422544953
608,141911442752428
609,141911462383487
610,141911482656447
611,141911502414862
612,141911522668905
613,141911542631555
614,141911564121335
615,141911582755150
616,141911602929623
617,141911622701587
618,141911642893965
619,141911662557977
620,141911682805889
621,141911702603346
622,141911722908166
623,141911742848866
624,141911762861656
625,141911782590777
626,141911802847025
627,141911822744552
628,141911842784176
629,141911862535354
630,141911882763449
631,141911906653237
632,141911926856569
633,141911947467640
634,141911966761816
635,141911986713809
636,141912007430028
637,141912026630048
638,141912046800185
639,141912067250961
640,141912086909262
641,141912106697327
642,141912126956954
643,141912146691122
644,141912167085282
645,141912186828272
646,141912206965541
647,141912226800528
648,141912247052994
649,141912266994282
650,141912287197008
651,141912306928173
652,141912327412262
653,141912347604565
654,141912367564459
655,141912387024547
656,141912411262384
657,141912430992895
658,141912451335025
659,141912471088784
660,141912491347947
661,141912511192690
662,141912531360147
663,141912551114891
664,141912572685722
665,141912591255133
666,141912611294052
667,141912631223708
668,141912652220095
669,141912671093587
670,141912691479858
671,141912711231045
672,141912731409755
673,141912751192586
674,141912771408826
675,141912791167708
676,141912811380290
677,141912831196649
678,141912851447119
679,141912871178638
680,141912891443125
681,141912915186197
682,141912935290504
683,141912955447706
684,141912975002711
685,141912994832994
686,141913015058677
687,141913034893001
688,141913055049729
689,141913075149919
690,141913095120168
691,141913114818042
692,141913135062899
693,141913154801448
694,141913175110927
695,141913194783321
696,141913215035127
697,141913234863320
698,141913255065160
699,141913274824461
700,141913295033680
701,141913314763408
702,141913335047543
703,141913354871292
704,141913375003091
705,141913394845444
706,141913418999414
707,141913438917783
708,141913459202723
709,141913478818535
710,141913499085801
711,141913518829360
712,141913539114813
713,141913558638919
714,141913579089384
715,141913598839550
716,141913619051850
717,141913638880476
718,141913658997239
719,141913678876450
720,141913698992182
721,141913718814961
722,141913739134104
723,141913758745612
724,141913779005022
725,141913798824199
726,141913819115280
727,141913838887001
728,141913859202977
729,141913878803686
730,141913899075679
731,141913922851572
732,141913943009501
733,141913962689816
734,141913982983453
735,141914002864759
736,141914023141243
737,141914042809386
738,141914062961109
739,141914082993758
740,141914103273416
741,141914122800771
742,141914143089239
743,141914163787772
744,141914183042086
745,141914202714907
746,141914222988964
747,141914242703114
748,141914262839290
749,141914282595323
750,141914302794157
751,141914322870922
752,141914342804989
753,141914362544819
754,141914382719282
755,141914402403942
756,141914426803919
757,141914446558679
758,141914466816072
759,141914486583985
760,141914506756215
761,141914526594562
762,141914546865607
763,141914566639994
764,141914587041800
765,141914606776635
766,141914626817133
767,141914646709058
768,141914666846552
769,141914686688024
770,141914706773704
771,141914726626436
772,141914746900987
773,141914766659802
774,141914787257920
775,141914806694337
776,141914827211370
777,141914846915596
778,141914867024121
779,141914886580347
780,141914907231470
781,141914931197837
782,141914951863347
783,141914970987435
784,141914990846438
785,141915010614273
786,141915030787054
787,141915050708675
788,141915070666229
789,141915090603447
790,141915110758766
791,141915130546360
792,141915150849734
793,141915170556427
794,141915190774355
795,141915210599017
796,141915230752253
797,141915250602160
798,141915270744483
799,141915290655417
800,141915310784285
801,141915331197868
802,141915350850657
803,141915370701657
804,141915390822179
805,141915410724615
806,141915434764663
807,141915454605431
808,141915474845345
809,141915494644740
810,141915515018967
811,141915534668934
812,141915554841416
813,141915574735516
814,141915595208993
815,141915614877476
816,141915634887866
817,141915655062265
818,141915675155622
819,141915694974618
820,141915715021757
821,141915734658529
822,141915754886260
823,141915774751705
824,141915794842869
825,141915814731130
826,141915835204978
827,141915854837900
828,141915874823339
829,141915894598971
830,141915914933963
831,141915938665699
832,141915958948207
833,141915978627043
834,141915998530115
835,141916018387033
836,141916038557259
837,141916058291852
838,141916080092881
839,141916098375318
840,141916118593815
841,141916138353240
842,141916158584722
843,141916178458993
844,141916198562012
845,141916218429301
846,141916238440693
847,141916258323339
848,141916278493716
849,141916298205187
850,141916318387105
851,141916338483089
852,141916358299570
853,141916377986840
854,141916398134952
855,141916418406014
856,141916442305959
857,141916461995194
858,141916482361805
859,141916502264194
860,141916522632251
861,141916542478415
862,141916562690387
863,141916582815196
864,141916602797679
865,141916622726890
866,141916642709801
867,141916662516395
868,141916682582533
869,141916702405253
870,141916722772164
871,141916742477041
872,141916762616576
873,141916782491927
874,141916802674743
875,141916822680534
876,141916842869338
877,141916862606257
878,141916882674862
879,141916903379337
880,141916922753985
881,141916946629977
882,141916966631079
883,141916986499014
884,141917006611833
885,141917026640849
886,141917046716212
887,141917066485203
888,141917087067987
889,141917106625344
890,141917126938604
891,141917146510827
892,141917166821441
893,141917186558208
894,141917206699762
895,141917226478142
896,141917246629208
897,141917266446903
898,141917286773095
899,141917306657561
900,141917326709818
901,141917346738779
902,141917370506363
903,141917386366031
904,141917406587753
905,141917426378350
906,141917450511470
907,141917470432523
908,141917490685015
909,141917510451203
910,141917530565235
911,141917550458628
912,141917570566984
913,141917591300849
914,141917610804468
915,141917630667842
916,141917650646173
917,141917670476055
918,141917690686953
919,141917710351451
920,141917730527967
921,141917750360449
922,141917770462223
923,141917790357199
924,141917810492323
925,141917830540660
926,141917850862905
927,141917870628651
928,141917890687312
929,141917911251092
930,141917930954417
931,141917955124423
932,141917974828955
933,141917994679261
934,141918015992727
935,141918034518685
936,141918054750269
937,141918074470576
938,141918096546876
939,141918114665915
940,141918134798642
941,141918154585816
942,141918174767872
943,141918194530291
944,141918215003244
945,141918234566153
946,141918254699359
947,141918274573382
948,141918294709453
949,141918314577074
950,141918334941981
951,141918354910572
952,141918374909245
953,141918394549437
954,141918414739841
955,141918434621402
956,141918458760855
957,141918478744837
958,141918499022744
959,141918518530354
960,141918538766961
961,141918558446063
962,141918578749299
963,141918599364619
964,141918618717420
965,141918638568284
966,141918658757789
967,141918678694950
968,141918698614990
969,141918718415836
970,141918738644823
971,141918758369375
972,141918778698147
973,141918798517198
974,141918818639052
975,141918838837616
976,141918858810379
977,141918878545219
978,141918898450604
979,141918918328183
980,141918938776883
981,141918962189291
982,141918982661293
983,141919002346090
984,141919022491333
985,141919042352223
986,141919062494802
987,141919082532223
988,141919103512640
989,141919122554261
990,141919142687285
991,141919162415161
992,141919182666572
993,141919202461192
994,141919222655766
995,141919242466361
996,141919262661804
997,141919282537203
998,141919302655511
999,141919322427612
1000,141919344082595
1001,141919362575869
1002,141919382738890
1003,141919402429577
1004,141919423610398
1005,141919442560044
1006,141919466637790
1007,141919486486729
1008,141919506691378
1009,141919526349672
1010,141919546597048
1011,141919566327251
1012,141919586533463
1013,141919606586210
1014,141919626580565
1015,141919646356605
1016,141919666416881
1017,141919686397877
1018,141919706409280
1019,141919726166007
1020,141919746326783
1021,141919766248273
1022,141919786534111
1023,141919806325761
1024,141919826472095
1025,141919847919898
1026,141919866670046
1027,141919886399617
1028,141919906537109
1029,141919926365874
1030,141919946777641
1031,141919970345800
1032,141919990511313
1033,141920010480133
1034,141920030481030
1035,141920050285556
1036,141920070551876
1037,141920090636882
1038,141920110706489
1039,141920130530140
1040,141920150626556
1041,141920172268216
1042,141920190816065
1043,141920210500287
1044,141920230598381
1045,141920250389458
1046,141920270589984
1047,141920290362950
1048,141920310534193
1049,141920330315433
1050,141920352046757
1051,141920370483505
1052,141920390556735
1053,141920410348605
1054,141920430490829
1055,141920450315586
1056,141920483279472
1057,141920498928055
1058,141920517825995
1059,141920542159081
1060,141920560643418
1061,141920581110838
1062,141920599883516
1063,141920615308305
1064,141920635228530
1065,141920656444940
1066,141920679233237
1067,141920699456904
1068,141920714525045
1069,141920734406906
1070,141920754491681
1071,141920774359056
1072,141920794887622
1073,141920814449926
1074,141920834612053
1075,141920854756798
1076,141920874741060
1077,141920894663162
1078,141920915499700
1079,141920934543559
1080,141920955386829
1081,141920978454911
1082,141920998697869
1083,141921018685766
1084,141921038662838
1085,141921058587345
1086,141921078568615
1087,141921099305991
1088,141921118697803
1089,141921138583326
1090,141921158638149
1091,141921178429448
1092,141921198608561
1093,141921218478648
1094,141921238620398
1095,141921258493263
1096,141921278660030
1097,141921298476933
1098,141921318689788
1099,141921338484292
1100,141921358971388
1101,141921378667025
1102,141921399064096
1103,141921418582237
1104,141921438733121
1105,141921458578334
1106,141921482690923
1107,141921502681148
1108,141921522702982
1109,141921542608801
1110,141921562717429
1111,141921582519533
1112,141921603413666
1113,141921622799986
1114,141921642900738
1115,141921662489176
1116,141921682961793
1117,141921702725510
1118,141921722715280
1119,141921742680760
1120,141921762652711
1121,141921782546031
1122,141921802800231
1123,141921822488984
1124,141921842705130
1125,141921862547383
1126,141921883174741
1127,141921902369542
1128,141921922632712
1129,141921942551535
1130,141921962805450
1131,141921986570437
1132,141922006854102
1133,141922026495133
1134,141922046690760
1135,141922066496787
1136,141922086696608
1137,141922106899937
1138,141922126690947
1139,141922146473272
1140,141922166665277
1141,141922186484985
1142,141922206591020
1143,141922226428351
1144,141922246715979
1145,141922266337205
1146,141922286459666
1147,141922306482333
1148,141922326547890
1149,141922346475390
1150,141922366762105
1151,141922387827524
1152,141922406435933
1153,141922427848120
1154,141922446480842
1155,141922466304268
1156,141922490370393
1157,141922510256352
1158,141922530438853
1159,141922550321328
1160,141922570495773
1161,141922590254048
1162,141922611535998
1163,141922630378780
1164,141922650404534
1165,141922670275229
1166,141922690412601
1167,141922710215015
1168,141922730433980
1169,141922750332668
1170,141922770474159
1171,141922790331161
1172,141922810402247
1173,141922830300098
1174,141922850655445
1175,141922870481198
1176,141922890657601
1177,141922910902736
1178,141922930468971
1179,141922951272479
1180,141922970572082
1181,141922994314162
1182,141923014434606
1183,141923034244504
1184,141923054508833
1185,141923074178747
1186,141923094454522
1187,141923116656733
1188,141923134684054
1189,141923154302271
1190,141923174941544
1191,141923194317111
1192,141923214523805
1193,141923234458480
1194,141923254467221
1195,141923274390897
1196,141923294473934
1197,141923314341197
1198,141923334492001
1199,141923354973425
1200,141923374502660
1201,141923394394565
1202,141923414507598
1203,141923434268978
1204,141923454508875
1205,141923474296068
1206,141923498400776
1207,141923518315267
1208,141923538447267
1209,141923558361421
1210,141923578626514
1211,141923598520793
1212,141923619738632
1213,141923638550666
1214,141923658745938
1215,141923678444286
1216,141923698575743
1217,141923718371008
1218,141923738556358
1219,141923758530926
1220,141923778547471
1221,141923798376561
1222,141923818521088
1223,141923838363527
1224,141923860375735
1225,141923878736354
1226,141923898564243
1227,141923918368136
1228,141923939052082
1229,141923958758330
1230,141923978508373
1231,141924002396844
1232,141924022516171
1233,141924042350668
1234,141924062708611
1235,141924082357301
1236,141924102480337
1237,141924122072522
1238,141924142458057
1239,141924162057268
1240,141924182389864
1241,141924202139261
1242,141924222373102
1243,141924242081575
1244,141924262337998
1245,141924282328227
1246,141924302362025
1247,141924322237683
1248,141924342379313
1249,141924363364965
1250,141924382409059
1251,141924402180934
1252,141924422378191
1253,141924442321417
1254,141924462596563
1255,141924482237355
1256,141924506364501
1257,141924526337036
1258,141924546458745
1259,141924566517667
1260,141924586427313
1261,141924606808000
1262,141924627209297
1263,141924646694581
1264,141924666707922
1265,141924686488422
1266,141924706549973
1267,141924726371263
1268,141924746452656
1269,141924766506759
1270,141924786874946
1271,141924806537629
1272,141924826724268
1273,141924846611915
1274,141924868155800
1275,141924886991467
1276,141924906788391
1277,141924926777133
1278,141924947338652
1279,141924966653886
1280,141924986869577
1281,141925010629737
1282,141925030691965
1283,141925050639006
1284,141925070750403
1285,141925090744401
1286,141925111710328
1287,141925130978855
1288,141925150824613
1289,141925170545497
1290,141925190736418
1291,141925210594664
1292,141925230660479
1293,141925250583718
1294,141925270737126
1295,141925290633306
1296,141925310682819
1297,141925330584317
1298,141925350730300
1299,141925371527607
1300,141925390838491
1301,141925410532132
1302,141925432421912
1303,141925450755486
1304,141925471106782
1305,141925490619857
1306,141925514902301
1307,141925534548934
1308,141925554671196
1309,141925574419928
1310,141925594721267
1311,141925616186080
1312,141925634790997
1313,141925654613335
1314,141925674679398
1315,141925694644315
1316,141925714557912
1317,141925734479239
1318,141925754726527
1319,141925774500256
1320,141925794513343
1321,141925814603197
1322,141925834678682
1323,141925854478060
1324,141925875275245
1325,141925894558988
1326,141925914621756
1327,141925934479357
1328,141925954927484
1329,141925974526463
1330,141925994592401
1331,141926018465570
1332,141926038635769
1333,141926058360490
1334,141926078568654
1335,141926098486028
1336,141926120459198
1337,141926138497822
1338,141926159059532
1339,141926180134856
1340,141926199087620
1341,141926218572350
1342,141926238578779
1343,141926258364527
1344,141926278410800
1345,141926298460251
1346,141926318672182
1347,141926338487831
1348,141926358602615
1349,141926378931195
1350,141926398650460
1351,141926418653896
1352,141926438605971
1353,141926458482682
1354,141926478628777
1355,141926498442874
1356,141926522594491
1357,141926542469016
1358,141926562513813
1359,141926582401102
1360,141926602566513
1361,141926623510434
1362,141926642754084
1363,141926662465775
1364,141926682575978
1365,141926702424806
1366,141926722626881
1367,141926742432491
1368,141926762558797
1369,141926782601507
1370,141926802623599
1371,141926822426647
1372,141926842447363
1373,141926862407124
1374,141926882657968
1375,141926902779265
1376,141926922503124
1377,141926942320921
1378,141926962719832
1379,141926982272035
1380,141927002624303
1381,141927026449969
1382,141927046527230
1383,141927066462996
1384,141927086451896
1385,141927106383983
1386,141927126826585
1387,141927146480062
1388,141927166584005
1389,141927186434581
1390,141927206564401
1391,141927226492056
1392,141927246592121
1393,141927266476036
1394,141927286575184
1395,141927306425477
1396,141927326565977
1397,141927346619943
1398,141927367875664
1399,141927388481570
1400,141927406681631
1401,141927426446526
1402,141927446609649
1403,141927466395128
1404,141927486572846
1405,141927506697155
1406,141927530591324
1407,141927550961576
1408,141927570519482
1409,141927590567997
1410,141927610576560
1411,141927630676840
1412,141927650646788
1413,141927670578586
1414,141927690694106
1415,141927710777262
1416,141927730608650
1417,141927750773261
1418,141927770627131
1419,141927790724732
1420,141927810656565
1421,141927830782403
1422,141927850632293
1423,141927871531391
1424,141927890637986
1425,141927910836518
1426,141927930711797
1427,141927951659984
1428,141927970595280
1429,141927990733611
1430,141928010844160
1431,141928034622367
1432,141928054600395
1433,141928074485517
1434,141928094454896
1435,141928114491992
1436,141928134574129
1437,141928154738925
1438,141928174544061
1439,141928194646952
1440,141928214558220
1441,141928234618446
1442,141928254505616
1443,141928274638433
1444,141928294450166
1445,141928314527694
1446,141928334583567
1447,141928354628765
1448,141928375374189
1449,141928394664542
1450,141928414555086
1451,141928435345264
1452,141928454692252
1453,141928474680081
1454,141928494405087
1455,141928514559008
1456,141928538585005
1457,141928558426183
1458,141928578457262
1459,141928598517343
1460,141928618580975
1461,141928638769329
1462,141928658554499
1463,141928678558595
1464,141928698493912
1465,141928718547926
1466,141928738592374
1467,141928758534583
1468,141928778445574
1469,141928798480645
1470,141928818444609
1471,141928838635435
1472,141928858572408
1473,141928879234556
1474,141928898599177
1475,141928918602307
1476,141928938519181
1477,141928958690069
1478,141928978590075
1479,141928998596937
1480,141929018527270
1481,141929042702220
1482,141929062527693
1483,141929082765446
1484,141929102606503
1485,141929123914876
1486,141929142771906
1487,141929162703739
1488,141929183144445
1489,141929202591452
1490,141929222696552
1491,141929242722267
1492,141929262552185
1493,141929282682144
1494,141929302534651
1495,141929322650163
1496,141929342619956
1497,141929362582443
1498,141929382919269
1499,141929402594193
1500,141929422715933
1501,141929442676716
1502,141929462566237
1503,141929482589511
1504,141929502544720
1505,141929522718641
1506,141929546396715
1507,141929566627109
1508,141929586491038
1509,141929606554983
1510,141929627466504
1511,141929646669597
1512,141929666661638
1513,141929686586827
1514,141929706534162
1515,141929726470276
1516,141929746450397
1517,141929766569239
1518,141929786504346
1519,141929806506981
1520,141929826440672
1521,141929846563169
1522,141929866581178
1523,141929886863606
1524,141929906673365
1525,141929926607957
1526,141929947601319
1527,141929966668503
1528,141929986507390
1529,141930006480661
1530,141930026474236
1531,141930050534576
1532,141930070759304
1533,141930090451183
1534,141930110495339
1535,141930132370832
1536,141930150520387
1537,141930170631973
1538,141930190535418
1539,141930210556221
1540,141930230503764
1541,141930250484709
1542,141930270428259
1543,141930290529008
1544,141930310442103
1545,141930330474882
1546,141930350337119
1547,141930370484315
1548,141930390646319
1549,141930410684668
1550,141930430480645
1551,141930450560155
1552,141930470432952
1553,141930490497964
1554,141930510444588
1555,141930530533611
1556,141930554712149
1557,141930574479670
1558,141930594749656
1559,141930614582812
1560,141930635300415
1561,141930656707631
1562,141930674582813
1563,141930695357784
1564,141930714674636
1565,141930734572176
1566,141930754423462
1567,141930774482529
1568,141930794570515
1569,141930814516758
1570,141930834411395
1571,141930854671634
1572,141930874429285
1573,141930894852456
1574,141930914527914
1575,141930935395965
1576,141930954918220
1577,141930974542958
1578,141930994593548
1579,141931014445873
1580,141931034523422
1581,141931058405852
1582,141931078728889
1583,141931098724212
1584,141931118592658
1585,141931141671704
1586,141931158724139
1587,141931178381847
1588,141931198620426
1589,141931218387454
1590,141931238613284
1591,141931258375941
1592,141931278601871
1593,141931298405747
1594,141931318626114
1595,141931338419088
1596,141931358642520
1597,141931378665206
1598,141931398814563
1599,141931418360908
1600,141931439102327
1601,141931458452432
1602,141931478488642
1603,141931498348783
1604,141931518537127
1605,141931538168371
1606,141931562349730
1607,141931582179482
1608,141931602530330
1609,141931622180854
1610,141931642817813
1611,141931662302518
1612,141931682522062
1613,141931702429322
1614,141931722544417
1615,141931742362036
1616,141931762507620
1617,141931782360827
1618,141931802728142
1619,141931822363159
1620,141931842505028
1621,141931862360239
1622,141931883161588
1623,141931902455188
1624,141931922508642
1625,141931942332432
1626,141931962761417
1627,141931982257064
1628,141932002699763
1629,141932022405983
1630,141932042614939
1631,141932066385616
1632,141932086663066
1633,141932106384889
1634,141932126648596
1635,141932146986856
1636,141932166880525
1637,141932186635773
1638,141932207041243
1639,141932226531187
1640,141932246890740
1641,141932266526726
1642,141932286815002
1643,141932306476327
1644,141932326735448
1645,141932346463604
1646,141932366755368
1647,141932387697291
1648,141932408307814
1649,141932428621368
1650,141932446777806
1651,141932466607892
1652,141932486823164
1653,141932506582236
1654,141932526711237
1655,141932546475370
1656,141932570731866
1657,141932590512341
1658,141932610818308
1659,141932630516179
1660,141932650847290
1661,141932670695273
1662,141932690892130
1663,141932710593931
1664,141932730531120
1665,141932750541040
1666,141932770834862
1667,141932790529938
1668,141932810684969
1669,141932830553330
1670,141932850762957
1671,141932870952124
1672,141932892623399
1673,141932911035231
1674,141932930861966
1675,141932952519677
1676,141932971072045
1677,141932990470247
1678,141933010738290
1679,141933030373481
1680,141933050703855
1681,141933074386686
1682,141933094551562
1683,141933114488036
1684,141933134526895
1685,141933154789057
1686,141933174785062
1687,141933194346864
1688,141933214511655
1689,141933234295942
1690,141933254543948
1691,141933274486646
1692,141933294522700
1693,141933314328839
1694,141933334465535
1695,141933354235018
1696,141933374365516
1697,141933395678380
1698,141933414464116
1699,141933434287614
1700,141933454295102
1701,141933474123603
1702,141933494373280
1703,141933514116861
1704,141933534355568
1705,141933554149191
1706,141933578332528
1707,141933598116520
1708,141933618477352
1709,141933638381264
1710,141933658931194
1711,141933678245155
1712,141933699140071
1713,141933718310785
1714,141933738427045
1715,141933758339340
1716,141933778410334
1717,141933798273107
1718,141933818523838
1719,141933838254855
1720,141933858488034
1721,141933878374158
1722,141933900194607
1723,141933918402891
1724,141933938751561
1725,141933958776901
1726,141933978616157
1727,141933998380790
1728,141934018508467
1729,141934038195485
1730,141934058505275
1731,141934082167361
1732,141934102524661
1733,141934122268489
1734,141934143900520
1735,141934162565107
1736,141934182435079
1737,141934202183884
1738,141934222360170
1739,141934242156526
1740,141934262468021
1741,141934282084771
1742,141934302424285
1743,141934322088008
1744,141934342267091
1745,141934362397050
1746,141934382439054
1747,141934402499547
1748,141934422311212
1749,141934442327963
1750,141934462696482
1751,141934482312564
1752,141934502363362
1753,141934522248352
1754,141934542403269
1755,141934562189264
1756,141934586269222
1757,141934606144703
1758,141934626356594
1759,141934647370185
1760,141934666516795
1761,141934686148301
1762,141934706368375
1763,141934726127095
1764,141934746440610
1765,141934766352589
1766,141934786359441
1767,141934806716751
1768,141934826448543
1769,141934846172655
1770,141934866595912
1771,141934886362329
1772,141934906888174
1773,141934926504539
1774,141934947355306
1775,141934966739261
1776,141934986518993
1777,141935006661903
1778,141935026764496
1779,141935046432291
1780,141935066726232
1781,141935090234185
1782,141935110563184
1783,141935130288384
1784,141935152232879
1785,141935170250220
1786,141935190478949
1787,141935210448247
1788,141935230530914
1789,141935250448783
1790,141935270518066
1791,141935290349140
1792,141935310591266
1793,141935330657469
1794,141935350659593
1795,141935370535930
1796,141935390792070
1797,141935410922467
1798,141935430960671
1799,141935450608003
1800,141935470637214
1801,141935490534498
1802,141935510558632
1803,141935530552868
1804,141935550763191
1805,141935570608085
1806,141935594648157
1807,141935614541367
1808,141935634658521
1809,141935655544190
1810,141935674630232
1811,141935694547754
1812,141935714572403
1813,141935734586442
1814,141935754639471
1815,141935774566740
1816,141935794594201
1817,141935814559377
1818,141935834622797
1819,141935856416085
1820,141935874544781
1821,141935895520129
1822,141935914697933
1823,141935934681195
1824,141935956470420
1825,141935974701384
1826,141935994741956
1827,141936015718939
1828,141936034621901
1829,141936054559557
1830,141936074585248
1831,141936098873991
1832,141936118623648
1833,141936138475644
1834,141936158749775
1835,141936178620363
1836,141936198569507
1837,141936218514068
1838,141936238650638
1839,141936258534157
1840,141936278725025
1841,141936298594205
1842,141936318759981
1843,141936338613771
1844,141936358661736
1845,141936378718244
1846,141936400590552
1847,141936418723921
1848,141936438922639
1849,141936458970835
1850,141936478983100
1851,141936498926810
1852,141936519175039
1853,141936538962090
1854,141936558835862
1855,141936579011132
1856,141936602877732
1857,141936622730766
1858,141936643215947
1859,141936663171503
1860,141936683387651
1861,141936704625960
1862,141936723126559
1863,141936743097276
1864,141936762974648
1865,141936782980315
1866,141936802835814
1867,141936822819329
1868,141936842816268
1869,141936862779810
1870,141936883098338
1871,141936904503743
1872,141936922931549
1873,141936942925899
1874,141936962798469
1875,141936982800910
1876,141937002805198
1877,141937022761032
1878,141937042896955
1879,141937062718984
1880,141937082878814
1881,141937106649846
1882,141937126807576
1883,141937147426316
1884,141937166881277
1885,141937186751284
1886,141937206864289
1887,141937226660366
1888,141937246698282
1889,141937266492813
1890,141937286574984
1891,141937306453204
1892,141937326375531
1893,141937346305514
1894,141937366360702
1895,141937386286071
1896,141937406869451
1897,141937427945561
1898,141937446493142
1899,141937466700888
1900,141937486670065
1901,141937506316793
1902,141937526490302
1903,141937546246379
1904,141937566504021
1905,141937586667395
1906,141937610454716
1907,141937630521224
1908,141937652096363
1909,141937670900546
1910,141937690901428
1911,141937710380043
1912,141937730604199
1913,141937750417690
1914,141937770504454
1915,141937790640402
1916,141937810514647
1917,141937830420305
1918,141937850728248
1919,141937870448292
1920,141937890722966
1921,141937911474644
1922,141937930695962
1923,141937950687749
1924,141937970435666
1925,141937990443661
1926,141938010542931
1927,141938030235249
1928,141938050475458
1929,141938070456621
1930,141938090433764
1931,141938114334617
1932,141938134398970
1933,141938156338743
1934,141938174756341
1935,141938194500455
1936,141938214848338
1937,141938234547056
1938,141938254581081
1939,141938274408221
1940,141938294509160
1941,141938314537944
1942,141938334644110
1943,141938354515077
1944,141938374612245
1945,141938394662241
1946,141938414746800
1947,141938434710707
1948,141938454670996
1949,141938474583195
1950,141938494665734
1951,141938514608073
1952,141938534665843
1953,141938554572030
1954,141938574590681
1955,141938594530020
1956,141938618641598
1957,141938638620699
1958,141938659400343
1959,141938678749128
1960,141938698858995
1961,141938718834889
1962,141938738946217
1963,141938758910405
1964,141938779049582
1965,141938799130138
1966,141938819080132
1967,141938839113546
1968,141938860408733
1969,141938879019152
1970,141938899048414
1971,141938919366025
1972,141938939528992
1973,141938959805124
1974,141938979118315
1975,141938999020150
1976,141939019214160
1977,141939039074318
1978,141939059063186
1979,141939079027109
1980,141939099252958
1981,141939123103024
1982,141939143292268
1983,141939163862588
1984,141939183353920
1985,141939203185927
1986,141939223344543
1987,141939243110645
1988,141939263331647
1989,141939283122038
1990,141939303290389
1991,141939323202574
1992,141939343258831
1993,141939363082504
1994,141939383121272
1995,141939403066049
1996,141939423186113
1997,141939443141674
1998,141939462997958
1999,141939482850201
2000,141939503092647
2001,141939522811085
2002,141939543059794
2003,141939562893634
2004,141939582872629
2005,141939602841882
2006,141939626808712
2007,141939646952277
2008,141939667573453
2009,141939687261517
2010,141939708256434
2011,141939727102016
2012,141939747084739
2013,141939766941683
2014,141939786960245
2015,141939806959633
2016,141939826925600
2017,141939847289445
2018,141939867015849
2019,141939886888541
2020,141939907209064
2021,141939926916742
2022,141939948860457
2023,141939967302876
2024,141939987275303
2025,141940006855899
2026,141940027101514
2027,141940046864802
2028,141940067013754
2029,141940086776715
2030,141940107031292
2031,141940130886331
2032,141940151081972
2033,141940171134502
2034,141940190985742
2035,141940210774631
2036,141940231065965
2037,141940250879072
2038,141940271149353
2039,141940290858776
2040,141940311043769
2041,141940330855874
2042,141940351317133
2043,141940370849326
2044,141940391258367
2045,141940411241851
2046,141940431367582
2047,141940451031395
2048,141940471669384
2049,141940491097554
2050,141940511284769
2051,141940531105975
2052,141940551430694
2053,141940571037843
2054,141940591315546
2055,141940610981797
2056,141940635238005
2057,141940655103570
2058,141940675355730
2059,141940695204235
2060,141940715129732
2061,141940734977803
2062,141940755399343
2063,141940774899903
2064,141940795301940
2065,141940814939955
2066,141940835097807
2067,141940854970350
2068,141940875096162
2069,141940894791776
2070,141940916466442
2071,141940934936944
2072,141940955625376
2073,141940974691540
2074,141940995007718
2075,141941014702264
2076,141941035083629
2077,141941054711925
2078,141941074963202
2079,141941094818074
2080,141941114933117
2081,141941138672075
2082,141941158960243
2083,141941178701877
2084,141941198931420
2085,141941220282409
2086,141941239185641
2087,141941258847299
2088,141941278975740
2089,141941298767170
2090,141941319011503
2091,141941338792877
2092,141941359014630
2093,141941378767751
2094,141941399105468
2095,141941420515193
2096,141941439019274
2097,141941459092858
2098,141941479123753
2099,141941498906950
2100,141941519214470
2101,141941538973825
2102,141941559172697
2103,141941579112160
2104,141941599248896
2105,141941619040142
2106,141941643504523
2107,141941663045768
2108,141941683554818
2109,141941703044752
2110,141941723241291
2111,141941742876687
2112,141941763144799
2113,141941783051490
2114,141941803149541
2115,141941822791467
2116,141941843000064
2117,141941862725939
2118,141941882981957
2119,141941902758017
2120,141941924595130
2121,141941943083481
2122,141941964971167
2123,141941983487607
2124,141942003412659
2125,141942022825691
2126,141942042973046
2127,141942062947341
2128,141942082992702
2129,141942102763023
2130,141942122799188
2131,141942146442238
2132,141942167497187
2133,141942187063172
2134,141942206955484
2135,141942226589997
2136,141942246825427
2137,141942266641599
2138,141942286914629
2139,141942306677545
2140,141942326876817
2141,141942346676887
2142,141942366914817
2143,141942386657191
2144,141942406969378
2145,141942428086464
2146,141942450350222
2147,141942466734714
2148,141942487012505
2149,141942506708837
2150,141942527015661
2151,141942546725120
2152,141942567076137
2153,141942586854694
2154,141942607154998
2155,141942626909443
2156,141942651170905
2157,141942671157110
2158,141942691527505
2159,141942711618957
2160,141942731580810
2161,141942751286087
2162,141942771365689
2163,141942791125024
2164,141942811883644
2165,141942831106777
2166,141942851495445
2167,141942871072095
2168,141942891470024
2169,141942911294593
2170,141942931559010
2171,141942951535469
2172,141942971758715
2173,141942991156242
2174,141943011541584
2175,141943031179684
2176,141943051346947
2177,141943071003458
2178,141943091331344
2179,141943111295020
2180,141943131369953
2181,141943154954910
2182,141943175746020
2183,141943195173907
2184,141943215493301
2185,141943235024991
2186,141943255360275
2187,141943274963337
2188,141943295295802
2189,141943315153641
2190,141943335301391
2191,141943354953574
2192,141943375199945
2193,141943394927364
2194,141943415490207
2195,141943435396609
2196,141943455218784
2197,141943474894094
2198,141943495010541
2199,141943514765396
2200,141943534960688
2201,141943554794818
2202,141943574830578
2203,141943594746726
2204,141943614999501
2205,141943634769785
2206,141943659063828
2207,141943679851536
2208,141943699418895
2209,141943719098923
2210,141943739222088
2211,141943759096773
2212,141943779269121
2213,141943799015543
2214,141943819391349
2215,141943839087904
2216,141943859499042
2217,141943879127201
2218,141943899303542
2219,141943918839799
2220,141943939196224
2221,141943959192278
2222,141943979375029
2223,141943998959499
2224,141944019406563
2225,141944038829644
2226,141944058995668
2227,141944078936855
2228,141944099285810
2229,141944119234198
2230,141944139380730
2231,141944162942774
2232,141944184241576
2233,141944203119328
2234,141944223656962
2235,141944243014831
2236,141944263112092
2237,141944282789436
2238,141944303010826
2239,141944322795853
2240,141944343134810
2241,141944362785489
2242,141944383030075
2243,141944402760038
2244,141944423105249
2245,141944443186471
2246,141944463240907
2247,141944482833453
2248,141944503088081
2249,141944522876261
2250,141944543275834
2251,141944562948492
2252,141944583212353
2253,141944602977138
2254,141944623278827
2255,141944643030074
2256,141944667219254
2257,141944687048084
2258,141944707360116
2259,141944727056968
2260,141944747306505
2261,141944766885777
2262,141944787125893
2263,141944806871681
2264,141944827161745
2265,141944846928974
2266,141944867113014
2267,141944886828436
2268,141944907081632
2269,141944927143490
2270,141944948477215
2271,141944968636371
2272,141944987487810
2273,141945007245865
2274,141945027287875
2275,141945047094970
2276,141945067157982
2277,141945087086019
2278,141945107117642
2279,141945127002495
2280,141945147133265
2281,141945170968286
2282,141945191684143
2283,141945211102291
2284,141945231153335
2285,141945251019251
2286,141945271166140
2287,141945291150183
2288,141945311148802
2289,141945331098048
2290,141945351209595
2291,141945371121256
2292,141945391345383
2293,141945411140478
2294,141945432523441
2295,141945451490797
2296,141945471376599
2297,141945491122679
2298,141945511145363
2299,141945531038812
2300,141945551053977
2301,141945571074285
2302,141945591130805
2303,141945610951137
2304,141945631173135
2305,141945650987850
2306,141945675126922
2307,141945695201544
2308,141945715190235
2309,141945735301890
2310,141945755082034
2311,141945774927953
2312,141945794985625
2313,141945814865077
2314,141945835033852
2315,141945854962611
2316,141945875022749
2317,141945894821110
2318,141945914982197
2319,141945936449695
2320,141945956430513
2321,141945975023403
2322,141945995012866
2323,141946014889066
2324,141946035102062
2325,141946054878365
2326,141946074998392
2327,141946094939490
2328,141946115026457
2329,141946134988941
2330,141946155069373
2331,141946179279931
2332,141946199375255
2333,141946219034027
2334,141946238998171
2335,141946258889851
2336,141946279022327
2337,141946298908845
2338,141946318982235
2339,141946338865080
2340,141946358924889
2341,141946378926809
2342,141946398996406
2343,141946418883390
2344,141946440052668
2345,141946458949461
2346,141946479320432
2347,141946498923336
2348,141946518914284
2349,141946538929001
2350,141946558816351
2351,141946578960376
2352,141946599052582
2353,141946619017335
2354,141946639128613
2355,141946659010554
2356,141946683913262
2357,141946703174380
2358,141946723390642
2359,141946743045232
2360,141946763161571
2361,141946783265745
2362,141946803212381
2363,141946823217914
2364,141946843390664
2365,141946863145169
2366,141946883325203
2367,141946903711408
2368,141946923300744
2369,141946945364805
2370,141946963168321
2371,141946983061442
2372,141947003225641
2373,141947023034697
2374,141947042915411
2375,141947062916373
2376,141947082964604
2377,141947103070719
2378,141947123138242
2379,141947142950884
2380,141947163167795
2381,141947188107106
2382,141947207387815
2383,141947227548871
2384,141947247584867
2385,141947267498855
2386,141947287314188
2387,141947307417906
2388,141947327313409
2389,141947347276655
2390,141947367448579
2391,141947387381335
2392,141947407522565
2393,141947427441680
2394,141947448573803
2395,141947467479699
2396,141947487422529
2397,141947507384280
2398,141947527472274
2399,141947547329749
2400,141947567314740
2401,141947587390726
2402,141947607454950
2403,141947627264499
2404,141947647470521
2405,141947667335229
2406,141947693052281
2407,141947711308794
2408,141947731235150
2409,141947751104388
2410,141947771207673
2411,141947791115580
2412,141947811163576
2413,141947831162488
2414,141947851416856
2415,141947871181881
2416,141947891287127
2417,141947911174984
2418,141947930994639
2419,141947951588323
2420,141947971802591
2421,141947991627209
2422,141948012491113
2423,141948031144329
2424,141948051307788
2425,141948071236534
2426,141948091321993
2427,141948111145729
2428,141948131415506
2429,141948151140492
2430,141948171283854
2431,141948196846787
2432,141948215469835
2433,141948235265908
2434,141948255282323
2435,141948275230731
2436,141948295353750
2437,141948315263675
2438,141948335480658
2439,141948355276312
2440,141948375325150
2441,141948395247268
2442,141948415281635
2443,141948435400651
2444,141948455843177
2445,141948475465786
2446,141948495377844
2447,141948515264196
2448,141948535497358
2449,141948555213572
2450,141948575283814
2451,141948595239790
2452,141948615346826
2453,141948635257615
2454,141948655292889
2455,141948675236320
2456,141948701039992
2457,141948719235957
2458,141948739498225
2459,141948759340996
2460,141948779229532
2461,141948799279244
2462,141948819312742
2463,141948839344014
2464,141948859334854
2465,141948879259905
2466,141948899298426
2467,141948919149598
2468,141948939576192
2469,141948959617365
2470,141948979296660
2471,141948999177144
2472,141949019449190
2473,141949039207074
2474,141949059412256
2475,141949079631296
2476,141949099007264
2477,141949119070393
2478,141949139014733
2479,141949159024193
2480,141949178976894
2481,141949203988434
2482,141949223004790
2483,141949242917799
2484,141949262897274
2485,141949282829201
2486,141949303092470
2487,141949322846042
2488,141949342914900
2489,141949363018004
2490,141949382946839
2491,141949403005482
2492,141949422899405
2493,141949443571033
2494,141949462950162
2495,141949484728932
2496,141949503074738
2497,141949522794478
2498,141949542856596
2499,141949562799620
2500,141949582776511
2501,141949602826162
2502,141949622838122
2503,141949642672573
2504,141949662744618
2505,141949682626364
2506,141949707032336
2507,141949726758258
2508,141949746677263
2509,141949766601161
2510,141949786726767
2511,141949806739984
2512,141949826678198
2513,141949846671889
2514,141949866643416
2515,141949886648435
2516,141949906851463
2517,141949926640819
2518,141949948694455
2519,141949966916290
2520,141949986813594
2521,141950007088879
2522,141950026715737
2523,141950046658569
2524,141950066766950
2525,141950086781464
2526,141950106986723
2527,141950126693299
2528,141950146860037
2529,141950166790778
2530,141950186929900
2531,141950211078319
2532,141950232494823
2533,141950250940009
2534,141950270992744
2535,141950290812211
2536,141950310953112
2537,141950330819157
2538,141950350901780
2539,141950370799593
2540,141950390896916
2541,141950410933688
2542,141950430902885
2543,141950451637469
2544,141950470864500
2545,141950490819945
2546,141950511758187
2547,141950533761706
2548,141950557693282
2549,141950576419885
2550,141950593702665
2551,141950612547975
2552,141950631069784
2553,141950651060447
2554,141950671367999
2555,141950691031221
2556,141950715248182
2557,141950734954224
2558,141950754932733
2559,141950774871418
2560,141950795030264
2561,141950814770216
2562,141950834918522
2563,141950854864202
2564,141950874967262
2565,141950895200591
2566,141950915062955
2567,141950934870189
2568,141950955802546
2569,141950975347416
2570,141950995671564
2571,141951015159980
2572,141951035047096
2573,141951054953568
2574,141951075028350
2575,141951094918502
2576,141951115180371
2577,141951134817938
2578,141951155049642
2579,141951174907458
2580,141951195375149
2581,141951219214127
2582,141951239044052
2583,141951258927092
2584,141951279063540
2585,141951298927777
2586,141951319075542
2587,141951338905009
2588,141951359027356
2589,141951378879038
2590,141951399028386
2591,141951418869438
2592,141951439095497
2593,141951459159785
2594,141951479103969
2595,141951498862334
2596,141951519000187
2597,141951539017121
2598,141951559097444
2599,141951578921682
2600,141951599176674
2601,141951618949464
2602,141951639263491
2603,141951658978090
2604,141951679254771
2605,141951699321667
2606,141951723173660
2607,141951743580906
2608,141951763629269
2609,141951783050404
2610,141951803272136
2611,141951823112425
2612,141951843233137
2613,141951863236968
2614,141951883615460
2615,141951903152879
2616,141951923516083
2617,141951943424913
2618,141951964606684
2619,141951983273123
2620,141952003456868
2621,141952023230149
2622,141952043359302
2623,141952063271741
2624,141952083481808
2625,141952103216789
2626,141952123506739
2627,141952143387071
2628,141952163489284
2629,141952183297200
2630,141952204314610
2631,141952227281572
2632,141952247574083
2633,141952267326833
2634,141952287486158
2635,141952307444250
2636,141952327438438
2637,141952347249537
2638,141952367511284
2639,141952387304180
2640,141952407508949
2641,141952427349187
2642,141952447511569
2643,141952467427274
2644,141952491601861
2645,141952507503925
2646,141952527563685
2647,141952547233781
2648,141952567481019
2649,141952587256336
2650,141952607481739
2651,141952627363990
2652,141952647461198
2653,141952667287470
2654,141952687469895
2655,141952708292393
2656,141952731593514
2657,141952751334293
2658,141952771482107
2659,141952791341479
2660,141952811440232
2661,141952831338405
2662,141952851529324
2663,141952871372315
2664,141952891481529
2665,141952911256921
2666,141952931494518
2667,141952951914121
2668,141952971679084
2669,141952991326538
2670,141953011498835
2671,141953031226916
2672,141953051497874
2673,141953071350525
2674,141953091457840
2675,141953111272158
2676,141953131506317
2677,141953151313117
2678,141953171490510
2679,141953191291918
2680,141953212384262
2681,141953235895996
2682,141953255674175
2683,141953275539568
2684,141953295477168
2685,141953315214417
2686,141953335465651
2687,141953355291906
2688,141953375541621
2689,141953395375982
2690,141953415476447
2691,141953435293725
2692,141953456238800
2693,141953475514995
2694,141953495631678
2695,141953515223754
2696,141953535504737
2697,141953555386187
2698,141953575464408
2699,141953595334054
2700,141953615500022
2701,141953635245596
2702,141953655491279
2703,141953675252599
2704,141953695469173
2705,141953716774911
2706,141953739314436
2707,141953759103446
2708,141953779402324
2709,141953799144919
2710,141953819300744
2711,141953839114971
2712,141953859437379
2713,141953879167680
2714,141953899120235
2715,141953918961083
2716,141953939290886
2717,141953960617054
2718,141953979646122
2719,141953999593652
2720,141954022664417
2721,141954039097890
2722,141954059129388
2723,141954079196001
2724,141954099208572
2725,141954119023583
2726,141954139284677
2727,141954159220931
2728,141954179396211
2729,141954199051815
2730,141954220037493
2731,141954243115261
2732,141954263226806
2733,141954283236669
2734,141954303176504
2735,141954323002446
2736,141954343220103
2737,141954363109705
2738,141954383447145
2739,141954403043635
2740,141954423272832
2741,141954442999940
2742,141954464608683
2743,141954483290138
2744,141954503362372
2745,141954523065392
2746,141954543396394
2747,141954563119300
2748,141954583346913
2749,141954603063974
2750,141954623243663
2751,141954643126009
2752,141954663197395
2753,141954683241804
2754,141954703284797
2755,141954723585101
2756,141954747962760
2757,141954767355933
2758,141954787496473
2759,141954807213969
2760,141954827437632
2761,141954847287943
2762,141954867408148
2763,141954887459023
2764,141954907471146
2765,141954927295110
2766,141954948563004
2767,141954969289728
2768,141954987576889
2769,141955007253011
2770,141955027467520
2771,141955047128219
2772,141955067351327
2773,141955087215237
2774,141955107286296
2775,141955127281331
2776,141955147287851
2777,141955167052835
2778,141955187269958
2779,141955207009155
2780,141955227183896
2781,141955251047114
2782,141955271179225
2783,141955290965708
2784,141955311076939
2785,141955330963832
2786,141955351135790
2787,141955370931395
2788,141955390995248
2789,141955410895637
2790,141955431203390
2791,141955450987369
2792,141955472193948
2793,141955491959540
2794,141955511391350
2795,141955531105035
2796,141955551355908
2797,141955571053695
2798,141955591151703
2799,141955611072635
2800,141955631325687
2801,141955651041619
2802,141955671286018
2803,141955691089001
2804,141955711459825
2805,141955731193283
2806,141955755237397
2807,141955774997766
2808,141955795215071
2809,141955814998332
2810,141955835138654
2811,141955855036996
2812,141955875131624
2813,141955894980083
2814,141955915224344
2815,141955934957737
2816,141955955648031
2817,141955975861642
2818,141955995211470
2819,141956015264120
2820,141956035154441
2821,141956055217897
2822,141956075340706
2823,141956095092798
2824,141956115325674
2825,141956135136145
2826,141956155319501
2827,141956175111389
2828,141956195292332
2829,141956215658663
2830,141956240235882
2831,141956259644675
2832,141956279475550
2833,141956299109852
2834,141956319403342
2835,141956339336016
2836,141956359349826
2837,141956379139549
2838,141956399400476
2839,141956419247715
2840,141956439465834
2841,141956459307824
2842,141956479785899
2843,141956499397735
2844,141956519511549
2845,141956539342203
2846,141956559380887
2847,141956579262034
2848,141956599452903
2849,141956619321774
2850,141956639583866
2851,141956659448379
2852,141956679467830
2853,141956699333366
2854,141956720338679
2855,141956739675915
2856,141956763559406
2857,141956783333717
2858,141956803501021
2859,141956823306511
2860,141956843483024
2861,141956863373569
2862,141956883470194
2863,141956904069412
2864,141956923452546
2865,141956943529074
2866,141956963476901
2867,141956983881067
2868,141957005102783
2869,141957023586247
2870,141957043598914
2871,141957063414722
2872,141957083488737
2873,141957103369986
2874,141957123474392
2875,141957143327593
2876,141957163502234
2877,141957183243583
2878,141957203456173
2879,141957224451828
2880,141957247623598
2881,141957266952013
2882,141957286995472
2883,141957306875489
2884,141957327032204
2885,141957346927800
2886,141957367028093
2887,141957387767335
2888,141957408556348
2889,141957441116261
2890,141957461083954
2891,141957480785680
2892,141957496592694
2893,141957512394704
2894,141957531273292
2895,141957551259317
2896,141957566017661
2897,141957585566695
2898,141957605754571
2899,141957625650764
2900,141957646088441
2901,141957665546633
2902,141957685708020
2903,141957705519208
2904,141957726766989
2905,141957751604176
2906,141957769967050
2907,141957789661118
2908,141957809699294
2909,141957829585537
2910,141957850085878
2911,141957869521687
2912,141957889606502
2913,141957909416936
2914,141957929613432
2915,141957950950040
2916,141957969757624
2917,141957989980983
2918,141958009907538
2919,141958029569294
2920,141958049790767
2921,141958069621180
2922,141958089775359
2923,141958109605975
2924,141958129784110
2925,141958149634810
2926,141958169814432
2927,141958189583108
2928,141958209802965
2929,141958231014663
2930,141958254016667
2931,141958273596873
2932,141958293780116
2933,141958313612875
2934,141958333775439
2935,141958353511804
2936,141958373670783
2937,141958393554448
2938,141958413721847
2939,141958433467170
2940,141958455056938
2941,141958475094619
2942,141958495502922
2943,141958515204727
2944,141958535189124
2945,141958555066443
2946,141958574962295
2947,141958594424781
2948,141958614703354
2949,141958634521516
2950,141958654703498
2951,141958674818686
2952,141958694633072
2953,141958714296545
2954,141958735539125
2955,141958759055216
2956,141958779096370
2957,141958798780908
2958,141958818849558
2959,141958838607192
2960,141958859163615
2961,141958879591050
2962,141958899414958
2963,141958918913571
2964,141958938908606
2965,141958958641705
2966,141958979437767
2967,141958999035073
2968,141959018974029
2969,141959038583946
2970,141959058586229
2971,141959078499343
2972,141959098670614
2973,141959118488176
2974,141959138651537
2975,141959158291910
2976,141959178726959
2977,141959198456902
2978,141959218647465
2979,141959238656470
2980,141959262808235
2981,141959282556984
2982,141959302622029
2983,141959322404293
2984,141959342551028
2985,141959362367562
2986,141959382612730
2987,141959402383018
2988,141959422645612
2989,141959442503425
2990,141959462697038
2991,141959483066890
2992,141959503116589
2993,141959522656666
2994,141959542881232
2995,141959562557010
2996,141959582795258
2997,141959602702218
2998,141959622850795
2999,141959642676338
3000,141959662903482
3001,141959682714227
3002,141959703041402
3003,141959722788670
3004,141959743509604
3005,141959766989650
3006,141959787140592
3007,141959807004896
3008,141959827222112
3009,141959847004961
3010,141959867247882
3011,141959887103069
3012,141959907364217
3013,141959927118429
3014,141959947684160
3015,141959967259883
3016,141959989630309
3017,141960012530587
3018,141960027722053
3019,141960047533361
3020,141960067602710
3021,141960087519796
3022,141960107859973
3023,141960127724866
3024,141960147637748
3025,141960167429190
3026,141960187529756
3027,141960207673286
3028,141960227904278
3029,141960247307068
3030,141960271449273
3031,141960291037306
3032,141960311215954
3033,141960330986353
3034,141960351128434
3035,141960370951199
3036,141960391200918
3037,141960411014721
3038,141960431154199
3039,141960450930345
3040,141960471106058
3041,141960491527442
3042,141960511152043
3043,141960530806408
3044,141960551156527
3045,141960570794312
3046,141960590913981
3047,141960610811977
3048,141960630734947
3049,141960650555286
3050,141960670745984
3051,141960690449679
3052,141960710735267
3053,141960730411427
3054,141960750899632
3055,141960774492447
3056,141960794697881
3057,141960814476840
3058,141960834670508
3059,141960854508426
3060,141960874627616
3061,141960894514636
3062,141960914733744
3063,141960934440956
3064,141960954943030
3065,141960974771143
3066,141960994948994
3067,141961014571768
3068,141961034625143
3069,141961054382482
3070,141961074613500
3071,141961094457538
3072,141961114642986
3073,141961134505856
3074,141961154616094
3075,141961174441681
3076,141961194594989
3077,141961214509517
3078,141961234666352
3079,141961254506473
3080,141961278705283
3081,141961298491363
3082,141961318680062
3083,141961338592371
3084,141961358648071
3085,141961378496727
3086,141961398768306
3087,141961418590995
3088,141961438809169
3089,141961458565893
3090,141961478776936
3091,141961499001498
3092,141961518872810
3093,141961538686318
3094,141961558572744
3095,141961578566741
3096,141961598719292
3097,141961618529887
3098,141961638705665
3099,141961658549992
3100,141961678754125
3101,141961698500284
3102,141961718722967
3103,141961738698667
3104,141961758684278
3105,141961782513887
3106,141961802634843
3107,141961822478441
3108,141961842596191
3109,141961862491126
3110,141961882662135
3111,141961902455999
3112,141961922580229
3113,141961942469004
3114,141961962576291
3115,141961982690714
3116,141962002642531
3117,141962022368200
3118,141962042671612
3119,141962062322367
3120,141962082560405
3121,141962102331216
3122,141962122488955
3123,141962142410332
3124,141962162675496
3125,141962182337246
3126,141962202510828
3127,141962222256299
3128,141962242737960
3129,141962262431377
3130,141962286424704
3131,141962306237256
3132,141962326444058
3133,141962346163606
3134,141962366315444
3135,141962386151034
3136,141962406397346
3137,141962426179395
3138,141962446346106
3139,141962466093358
3140,141962486293599
3141,141962506454910
3142,141962530026559
3143,141962545941645
3144,141962566350842
3145,141962586046714
3146,141962606369811
3147,141962626150628
3148,141962646536158
3149,141962666189836
3150,141962686469407
3151,141962706198692
3152,141962726430106
3153,141962747513429
3154,141962766580417
3155,141962790201561
3156,141962810382181
3157,141962830550071
3158,141962850499447
3159,141962870221198
3160,141962890677992
3161,141962910363117
3162,141962930678267
3163,141962952143543
3164,141962970970255
3165,141962990434297
3166,141963011649398
3167,141963030925548
3168,141963050713189
3169,141963070452587
3170,141963090594960
3171,141963110460005
3172,141963130864041
3173,141963150337387
3174,141963170607115
3175,141963190675360
3176,141963210456054
3177,141963230338697
3178,141963251054769
3179,141963270649897
3180,141963294563036
3181,141963314412969
3182,141963334589222
3183,141963354424317
3184,141963374798566
3185,141963394463958
3186,141963414633206
3187,141963434445108
3188,141963454665445
3189,141963474673342
3190,141963494714838
3191,141963514959435
3192,141963534699899
3193,141963554492556
3194,141963574899668
3195,141963594520042
3196,141963614754860
3197,141963634538190
3198,141963654736135
3199,141963674778327
3200,141963694969037
3201,141963714574098
3202,141963734941087
3203,141963755425496
3204,141963775478900
3205,141963798976653
3206,141963818757187
3207,141963838624265
3208,141963858885019
3209,141963878623367
3210,141963898914728
3211,141963918601742
3212,141963938748315
3213,141963959632757
3214,141963978947372
3215,141963999425768
3216,141964018965879
3217,141964038747492
3218,141964058828083
3219,141964078629599
3220,141964098839032
3221,141964118697297
3222,141964138813868
3223,141964158664553
3224,141964178948586
3225,141964198670976
3226,141964218885777
3227,141964238670821
3228,141964259228656
3229,141964278845478
3230,141964302708487
3231,141964322654647
3232,141964342853602
3233,141964362743535
3234,141964382935810
3235,141964402751696
3236,141964422918515
3237,141964442753720
3238,141964462968983
3239,141964482778587
3240,141964503363240
3241,141964522697580
3242,141964543079481
3243,141964562837440
3244,141964582919481
3245,141964602728507
3246,141964622959791
3247,141964642680713
3248,141964662864778
3249,141964682788097
3250,141964702905661
3251,141964722888543
3252,141964742892799
3253,141964763097776
3254,141964782985856
3255,141964806777983
3256,141964826826137
3257,141964846725540
3258,141964866845835
3259,141964886568667
3260,141964906826396
3261,141964926813095
3262,141964947538946
3263,141964966637862
3264,141964986704440
3265,141965008664424
3266,141965026817914
3267,141965046599413
3268,141965066694360
3269,141965086550404
3270,141965106707505
3271,141965126609664
3272,141965146684088
3273,141965166588406
3274,141965186699965
3275,141965206604073
3276,141965226817201
3277,141965246676221
3278,141965267491257
3279,141965286839217
3280,141965310646295
3281,141965330617888
3282,141965350735192
3283,141965370568787
3284,141965390719984
3285,141965410574298
3286,141965430732975
3287,141965450605097
3288,141965470742954
3289,141965490627745
3290,141965511373337
3291,141965530760424
3292,141965550755928
3293,141965570594215
3294,141965590775968
3295,141965610609154
3296,141965630721362
3297,141965650655509
3298,141965670777321
3299,141965690639944
3300,141965710728789
3301,141965730573449
3302,141965750895796
3303,141965771040127
3304,141965790989504
3305,141965814795220
3306,141965834910802
3307,141965854850411
3308,141965874863548
3309,141965894800169
3310,141965914902985
3311,141965934811081
3312,141965955237065
3313,141965974761623
3314,141965994941313
3315,141966017611244
3316,141966035466108
3317,141966054781869
3318,141966074914556
3319,141966094746442
3320,141966114815702
3321,141966134732977
3322,141966154920248
3323,141966174753542
3324,141966194878112
3325,141966214763666
3326,141966234846812
3327,141966255499717
3328,141966275043537
3329,141966294944024
3330,141966318790236
3331,141966338795116
3332,141966358899883
3333,141966378668571
3334,141966398863989
3335,141966418727278
3336,141966438849441
3337,141966458754737
3338,141966478854713
3339,141966498736275
3340,141966518821121
3341,141966539160254
3342,141966558870414
3343,141966578781530
3344,141966598878999
3345,141966618776281
3346,141966638915613
3347,141966658906984
3348,141966678980804
3349,141966698789867
3350,141966719068519
3351,141966738821876
3352,141966763819522
3353,141966779093240
3354,141966799301856
3355,141966822991863
3356,141966843059343
3357,141966862939371
3358,141966883284124
3359,141966904689356
3360,141966922962997
3361,141966943031346
3362,141966963114073
3363,141966983090579
3364,141967004212655
3365,141967023983754
3366,141967043314388
3367,141967068499193
3368,141967088245007
3369,141967103209803
3370,141967123013603
3371,141967142889939
3372,141967163068041
3373,141967182804535
3374,141967203076349
3375,141967222842104
3376,141967242995216
3377,141967263717472
3378,141967283294706
3379,141967302942464
3380,141967326922337
3381,141967346857941
3382,141967366967746
3383,141967386684163
3384,141967406936275
3385,141967426857408
3386,141967446933756
3387,141967466887268
3388,141967487031620
3389,141967506877046
3390,141967528459881
3391,141967554242361
3392,141967573592480
3393,141967594992912
3394,141967609017545
3395,141967625792265
3396,141967646450026
3397,141967666772642
3398,141967686918883
3399,141967706831933
3400,141967726916827
3401,141967746752638
3402,141967767305319
3403,141967786907334
3404,141967806802362
3405,141967831046928
3406,141967850792776
3407,141967870667388
3408,141967890824849
3409,141967910645795
3410,141967930812487
3411,141967951499733
3412,141967970877138
3413,141967990840136
3414,141968011148411
3415,141968031017307
3416,141968051204546
3417,141968070930408
3418,141968091121655
3419,141968110966414
3420,141968131116771
3421,141968151021375
3422,141968171159152
3423,141968191039371
3424,141968211136397
3425,141968231060812
3426,141968251287756
3427,141968271937984
3428,141968291347013
3429,141968311325437
3430,141968335275080
3431,141968355068500
3432,141968375211705
3433,141968395069067
3434,141968415226498
3435,141968435084675
3436,141968455243965
3437,141968475193143
3438,141968495118358
3439,141968515607585
3440,141968535211030
3441,141968555349710
3442,141968575183815
3443,141968595127379
3444,141968615197582
3445,141968635048553
3446,141968655263142
3447,141968675075836
3448,141968695277699
3449,141968714985014
3450,141968735201492
3451,141968755056025
3452,141968775248678
3453,141968795048047
3454,141968814929785
3455,141968838798771
3456,141968858960280
3457,141968878771907
3458,141968900246076
3459,141968918735099
3460,141968938932532
3461,141968958781006
3462,141968979158699
3463,141968998788310
3464,141969019579305
3465,141969039022553
3466,141969059135125
3467,141969078949556
3468,141969098959783
3469,141969118883210
3470,141969138988626
3471,141969158848980
3472,141969178946695
3473,141969198799946
3474,141969219023732
3475,141969238876122
3476,141969259151231
3477,141969278930518
3478,141969299053914
3479,141969318868354
3480,141969342953412
3481,141969362961575
3482,141969382959386
3483,141969402837937
3484,141969422985624
3485,141969442861855
3486,141969463035776
3487,141969482846842
3488,141969502998075
3489,141969523027251
3490,141969542986500
3491,141969563076551
3492,141969583059627
3493,141969602817626
3494,141969623039322
3495,141969642881552
3496,141969663032382
3497,141969682857099
3498,141969703015873
3499,141969722875680
3500,141969742999438
3501,141969762969823
3502,141969783073087
3503,141969803048037
3504,141969823172033
3505,141969846956853
3506,141969867090911
3507,141969886659731
3508,141969906965407
3509,141969926792146
3510,141969948186681
3511,141969966894064
3512,141969986913939
3513,141970006853202
3514,141970029349788
3515,141970046808555
3516,141970066994911
3517,141970086752734
3518,141970106884010
3519,141970126739560
3520,141970146922305
3521,141970166826932
3522,141970186835949
3523,141970206741946
3524,141970226899966
3525,141970246791426
3526,141970267052578
3527,141970286949548
3528,141970306952000
3529,141970326729918
3530,141970350924061
3531,141970370786869
3532,141970390891144
3533,141970410758258
3534,141970430947511
3535,141970450853827
3536,141970470883760
3537,141970490787967
3538,141970510940422
3539,141970530902053
3540,141970551296421
3541,141970570901712
3542,141970591019195
3543,141970610800607
3544,141970630989929
3545,141970650990735
3546,141970670991704
3547,141970690881491
3548,141970710998904
3549,141970730872154
3550,141970751014048
3551,141970771015536
3552,141970791089317
3553,141970810913586
3554,141970831143788
3555,141970854803255
3556,141970874969998
3557,141970895097299
3558,141970915242788
3559,141970935808228
3560,141970955902628
3561,141970975111699
3562,141970995240224
3563,141971014990503
3564,141971035118677
3565,141971054930043
3566,141971075090347
3567,141971094991530
3568,141971115068040
3569,141971135084911
3570,141971155106955
3571,141971175125528
3572,141971195082835
3573,141971214878053
3574,141971235111755
3575,141971254969049
3576,141971275404744
3577,141971295065771
3578,141971315147974
3579,141971334987941
3580,141971359052267
3581,141971379109958
3582,141971399056793
3583,141971418857403
3584,141971439013718
3585,141971458939161
3586,141971479116275
3587,141971498961632
3588,141971519099154
3589,141971539037318
3590,141971559465554
3591,141971579002528
3592,141971599152529
3593,141971619085827
3594,141971639156933
3595,141971658972453
3596,141971679200878
3597,141971698990879
3598,141971719115881
3599,141971739036937
3600,141971759141354
3601,141971779213710
3602,141971799100256
3603,141971819023054
3604,141971839122651
3605,141971862880106
3606,141971883111062
3607,141971902949287
3608,141971923067540
3609,141971943077149
3610,141971963138917
3611,141971982787277
3612,141972003066503
3613,141972023657890
3614,141972043478675
3615,141972063231562
3616,141972083377421
3617,141972103079506
3618,141972123214072
3619,141972143096928
3620,141972163179403
3621,141972183168346
3622,141972203201324
3623,141972223088475
3624,141972243232097
3625,141972263042012
3626,141972285189688
3627,141972303006567
3628,141972323269700
3629,141972343002653
3630,141972367128342
3631,141972387019214
3632,141972407206619
3633,141972427092188
3634,141972447139218
3635,141972467023834
3636,141972487170079
3637,141972507025066
3638,141972527845915
3639,141972547204205
3640,141972570390776
3641,141972587021438
3642,141972607214905
3643,141972627031233
3644,141972647121159
3645,141972666947006
3646,141972686982386
3647,141972707054157
3648,141972727174549
3649,141972746997238
3650,141972767126257
3651,141972788597604
3652,141972807513427
3653,141972827180013
3654,141972847213816
3655,141972871076481
3656,141972891199784
3657,141972911132076
3658,141972931179190
3659,141972951583356
3660,141972971195175
3661,141972991333273
3662,141973011362401
3663,141973031274506
3664,141973051528616
3665,141973071167789
3666,141973091171347
3667,141973111046636
3668,141973131187081
3669,141973150973194
3670,141973171214376
3671,141973191010358
3672,141973211334813
3673,141973231054134
3674,141973251216345
3675,141973271038902
3676,141973291792847
3677,141973311090062
3678,141973331355522
3679,141973351050947
3680,141973375116802
3681,141973394949973
3682,141973415215611
3683,141973435002479
3684,141973455189010
3685,141973474958362
3686,141973495159295
3687,141973515063638
3688,141973536571722
3689,141973555194858
3690,141973575340596
3691,141973595053830
3692,141973615304092
3693,141973635151562
3694,141973655238451
3695,141973675098413
3696,141973695197687
3697,141973715125498
3698,141973735262777
3699,141973755075570
3700,141973775260728
3701,141973795198385
3702,141973815296486
3703,141973835180270
3704,141973855290022
3705,141973879048461
3706,141973899147365
3707,141973918999134
3708,141973939389193
3709,141973958991241
3710,141973979140081
3711,141973998849094
3712,141974019306452
3713,141974041163195
3714,141974059545015
3715,141974079238119
3716,141974099101911
3717,141974118989338
3718,141974139245490
3719,141974158997971
3720,141974179202042
3721,141974198996670
3722,141974219204439
3723,141974239156186
3724,141974259219653
3725,141974279619942
3726,141974299726655
3727,141974319378964
3728,141974339512575
3729,141974359067283
3730,141974383247782
3731,141974403078735
3732,141974423193964
3733,141974443147088
3734,141974463320710
3735,141974483032697
3736,141974503175588
3737,141974523027126
3738,141974543797528
3739,141974563110449
3740,141974583264543
3741,141974603029789
3742,141974623134266
3743,141974643097919
3744,141974663141977
3745,141974683013240
3746,141974703160833
3747,141974723027918
3748,141974743243953
3749,141974762959278
3750,141974783996675
3751,141974803247107
3752,141974823275928
3753,141974843076599
3754,141974863229286
3755,141974887124624
3756,141974907235130
3757,141974927054927
3758,141974947684326
3759,141974967161465
3760,141974987571469
3761,141975007109523
3762,141975027363643
3763,141975047502453
3764,141975067368339
3765,141975087158386
3766,141975107265852
3767,141975127200290
3768,141975147373839
3769,141975167123124
3770,141975187236197
3771,141975207039832
3772,141975227265326
3773,141975247144013
3774,141975267348584
3775,141975287572514
3776,141975307354629
3777,141975327212228
3778,141975347272489
3779,141975367222547
3780,141975391109093
3781,141975411014650
3782,141975431189677
3783,141975451049371
3784,141975471253816
3785,141975491107425
3786,141975511197552
3787,141975531313402
3788,141975551353740
3789,141975571274775
3790,141975591262315
3791,141975611035480
3792,141975631157384
3793,141975651006031
3794,141975671198266
3795,141975691094312
3796,141975711191890
3797,141975730889682
3798,141975751164072
3799,141975770984213
3800,141975791783001
3801,141975811035175
3802,141975831353409
3803,141975851079420
3804,141975871169037
3805,141975894983988
3806,141975915355358
3807,141975935009025
3808,141975956219720
3809,141975975029859
3810,141975995248837
3811,141976014950217
3812,141976035376088
3813,141976055163858
3814,141976075299672
3815,141976095082669
3816,141976115163308
3817,141976135043824
3818,141976155247886
3819,141976175000280
3820,141976195146597
3821,141976215030070
3822,141976235260821
3823,141976255103933
3824,141976275172006
3825,141976295638256
3826,141976315387103
3827,141976335045285
3828,141976355142254
3829,141976375064228
3830,141976399179236
3831,141976419032324
3832,141976439187447
3833,141976459042965
3834,141976479195161
3835,141976499517839
3836,141976519377936
3837,141976542491908
3838,141976560043611
3839,141976579325912
3840,141976599722529
3841,141976619237756
3842,141976639393223
3843,141976659144508
3844,141976679381334
3845,141976699504523
3846,141976719337743
3847,141976739152998
3848,141976759252616
3849,141976779168978
3850,141976799820926
3851,141976819111230
3852,141976839156679
3853,141976859322357
3854,141976879455860
3855,141976906041925
3856,141976923335044
3857,141976943334584
3858,141976963333760
3859,141976983347413
3860,141977003447238
3861,141977023202559
3862,141977045240219
3863,141977063339269
3864,141977083480669
3865,141977103201280
3866,141977123399187
3867,141977143153808
3868,141977163348845
3869,141977183148427
3870,141977203442869
3871,141977223159908
3872,141977243448732
3873,141977263178143
3874,141977283585702
3875,141977303813682
3876,141977323383690
3877,141977343342782
3878,141977363410716
3879,141977383200804
3880,141977407400700
3881,141977427190132
3882,141977447474365
3883,141977467233555
3884,141977487488953
3885,141977507220463
3886,141977527409113
3887,141977548845843
3888,141977567559760
3889,141977588230746
3890,141977607505472
3891,141977627443179
3892,141977647436256
3893,141977667234529
3894,141977687514751
3895,141977707242728
3896,141977727541197
3897,141977747202816
3898,141977767500597
3899,141977787232439
3900,141977807560992
3901,141977827497636
3902,141977847551508
3903,141977867344833
3904,141977887358633
3905,141977911256806
3906,141977931500993
3907,141977951648537
3908,141977971494543
3909,141977991289760
3910,141978012322488
3911,141978031346854
3912,141978052746366
3913,141978071428244
3914,141978091606990
3915,141978111294191
3916,141978131571556
3917,141978151273932
3918,141978171443723
3919,141978191251742
3920,141978211458771
3921,141978231411025
3922,141978251458383
3923,141978271172666
3924,141978291370031
3925,141978311451938
3926,141978331615697
3927,141978351257729
3928,141978371374390
3929,141978391221718
3930,141978415540129
3931,141978435177421
3932,141978455311812
3933,141978475126544
3934,141978495328491
3935,141978515259496
3936,141978535245330
3937,141978557069465
3938,141978575414201
3939,141978595240246
3940,141978615457427
3941,141978635188418
3942,141978655257165
3943,141978675081227
3944,141978695819451
3945,141978715290740
3946,141978735264846
3947,141978755109847
3948,141978775270962
3949,141978798055903
3950,141978815548737
3951,141978835213094
3952,141978855476331
3953,141978875099625
3954,141978895310018
3955,141978919272481
3956,141978939469746
3957,141978959097237
3958,141978979182683
3959,141978999128881
3960,141979019390273
3961,141979039034370
3962,141979060219428
3963,141979079273247
3964,141979099324720
3965,141979119241867
3966,141979139115652
3967,141979159104525
3968,141979179265373
3969,141979199067245
3970,141979219364664
3971,141979239316197
3972,141979259351447
3973,141979279072024
3974,141979300065455
3975,141979319534155
3976,141979339343449
3977,141979359413099
3978,141979379355259
3979,141979399072205
3980,141979423080328
3981,141979443108145
3982,141979463398924
3983,141979483140345
3984,141979503314432
3985,141979523047295
3986,141979545118678
3987,141979564465077
3988,141979583722493
3989,141979603275937
3990,141979623368309
3991,141979643129979
3992,141979663408960
3993,141979683069446
3994,141979703308889
3995,141979723088846
3996,141979743321153
3997,141979763187059
3998,141979783318848
3999,141979804661615
4000,141979823677130
4001,141979843177078
4002,141979863379411
4003,141979883129044
4004,141979903355250
4005,141979927094670
4006,141979947692925
4007,141979967256569
4008,141979987571992
4009,141980008174937
4010,141980027359339
4011,141980047142020
4012,141980067953515
4013,141980087168485
4014,141980107347358
4015,141980127168322
4016,141980147374659
4017,141980167155912
4018,141980187332076
4019,141980207112222
4020,141980227265016
4021,141980246979862
4022,141980267354070
4023,141980287269195
4024,141980308324370
4025,141980327388736
4026,141980347414545
4027,141980367121997
4028,141980387271069
4029,141980407109391
4030,141980431306540
4031,141980451098364
4032,141980471345858
4033,141980491128286
4034,141980510884746
4035,141980530991776
4036,141980558308427
4037,141980578785831
4038,141980599036722
4039,141980618133763
4040,141980634181556
4041,141980655109384
4042,141980677565064
4043,141980691845641
4044,141980711738956
4045,141980732843781
4046,141980756249543
4047,141980775326568
4048,141980791102992
4049,141980812578255
4050,141980831452602
4051,141980851034331
4052,141980871884126
4053,141980891043836
4054,141980911159455
4055,141980935010482
4056,141980955567265
4057,141980975189306
4058,141980995531807
4059,141981015296716
4060,141981035407593
4061,141981055949595
4062,141981075869068
4063,141981095039136
4064,141981115225578
4065,141981135105326
4066,141981155235052
4067,141981175137086
4068,141981195197654
4069,141981215120262
4070,141981235277364
4071,141981255080447
4072,141981275464791
4073,141981295094154
4074,141981316276195
4075,141981335482784
4076,141981355343519
4077,141981375258949
4078,141981395194017
4079,141981415039915
4080,141981439229267
4081,141981459041080
4082,141981479395794
4083,141981499040771
4084,141981519199846
4085,141981540210058
4086,141981559870679
4087,141981579675320
4088,141981599346737
4089,141981619164027
4090,141981639336626
4091,141981659109011
4092,141981679463104
4093,141981699031383
4094,141981719352261
4095,141981739061268
4096,141981759560685
4097,141981779285626
4098,141981799946197
4099,141981820248028
4100,141981839377368
4101,141981859174148
4102,141981879371377
4103,141981899052174
4104,141981919311310
4105,141981943144675
4106,141981963742258
4107,141981983262032
4108,141982003333876
4109,141982023118935
4110,141982043788363
4111,141982064276112
4112,141982083738459
4113,141982103135978
4114,141982123383491
4115,141982143091279
4116,141982163267801
4117,141982183115342
4118,141982203202386
4119,141982223056200
4120,141982243328481
4121,141982263147999
4122,141982283306342
4123,141982303080285
4124,141982323689167
4125,141982343238507
4126,141982363301752
4127,141982383161083
4128,141982403289629
4129,141982423206354
4130,141982447243245
4131,141982467073608
4132,141982487369519
4133,141982507101716
4134,141982527233173
4135,141982547743674
4136,141982568848999
4137,141982591027802
4138,141982607302565
4139,141982627040370
4140,141982647281805
4141,141982667133474
4142,141982687265679
4143,141982707112194
4144,141982727264802
4145,141982747104178
4146,141982767220468
4147,141982787096279
4148,141982807217543
4149,141982827418210
4150,141982848355298
4151,141982867173324
4152,141982887363425
4153,141982907241920
4154,141982927325460
4155,141982951711350
4156,141982971271051
4157,141982991147388
4158,141983011355165
4159,141983031089920
4160,141983051320275
4161,141983072202149
4162,141983091388286
4163,141983111241945
4164,141983131495761
4165,141983151205409
4166,141983171258120
4167,141983191116123
4168,141983211242989
4169,141983231151893
4170,141983251418541
4171,141983271151696
4172,141983291314457
4173,141983311441828
4174,141983331670432
4175,141983351297763
4176,141983371219419
4177,141983391163512
4178,141983411313015
4179,141983431140898
4180,141983455648833
4181,141983475126543
4182,141983495326887
4183,141983515145497
4184,141983535399861
4185,141983555341965
4186,141983576161151
4187,141983595345657
4188,141983615334384
4189,141983635300877
4190,141983655392316
4191,141983675262417
4192,141983695373164
4193,141983715179697
4194,141983735545265
4195,141983755292586
4196,141983775317163
4197,141983795163825
4198,141983815526916
4199,141983835692145
4200,141983855562198
4201,141983875259004
4202,141983895419513
4203,141983915273097
4204,141983935418381
4205,141983959072407
4206,141983979163520
4207,141983999048523
4208,141984019401221
4209,141984039143341
4210,141984059720969
4211,141984079754107
4212,141984099447402
4213,141984119212792
4214,141984139347696
4215,141984159224842
4216,141984179397536
4217,141984199126182
4218,141984219383772
4219,141984239162767
4220,141984259342626
4221,141984279254503
4222,141984299422283
4223,141984319434689
4224,141984339594412
4225,141984359286816
4226,141984379488228
4227,141984399222770
4228,141984419350179
4229,141984439358814
4230,141984463384545
4231,141984483235780
4232,141984503392569
4233,141984523174369
4234,141984543472478
4235,141984563292927
4236,141984583724335
4237,141984603335876
4238,141984623456698
4239,141984643260072
4240,141984663547980
4241,141984683322086
4242,141984703388540
4243,141984723208889
4244,141984743319261
4245,141984763228720
4246,141984783397608
4247,141984804220817
4248,141984825187748
4249,141984843537826
4250,141984863655191
4251,141984883313605
4252,141984903273122
4253,141984923291018
4254,141984943785723
4255,141984967139352
4256,141984987578140
4257,141985007345405
4258,141985027426458
4259,141985047295522
4260,141985067454936
4261,141985087430472
4262,141985107598607
4263,141985127247365
4264,141985147384541
4265,141985167261249
4266,141985187405060
4267,141985207242623
4268,141985227476752
4269,141985247240108
4270,141985267395687
4271,141985287324947
4272,141985307408634
4273,141985327941268
4274,141985347568748
4275,141985367471131
4276,141985387505365
4277,141985407350259
4278,141985427496340
4279,141985447363585
4280,141985471377813
4281,141985491273847
4282,141985511368484
4283,141985531255856
4284,141985551845921
4285,141985571853268
4286,141985591663706
4287,141985611469394
4288,141985631484400
4289,141985651336416
4290,141985671412377
4291,141985691305125
4292,141985711514734
4293,141985731303250
4294,141985751522882
4295,141985771312731
4296,141985791519070
4297,141985811375902
4298,141985832166236
4299,141985851424374
4300,141985871341827
4301,141985891293018
4302,141985911465910
4303,141985931315771
4304,141985952197068
4305,141985975317318
4306,141985995478143
4307,141986015443001
4308,141986035468814
4309,141986055339963
4310,141986075694434
4311,141986095872113
4312,141986115715307
4313,141986136159444
4314,141986155408566
4315,141986175303118
4316,141986195517692
4317,141986215213156
4318,141986235553529
4319,141986255382170
4320,141986275461018
4321,141986295302950
4322,141986315687851
4323,141986335655389
4324,141986355443895
4325,141986375207926
4326,141986395347864
4327,141986415232583
4328,141986435356727
4329,141986455159729
4330,141986479297569
4331,141986499221994
4332,141986519352836
4333,141986539205327
4334,141986559510412
4335,141986580067994
4336,141986599273064
4337,141986619185593
4338,141986639172697
4339,141986659176880
4340,141986679294244
4341,141986699178956
4342,141986719393025
4343,141986739188564
4344,141986759298395
4345,141986779145091
4346,141986799343835
4347,141986819257867
4348,141986839712384
4349,141986859334321
4350,141986879388308
4351,141986899636252
4352,141986919419263
4353,141986939289640
4354,141986960051795
4355,141986983253287
4356,141987003619627
4357,141987023426897
4358,141987043602006
4359,141987064123396
4360,141987084769939
4361,141987103604852
4362,141987123655453
4363,141987143519692
4364,141987163618645
4365,141987183484128
4366,141987203660168
4367,141987223598781
4368,141987243649955
4369,141987263439235
4370,141987283662005
4371,141987303466842
4372,141987323652056
4373,141987343449699
4374,141987363628651
4375,141987383396406
4376,141987403507294
4377,141987423418672
4378,141987443494375
4379,141987463503486
4380,141987487646784
4381,141987507500595
4382,141987527576934
4383,141987547537101
4384,141987567424909
4385,141987588321478
4386,141987609827676
4387,141987627341956
4388,141987647583498
4389,141987667348223
4390,141987687499963
4391,141987707418357
4392,141987727463800
4393,141987747344971
4394,141987767468299
4395,141987787360081
4396,141987808076139
4397,141987827568087
4398,141987847596981
4399,141987867663075
4400,141987887501291
4401,141987907336422
4402,141987927529440
4403,141987948167504
4404,141987967594320
4405,141987991614319
4406,141988011730042
4407,141988031555491
4408,141988051740230
4409,141988071468961
4410,141988091809785
4411,141988111678375
4412,141988131449675
4413,141988151557428
4414,141988171467034
4415,141988191285408
4416,141988211652312
4417,141988231368545
4418,141988251588180
4419,141988271323532
4420,141988291542495
4421,141988311555032
4422,141988331710687
4423,141988351321441
4424,141988371736942
4425,141988391360844
4426,141988411723776
4427,141988431380021
4428,141988451567050
4429,141988471666992
4430,141988495503675
4431,141988515534217
4432,141988535530349
4433,141988555392682
4434,141988575751183
4435,141988595645290
4436,141988615823198
4437,141988635513331
4438,141988655657983
4439,141988675531255
4440,141988695712696
4441,141988715462405
4442,141988735589039
4443,141988755428859
4444,141988775618934
4445,141988795565753
4446,141988815815008
4447,141988835784289
4448,141988855897162
4449,141988875734705
4450,141988895780934
4451,141988915739280
4452,141988935800570
4453,141988956105646
4454,141988975717222
4455,141988999675551
4456,141989019877165
4457,141989039720421
4458,141989059781595
4459,141989079741647
4460,141989099817528
4461,141989119823917
4462,141989139927096
4463,141989159717636
4464,141989179934857
4465,141989199743607
4466,141989219831168
4467,141989239764353
4468,141989259864412
4469,141989279748942
4470,141989300288440
4471,141989321927346
4472,141989341053175
4473,141989360302166
4474,141989380178157
4475,141989400078500
4476,141989420093879
4477,141989439875391
4478,141989460080535
4479,141989479885814
4480,141989504233056
4481,141989523999511
4482,141989544480576
4483,141989563834037
4484,141989584023200
4485,141989604660222
4486,141989624246336
4487,141989644082910
4488,141989664039797
4489,141989683912017
4490,141989704237672
4491,141989723993852
4492,141989744132276
4493,141989763921734
4494,141989784101932
4495,141989804135573
4496,141989824115715
4497,141989844761108
4498,141989864142305
4499,141989883867229
4500,141989904049558
4501,141989923878769
4502,141989944323804
4503,141989963811216
4504,141989983944110
4505,141990009110847
4506,141990029354291
4507,141990048343399
4508,141990068524585
4509,141990088030180
4510,141990107977563
4511,141990127661984
4512,141990147714735
4513,141990167503529
4514,141990187728111
4515,141990207556909
4516,141990227681243
4517,141990247543302
4518,141990267682917
4519,141990287589805
4520,141990307634317
4521,141990327629306
4522,141990349126217
4523,141990367518165
4524,141990387691046
4525,141990407606486
4526,141990427709822
4527,141990447494012
4528,141990467647936
4529,141990487633832
4530,141990511611022
4531,141990531561364
4532,141990551691632
4533,141990571458888
4534,141990592480873
4535,141990611785290
4536,141990631890803
4537,141990651751676
4538,141990671887394
4539,141990691687253
4540,141990712214804
4541,141990731827130
4542,141990751731569
4543,141990771727068
4544,141990791798036
4545,141990811700147
4546,141990831812824
4547,141990852643930
4548,141990872064616
4549,141990891731411
4550,141990911887539
4551,141990931922269
4552,141990952601867
4553,141990971899799
4554,141990991946301
4555,141991015889079
4556,141991036175943
4557,141991055821131
4558,141991075999427
4559,141991096844689
4560,141991116077925
4561,141991136173497
4562,141991155879242
4563,141991175968206
4564,141991195863541
4565,141991215845341
4566,141991236369017
4567,141991255757808
4568,141991276078866
4569,141991295757083
4570,141991315864650
4571,141991335942949
4572,141991356548165
4573,141991375802260
4574,141991395910384
4575,141991415830192
4576,141991436070305
4577,141991455805503
4578,141991475974108
4579,141991495838060
4580,141991520166391
4581,141991539629001
4582,141991560063894
4583,141991579972909
4584,141991601266380
4585,141991619726655
4586,141991639733902
4587,141991659665356
4588,141991679761587
4589,141991699671544
4590,141991719729683
4591,141991739674225
4592,141991759739107
4593,141991779663188
4594,141991799771286
4595,141991819606109
4596,141991839753165
4597,141991859996399
4598,141991880112498
4599,141991899847107
4600,141991919821068
4601,141991939844852
4602,141991959765822
4603,141991979748058
4604,141991999875717
4605,141992023740879
4606,141992043774202
4607,141992063849463
4608,141992083930679
4609,141992104728478
4610,141992123892971
4611,141992143769456
4612,141992163755194
4613,141992183732370
4614,141992203721129
4615,141992223627059
4616,141992243720861
4617,141992263678325
4618,141992283917882
4619,141992303683293
4620,141992324350758
4621,141992343535088
4622,141992363967224
4623,141992383867059
4624,141992403734523
4625,141992423665961
4626,141992443728460
4627,141992463762335
4628,141992483870423
4629,141992503665930
4630,141992527766215
4631,141992547719646
4632,141992567861542
4633,141992587893941
4634,141992608241833
4635,141992633013806
4636,141992647673733
4637,141992667792908
4638,141992688096834
4639,141992707660321
4640,141992727757429
4641,141992747666858
4642,141992767906189
4643,141992787762890
4644,141992807725916
4645,141992827652310
4646,141992847872691
4647,141992867839156
4648,141992887909192
4649,141992907622858
4650,141992927864329
4651,141992948649329
4652,141992967718624
4653,141992987628733
4654,141993007846687
4655,141993031467012
4656,141993051791944
4657,141993073187813
4658,141993092601828
4659,141993112922803
4660,141993132098751
4661,141993151696542
4662,141993172106911
4663,141993191787982
4664,141993212044943
4665,141993231598931
4666,141993251832199
4667,141993271569123
4668,141993292155542
4669,141993311561553
4670,141993331910720
4671,141993351737791
4672,141993372232060
4673,141993391925230
4674,141993411825243
4675,141993431509187
4676,141993451763217
4677,141993471535979
4678,141993491935110
4679,141993511631655
4680,141993535871425
4681,141993555519104
4682,141993575831588
4683,141993595776120
4684,141993616069474
4685,141993635813044
4686,141993655767961
4687,141993675636340
4688,141993696364061
4689,141993715593969
4690,141993735848633
4691,141993755628428
4692,141993775837791
4693,141993795905412
4694,141993815873264
4695,141993835803004
4696,141993857075296
4697,141993875738683
4698,141993896147645
4699,141993915627098
4700,141993935898324
4701,141993957316256
4702,141993976111164
4703,141993996117036
4704,141994015864172
4705,141994039702245
4706,141994059778111
4707,141994079693567
4708,141994100059904
4709,141994119899690
4710,141994139953756
4711,141994159638691
4712,141994179841649
4713,141994199695209
4714,141994219797847
4715,141994239537481
4716,141994259799519
4717,141994279601022
4718,141994299882914
4719,141994319480261
4720,141994339746358
4721,141994360421486
4722,141994379731435
4723,141994399624237
4724,141994419869456
4725,141994439636910
4726,141994459965085
4727,141994479648257
4728,141994499905366
4729,141994519790037
4730,141994543863232
4731,141994563718473
4732,141994584428049
4733,141994603744004
4734,141994624223722
4735,141994643803758
4736,141994663914825
4737,141994683693097
4738,141994703838794
4739,141994723712184
4740,141994743893579
4741,141994763616216
4742,141994783868034
4743,141994803691639
4744,141994823949991
4745,141994843770283
4746,141994864577555
4747,141994883878255
4748,141994903993937
4749,141994924044930
4750,141994944096295
4751,141994963897709
4752,141994983907007
4753,141995004036287
4754,141995024388584
4755,141995047981243
4756,141995068192753
4757,141995087819008
4758,141995108743511
4759,141995128415550
4760,141995148243517
4761,141995167813493
4762,141995188088937
4763,141995207860548
4764,141995228247851
4765,141995247865009
4766,141995268171699
4767,141995287858463
4768,141995308234893
4769,141995328788529
4770,141995348402528
4771,141995369188097
4772,141995388315911
4773,141995407998453
4774,141995428164777
4775,141995447860338
4776,141995468123264
4777,141995487880384
4778,141995508214175
4779,141995532198804
4780,141995557909910
4781,141995586451023
4782,141995602740763
4783,141995616452473
4784,141995632240062
4785,141995652024391
4786,141995672133488
4787,141995691870414
4788,141995712056146
4789,141995731514201
4790,141995751686329
4791,141995771615070
4792,141995792078874
4793,141995811640968
4794,141995831706863
4795,141995851599126
4796,141995873113537
4797,141995891317192
4798,141995912238214
4799,141995931541787
4800,141995952707091
4801,141995972075262
4802,141995992333750
4803,141996013199492
4804,141996032374002
4805,141996056281347
4806,141996077409732
4807,141996096780437
4808,141996118369940
4809,141996136615284
4810,141996156716491
4811,141996176161407
4812,141996196525485
4813,141996216280482
4814,141996236525995
4815,141996256477583
4816,141996276605714
4817,141996296373301
4818,141996316678981
4819,141996336433820
4820,141996357009033
4821,141996377704963
4822,141996396776722
4823,141996416401470
4824,141996436795864
4825,141996456611203
4826,141996476812221
4827,141996496428684
4828,141996516761791
4829,141996536589014
4830,141996560897520
4831,141996580682916
4832,141996600767716
4833,141996622163690
4834,141996640927971
4835,141996660651451
4836,141996680723533
4837,141996700421472
4838,141996720739662
4839,141996740355362
4840,141996760813782
4841,141996780449010
4842,141996800682403
4843,141996820413608
4844,141996841724120
4845,141996860598355
4846,141996881147119
4847,141996901152697
4848,141996920864427
4849,141996940400031
4850,141996960539543
4851,141996980258786
4852,141997000583871
4853,141997020237296
4854,141997040564527
4855,141997064191966
4856,141997084562934
4857,141997104231465
4858,141997124979641
4859,141997144304311
4860,141997164558596
4861,141997184325342
4862,141997204566930
4863,141997224270818
4864,141997244572379
4865,141997264298767
4866,141997284592623
4867,141997304420551
4868,141997324645475
4869,141997344595600
4870,141997365031538
4871,141997384646563
4872,141997404876185
4873,141997424406691
4874,141997444656289
4875,141997464634053
4876,141997484777715
4877,141997504554241
4878,141997524770053
4879,141997544333577
4880,141997568891760
4881,141997589439423
4882,141997608705517
4883,141997629034342
4884,141997651158508
4885,141997668428399
4886,141997688792232
4887,141997708248151
4888,141997728487789
4889,141997748231671
4890,141997768649281
4891,141997788418363
4892,141997808504973
4893,141997828179578
4894,141997848544331
4895,141997869104746
4896,141997888623617
4897,141997908332544
4898,141997928340243
4899,141997948848940
4900,141997968597979
4901,141997988158604
4902,141998008761731
4903,141998028087554
4904,141998048362097
4905,141998072275324
4906,141998092432389
4907,141998112162687
4908,141998133398528
4909,141998152206042
4910,141998172560080
4911,141998192142948
4912,141998212336282
4913,141998232060499
4914,141998252383764
4915,141998272191768
4916,141998292368243
4917,141998312043249
4918,141998334009145
4919,141998352209132
4920,141998373375764
4921,141998392217966
4922,141998412462696
4923,141998432054926
4924,141998452339438
4925,141998472195167
4926,141998492379436
4927,141998512192590
4928,141998532331279
4929,141998552148370
4930,141998576443905
4931,141998596086514
4932,141998616470106
4933,141998636276206
4934,141998656641038
4935,141998676328445
4936,141998696432039
4937,141998716732912
4938,141998736447773
4939,141998756200274
4940,141998776641818
4941,141998796525336
4942,141998816459632
4943,141998836162019
4944,141998856998068
4945,141998877323277
4946,141998896463543
4947,141998916176253
4948,141998936560837
4949,141998956211415
4950,141998976590899
4951,141998996149627
4952,141999016521334
4953,141999036137077
4954,141999056394200
4955,141999080471045
4956,141999100810722
4957,141999120385661
4958,141999140458564
4959,141999160153237
4960,141999180436554
4961,141999200090672
4962,141999220447629
4963,141999240297450
4964,141999260336926
4965,141999280131632
4966,141999300380101
4967,141999320154715
4968,141999340395197
4969,141999360086734
4970,141999381476448
4971,141999400246696
4972,141999420331456
4973,141999440127075
4974,141999460362658
4975,141999480107401
4976,141999500372255
4977,141999520095555
4978,141999540365728
4979,141999560073760
4980,141999584382827
4981,141999603965710
4982,141999625122645
4983,141999644239989
4984,141999664590910
4985,141999684055835
4986,141999705659175
4987,141999724143504
4988,141999744365485
4989,141999763986632
4990,141999784298443
4991,141999804205423
4992,141999824353408
4993,141999846839348
4994,141999864508171
4995,141999885855167
4996,141999904393295
4997,141999924131805
4998,141999944776806
4999,141999964517107
5000,141999984416819
5001,142000004154465
5002,142000024305051
5003,142000044189075
5004,142000064326523
5005,142000088038967
5006,142000108293281
5007,142000129085976
5008,142000148690344
5009,142000168193738
5010,142000188289161
5011,142000207992615
5012,142000228233995
5013,142000248114611
5014,142000268316015
5015,142000287986102
5016,142000308289473
5017,142000328068442
5018,142000348363778
5019,142000368073441
5020,142000388636554
5021,142000408162213
5022,142000428418694
5023,142000448064705
5024,142000468388004
5025,142000488166039
5026,142000508315130
5027,142000528047905
5028,142000548264494
5029,142000567981004
5030,142000592664928
5031,142000612115488
5032,142000632778829
5033,142000652155250
5034,142000672367079
5035,142000692093249
5036,142000712359313
5037,142000732029624
5038,142000752254603
5039,142000772041639
5040,142000792111274
5041,142000811962286
5042,142000832366384
5043,142000852169315
5044,142000872256837
5045,142000892465678
5046,142000912373942
5047,142000932202241
5048,142000952956541
5049,142000972233949
5050,142000992453631
5051,142001012388991
5052,142001032410274
5053,142001052040406
5054,142001072522199
5055,142001095942552
5056,142001116303305
5057,142001136756173
5058,142001156443465
5059,142001176207647
5060,142001196328023
5061,142001216074055
5062,142001236460278
5063,142001256067755
5064,142001276427896
5065,142001296023138
5066,142001316246595
5067,142001336325249
5068,142001356745954
5069,142001376321065
5070,142001396767409
5071,142001416205722
5072,142001436524385
5073,142001456060703
5074,142001476394394
5075,142001495967805
5076,142001516295691
5077,142001536153658
5078,142001556299376
5079,142001576159974
5080,142001600162948
5081,142001619944203
5082,142001641265386
5083,142001660042482
5084,142001680284821
5085,142001699923886
5086,142001720271185
5087,142001740082084
5088,142001760156052
5089,142001779908923
5090,142001800160112
5091,142001819915035
5092,142001840457382
5093,142001859950727
5094,142001880229285
5095,142001900280403
5096,142001920286475
5097,142001939999930
5098,142001960075236
5099,142001979885725
5100,142002000173225
5101,142002026412502
5102,142002046090858
5103,142002066258576
5104,142002086527566
5105,142002109822400
5106,142002128244590
5107,142002145836997
5108,142002164277045
5109,142002183858413
5110,142002204106813
5111,142002223844122
5112,142002244033255
5113,142002263917239
5114,142002284064414
5115,142002303851775
5116,142002324051893
5117,142002343797796
5118,142002364150810
5119,142002383972453
5120,142002404217325
5121,142002423917084
5122,142002444143538
5123,142002463829364
5124,142002484156655
5125,142002503971060
5126,142002524240730
5127,142002544025804
5128,142002564412002
5129,142002583972225
5130,142002608242136
5131,142002628078213
5132,142002649078821
5133,142002673059497
5134,142002688249163
5135,142002708295122
5136,142002728383147
5137,142002748164704
5138,142002768333548
5139,142002788129453
5140,142002808412163
5141,142002828180728
5142,142002849113566
5143,142002868292507
5144,142002889262615
5145,142002908175391
5146,142002928269551
5147,142002948787095
5148,142002968263704
5149,142002988061670
5150,142003008415564
5151,142003027909501
5152,142003048350725
5153,142003067933436
5154,142003088294566
5155,142003112062861
5156,142003132438058
5157,142003152957885
5158,142003172509060
5159,142003192161012
5160,142003212415988
5161,142003232186489
5162,142003252435045
5163,142003272131877
5164,142003292483141
5165,142003312197333
5166,142003332555750
5167,142003352268484
5168,142003372568585
5169,142003393612688
5170,142003412703452
5171,142003432409897
5172,142003452679831
5173,142003472395178
5174,142003492659071
5175,142003512386064
5176,142003532690862
5177,142003552369974
5178,142003572786658
5179,142003592954087
5180,142003616649135
5181,142003636502777
5182,142003657836023
5183,142003676594306
5184,142003696785837
5185,142003716311053
5186,142003736812538
5187,142003756522625
5188,142003776771047
5189,142003796531582
5190,142003816818324
5191,142003836623069
5192,142003856809079
5193,142003876546691
5194,142003898265375
5195,142003916644286
5196,142003937122993
5197,142003957232127
5198,142003976821394
5199,142003996641852
5200,142004016685487
5201,142004036562278
5202,142004056784888
5203,142004076476808
5204,142004096848531
5205,142004120448080
5206,142004141007375
5207,142004160801206
5208,142004180962398
5209,142004200774872
5210,142004220890190
5211,142004240682557
5212,142004260784525
5213,142004280526467
5214,142004300986113
5215,142004320597269
5216,142004341011159
5217,142004360894307
5218,142004380941370
5219,142004402279783
5220,142004420912026
5221,142004440523805
5222,142004460859635
5223,142004480462885
5224,142004500871244
5225,142004520430042
5226,142004540717721
5227,142004560451839
5228,142004580786975
5229,142004600678379
5230,142004624715817
5231,142004645236402
5232,142004664892227
5233,142004684443845
5234,142004704797651
5235,142004724350279
5236,142004744674151
5237,142004764325096
5238,142004784627071
5239,142004804476373
5240,142004824596244
5241,142004844353642
5242,142004864689856
5243,142004884228391
5244,142004906261300
5245,142004924325953
5246,142004944882620
5247,142004964297898
5248,142004984584739
5249,142005004610578
5250,142005024561417
5251,142005044199491
5252,142005064647443
5253,142005084293578
5254,142005106242431
5255,142005128467898
5256,142005148835985
5257,142005168323542
5258,142005188529000
5259,142005208399675
5260,142005228484823
5261,142005248122896
5262,142005268479616
5263,142005288143956
5264,142005308698419
5265,142005328133147
5266,142005348448466
5267,142005368169173
5268,142005388387259
5269,142005408758624
5270,142005428505154
5271,142005448203873
5272,142005468565098
5273,142005488206046
5274,142005508703695
5275,142005528223330
5276,142005548470705
5277,142005568322312
5278,142005588558042
5279,142005608387228
5280,142005632587321
5281,142005652905562
5282,142005672674644
5283,142005692378884
5284,142005712587575
5285,142005732246749
5286,142005752527496
5287,142005772206913
5288,142005792461145
5289,142005812354621
5290,142005832489982
5291,142005853281401
5292,142005872728543
5293,142005892305323
5294,142005913033137
5295,142005932264373
5296,142005953991868
5297,142005972359566
5298,142005992474133
5299,142006012388456
5300,142006032489753
5301,142006052701866
5302,142006072433407
5303,142006092189834
5304,142006112686028
5305,142006136159558
5306,142006157249031
5307,142006176354505
5308,142006196692413
5309,142006216080393
5310,142006236600066
5311,142006256092893
5312,142006276420241
5313,142006296298696
5314,142006316448803
5315,142006336207305
5316,142006356484526
5317,142006376207374
5318,142006396618212
5319,142006416259465
5320,142006436381103
5321,142006455991152
5322,142006476282935
5323,142006495943150
5324,142006516384300
5325,142006536026845
5326,142006556331765
5327,142006576133520
5328,142006596589300
5329,142006616181024
5330,142006640405023
5331,142006661841918
5332,142006680375295
5333,142006700195118
5334,142006720627308
5335,142006740101751
5336,142006760517255
5337,142006779971965
5338,142006800437664
5339,142006820192758
5340,142006840385276
5341,142006860323778
5342,142006880361042
5343,142006900309687
5344,142006921139918
5345,142006940341479
5346,142006960670186
5347,142006980340263
5348,142007000638451
5349,142007020250522
5350,142007040518333
5351,142007060239821
5352,142007080548965
5353,142007100399038
5354,142007120502884
5355,142007144326565
5356,142007165829069
5357,142007184223466
5358,142007204309051
5359,142007223899058
5360,142007244283124
5361,142007264184592
5362,142007284283904
5363,142007304029352
5364,142007324371268
5365,142007343986268
5366,142007364806809
5367,142007384075279
5368,142007404484523
5369,142007424673587
5370,142007444628303
5371,142007464180397
5372,142007484475654
5373,142007504156225
5374,142007524517640
5375,142007544159996
5376,142007564494782
5377,142007584153985
5378,142007604481082
5379,142007624254401
5380,142007648562090
5381,142007668756530
5382,142007690776472
5383,142007708048778
5384,142007728283511
5385,142007748044532
5386,142007768350992
5387,142007788021996
5388,142007808276599
5389,142007828052575
5390,142007848398882
5391,142007868060440
5392,142007888285260
5393,142007909011816
5394,142007928393701
5395,142007948954538
5396,142007968346279
5397,142007988040369
5398,142008008979532
5399,142008028059215
5400,142008048496091
5401,142008068245513
5402,142008088609102
5403,142008109834065
5404,142008128419702
5405,142008152019033
5406,142008172750424
5407,142008192174134
5408,142008212295366
5409,142008232106395
5410,142008252381687
5411,142008272129929
5412,142008292484334
5413,142008312187021
5414,142008332494386
5415,142008352150301
5416,142008372514994
5417,142008392319339
5418,142008413973262
5419,142008432353789
5420,142008452634603
5421,142008472299575
5422,142008492615503
5423,142008512432587
5424,142008532675589
5425,142008552249734
5426,142008572691225
5427,142008592350315
5428,142008612673492
5429,142008632423145
5430,142008656527589
5431,142008676414209
5432,142008696498133
5433,142008716129723
5434,142008736457980
5435,142008756156688
5436,142008776367065
5437,142008796067684
5438,142008816306046
5439,142008836246942
5440,142008858036160
5441,142008876175166
5442,142008896436705
5443,142008917524118
5444,142008936439702
5445,142008956560828
5446,142008976202601
5447,142008996017332
5448,142009022578825
5449,142009041890750
5450,142009056440349
5451,142009076321892
5452,142009096388021
5453,142009116143815
5454,142009136449912
5455,142009160369831
5456,142009180466824
5457,142009200243803
5458,142009220455426
5459,142009240107081
5460,142009260490857
5461,142009280280495
5462,142009300406400
5463,142009320161469
5464,142009340413158
5465,142009360161399
5466,142009380656222
5467,142009400181513
5468,142009420557748
5469,142009440402288
5470,142009460508842
5471,142009480302650
5472,142009500461353
5473,142009520111574
5474,142009540278959
5475,142009560026967
5476,142009580388383
5477,142009599992477
5478,142009620415052
5479,142009640044597
5480,142009664426856
5481,142009684210629
5482,142009704490919
5483,142009724078317
5484,142009744292236
5485,142009764065551
5486,142009784459214
5487,142009804049729
5488,142009824327296
5489,142009843979002
5490,142009864344491
5491,142009884146752
5492,142009904336066
5493,142009924318813
5494,142009944973054
5495,142009964119573
5496,142009984385708
5497,142010003972307
5498,142010024325182
5499,142010044389674
5500,142010064897369
5501,142010084673640
5502,142010104297598
5503,142010123959553
5504,142010144432429
5505,142010169637184
5506,142010188587270
5507,142010208242235
5508,142010228393788
5509,142010247884391
5510,142010268347985
5511,142010288136882
5512,142010308250378
5513,142010328096333
5514,142010348198584
5515,142010369325724
5516,142010388369354
5517,142010407938635
5518,142010429572546
5519,142010447947566
5520,142010468283680
5521,142010488099123
5522,142010508192882
5523,142010527960905
5524,142010548198881
5525,142010568018880
5526,142010592157511
5527,142010610614045
5528,142010629837288
5529,142010648556435
5530,142010674046374
5531,142010692383049
5532,142010712497674
5533,142010732188330
5534,142010752443433
5535,142010772118229
5536,142010792321470
5537,142010812121033
5538,142010832531591
5539,142010852246068
5540,142010872835701
5541,142010892218663
5542,142010912443423
5543,142010932807405
5544,142010953307149
5545,142010972119249
5546,142010992294080
5547,142011011970530
5548,142011032260659
5549,142011052138001
5550,142011072246448
5551,142011092093110
5552,142011112910837
5553,142011132098975
5554,142011152353960
5555,142011176357758
5556,142011196387392
5557,142011215956211
5558,142011236268730
5559,142011255887217
5560,142011276159765
5561,142011295907555
5562,142011316231801
5563,142011335909605
5564,142011356116192
5565,142011375972541
5566,142011396292272
5567,142011415995069
5568,142011436270663
5569,142011456027515
5570,142011476226289
5571,142011495800105
5572,142011516292537
5573,142011536096871
5574,142011556257681
5575,142011576025491
5576,142011596233702
5577,142011615993017
5578,142011636401632
5579,142011656050040
5580,142011680695801
5581,142011700158985
5582,142011720434926
5583,142011740069726
5584,142011760430531
5585,142011780131875
5586,142011800339834
5587,142011820143837
5588,142011840392027
5589,142011860333176
5590,142011880432536
5591,142011900064195
5592,142011920513470
5593,142011940136790
5594,142011960522032
5595,142011980117742
5596,142012000363598
5597,142012020597324
5598,142012040391493
5599,142012060154693
5600,142012080334218
5601,142012100108240
5602,142012120351968
5603,142012140105958
5604,142012160355257
5605,142012184261603
5606,142012204374744
5607,142012224105572
5608,142012244251262
5609,142012263961666
5610,142012284301903
5611,142012303995430
5612,142012324264490
5613,142012343976071
5614,142012364268751
5615,142012384028710
5616,142012404408366
5617,142012425080597
5618,142012445024917
5619,142012464280877
5620,142012484451607
5621,142012504154853
5622,142012524462019
5623,142012544258819
5624,142012564488444
5625,142012584199505
5626,142012604565814
5627,142012624115059
5628,142012644472661
5629,142012664052351
5630,142012689671212
5631,142012708097456
5632,142012728315734
5633,142012748144553
5634,142012768240329
5635,142012787972409
5636,142012808255773
5637,142012828094167
5638,142012848474457
5639,142012867911589
5640,142012888179468
5641,142012907938025
5642,142012929554091
5643,142012949111701
5644,142012968187510
5645,142012988044896
5646,142013008279763
5647,142013027945806
5648,142013048223639
5649,142013067928840
5650,142013088190658
5651,142013107833594
5652,142013128220547
5653,142013147898801
5654,142013168215147
5655,142013193437422
5656,142013212544544
5657,142013232175313
5658,142013252555295
5659,142013272109264
5660,142013292362087
5661,142013312153464
5662,142013332486431
5663,142013352329692
5664,142013372425835
5665,142013392175093
5666,142013412458570
5667,142013433655122
5668,142013452506326
5669,142013472114379
5670,142013492331242
5671,142013512048637
5672,142013532391296
5673,142013552139137
5674,142013572383332
5675,142013592083185
5676,142013612360725
5677,142013632120103
5678,142013652359668
5679,142013672070893
5680,142013696531836
5681,142013716138718
5682,142013736385181
5683,142013756184215
5684,142013776401468
5685,142013796127643
5686,142013816493782
5687,142013836183133
5688,142013856538173
5689,142013876317657
5690,142013896400209
5691,142013916110597
5692,142013937796932
5693,142013956934165
5694,142013976651404
5695,142013996296521
5696,142014017470933
5697,142014036305190
5698,142014056613296
5699,142014076372472
5700,142014096635005
5701,142014116963293
5702,142014136788324
5703,142014156520143
5704,142014176743085
5705,142014200466730
5706,142014220688912
5707,142014240223287
5708,142014260580647
5709,142014280213948
5710,142014300533528
5711,142014320223924
5712,142014340586195
5713,142014360359407
5714,142014380537892
5715,142014400230858
5716,142014420486825
5717,142014440795050
5718,142014460474637
5719,142014480200486
5720,142014500409107
5721,142014520154578
5722,142014540498066
5723,142014560306819
5724,142014580512399
5725,142014600249385
5726,142014620474293
5727,142014640204141
5728,142014660511258
5729,142014680407024
5730,142014704725561
5731,142014724308019
5732,142014744513501
5733,142014764221561
5734,142014784527953
5735,142014804338189
5736,142014824501571
5737,142014844268707
5738,142014864775121
5739,142014884278797
5740,142014904855654
5741,142014924276423
5742,142014946467022
5743,142014964330011
5744,142014984635358
5745,142015004421619
5746,142015024685679
5747,142015044263500
5748,142015064549792
5749,142015084244858
5750,142015104770444
5751,142015124271460
5752,142015144526480
5753,142015164369233
5754,142015184590865
5755,142015208351308
5756,142015228600878
5757,142015248213040
5758,142015268488128
5759,142015288282488
5760,142015308739848
5761,142015328214807
5762,142015348512970
5763,142015368100789
5764,142015388508695
5765,142015408309063
5766,142015428405826
5767,142015448333599
5768,142015468692556
5769,142015488289176
5770,142015508888840
5771,142015528135398
5772,142015548622218
5773,142015568376913
5774,142015588545848
5775,142015608402072
5776,142015628698852
5777,142015648396680
5778,142015668527464
5779,142015688547914
5780,142015712575650
5781,142015732148613
5782,142015752429381
5783,142015772109933
5784,142015792428732
5785,142015812303741
5786,142015832405020
5787,142015852311312
5788,142015872454659
5789,142015892233759
5790,142015912692379
5791,142015932148084
5792,142015953328586
5793,142015972385658
5794,142015992684578
5795,142016012705392
5796,142016032786093
5797,142016052333374
5798,142016072704085
5799,142016092415015
5800,142016112795517
5801,142016132313340
5802,142016152703610
5803,142016172325986
5804,142016194108325
5805,142016216479507
5806,142016236553970
5807,142016256243045
5808,142016276488237
5809,142016296266311
5810,142016316700528
5811,142016336250715
5812,142016356529097
5813,142016378018254
5814,142016396512930
5815,142016416700202
5816,142016436736318
5817,142016456296258
5818,142016476681306
5819,142016496272199
5820,142016516689499
5821,142016536293399
5822,142016556479981
5823,142016576181853
5824,142016596448809
5825,142016616309346
5826,142016636469205
5827,142016656144236
5828,142016676382444
5829,142016697722863
5830,142016720842809
5831,142016740246728
5832,142016760443924
5833,142016780031870
5834,142016800385748
5835,142016820104253
5836,142016840300600
5837,142016860152742
5838,142016880362239
5839,142016899935044
5840,142016920308250
5841,142016940466100
5842,142016960328047
5843,142016979933016
5844,142017000128807
5845,142017019868363
5846,142017040151264
5847,142017059766087
5848,142017080052760
5849,142017099740970
5850,142017120209318
5851,142017139766298
5852,142017160023578
5853,142017179740520
5854,142017201376219
5855,142017223878097
5856,142017244142904
5857,142017263820756
5858,142017284130744
5859,142017303798117
5860,142017324118654
5861,142017343817509
5862,142017364128381
5863,142017383830812
5864,142017404114534
5865,142017423853158
5866,142017444364395
5867,142017463853774
5868,142017484177133
5869,142017503853063
5870,142017524165269
5871,142017543840081
5872,142017564061030
5873,142017583839865
5874,142017604117039
5875,142017623925641
5876,142017644157834
5877,142017663846778
5878,142017684136554
5879,142017704028442
5880,142017730632818
5881,142017747646366
5882,142017768156129
5883,142017787955133
5884,142017808132499
5885,142017827807208
5886,142017848226398
5887,142017867863271
5888,142017888059225
5889,142017908194573
5890,142017928154871
5891,142017950216111
5892,142017968782579
5893,142017988137255
5894,142018008120289
5895,142018027917726
5896,142018047974176
5897,142018068055725
5898,142018088031073
5899,142018108038359
5900,142018127994883
5901,142018147987410
5902,142018168133412
5903,142018187983430
5904,142018208361035
5905,142018232024673
5906,142018251975678
5907,142018272071923
5908,142018292113927
5909,142018311963345
5910,142018331962997
5911,142018351965470
5912,142018371986213
5913,142018392153873
5914,142018412085422
5915,142018432049247
5916,142018453349513
5917,142018472289553
5918,142018492122012
5919,142018512158946
5920,142018531976096
5921,142018552059297
5922,142018572072557
5923,142018592120364
5924,142018612051040
5925,142018632438841
5926,142018652272487
5927,142018672131176
5928,142018692030208
5929,142018712126382
5930,142018736436797
5931,142018756071058
5932,142018776032499
5933,142018795981346
5934,142018815992390
5935,142018836060270
5936,142018856111694
5937,142018876203736
5938,142018896173537
5939,142018916129007
5940,142018936111795
5941,142018957918788
5942,142018976062060
5943,142018996075509
5944,142019016187404
5945,142019036056363
5946,142019056032335
5947,142019076161121
5948,142019096073783
5949,142019116037416
5950,142019135986767
5951,142019156036701
5952,142019175995099
5953,142019196091516
5954,142019216225899
5955,142019240181821
5956,142019260101775
5957,142019280122832
5958,142019300111895
5959,142019320069490
5960,142019340040391
5961,142019360101093
5962,142019380337329
5963,142019400117016
5964,142019420180730
5965,142019440078495
5966,142019460420674
5967,142019480151277
5968,142019500045970
5969,142019520131498
5970,142019540045927
5971,142019560183851
5972,142019580055396
5973,142019600130474
5974,142019620096658
5975,142019640116709
5976,142019660116087
5977,142019680142921
5978,142019700188867
5979,142019720162488
5980,142019743995132
5981,142019764061359
5982,142019784036445
5983,142019804077654
5984,142019824046724
5985,142019843998490
5986,142019864073083
5987,142019884072026
5988,142019904059884
5989,142019924062722
5990,142019944214080
5991,142019964201099
5992,142019984210067
5993,142020006365105
5994,142020030542290
5995,142020049982983
5996,142020070303289
5997,142020090182805
5998,142020109892928
5999,142020129315737
6000,142020144163144
6001,142020164145250
6002,142020184291859
6003,142020204565212
6004,142020224086524
6005,142020248058614
6006,142020268246797
6007,142020288254681
6008,142020308067293
6009,142020327939821
6010,142020348122689
6011,142020368115767
6012,142020388168418
6013,142020408031415
6014,142020428073368
6015,142020447980926
6016,142020467942967
6017,142020488239392
6018,142020508156905
6019,142020528135047
6020,142020548094394
6021,142020568140960
6022,142020588178781
6023,142020608141457
6024,142020628172639
6025,142020648141307
6026,142020668168581
6027,142020688177497
6028,142020708308315
6029,142020728163046
6030,142020752253317
6031,142020772128602
6032,142020792140320
6033,142020812221903
6034,142020832187332
6035,142020852199088
6036,142020872116811
6037,142020892229711
6038,142020912268347
6039,142020932168761
6040,142020952692491
6041,142020972145532
6042,142020992236876
6043,142021012259221
6044,142021032123621
6045,142021052139070
6046,142021072118712
6047,142021092102130
6048,142021112157308
6049,142021132210657
6050,142021152236557
6051,142021172184098
6052,142021192170387
6053,142021212338218
6054,142021232198814
6055,142021256170588
6056,142021276207976
6057,142021296172801
6058,142021316122560
6059,142021336097553
6060,142021356111522
6061,142021376178984
6062,142021396070869
6063,142021416039847
6064,142021435991933
6065,142021456066976
6066,142021476056188
6067,142021496240319
6068,142021515976297
6069,142021536078230
6070,142021556178759
6071,142021576148082
6072,142021596188995
6073,142021616131684
6074,142021636468114
6075,142021656238139
6076,142021676359567
6077,142021696326295
6078,142021716488725
6079,142021736498736
6080,142021760404411
6081,142021780393438
6082,142021800384774
6083,142021820411757
6084,142021840407085
6085,142021860359984
6086,142021880399665
6087,142021900255071
6088,142021920435539
6089,142021940375559
6090,142021960599395
6091,142021980558863
6092,142022000509638
6093,142022020933172
6094,142022040285548
6095,142022060359938
6096,142022080399541
6097,142022100339626
6098,142022120422109
6099,142022140496892
6100,142022160471546
6101,142022180400596
6102,142022200366478
6103,142022220987274
6104,142022240310741
6105,142022264399829
6106,142022284314508
6107,142022304342077
6108,142022324333926
6109,142022344350392
6110,142022364480698
6111,142022384757871
6112,142022404360999
6113,142022424464825
6114,142022444403140
6115,142022464561203
6116,142022484353195
6117,142022504336732
6118,142022524303242
6119,142022544353764
6120,142022564345815
6121,142022584252426
6122,142022604267379
6123,142022624255671
6124,142022644214605
6125,142022664273585
6126,142022684248788
6127,142022704277831
6128,142022724504057
6129,142022745963996
6130,142022768365296
6131,142022788332292
6132,142022808347244
6133,142022828386935
6134,142022848368690
6135,142022868298394
6136,142022888322970
6137,142022908335418
6138,142022928321447
6139,142022948845304
6140,142022968781919
6141,142022989021850
6142,142023008407665
6143,142023028152539
6144,142023048244516
6145,142023068394958
6146,142023088279401
6147,142023108293147
6148,142023128402967
6149,142023148198971
6150,142023168366917
6151,142023188316249
6152,142023208314725
6153,142023228384185
6154,142023248319630
6155,142023272380421
6156,142023292325935
6157,142023312336876
6158,142023332295767
6159,142023352399614
6160,142023372372033
6161,142023392456724
6162,142023412369044
6163,142023432464338
6164,142023452406488
6165,142023472723338
6166,142023492587561
6167,142023512637798
6168,142023532561019
6169,142023552588250
6170,142023572556179
6171,142023592591154
6172,142023612632205
6173,142023632573417
6174,142023652658532
6175,142023672606503
6176,142023692481799
6177,142023712656914
6178,142023732431420
6179,142023752685646
6180,142023776570641
6181,142023796596423
6182,142023816680778
6183,142023836599937
6184,142023856529552
6185,142023876477989
6186,142023896426691
6187,142023916583449
6188,142023936580258
6189,142023958048329
6190,142023977489580
6191,142023996664753
6192,142024016693363
6193,142024036578888
6194,142024056566233
6195,142024076509955
6196,142024096540493
6197,142024116753648
6198,142024136578494
6199,142024156607144
6200,142024176594281
6201,142024196645075
6202,142024216990874
6203,142024236778864
6204,142024256850693
6205,142024280564671
6206,142024300602276
6207,142024320738293
6208,142024340592424
6209,142024360592277
6210,142024380572560
6211,142024400581542
6212,142024420842109
6213,142024440611551
6214,142024460668581
6215,142024481131521
6216,142024500510587
6217,142024520804034
6218,142024540661025
6219,142024560635482
6220,142024580653450
6221,142024600710470
6222,142024620798131
6223,142024641430748
6224,142024661005047
6225,142024680790959
6226,142024700713249
6227,142024721960789
6228,142024741073238
6229,142024760861652
6230,142024784705470
6231,142024804739433
6232,142024824818748
6233,142024844627821
6234,142024864706769
6235,142024884734845
6236,142024904719848
6237,142024924829240
6238,142024945372560
6239,142024964564271
6240,142024985218700
6241,142025004985347
6242,142025025254967
6243,142025044418891
6244,142025064708674
6245,142025084740307
6246,142025104638448
6247,142025124704651
6248,142025144703407
6249,142025164790493
6250,142025184683948
6251,142025204656822
6252,142025225810668
6253,142025245060598
6254,142025264856296
6255,142025288661022
6256,142025308646886
6257,142025328757786
6258,142025348650886
6259,142025368603797
6260,142025389342271
6261,142025408979774
6262,142025428911827
6263,142025448655198
6264,142025468693416
6265,142025488909551
6266,142025508733808
6267,142025528705191
6268,142025548866841
6269,142025568721369
6270,142025588749874
6271,142025608813629
6272,142025628703949
6273,142025648791377
6274,142025668769120
6275,142025688856008
6276,142025708769433
6277,142025729772782
6278,142025748793074
6279,142025768762799
6280,142025792765734
6281,142025812751405
6282,142025832776044
6283,142025852869810
6284,142025873843230
6285,142025893222979
6286,142025912733403
6287,142025932757062
6288,142025953504034
6289,142025973471142
6290,142025993077900
6291,142026014059686
6292,142026032727807
6293,142026052807278
6294,142026072817802
6295,142026092817340
6296,142026112881304
6297,142026132832985
6298,142026153040864
6299,142026172878010
6300,142026192774799
6301,142026212763284
6302,142026233803557
6303,142026252917286
6304,142026272813446
6305,142026296796595
6306,142026316790377
6307,142026336857016
6308,142026356753964
6309,142026376766095
6310,142026396781136
6311,142026416851844
6312,142026436788518
6313,142026456841357
6314,142026477480288
6315,142026496900984
6316,142026516882100
6317,142026536806852
6318,142026556876278
6319,142026576641846
6320,142026596821648
6321,142026616866298
6322,142026636807695
6323,142026656922033
6324,142026676852914
6325,142026696806282
6326,142026716829270
6327,142026737171550
6328,142026758146103
6329,142026776928217
6330,142026800813666
6331,142026820834970
6332,142026840812258
6333,142026860863645
6334,142026881827240
6335,142026903063226
6336,142026920961595
6337,142026940850513
6338,142026960679775
6339,142026982377517
6340,142027001048896
6341,142027026743511
6342,142027043521461
6343,142027060959994
6344,142027080943454
6345,142027100876750
6346,142027120892889
6347,142027140874788
6348,142027160626551
6349,142027180909325
6350,142027200802462
6351,142027220782343
6352,142027241480157
6353,142027260865487
6354,142027280785751
6355,142027304788061
6356,142027324841784
6357,142027344775555
6358,142027364831173
6359,142027384835929
6360,142027404791818
6361,142027424823286
6362,142027444847477
6363,142027464870241
6364,142027486020001
6365,142027504807232
6366,142027524861393
6367,142027544669575
6368,142027564876869
6369,142027584812365
6370,142027604711987
6371,142027624830865
6372,142027645665405
6373,142027664913110
6374,142027684845622
6375,142027704795369
6376,142027724894133
6377,142027744860583
6378,142027769070067
6379,142027784679010
6380,142027808887174
6381,142027828943431
6382,142027849012396
6383,142027869104007
6384,142027889000335
6385,142027908951753
6386,142027929069229
6387,142027949919089
6388,142027969065548
6389,142027990485156
6390,142028009277510
6391,142028029511072
6392,142028049151934
6393,142028069081510
6394,142028089105451
6395,142028109081514
6396,142028129101190
6397,142028149053863
6398,142028169067894
6399,142028189103205
6400,142028209079974
6401,142028229288139
6402,142028249193452
6403,142028269074776
6404,142028288915463
6405,142028313012386
6406,142028332941941
6407,142028352876807
6408,142028372899001
6409,142028393313180
6410,142028413144649
6411,142028433005628
6412,142028452861495
6413,142028472879302
6414,142028493336381
6415,142028512971424
6416,142028533000710
6417,142028552877879
6418,142028572909450
6419,142028592876928
6420,142028612995817
6421,142028632989406
6422,142028652985304
6423,142028672935017
6424,142028692998411
6425,142028713061625
6426,142028733975406
6427,142028753381343
6428,142028773218338
6429,142028793174451
6430,142028817258798
6431,142028837149270
6432,142028857126929
6433,142028877255815
6434,142028897616450
6435,142028917155560
6436,142028937144529
6437,142028957473359
6438,142028977227464
6439,142028997919613
6440,142029017330728
6441,142029037207328
6442,142029057287738
6443,142029077252455
6444,142029097241658
6445,142029117326741
6446,142029137240055
6447,142029158083636
6448,142029177353205
6449,142029197309428
6450,142029217260619
6451,142029238392693
6452,142029257493618
6453,142029277378037
6454,142029297244000
6455,142029321199974
6456,142029341262790
6457,142029361266096
6458,142029381330427
6459,142029401163352
6460,142029421272889
6461,142029441295526
6462,142029461280030
6463,142029481286725
6464,142029501493296
6465,142029521390215
6466,142029541303055
6467,142029561296935
6468,142029581319444
6469,142029601309647
6470,142029621374503
6471,142029641397803
6472,142029661336331
6473,142029681460713
6474,142029701273763
6475,142029721358911
6476,142029742445553
6477,142029761261846
6478,142029781346768
6479,142029801267229
6480,142029825306179
6481,142029845423790
6482,142029865287342
6483,142029885369866
6484,142029906034343
6485,142029932305613
6486,142029947321944
6487,142029965517622
6488,142029986399230
6489,142030005585349
6490,142030025464685
6491,142030045389906
6492,142030065385103
6493,142030085703509
6494,142030105257998
6495,142030125346258
6496,142030145510597
6497,142030165340784
6498,142030185496410
6499,142030205250670
6500,142030225344006
6501,142030246364907
6502,142030265452887
6503,142030285436658
6504,142030305442786
6505,142030329330215
6506,142030349410109
6507,142030369405969
6508,142030389282773
6509,142030409333535
6510,142030429355381
6511,142030449255054
6512,142030469421591
6513,142030490712961
6514,142030509683066
6515,142030529395440
6516,142030549523337
6517,142030569335186
6518,142030589441892
6519,142030609393339
6520,142030629259699
6521,142030649989253
6522,142030669857698
6523,142030689420458
6524,142030709393789
6525,142030729474534
6526,142030749995388
6527,142030769559092
6528,142030789444630
6529,142030809488625
6530,142030833546714
6531,142030853523947
6532,142030873721688
6533,142030893919025
6534,142030914573392
6535,142030933646462
6536,142030954278906
6537,142030973819681
6538,142030995884069
6539,142031013851935
6540,142031034122572
6541,142031053712408
6542,142031073939940
6543,142031093743439
6544,142031113701025
6545,142031133742270
6546,142031153610994
6547,142031173751987
6548,142031193585393
6549,142031213547070
6550,142031233584495
6551,142031254069097
6552,142031273695336
6553,142031293784768
6554,142031317910268
6555,142031337631697
6556,142031357737273
6557,142031377828546
6558,142031397861015
6559,142031417881558
6560,142031437874120
6561,142031457602929
6562,142031477766927
6563,142031498112994
6564,142031517648088
6565,142031537343377
6566,142031557460054
6567,142031577438047
6568,142031597461237
6569,142031617369834
6570,142031637375693
6571,142031657283151
6572,142031677371670
6573,142031697534322
6574,142031717327522
6575,142031737339230
6576,142031757571101
6577,142031777407308
6578,142031797539373
6579,142031821356359
6580,142031841334394
6581,142031861272025
6582,142031881315766
6583,142031901339301
6584,142031921198612
6585,142031941196950
6586,142031961103465
6587,142031981166385
6588,142032002149154
6589,142032021944216
6590,142032041328084
6591,142032061138826
6592,142032081155389
6593,142032101483295
6594,142032121232171
6595,142032141193104
6596,142032162252839
6597,142032181244652
6598,142032201506711
6599,142032221201339
6600,142032241587564
6601,142032261425709
6602,142032281352271
6603,142032301504368
6604,142032325234088
6605,142032345299571
6606,142032365254626
6607,142032385197456
6608,142032405442015
6609,142032425241968
6610,142032445291150
6611,142032465274407
6612,142032485259919
6613,142032505827144
6614,142032525308299
6615,142032545255182
6616,142032565310677
6617,142032585221004
6618,142032605484896
6619,142032625197068
6620,142032645321680
6621,142032665389907
6622,142032685362687
6623,142032705614145
6624,142032725517002
6625,142032745970600
6626,142032765985422
6627,142032787558221
6628,142032805846406
6629,142032829407133
6630,142032849967045
6631,142032869493012
6632,142032889811109
6633,142032910609826
6634,142032930088343
6635,142032950311589
6636,142032969951829
6637,142032989529324
6638,142033010988599
6639,142033030015043
6640,142033050006679
6641,142033069437751
6642,142033089767353
6643,142033109679776
6644,142033129862330
6645,142033149846276
6646,142033169938393
6647,142033189753044
6648,142033210016661
6649,142033229879374
6650,142033250861253
6651,142033270002232
6652,142033290098320
6653,142033309854853
6654,142033334200924
6655,142033353811025
6656,142033374025379
6657,142033393686565
6658,142033414142858
6659,142033433891458
6660,142033454149668
6661,142033473812786
6662,142033494069677
6663,142033514117767
6664,142033534390157
6665,142033553766436
6666,142033574093283
6667,142033593770779
6668,142033614172817
6669,142033633915438
6670,142033654523437
6671,142033674062990
6672,142033694215715
6673,142033713907943
6674,142033734214855
6675,142033754265716
6676,142033774258733
6677,142033793881916
6678,142033814052850
6679,142033837778684
6680,142033858003039
6681,142033877742077
6682,142033897950512
6683,142033917481175
6684,142033937913373
6685,142033958170801
6686,142033977787620
6687,142033997736918
6688,142034018389997
6689,142034038182014
6690,142034058170433
6691,142034077698100
6692,142034098016067
6693,142034117804428
6694,142034138035965
6695,142034158056978
6696,142034178042655
6697,142034197757038
6698,142034218014696
6699,142034237728231
6700,142034258703557
6701,142034277624761
6702,142034298025540
6703,142034317772789
6704,142034342026589
6705,142034361814524
6706,142034381918557
6707,142034401600493
6708,142034422024137
6709,142034441671579
6710,142034462164421
6711,142034481593054
6712,142034502044267
6713,142034521904167
6714,142034542013291
6715,142034561792091
6716,142034581864608
6717,142034601561408
6718,142034621897958
6719,142034641577221
6720,142034662043818
6721,142034681542803
6722,142034701834373
6723,142034721448130
6724,142034742037726
6725,142034762889745
6726,142034781862556
6727,142034801389230
6728,142034821546054
6729,142034845415857
6730,142034865909675
6731,142034885953640
6732,142034905712155
6733,142034925384352
6734,142034946421189
6735,142034965869674
6736,142034985606893
6737,142035006541847
6738,142035025801960
6739,142035045243924
6740,142035065720229
6741,142035085176239
6742,142035105495949
6743,142035125216707
6744,142035145668015
6745,142035166429638
6746,142035185892991
6747,142035205281647
6748,142035225488566
6749,142035245214790
6750,142035266269054
6751,142035285312562
6752,142035305756706
6753,142035325309807
6754,142035349694997
6755,142035369318925
6756,142035389593632
6757,142035409363188
6758,142035429623003
6759,142035449319239
6760,142035469606840
6761,142035489423189
6762,142035510289212
6763,142035529429943
6764,142035549750080
6765,142035569483339
6766,142035589572844
6767,142035609252605
6768,142035629609336
6769,142035649291269
6770,142035669594545
6771,142035689335291
6772,142035709750189
6773,142035729277211
6774,142035749505849
6775,142035769537833
6776,142035789788310
6777,142035809360269
6778,142035829681110
6779,142035853386595
6780,142035873630917
6781,142035893347625
6782,142035915308583
6783,142035933471441
6784,142035954972562
6785,142035973513472
6786,142035993778463
6787,142036015661431
6788,142036033903108
6789,142036053502096
6790,142036073676704
6791,142036093301643
6792,142036113656294
6793,142036133269140
6794,142036153539704
6795,142036173262725
6796,142036193561512
6797,142036213112262
6798,142036233378511
6799,142036253110818
6800,142036273588610
6801,142036293201346
6802,142036313504100
6803,142036333372422
6804,142036357648621
6805,142036377521713
6806,142036397790557
6807,142036417491135
6808,142036437794069
6809,142036457342921
6810,142036477999130
6811,142036497563451
6812,142036518398468
6813,142036537471168
6814,142036557850253
6815,142036577548773
6816,142036597783393
6817,142036617510279
6818,142036637751685
6819,142036657506228
6820,142036678401658
6821,142036697770149
6822,142036718013253
6823,142036737481861
6824,142036757898712
6825,142036778072296
6826,142036797963286
6827,142036817560377
6828,142036837967369
6829,142036861684598
6830,142036882043317
6831,142036901659587
6832,142036921969199
6833,142036941507679
6834,142036961821187
6835,142036981659892
6836,142037001879331
6837,142037022916631
6838,142037041907181
6839,142037061335609
6840,142037082081987
6841,142037101420187
6842,142037122021144
6843,142037141525109
6844,142037161920751
6845,142037181655385
6846,142037201694196
6847,142037221701737
6848,142037241791485
6849,142037261637526
6850,142037282187800
6851,142037301633730
6852,142037322001826
6853,142037341423294
6854,142037365997393
6855,142037385338697
6856,142037405783610
6857,142037426508154
6858,142037445778941
6859,142037465372523
6860,142037485600697
6861,142037505427267
6862,142037526471732
6863,142037545363981
6864,142037565693844
6865,142037585705681
6866,142037605663316
6867,142037625580511
6868,142037645597547
6869,142037665365382
6870,142037685762674
6871,142037705395210
6872,142037725879781
6873,142037745375696
6874,142037765969627
6875,142037787966360
6876,142037805441111
6877,142037825377632
6878,142037845479651
6879,142037869194154
6880,142037889516790
6881,142037909238330
6882,142037929591624
6883,142037950282900
6884,142037969464955
6885,142037989293146
6886,142038010586663
6887,142038029559285
6888,142038049686170
6889,142038069450740
6890,142038089674134
6891,142038109454523
6892,142038129951296
6893,142038149469622
6894,142038170222400
6895,142038189358346
6896,142038209784934
6897,142038229409671
6898,142038249762560
6899,142038269767218
6900,142038289776780
6901,142038309401421
6902,142038329940265
6903,142038349495290
6904,142038373590421
6905,142038393349833
6906,142038413713102
6907,142038433590147
6908,142038454071086
6909,142038473770845
6910,142038493983993
6911,142038513651188
6912,142038533969838
6913,142038553633751
6914,142038573887563
6915,142038593820397
6916,142038613904521
6917,142038633625941
6918,142038653893387
6919,142038673554780
6920,142038693898485
6921,142038713575358
6922,142038733939818
6923,142038753548259
6924,142038774115406
6925,142038793530893
6926,142038813883079
6927,142038833537764
6928,142038853939731
6929,142038877484798
6930,142038897835252
6931,142038917784727
6932,142038938098473
6933,142038958085619
6934,142038977926452
6935,142038997709258
6936,142039018795555
6937,142039038545075
6938,142039058210906
6939,142039077602616
6940,142039097946623
6941,142039117611876
6942,142039138006427
6943,142039157847753
6944,142039177968437
6945,142039197662211
6946,142039217988834
6947,142039237870288
6948,142039257932159
6949,142039279342968
6950,142039298302791
6951,142039317900145
6952,142039338157627
6953,142039357866638
6954,142039382232524
6955,142039401713546
6956,142039422063110
6957,142039441889829
6958,142039461984390
6959,142039481814553
6960,142039502000242
6961,142039523237644
6962,142039542667749
6963,142039561778580
6964,142039582289663
6965,142039601649841
6966,142039622160660
6967,142039641872318
6968,142039662101870
6969,142039682541474
6970,142039702029338
6971,142039721799227
6972,142039742146672
6973,142039761711143
6974,142039783120714
6975,142039801775902
6976,142039821993662
6977,142039841829066
6978,142039862124494
6979,142039885952003
6980,142039905922698
6981,142039925733955
6982,142039946983957
6983,142039965705184
6984,142039986329870
6985,142040005693180
6986,142040026742011
6987,142040046400882
6988,142040066089094
6989,142040085637920
6990,142040105907124
6991,142040125531462
6992,142040145885872
6993,142040165563204
6994,142040186025081
6995,142040205658197
6996,142040226049285
6997,142040245721191
6998,142040266013867
6999,142040286992808
7000,142040306114048
7001,142040325819336
7002,142040346145091
7003,142040365794151
7004,142040390092823
7005,142040409809395
7006,142040430998915
7007,142040450074247
7008,142040470118014
7009,142040489890305
7010,142040510103908
7011,142040530224486
7012,142040550394350
7013,142040570084111
7014,142040590555557
7015,142040619588596
7016,142040641285530
7017,142040662391661
7018,142040683401559
7019,142040700426316
7020,142040721343427
7021,142040742698158
7022,142040764254872
7023,142040785624354
7024,142040806154844
7025,142040825791014
7026,142040845843373
7027,142040861697961
7028,142040876146811
7029,142040893846886
7030,142040914027617
7031,142040934109858
7032,142040954666687
7033,142040973647878
7034,142040994187367
7035,142041020747343
7036,142041042048205
7037,142041059973893
7038,142041074832472
7039,142041094288871
7040,142041114477976
7041,142041133958437
7042,142041153919171
7043,142041174103284
7044,142041194163813
7045,142041213924699
7046,142041234151772
7047,142041253835929
7048,142041274095657
7049,142041293841690
7050,142041314070129
7051,142041333606659
7052,142041354005888
7053,142041373709793
7054,142041397965043
7055,142041417654266
7056,142041437939240
7057,142041457634194
7058,142041477894918
7059,142041497606743
7060,142041517937672
7061,142041539076786
7062,142041558062833
7063,142041577610463
7064,142041597966745
7065,142041617751012
7066,142041637985769
7067,142041657620646
7068,142041677894756
7069,142041697692414
7070,142041718056415
7071,142041737677413
7072,142041758035345
7073,142041777642433
7074,142041798211379
7075,142041817666607
7076,142041837920322
7077,142041857447407
7078,142041878304156
7079,142041902268982
7080,142041922308136
7081,142041941668627
7082,142041962494536
7083,142041981411206
7084,142042001900468
7085,142042021979194
7086,142042043023181
7087,142042061740833
7088,142042082004028
7089,142042101842928
7090,142042122011160
7091,142042141656148
7092,142042162042631
7093,142042181729688
7094,142042202037190
7095,142042221840376
7096,142042242118199
7097,142042261846415
7098,142042282953486
7099,142042302120059
7100,142042322115622
7101,142042341870141
7102,142042362049007
7103,142042381835102
7104,142042406253248
7105,142042425807604
7106,142042446154059
7107,142042465704693
7108,142042486087517
7109,142042505962761
7110,142042526057616
7111,142042546147023
7112,142042566269841
7113,142042585883078
7114,142042606780250
7115,142042625909542
7116,142042646533377
7117,142042665850405
7118,142042686624557
7119,142042706002961
7120,142042726052101
7121,142042745972598
7122,142042766095154
7123,142042786964140
7124,142042808221376
7125,142042827566008
7126,142042846363851
7127,142042865792752
7128,142042886157395
7129,142042909917316
7130,142042930150034
7131,142042951089468
7132,142042970149345
7133,142042989870122
7134,142043010385672
7135,142043029958735
7136,142043050196287
7137,142043069904227
7138,142043090132881
7139,142043109893102
7140,142043130163278
7141,142043149928840
7142,142043170068300
7143,142043189886228
7144,142043210111062
7145,142043229864115
7146,142043250203489
7147,142043269888589
7148,142043290383922
7149,142043309930826
7150,142043330098891
7151,142043349852124
7152,142043370035600
7153,142043389901900
7154,142043414176458
7155,142043434367462
7156,142043454131147
7157,142043473848826
7158,142043494094579
7159,142043513869229
7160,142043534343516
7161,142043553850265
7162,142043574104795
7163,142043593834875
7164,142043613990290
7165,142043633813200
7166,142043655186921
7167,142043673799875
7168,142043693903562
7169,142043713665405
7170,142043734001196
7171,142043753715008
7172,142043774064839
7173,142043794055639
7174,142043814072111
7175,142043833938947
7176,142043854128626
7177,142043873812229
7178,142043894104421
7179,142043917669844
7180,142043938088969
7181,142043958365215
7182,142043978158552
7183,142043997861418
7184,142044019878423
7185,142044039609886
7186,142044058573031
7187,142044077856965
7188,142044098033211
7189,142044117830307
7190,142044137914806
7191,142044157896344
7192,142044179041125
7193,142044197700725
7194,142044218112351
7195,142044237632694
7196,142044257966351
7197,142044277624750
7198,142044299437078
7199,142044317909822
7200,142044337923057
7201,142044357790900
7202,142044377984025
7203,142044397739367
7204,142044421886354
7205,142044441519555
7206,142044462046781
7207,142044481576080
7208,142044501971115
7209,142044521545495
7210,142044543431768
7211,142044562390518
7212,142044582086709
7213,142044601616322
7214,142044621841710
7215,142044641531750
7216,142044662039558
7217,142044681521167
7218,142044701972658
7219,142044721521037
7220,142044741961624
7221,142044761663476
7222,142044781979689
7223,142044802490491
7224,142044822145235
7225,142044841697008
7226,142044862148639
7227,142044881679949
7228,142044902058975
7229,142044925696976
7230,142044946297986
7231,142044965808797
7232,142044985895326
7233,142045005721629
7234,142045025969958
7235,142045047954319
7236,142045066224066
7237,142045085635936
7238,142045106042223
7239,142045125635280
7240,142045146036394
7241,142045165866454
7242,142045185963275
7243,142045205765925
7244,142045225938774
7245,142045245604124
7246,142045266182483
7247,142045285789598
7248,142045306243251
7249,142045325838094
7250,142045346081897
7251,142045365870377
7252,142045386091004
7253,142045405813017
7254,142045430132425
7255,142045449805571
7256,142045470312684
7257,142045489902566
7258,142045510201483
7259,142045529869641
7260,142045551913594
7261,142045570171609
7262,142045590225116
7263,142045609953443
7264,142045630246628
7265,142045649928433
7266,142045670521113
7267,142045690316300
7268,142045710376583
7269,142045730051907
7270,142045750201867
7271,142045770073492
7272,142045791161879
7273,142045810099432
7274,142045830430271
7275,142045850138225
7276,142045870511994
7277,142045889956221
7278,142045910499711
7279,142045933882979
7280,142045954790083
7281,142045973902094
7282,142045994288383
7283,142046014101414
7284,142046034652725
7285,142046054253642
7286,142046074293409
7287,142046093891794
7288,142046114339348
7289,142046133981363
7290,142046154264090
7291,142046174030849
7292,142046194339241
7293,142046214049784
7294,142046234313267
7295,142046253948745
7296,142046274304236
7297,142046294833790
7298,142046314340602
7299,142046333960481
7300,142046354304027
7301,142046373949281
7302,142046394246236
7303,142046414033887
7304,142046439907253
7305,142046458032060
7306,142046478130328
7307,142046497832578
7308,142046518218216
7309,142046537866856
7310,142046558334218
7311,142046577898534
7312,142046598269947
7313,142046617895492
7314,142046638251189
7315,142046657898851
7316,142046678327370
7317,142046697951221
7318,142046718317387
7319,142046737926809
7320,142046758310354
7321,142046778003767
7322,142046799244605
7323,142046818014596
7324,142046838381356
7325,142046858061236
7326,142046878298631
7327,142046898574101
7328,142046918288154
7329,142046941962780
7330,142046962221570
7331,142046982046224
7332,142047003146355
7333,142047022088550
7334,142047043289311
7335,142047061984246
7336,142047082259974
7337,142047101901919
7338,142047122321305
7339,142047142000261
7340,142047162281384
7341,142047182182962
7342,142047202433593
7343,142047222143071
7344,142047242361480
7345,142047261971827
7346,142047282340082
7347,142047302842397
7348,142047322264169
7349,142047342036847
7350,142047362120152
7351,142047381763516
7352,142047402151803
7353,142047421887482
7354,142047446235147
7355,142047465872945
7356,142047486193015
7357,142047506074410
7358,142047526498574
7359,142047546318610
7360,142047566588682
7361,142047586180380
7362,142047606404403
7363,142047626284508
7364,142047646535360
7365,142047666242355
7366,142047686730090
7367,142047706171159
7368,142047726670389
7369,142047746196200
7370,142047766672972
7371,142047786340447
7372,142047806969138
7373,142047828298180
7374,142047846449335
7375,142047866261344
7376,142047886749633
7377,142047906296181
7378,142047926674470
7379,142047952803216
7380,142047971051018
7381,142047990417653
7382,142048010882443
7383,142048030639160
7384,142048052792325
7385,142048070630442
7386,142048090562341
7387,142048110177052
7388,142048130748298
7389,142048150217242
7390,142048170555787
7391,142048190176262
7392,142048210488347
7393,142048230291367
7394,142048250445428
7395,142048270212478
7396,142048290491331
7397,142048311133564
7398,142048330788509
7399,142048350236495
7400,142048370488452
7401,142048390012700
7402,142048410448313
7403,142048430257955
7404,142048454399797
7405,142048474158657
7406,142048494454979
7407,142048514137776
7408,142048534647305
7409,142048554489609
7410,142048574662639
7411,142048594227167
7412,142048614469581
7413,142048634298729
7414,142048654372315
7415,142048674101017
7416,142048694929363
7417,142048714233494
7418,142048734856051
7419,142048753987365
7420,142048774455568
7421,142048794115476
7422,142048814671186
7423,142048834347522
7424,142048854654918
7425,142048873975664
7426,142048894642132
7427,142048914102254
7428,142048934474484
7429,142048958557762
7430,142048978403763
7431,142048998216532
7432,142049018390045
7433,142049038320112
7434,142049058845313
7435,142049078192275
7436,142049098573036
7437,142049118102360
7438,142049138616036
7439,142049158203094
7440,142049178456708
7441,142049198168584
7442,142049218323605
7443,142049238237734
7444,142049258387892
7445,142049278126634
7446,142049298509238
7447,142049318436347
7448,142049338665937
7449,142049358104357
7450,142049378400257
7451,142049398019469
7452,142049418481426
7453,142049438429434
7454,142049462561485
7455,142049482197477
7456,142049502402517
7457,142049522063524
7458,142049542486946
7459,142049562720261
7460,142049582555763
7461,142049602115639
7462,142049622479960
7463,142049642357728
7464,142049662407042
7465,142049682129979
7466,142049702412630
7467,142049722117304
7468,142049742555308
7469,142049762116455
7470,142049782439535
7471,142049802167565
7472,142049822858692
7473,142049842459161
7474,142049862517959
7475,142049882256445
7476,142049902505758
7477,142049922202084
7478,142049942877141
7479,142049966475865
7480,142049986824709
7481,142050007311510
7482,142050027060533
7483,142050046322948
7484,142050068183485
7485,142050086252129
7486,142050106445156
7487,142050126111088
7488,142050146397219
7489,142050166168340
7490,142050186404672
7491,142050206300807
7492,142050226434496
7493,142050246192611
7494,142050266492817
7495,142050286311873
7496,142050306858671
7497,142050326201586
7498,142050346533991
7499,142050366174005
7500,142050386565429
7501,142050406169823
7502,142050426550179
7503,142050446220388
7504,142050470452614
7505,142050490174070
7506,142050510603206
7507,142050530152706
7508,142050550639722
7509,142050571092782
7510,142050590707660
7511,142050610500114
7512,142050630540202
7513,142050650216174
7514,142050670493737
7515,142050690197929
7516,142050710531593
7517,142050730406624
7518,142050750447607
7519,142050770184976
7520,142050791801811
7521,142050813493457
7522,142050830914999
7523,142050850380437
7524,142050870420675
7525,142050890228080
7526,142050910387497
7527,142050930028407
7528,142050951318815
7529,142050974069376
7530,142050994981428
7531,142051013983426
7532,142051034204497
7533,142051054075720
7534,142051075507819
7535,142051094185717
7536,142051114181356
7537,142051133995064
7538,142051154206934
7539,142051174051882
7540,142051194244966
7541,142051213946396
7542,142051234123624
7543,142051254074004
7544,142051274392057
7545,142051294014570
7546,142051315031447
7547,142051334126242
7548,142051354465008
7549,142051374080787
7550,142051394528423
7551,142051414080570
7552,142051434356860
7553,142051454143824
7554,142051478416482
7555,142051498077480
7556,142051518337902
7557,142051538067588
7558,142051558383942
7559,142051578122705
7560,142051598557164
7561,142051618121831
7562,142051638366432
7563,142051658129573
7564,142051678457726
7565,142051698580520
7566,142051718519251
7567,142051738248455
7568,142051758455525
7569,142051778169640
7570,142051798522781
7571,142051819231724
7572,142051838827648
7573,142051858199251
7574,142051878471927
7575,142051898206515
7576,142051918415027
7577,142051938252574
7578,142051958855333
7579,142051982151365
7580,142052002412632
7581,142052022895001
7582,142052042516398
7583,142052063001902
7584,142052082489676
7585,142052102178868
7586,142052122323647
7587,142052142139675
7588,142052162346385
7589,142052182193516
7590,142052202435982
7591,142052222140274
7592,142052242410231
7593,142052262104114
7594,142052282421589
7595,142052302147728
7596,142052323264147
7597,142052342221740
7598,142052362429040
7599,142052382154330
7600,142052402515677
7601,142052422141462
7602,142052442650460
7603,142052462204757
7604,142052486652650
7605,142052506255994
7606,142052526555454
7607,142052546260431
7608,142052567220546
7609,142052586477992
7610,142052606738417
7611,142052626266541
7612,142052646440236
7613,142052666322407
7614,142052686656214
7615,142052706236870
7616,142052726538394
7617,142052746204992
7618,142052766509116
7619,142052786297598
7620,142052806550242
7621,142052827169806
7622,142052849462850
7623,142052866351243
7624,142052887031353
7625,142052906280667
7626,142052926696296
7627,142052946950700
7628,142052966501180
7629,142052990173083
7630,142053010550614
7631,142053030435956
7632,142053050565628
7633,142053071698177
7634,142053090481597
7635,142053110213625
7636,142053130523925
7637,142053150239506
7638,142053170515508
7639,142053190233978
7640,142053210571685
7641,142053230200895
7642,142053250563376
7643,142053270222539
7644,142053290624911
7645,142053310237654
7646,142053330657808
7647,142053350405179
7648,142053370487834
7649,142053390104386
7650,142053410298680
7651,142053430062800
7652,142053450428171
7653,142053470299276
7654,142053494524870
7655,142053514146581
7656,142053534424638
7657,142053554236549
7658,142053575008107
7659,142053594220938
7660,142053614458005
7661,142053634120452
7662,142053654424272
7663,142053674222647
7664,142053694286996
7665,142053714000378
7666,142053734221680
7667,142053754050412
7668,142053774209803
7669,142053794062586
7670,142053814381222
7671,142053834146130
7672,142053854506276
7673,142053874119495
7674,142053894338457
7675,142053914132345
7676,142053934303994
7677,142053956517259
7678,142053974286376
7679,142053998065421
7680,142054018300684
7681,142054037998957
7682,142054058114852
7683,142054078527087
7684,142054098194541
7685,142054117980156
7686,142054138180747
7687,142054157910732
7688,142054178035430
7689,142054197862157
7690,142054218112208
7691,142054237963367
7692,142054258244424
7693,142054277869291
7694,142054298120119
7695,142054318090807
7696,142054338432277
7697,142054358038765
7698,142054378182992
7699,142054398002264
7700,142054418270239
7701,142054438098861
7702,142054458411169
7703,142054477990558
7704,142054502268320
7705,142054522063552
7706,142054542363259
7707,142054562071461
7708,142054582539126
7709,142054602170780
7710,142054622299332
7711,142054642078798
7712,142054662421517
7713,142054682177878
7714,142054703872709
7715,142054722057728
7716,142054742210949
7717,142054762001839
7718,142054782295003
7719,142054801995527
7720,142054823907768
7721,142054842016385
7722,142054862372158
7723,142054882032071
7724,142054902177740
7725,142054921999351
7726,142054942404404
7727,142054962055784
7728,142054982362235
7729,142055006434784
7730,142055026448238
7731,142055046352691
7732,142055066553480
7733,142055086153734
7734,142055106324556
7735,142055125982480
7736,142055146219535
7737,142055165969793
7738,142055186179148
7739,142055206013745
7740,142055226199679
7741,142055245942731
7742,142055266207005
7743,142055286172887
7744,142055306167741
7745,142055327249280
7746,142055346266246
7747,142055366067195
7748,142055386144666
7749,142055405936949
7750,142055426219631
7751,142055445877824
7752,142055466519228
7753,142055486149811
7754,142055510297798
7755,142055530009038
7756,142055550468625
7757,142055570404937
7758,142055590188430
7759,142055610093052
7760,142055630398686
7761,142055650006228
7762,142055670405234
7763,142055690003552
7764,142055710276849
7765,142055730027885
7766,142055750334771
7767,142055770161487
7768,142055790254557
7769,142055809989029
7770,142055830427991
7771,142055850278619
7772,142055870353393
7773,142055890102754
7774,142055910346390
7775,142055930055898
7776,142055950998995
7777,142055970062683
7778,142055990450938
7779,142056014404554
7780,142056034223773
7781,142056054023779
7782,142056075571128
7783,142056094150932
7784,142056114164766
7785,142056133961510
7786,142056154177536
7787,142056173978157
7788,142056194144931
7789,142056215533965
7790,142056234295899
7791,142056254099858
7792,142056274234729
7793,142056293940520
7794,142056314228033
7795,142056334594975
7796,142056354367746
7797,142056374232661
7798,142056394298835
7799,142056413977042
7800,142056434124927
7801,142056453972924
7802,142056474376283
7803,142056493989019
7804,142056518294196
7805,142056538031171
7806,142056558255389
7807,142056578617259
7808,142056598388218
7809,142056618199424
7810,142056638376893
7811,142056658053754
7812,142056678361389
7813,142056698091184
7814,142056718406757
7815,142056738095147
7816,142056758374817
7817,142056778011572
7818,142056798309384
7819,142056818071187
7820,142056838576862
7821,142056858176438
7822,142056878396352
7823,142056898320975
7824,142056919628768
7825,142056937988627
7826,142056960174600
7827,142056978081531
7828,142056998305329
7829,142057021909418
7830,142057042353732
7831,142057061946450
7832,142057084238776
7833,142057102041834
7834,142057122294674
7835,142057141976050
7836,142057162230825
7837,142057182003819
7838,142057202120895
7839,142057222138844
7840,142057242181733
7841,142057261986040
7842,142057282292691
7843,142057301960792
7844,142057322271687
7845,142057342084510
7846,142057362382515
7847,142057381967391
7848,142057402287804
7849,142057422009742
7850,142057442247523
7851,142057461970796
7852,142057482182848
7853,142057501958866
7854,142057526273084
7855,142057545963920
7856,142057566434013
7857,142057586934856
7858,142057606361095
7859,142057626070570
7860,142057646298792
7861,142057665841597
7862,142057686321690
7863,142057706617696
7864,142057726441034
7865,142057746140088
7866,142057766097279
7867,142057785955177
7868,142057806218363
7869,142057826531434
7870,142057847343222
7871,142057866672728
7872,142057886040016
7873,142057905968613
7874,142057926366301
7875,142057946455070
7876,142057966132808
7877,142057985950903
7878,142058006152318
7879,142058029925796
7880,142058050138412
7881,142058070031437
7882,142058091118629
7883,142058110133974
7884,142058130223152
7885,142058149968417
7886,142058170329476
7887,142058189924094
7888,142058210104649
7889,142058230075571
7890,142058250219580
7891,142058270088375
7892,142058290217636
7893,142058309953810
7894,142058330957729
7895,142058349964026
7896,142058370083303
7897,142058389829044
7898,142058410132885
7899,142058429988304
7900,142058450053381
7901,142058471553628
7902,142058490239902
7903,142058509987444
7904,142058534040972
7905,142058553909893
7906,142058574186332
7907,142058594729344
7908,142058614293143
7909,142058633979410
7910,142058654061913
7911,142058674037140
7912,142058694050709
7913,142058714057480
7914,142058734209684
7915,142058753943167
7916,142058774191774
7917,142058794131694
7918,142058814281889
7919,142058834769139
7920,142058854383679
7921,142058873975763
7922,142058894137322
7923,142058913946837
7924,142058934943983
7925,142058954930843
7926,142058974343916
7927,142058993901168
7928,142059014228246
7929,142059037933963
7930,142059058211878
7931,142059078027057
7932,142059098369741
7933,142059118055766
7934,142059138465898
7935,142059157983162
7936,142059178218819
7937,142059197966507
7938,142059220098396
7939,142059238175772
7940,142059258256564
7941,142059277978174
7942,142059298212388
7943,142059317987841
7944,142059339645940
7945,142059358078313
7946,142059378233253
7947,142059397897276
7948,142059418302907
7949,142059437998002
7950,142059458268198
7951,142059478011500
7952,142059498333097
7953,142059518077529
7954,142059542305048
7955,142059562042059
7956,142059583100365
7957,142059602350177
7958,142059622387167
7959,142059642096585
7960,142059662356134
7961,142059682028789
7962,142059703316779
7963,142059722065723
7964,142059742342573
7965,142059762073406
7966,142059782384766
7967,142059802364540
7968,142059822399594
7969,142059844279668
7970,142059862820158
7971,142059882203941
7972,142059902384966
7973,142059922130693
7974,142059942361704
7975,142059964107062
7976,142059982443988
7977,142060002121045
7978,142060022464587
7979,142060046329747
7980,142060066401590
7981,142060087394107
7982,142060106483788
7983,142060126297879
7984,142060146380008
7985,142060166053010
7986,142060186376122
7987,142060206192355
7988,142060226493876
7989,142060246276324
7990,142060266435335
7991,142060286160592
7992,142060306488744
7993,142060326093561
7994,142060347720298
7995,142060366306252
7996,142060386408335
7997,142060406096531
7998,142060426329765
7999,142060446133924
8000,142060466414613
8001,142060486047393
8002,142060506399590
8003,142060526088644
8004,142060550338788
8005,142060570137222
8006,142060591766346
8007,142060610194969
8008,142060630489938
8009,142060650069962
8010,142060670363965
8011,142060690145621
8012,142060710501565
8013,142060730211281
8014,142060750419613
8015,142060770121599
8016,142060790419190
8017,142060810067931
8018,142060830337393
8019,142060851377478
8020,142060871027565
8021,142060890474053
8022,142060910462723
8023,142060930093885
8024,142060951074184
8025,142060970159036
8026,142060990559085
8027,142061010298965
8028,142061030353806
8029,142061054459609
8030,142061074425969
8031,142061096080119
8032,142061114481950
8033,142061134142759
8034,142061154338920
8035,142061174053012
8036,142061194338644
8037,142061214051235
8038,142061234328727
8039,142061254086559
8040,142061274292449
8041,142061294132813
8042,142061314396752
8043,142061334032110
8044,142061355002078
8045,142061374135943
8046,142061394314135
8047,142061414038967
8048,142061434294923
8049,142061454046470
8050,142061475891604
8051,142061494175794
8052,142061514300206
8053,142061534036984
8054,142061558261297
8055,142061578036461
8056,142061599884148
8057,142061618064454
8058,142061638257773
8059,142061657979099
8060,142061678321803
8061,142061698062054
8062,142061718164002
8063,142061738008624
8064,142061758269954
8065,142061778020708
8066,142061798348274
8067,142061818068420
8068,142061838307977
8069,142061858212587
8070,142061878487524
8071,142061898111509
8072,142061918294257
8073,142061938074638
8074,142061958547084
8075,142061978158074
8076,142061998512235
8077,142062019946243
8078,142062038453139
8079,142062062147543
8080,142062082281571
8081,142062102964839
8082,142062122473549
8083,142062142117863
8084,142062162776537
8085,142062182008884
8086,142062202505964
8087,142062223624008
8088,142062242497903
8089,142062262194302
8090,142062282430421
8091,142062302064235
8092,142062322272502
8093,142062342311525
8094,142062362496356
8095,142062382143339
8096,142062402374170
8097,142062421996277
8098,142062442291253
8099,142062462055800
8100,142062482304538
8101,142062502006875
8102,142062522596168
8103,142062542238277
8104,142062566523586
8105,142062586154365
8106,142062606985943
8107,142062626483182
8108,142062646493436
8109,142062666110018
8110,142062686468227
8111,142062706233811
8112,142062726410051
8113,142062746151891
8114,142062766348908
8115,142062785999937
8116,142062806446486
8117,142062826117115
8118,142062847758379
8119,142062869911680
8120,142062886450702
8121,142062906619766
8122,142062926490896
8123,142062947042600
8124,142062966811468
8125,142062986257454
8126,142063006551118
8127,142063026130581
8128,142063046527847
8129,142063070197638
8130,142063090322015
8131,142063111418415
8132,142063130502106
8133,142063150112347
8134,142063170369189
8135,142063190015523
8136,142063210281653
8137,142063230060987
8138,142063250462513
8139,142063269992016
8140,142063290255206
8141,142063309992553
8142,142063330313805
8143,142063351337417
8144,142063370405198
8145,142063390082219
8146,142063410247093
8147,142063430102563
8148,142063450283997
8149,142063469969130
8150,142063490311001
8151,142063510044160
8152,142063530383645
8153,142063550032803
8154,142063574907816
8155,142063594052690
8156,142063615156352
8157,142063634302639
8158,142063654404573
8159,142063674141918
8160,142063694404674
8161,142063714140092
8162,142063734687664
8163,142063754155307
8164,142063774290666
8165,142063794013453
8166,142063814328278
8167,142063834022722
8168,142063855747323
8169,142063874164006
8170,142063894368616
8171,142063913998185
8172,142063934187472
8173,142063954595228
8174,142063974136186
8175,142063993871142
8176,142064014434943
8177,142064033980591
8178,142064054355562
8179,142064077824182
8180,142064098680166
8181,142064118214239
8182,142064138197337
8183,142064157803443
8184,142064178147226
8185,142064198107284
8186,142064218063082
8187,142064237702401
8188,142064258199143
8189,142064277863142
8190,142064298118206
8191,142064318024120
8192,142064338156976
8193,142064358734612
8194,142064378229386
8195,142064398075708
8196,142064418184532
8197,142064438000908
8198,142064458288639
8199,142064478500612
8200,142064498306143
8201,142064518065312
8202,142064538332748
8203,142064558186926
8204,142064582258225
8205,142064603613327
8206,142064622858464
8207,142064642212396
8208,142064662538453
8209,142064682106841
8210,142064702451258
8211,142064722187240
8212,142064742432414
8213,142064762317686
8214,142064782509650
8215,142064802183259
8216,142064822261436
8217,142064842127413
8218,142064864506482
8219,142064882431558
8220,142064902462818
8221,142064922157031
8222,142064942492288
8223,142064962499301
8224,142064982480590
8225,142065002173211
8226,142065022520617
8227,142065042084405
8228,142065062384944
8229,142065086068304
8230,142065106614699
8231,142065126443369
8232,142065146420301
8233,142065166085100
8234,142065186307129
8235,142065206017887
8236,142065226967921
8237,142065246189467
8238,142065266372488
8239,142065286016422
8240,142065306301533
8241,142065326046943
8242,142065346241370
8243,142065366365338
8244,142065386033376
8245,142065405792649
8246,142065426122308
8247,142065445599283
8248,142065466032572
8249,142065485730795
8250,142065505965813
8251,142065525860954
8252,142065546060899
8253,142065565727312
8254,142065590164875
8255,142065610703923
8256,142065630305056
8257,142065649730792
8258,142065670238717
8259,142065690090193
8260,142065710048265
8261,142065729975300
8262,142065750050749
8263,142065769945064
8264,142065790029796
8265,142065809770878
8266,142065830216107
8267,142065849954621
8268,142065870539826
8269,142065890080250
8270,142065910079764
8271,142065929955924
8272,142065951508861
8273,142065969994594
8274,142065990253590
8275,142066009912889
8276,142066030063380
8277,142066049952680
8278,142066070149918
8279,142066093774516
8280,142066114616618
8281,142066133870258
8282,142066154176570
8283,142066173778077
8284,142066194063043
8285,142066213738558
8286,142066234225509
8287,142066254049907
8288,142066274354921
8289,142066294085947
8290,142066314213504
8291,142066334057403
8292,142066354239470
8293,142066373889320
8294,142066394110970
8295,142066413807627
8296,142066434074670
8297,142066453795733
8298,142066474088268
8299,142066493919300
8300,142066514039359
8301,142066533687367
8302,142066554131578
8303,142066573844240
8304,142066598232282
8305,142066618495797
8306,142066638324943
8307,142066658039280
8308,142066678214307
8309,142066698019846
8310,142066718133743
8311,142066738422350
8312,142066758250649
8313,142066778259924
8314,142066798233035
8315,142066818002926
8316,142066838138224
8317,142066858106623
8318,142066878148497
8319,142066898033904
8320,142066918329621
8321,142066937964550
8322,142066958571819
8323,142066978243619
8324,142066998280273
8325,142067018208578
8326,142067038212934
8327,142067058079855
8328,142067078417433
8329,142067101994218
8330,142067124086455
8331,142067142207440
8332,142067162237286
8333,142067182041098
8334,142067202147975
8335,142067221903341
8336,142067242075114
8337,142067261842835
8338,142067282076494
8339,142067301765448
8340,142067322167771
8341,142067341909737
8342,142067362794126
8343,142067382347678
8344,142067402181037
8345,142067422021918
8346,142067442099605
8347,142067461943384
8348,142067482686211
8349,142067502105607
8350,142067522308880
8351,142067541866201
8352,142067562055216
8353,142067581972882
8354,142067606530030
8355,142067626504598
8356,142067646271947
8357,142067665981995
8358,142067686289680
8359,142067706007366
8360,142067726154072
8361,142067746018537
8362,142067766225313
8363,142067785997789
8364,142067806185985
8365,142067825914021
8366,142067846151365
8367,142067866965063
8368,142067889592948
8369,142067906809779
8370,142067926170075
8371,142067946514141
8372,142067966281175
8373,142067986048222
8374,142068006229732
8375,142068025992476
8376,142068046294209
8377,142068066078192
8378,142068086132498
8379,142068109821420
8380,142068130966498
8381,142068150188003
8382,142068170234382
8383,142068189941658
8384,142068210209524
8385,142068230217072
8386,142068250440617
8387,142068269974563
8388,142068290142346
8389,142068309945833
8390,142068330171658
8391,142068350055993
8392,142068371243942
8393,142068390365224
8394,142068410240355
8395,142068429909130
8396,142068450327793
8397,142068469997679
8398,142068490209314
8399,142068509976710
8400,142068530268814
8401,142068550012023
8402,142068570310459
8403,142068590045173
8404,142068614930253
8405,142068634492318
8406,142068654558061
8407,142068674109098
8408,142068694410527
8409,142068714116366
8410,142068734383688
8411,142068754202394
8412,142068774423435
8413,142068794155083
8414,142068814426085
8415,142068834138968
8416,142068854542860
8417,142068875096174
8418,142068894585780
8419,142068914102639
8420,142068934480594
8421,142068954909230
8422,142068974571240
8423,142068994533403
8424,142069021399104
8425,142069042540132
8426,142069063755321
8427,142069079609460
8428,142069094870278
8429,142069119295026
8430,142069138914034
8431,142069158243143
8432,142069178604216
8433,142069198514829
8434,142069218437252
8435,142069238449717
8436,142069258494255
8437,142069278156106
8438,142069298612264
8439,142069318178188
8440,142069338516379
8441,142069358149118
8442,142069379798265
8443,142069398413859
8444,142069418498119
8445,142069438326212
8446,142069458480893
8447,142069478275578
8448,142069498484184
8449,142069518245373
8450,142069538685897
8451,142069558098313
8452,142069578534711
8453,142069598238678
8454,142069624051593
8455,142069642344627
8456,142069662459609
8457,142069682194922
8458,142069702309773
8459,142069722198378
8460,142069743500392
8461,142069762225030
8462,142069782511262
8463,142069802166931
8464,142069822421749
8465,142069842231021
8466,142069862423502
8467,142069882922418
8468,142069902659137
8469,142069922101099
8470,142069942930718
8471,142069962253000
8472,142069982523443
8473,142070002241907
8474,142070022501580
8475,142070042379752
8476,142070062701902
8477,142070082338813
8478,142070102634868
8479,142070127951380
8480,142070146874622
8481,142070166241368
8482,142070186563593
8483,142070206212235
8484,142070226563404
8485,142070246407990
8486,142070266612867
8487,142070286242758
8488,142070306459082
8489,142070326216193
8490,142070346609753
8491,142070366170045
8492,142070387342414
8493,142070406283180
8494,142070426493418
8495,142070446361654
8496,142070466362140
8497,142070486752922
8498,142070506582029
8499,142070526182953
8500,142070546556104
8501,142070566167604
8502,142070586531898
8503,142070606492325
8504,142070632920123
8505,142070650916936
8506,142070674518256
8507,142070693355595
8508,142070713865590
8509,142070730629109
8510,142070750645798
8511,142070770249251
8512,142070790561397
8513,142070810113894
8514,142070830548055
8515,142070850190886
8516,142070870488505
8517,142070890619466
8518,142070910962708
8519,142070930330131
8520,142070951116001
8521,142070970300191
8522,142070990514198
8523,142071010429007
8524,142071030565134
8525,142071050422006
8526,142071070597458
8527,142071090286164
8528,142071110723611
8529,142071134761431
8530,142071154803276
8531,142071174276575
8532,142071194602041
8533,142071214235674
8534,142071234737211
8535,142071254680121
8536,142071274598223
8537,142071294132449
8538,142071314507648
8539,142071334082289
8540,142071354510660
8541,142071374461409
8542,142071394772906
8543,142071414330402
8544,142071434489964
8545,142071454156128
8546,142071474461726
8547,142071494152147
8548,142071514474043
8549,142071534198801
8550,142071554456927
8551,142071574219722
8552,142071594427115
8553,142071614150400
8554,142071639603248
8555,142071658311828
8556,142071678474531
8557,142071698199081
8558,142071718526023
8559,142071738177686
8560,142071758617373
8561,142071778295497
8562,142071798403435
8563,142071818112522
8564,142071838315969
8565,142071858090212
8566,142071878871186
8567,142071898539438
8568,142071918494045
8569,142071938096157
8570,142071959774735
8571,142071978049211
8572,142071999292165
8573,142072018247386
8574,142072038471710
8575,142072058529745
8576,142072078320448
8577,142072098084869
8578,142072118227007
8579,142072142924378
8580,142072162663509
8581,142072182117081
8582,142072202523668
8583,142072222211487
8584,142072242341923
8585,142072262149671
8586,142072282439496
8587,142072302191966
8588,142072322694277
8589,142072342169098
8590,142072362560278
8591,142072383498949
8592,142072402742031
8593,142072422223194
8594,142072442492063
8595,142072462396362
8596,142072482440692
8597,142072502236580
8598,142072522497301
8599,142072542202380
8600,142072562788183
8601,142072582146792
8602,142072602526424
8603,142072622195711
8604,142072647042481
8605,142072666649090
8606,142072686555161
8607,142072706316564
8608,142072726463198
8609,142072747969466
8610,142072766888193
8611,142072786274177
8612,142072806608864
8613,142072826199209
8614,142072846519273
8615,142072866354452
8616,142072887991294
8617,142072910074560
8618,142072926560141
8619,142072946790302
8620,142072966607846
8621,142072986291541
8622,142073006838335
8623,142073026162645
8624,142073046581578
8625,142073066474278
8626,142073086690306
8627,142073106432774
8628,142073126550309
8629,142073150632773
8630,142073170656972
8631,142073190279806
8632,142073210918005
8633,142073230292916
8634,142073250593717
8635,142073270254415
8636,142073290547869
8637,142073310519117
8638,142073330539663
8639,142073350345919
8640,142073370689688
8641,142073391915796
8642,142073410954374
8643,142073430354805
8644,142073450697759
8645,142073470516062
8646,142073491765446
8647,142073510886660
8648,142073530692468
8649,142073550294062
8650,142073570791168
8651,142073590263563
8652,142073610896265
8653,142073630300584
8654,142073654887092
8655,142073674495530
8656,142073694858959
8657,142073714398154
8658,142073734587663
8659,142073754235176
8660,142073774602813
8661,142073794257926
8662,142073814835895
8663,142073834269961
8664,142073855104141
8665,142073874337912
8666,142073896352031
8667,142073914629569
8668,142073934651150
8669,142073954994734
8670,142073974668521
8671,142073994398652
8672,142074016561894
8673,142074034473492
8674,142074055133382
8675,142074074334096
8676,142074094732998
8677,142074114490696
8678,142074134936014
8679,142074158562685
8680,142074178843024
8681,142074198483036
8682,142074218778462
8683,142074238404334
8684,142074259079805
8685,142074278434741
8686,142074298762440
8687,142074318521320
8688,142074338780164
8689,142074358345912
8690,142074378718173
8691,142074398787082
8692,142074419006141
8693,142074438427014
8694,142074458673370
8695,142074478344866
8696,142074498690676
8697,142074518469911
8698,142074538782049
8699,142074558385541
8700,142074578697936
8701,142074598431896
8702,142074618919411
8703,142074638991738
8704,142074663042526
8705,142074682543642
8706,142074702645034
8707,142074722455047
8708,142074742680244
8709,142074762355369
8710,142074782663505
8711,142074802364020
8712,142074822741833
8713,142074842314670
8714,142074862674666
8715,142074882317563
8716,142074903242488
8717,142074922714880
8718,142074942672908
8719,142074962330282
8720,142074982671689
8721,142075003014029
8722,142075023017095
8723,142075042271755
8724,142075062879939
8725,142075082343223
8726,142075102728551
8727,142075122538272
8728,142075143260219
8729,142075166712719
8730,142075186875753
8731,142075206406184
8732,142075226806398
8733,142075246365294
8734,142075266705943
8735,142075286374882
8736,142075306726423
8737,142075326453418
8738,142075346661418
8739,142075366310486
8740,142075386628234
8741,142075406763437
8742,142075426991028
8743,142075446392842
8744,142075466722051
8745,142075486329919
8746,142075506741041
8747,142075526525024
8748,142075546786772
8749,142075566516739
8750,142075586631633
8751,142075606501247
8752,142075626882580
8753,142075647191900
8754,142075671574694
8755,142075690577796
8756,142075710772238
8757,142075730513325
8758,142075751398558
8759,142075770800379
8760,142075790760823
8761,142075810467967
8762,142075830875501
8763,142075850598991
8764,142075870947293
8765,142075890580408
8766,142075911046767
8767,142075930817847
8768,142075951368479
8769,142075970636011
8770,142075991337447
8771,142076010775714
8772,142076031133953
8773,142076050684283
8774,142076071001585
8775,142076090397656
8776,142076110886178
8777,142076130650199
8778,142076151598748
8779,142076174766942
8780,142076194812435
8781,142076214541690
8782,142076234944533
8783,142076254615467
8784,142076275003738
8785,142076294506248
8786,142076314870541
8787,142076334786895
8788,142076354844843
8789,142076374643227
8790,142076395387548
8791,142076414980432
8792,142076435212482
8793,142076454594082
8794,142076475068734
8795,142076494822823
8796,142076515245870
8797,142076534817499
8798,142076554919634
8799,142076574688681
8800,142076594783405
8801,142076614518065
8802,142076635033556
8803,142076655758292
8804,142076679136927
8805,142076698644398
8806,142076718932492
8807,142076738451211
8808,142076758775963
8809,142076778656314
8810,142076798781148
8811,142076818507448
8812,142076838826283
8813,142076858673656
8814,142076878940484
8815,142076899052405
8816,142076919112373
8817,142076938513046
8818,142076959109414
8819,142076978686178
8820,142076998794242
8821,142077019140420
8822,142077038755402
8823,142077058814854
8824,142077078993929
8825,142077098500315
8826,142077118829457
8827,142077138360326
8828,142077159554108
8829,142077182634399
8830,142077202701229
8831,142077222450112
8832,142077242795581
8833,142077262742105
8834,142077282801708
8835,142077302349659
8836,142077322639561
8837,142077342399001
8838,142077362763461
8839,142077382398312
8840,142077403399693
8841,142077422586123
8842,142077442748653
8843,142077462538272
8844,142077482807204
8845,142077502457561
8846,142077522783639
8847,142077542394858
8848,142077562817147
8849,142077582469391
8850,142077602727210
8851,142077622459260
8852,142077642733714
8853,142077663044015
8854,142077686649538
8855,142077706243550
8856,142077726569166
8857,142077746130205
8858,142077766561821
8859,142077786282946
8860,142077806584847
8861,142077826331935
8862,142077846608373
8863,142077866293707
8864,142077886625864
8865,142077907550266
8866,142077929742195
8867,142077948315717
8868,142077966765900
8869,142077986385207
8870,142078008264854
8871,142078026450336
8872,142078046672425
8873,142078066385423
8874,142078086653380
8875,142078106372461
8876,142078126785770
8877,142078146352176
8878,142078167571585
8879,142078190355063
8880,142078210628031
8881,142078230397107
8882,142078250815895
8883,142078270472373
8884,142078290687391
8885,142078310435334
8886,142078330800110
8887,142078350308530
8888,142078370694728
8889,142078390342061
8890,142078411800151
8891,142078430417183
8892,142078450675260
8893,142078470278311
8894,142078490656614
8895,142078510274063
8896,142078530695438
8897,142078550520882
8898,142078570716027
8899,142078590694133
8900,142078610746720
8901,142078630510985
8902,142078651148194
8903,142078670988581
8904,142078695153588
8905,142078714562547
8906,142078734983273
8907,142078755277684
8908,142078775032154
8909,142078794769669
8910,142078814769027
8911,142078834619680
8912,142078855045694
8913,142078874569788
8914,142078895267022
8915,142078916247582
8916,142078935356779
8917,142078955333214
8918,142078974850108
8919,142078994771403
8920,142079014972555
8921,142079034693749
8922,142079055034983
8923,142079074763709
8924,142079095203617
8925,142079114626405
8926,142079135017687
8927,142079155336943
8928,142079175296672
8929,142079198799959
8930,142079218984713
8931,142079238790621
8932,142079258942181
8933,142079278605053
8934,142079299046035
8935,142079318629685
8936,142079339095570
8937,142079358582309
8938,142079379008690
8939,142079398718992
8940,142079419704808
8941,142079438952088
8942,142079459041090
8943,142079478532536
8944,142079499146499
8945,142079519126047
8946,142079539256036
8947,142079558672083
8948,142079578805324
8949,142079598858438
8950,142079619083009
8951,142079638638884
8952,142079659691769
8953,142079679037666
8954,142079703011705
8955,142079722487584
8956,142079743024051
8957,142079762609894
8958,142079782885942
8959,142079802366911
8960,142079822897756
8961,142079842701709
8962,142079862840685
8963,142079882497258
8964,142079902853683
8965,142079923459481
8966,142079943219888
8967,142079962688936
8968,142079982888499
8969,142080003092232
8970,142080030340097
8971,142080052052880
8972,142080068316527
8973,142080082969588
8974,142080102969770
8975,142080122453952
8976,142080143456789
8977,142080163832590
8978,142080182995840
8979,142080206530791
8980,142080226753685
8981,142080246680376
8982,142080267505760
8983,142080286691042
8984,142080306906826
8985,142080326596309
8986,142080346991308
8987,142080366489095
8988,142080386857200
8989,142080406569702
8990,142080427298512
8991,142080446642888
8992,142080466762003
8993,142080486376864
8994,142080506873242
8995,142080526494052
8996,142080546812456
8997,142080566545335
8998,142080586843673
8999,142080610122974
9000,142080633035198
9001,142080656443395
9002,142080678155523
9003,142080692760618
9004,142080710386268
9005,142080730113736
9006,142080750206146
9007,142080769811568
9008,142080789981343
9009,142080809284621
9010,142080830197585
9011,142080849509060
9012,142080870075975
9013,142080889675828
9014,142080910154893
9015,142080930132210
9016,142080951302554
9017,142080969805613
9018,142080989969427
9019,142081010936601
9020,142081030761444
9021,142081049787394
9022,142081070122161
9023,142081090305913
9024,142081111075098
9025,142081130704394
9026,142081151203967
9027,142081172738185
9028,142081191396313
9029,142081214828500
9030,142081235008498
9031,142081254982615
9032,142081275043047
9033,142081294670844
9034,142081315051921
9035,142081334673316
9036,142081355201761
9037,142081374635195
9038,142081395094313
9039,142081415499878
9040,142081435388988
9041,142081455062974
9042,142081475086767
9043,142081494733047
9044,142081515057546
9045,142081534878893
9046,142081555125227
9047,142081574672991
9048,142081595053330
9049,142081614713413
9050,142081635042202
9051,142081654990559
9052,142081676284122
9053,142081695030539
9054,142081719282168
9055,142081738658191
9056,142081759725799
9057,142081779147373
9058,142081799200380
9059,142081818571710
9060,142081839047057
9061,142081859027274
9062,142081879043824
9063,142081898858648
9064,142081920103813
9065,142081938960499
9066,142081959388835
9067,142081978741158
9068,142081999146666
9069,142082018769498
9070,142082039023135
9071,142082059026841
9072,142082079018834
9073,142082098742469
9074,142082119123944
9075,142082138714558
9076,142082159097277
9077,142082180504105
9078,142082199282867
9079,142082222787504
9080,142082243026547
9081,142082262971377
9082,142082283087249
9083,142082302835337
9084,142082323102201
9085,142082342599970
9086,142082363089389
9087,142082382836489
9088,142082403232331
9089,142082423736617
9090,142082443310966
9091,142082463073192
9092,142082483130413
9093,142082502865418
9094,142082524026475
9095,142082542837704
9096,142082563182208
9097,142082582822172
9098,142082603221590
9099,142082622735737
9100,142082643104718
9101,142082662836003
9102,142082683726217
9103,142082703057944
9104,142082727113874
9105,142082746701304
9106,142082767025142
9107,142082786881568
9108,142082807262453
9109,142082826825827
9110,142082847100972
9111,142082866817225
9112,142082887089790
9113,142082906930842
9114,142082928782408
9115,142082950291508
9116,142082967472202
9117,142082986923606
9118,142083007117985
9119,142083026743173
9120,142083047216610
9121,142083066834876
9122,142083087252644
9123,142083106922544
9124,142083127088453
9125,142083146850572
9126,142083167179154
9127,142083186898405
9128,142083207237640
9129,142083230486876
9130,142083250948128
9131,142083271124084
9132,142083290881973
9133,142083310827695
9134,142083330851951
9135,142083350399773
9136,142083370902985
9137,142083390451490
9138,142083411036496
9139,142083430989662
9140,142083450969276
9141,142083470432418
9142,142083490899311
9143,142083510818477
9144,142083530851672
9145,142083550659331
9146,142083571174465
9147,142083590480083
9148,142083611134913
9149,142083630682333
9150,142083651060810
9151,142083671045401
9152,142083691351317
9153,142083711004267
9154,142083735009321
9155,142083754779208
9156,142083775055468
9157,142083794823732
9158,142083815192516
9159,142083834779740
9160,142083855215631
9161,142083874607827
9162,142083895130184
9163,142083914972355
9164,142083935408119
9165,142083956266451
9166,142083975165741
9167,142083994852653
9168,142084015837141
9169,142084034812518
9170,142084055112939
9171,142084074729436
9172,142084095151947
9173,142084114741471
9174,142084135074444
9175,142084154981492
9176,142084175300481
9177,142084194758605
9178,142084219092805
9179,142084238724165
9180,142084259109682
9181,142084278808883
9182,142084299081483
9183,142084318850447
9184,142084339129858
9185,142084358947918
9186,142084379137828
9187,142084398826038
9188,142084419209510
9189,142084439079808
9190,142084459428640
9191,142084478948128
9192,142084499263858
9193,142084518926444
9194,142084539327753
9195,142084558818327
9196,142084579070457
9197,142084598903578
9198,142084619141675
9199,142084638838541
9200,142084659150264
9201,142084679192693
9202,142084699329826
9203,142084723142458
9204,142084743381401
9205,142084763394869
9206,142084783345215
9207,142084803167807
9208,142084823531610
9209,142084843061425
9210,142084863492047
9211,142084883123893
9212,142084903342527
9213,142084923284468
9214,142084943550437
9215,142084963018530
9216,142084983253416
9217,142085003007241
9218,142085023331898
9219,142085043104135
9220,142085063255521
9221,142085083027037
9222,142085103322450
9223,142085123013765
9224,142085143359950
9225,142085162995588
9226,142085185238814
9227,142085203259744
9228,142085227459864
9229,142085246994732
9230,142085267234756
9231,142085287069245
9232,142085307141182
9233,142085326937860
9234,142085347314142
9235,142085366986932
9236,142085387196607
9237,142085406939245
9238,142085427735758
9239,142085447106796
9240,142085467350041
9241,142085486838838
9242,142085507168349
9243,142085528600727
9244,142085547240545
9245,142085567002619
9246,142085587218848
9247,142085606822559
9248,142085627164939
9249,142085646781344
9250,142085667275699
9251,142085688363056
9252,142085707587091
9253,142085731006164
9254,142085751178000
9255,142085771098734
9256,142085791192744
9257,142085810837088
9258,142085831314839
9259,142085851097208
9260,142085871364737
9261,142085891040921
9262,142085911260958
9263,142085931992852
9264,142085952128715
9265,142085971214292
9266,142085991276342
9267,142086011131573
9268,142086031420743
9269,142086050994677
9270,142086071694936
9271,142086090976670
9272,142086111214397
9273,142086130966857
9274,142086151222805
9275,142086171162223
9276,142086191499388
9277,142086211189754
9278,142086235268153
9279,142086255026265
9280,142086275730161
9281,142086295095405
9282,142086315357399
9283,142086334751072
9284,142086355139938
9285,142086375073786
9286,142086395200943
9287,142086414807553
9288,142086436166245
9289,142086454880324
9290,142086475441936
9291,142086494821823
9292,142086515174712
9293,142086534937382
9294,142086555129383
9295,142086575016060
9296,142086595073371
9297,142086614776382
9298,142086635223114
9299,142086654891851
9300,142086675216803
9301,142086695302615
9302,142086715195607
9303,142086738737307
9304,142086760983412
9305,142086778839863
9306,142086799006092
9307,142086819132780
9308,142086839091316
9309,142086858862231
9310,142086879241847
9311,142086902971779
9312,142086919465601
9313,142086940704809
9314,142086959457871
9315,142086978982307
9316,142086999114988
9317,142087027058486
9318,142087049572743
9319,142087065553403
9320,142087081147142
9321,142087099022719
9322,142087119197229
9323,142087138869778
9324,142087159184212
9325,142087179068340
9326,142087200323916
9327,142087219126612
9328,142087243250695
9329,142087263115237
9330,142087283366637
9331,142087302981481
9332,142087323290215
9333,142087343022394
9334,142087363292668
9335,142087383136183
9336,142087403324413
9337,142087423155325
9338,142087445163246
9339,142087463367756
9340,142087483426194
9341,142087503131453
9342,142087523293706
9343,142087543000397
9344,142087563341641
9345,142087583131171
9346,142087603647614
9347,142087623032731
9348,142087643324770
9349,142087663055638
9350,142087683476844
9351,142087703198019
9352,142087723411376
9353,142087746978906
9354,142087767327587
9355,142087787055225
9356,142087807352747
9357,142087826968009
9358,142087847234937
9359,142087866961799
9360,142087887203125
9361,142087907030308
9362,142087927206633
9363,142087947969808
9364,142087969309203
9365,142087986577716
9366,142088007142660
9367,142088026762490
9368,142088047033089
9369,142088066975340
9370,142088087137013
9371,142088106796616
9372,142088127105445
9373,142088146784225
9374,142088167092138
9375,142088187366451
9376,142088207208397
9377,142088226875796
9378,142088251158401
9379,142088270796361
9380,142088291076166
9381,142088310920948
9382,142088331218007
9383,142088350930983
9384,142088371192217
9385,142088390837831
9386,142088411232449
9387,142088430864649
9388,142088452416889
9389,142088470860098
9390,142088491161401
9391,142088510828045
9392,142088532767983
9393,142088551203407
9394,142088571264015
9395,142088590816085
9396,142088611157980
9397,142088630913067
9398,142088651093885
9399,142088670880563
9400,142088692115593
9401,142088711224929
9402,142088731427846
9403,142088755048010
9404,142088775310354
9405,142088795210659
9406,142088815362126
9407,142088835077619
9408,142088855376332
9409,142088875067647
9410,142088896237410
9411,142088915125806
9412,142088935462374
9413,142088956041201
9414,142088975432808
9415,142088995263037
9416,142089015463403
9417,142089035427207
9418,142089055532095
9419,142089075441385
9420,142089095591441
9421,142089115215876
9422,142089135852189
9423,142089155131519
9424,142089175580839
9425,142089196858413
9426,142089215683258
9427,142089235394947
9428,142089259384029
9429,142089279953279
9430,142089299998268
9431,142089319278932
9432,142089339631886
9433,142089359149569
9434,142089379456923
9435,142089399303154
9436,142089419426598
9437,142089439530952
9438,142089459837898
9439,142089479226574
9440,142089499581063
9441,142089519120795
9442,142089539768526
9443,142089559187964
9444,142089579454679
9445,142089599277473
9446,142089619594953
9447,142089639277960
9448,142089659607102
9449,142089679488637
9450,142089701212926
9451,142089719416737
9452,142089739677686
9453,142089763141274
9454,142089783679767
9455,142089803103626
9456,142089823503692
9457,142089843307363
9458,142089863506311
9459,142089883333019
9460,142089903406540
9461,142089923266802
9462,142089945021586
9463,142089964216837
9464,142089983778326
9465,142090003346453
9466,142090023861499
9467,142090044462436
9468,142090064119781
9469,142090083301121
9470,142090104037128
9471,142090123551627
9472,142090143873692
9473,142090163338409
9474,142090183832210
9475,142090204762946
9476,142090223713169
9477,142090243319564
9478,142090267730616
9479,142090287202898
9480,142090307425380
9481,142090327121339
9482,142090347557527
9483,142090367152728
9484,142090387482268
9485,142090407055553
9486,142090427434245
9487,142090448540233
9488,142090468025605
9489,142090487234312
9490,142090507450815
9491,142090527125016
9492,142090547525177
9493,142090567288779
9494,142090587473620
9495,142090607093769
9496,142090627480229
9497,142090647514540
9498,142090667576601
9499,142090687240526
9500,142090709108492
9501,142090727309451
9502,142090747674745
9503,142090771171425
9504,142090791892194
9505,142090811686811
9506,142090831508187
9507,142090851331167
9508,142090871743011
9509,142090891239169
9510,142090911684789
9511,142090931153256
9512,142090952414485
9513,142090971513743
9514,142090991573299
9515,142091011087978
9516,142091031481386
9517,142091051315688
9518,142091071636523
9519,142091091116221
9520,142091111502696
9521,142091131167683
9522,142091151556174
9523,142091171265374
9524,142091191599645
9525,142091212072303
9526,142091231595845
9527,142091251484077
9528,142091275509185
9529,142091295297020
9530,142091315574858
9531,142091335243352
9532,142091360057299
9533,142091379012747
9534,142091395664062
9535,142091415167816
9536,142091435468169
9537,142091456700974
9538,142091475841477
9539,142091495313982
9540,142091515592681
9541,142091536045065
9542,142091555774975
9543,142091575278814
9544,142091595630221
9545,142091615173750
9546,142091635534295
9547,142091655338281
9548,142091675642263
9549,142091695445095
9550,142091716258998
9551,142091735349761
9552,142091755634582
9553,142091779109908
9554,142091800198327
9555,142091819194685
9556,142091839540356
9557,142091859265732
9558,142091879392114
9559,142091899374040
9560,142091919552058
9561,142091939165921
9562,142091960420830
9563,142091979430933
9564,142091999777611
9565,142092019318712
9566,142092039433735
9567,142092059200589
9568,142092079496233
9569,142092099312266
9570,142092119608580
9571,142092139126113
9572,142092159585155
9573,142092179173734
9574,142092199572149
9575,142092219337641
9576,142092239371319
9577,142092259265959
9578,142092284235583
9579,142092303393731
9580,142092323392179
9581,142092343031633
9582,142092363461764
9583,142092382968813
9584,142092403518719
9585,142092422948282
9586,142092443331259
9587,142092463573034
9588,142092483721022
9589,142092503244017
9590,142092523390157
9591,142092543071541
9592,142092563491112
9593,142092582927289
9594,142092603634634
9595,142092623154012
9596,142092643402560
9597,142092663178415
9598,142092683509158
9599,142092703405695
9600,142092723718941
9601,142092743195572
9602,142092763429203
9603,142092787013347
9604,142092807504986
9605,142092827210622
9606,142092847389863
9607,142092866744436
9608,142092887285732
9609,142092907097199
9610,142092927380573
9611,142092947629580
9612,142092968069615
9613,142092991507681
9614,142093007325111
9615,142093027187931
9616,142093048130300
9617,142093067277059
9618,142093087384915
9619,142093107104157
9620,142093127495047
9621,142093147016376
9622,142093167305786
9623,142093187116562
9624,142093208240372
9625,142093227676029
9626,142093247517819
9627,142093267053815
9628,142093291368071
9629,142093311301524
9630,142093331427276
9631,142093351170217
9632,142093371395622
9633,142093391000101
9634,142093411556693
9635,142093431218982
9636,142093451509847
9637,142093472723553
9638,142093491277235
9639,142093510959310
9640,142093531190789
9641,142093550892442
9642,142093571208451
9643,142093590890228
9644,142093611280254
9645,142093631033855
9646,142093651179585
9647,142093670869682
9648,142093691242666
9649,142093711785960
9650,142093731420220
9651,142093750916872
9652,142093771264576
9653,142093795383146
9654,142093815462595
9655,142093834951985
9656,142093855250858
9657,142093874912315
9658,142093895263484
9659,142093914956548
9660,142093935316749
9661,142093955644272
9662,142093975852982
9663,142093995080699
9664,142094015806733
9665,142094035116526
9666,142094055497351
9667,142094075352652
9668,142094095320173
9669,142094115112374
9670,142094135393979
9671,142094155166671
9672,142094175380687
9673,142094195087622
9674,142094217299792
9675,142094235235578
9676,142094255679363
9677,142094275186639
9678,142094299599798
9679,142094319219953
9680,142094339601720
9681,142094359300492
9682,142094379702895
9683,142094399186547
9684,142094419634896
9685,142094439385571
9686,142094460300192
9687,142094479305229
9688,142094499662371
9689,142094519302797
9690,142094539688495
9691,142094559399433
9692,142094579705815
9693,142094599300391
9694,142094619695444
9695,142094639175895
9696,142094659550489
9697,142094679141951
9698,142094699710784
9699,142094720122234
9700,142094739461138
9701,142094759165333
9702,142094779662657
9703,142094803188827
9704,142094823472059
9705,142094843026756
9706,142094863500464
9707,142094883156147
9708,142094903474066
9709,142094923203934
9710,142094943516267
9711,142094963613329
9712,142094983348019
9713,142095002963886
9714,142095023299569
9715,142095042883386
9716,142095063290010
9717,142095082805451
9718,142095103272177
9719,142095123061836
9720,142095143564147
9721,142095162962779
9722,142095183371770
9723,142095203056359
9724,142095223778724
9725,142095243089025
9726,142095263329385
9727,142095283083175
9728,142095307531605
9729,142095327549646
9730,142095347541197
9731,142095367353049
9732,142095387437048
9733,142095407230548
9734,142095427563615
9735,142095447217003
9736,142095467842095
9737,142095487165287
9738,142095507408331
9739,142095527137696
9740,142095547552653
9741,142095567281906
9742,142095587567653
9743,142095607134324
9744,142095627583380
9745,142095647342482
9746,142095667630509
9747,142095687176848
9748,142095707477977
9749,142095727738886
9750,142095747558272
9751,142095767261963
9752,142095787527620
9753,142095811133165
9754,142095831590582
9755,142095851231375
9756,142095871495950
9757,142095891178157
9758,142095911471404
9759,142095931201652
9760,142095952830618
9761,142095971548769
9762,142095991522839
9763,142096011051964
9764,142096031259861
9765,142096051570432
9766,142096071558984
9767,142096091087433
9768,142096111409777
9769,142096131192082
9770,142096151426595
9771,142096171171324
9772,142096191507958
9773,142096211123607
9774,142096231508477
9775,142096251185872
9776,142096271410312
9777,142096291085843
9778,142096315499765
9779,142096335118436
9780,142096355427179
9781,142096375017851
9782,142096395328297
9783,142096415131993
9784,142096435463704
9785,142096455239039
9786,142096475798323
9787,142096495238741
9788,142096515573965
9789,142096535258396
9790,142096555534419
9791,142096575195659
9792,142096595322105
9793,142096614987577
9794,142096635431971
9795,142096655217437
9796,142096675505823
9797,142096695059535
9798,142096715421120
9799,142096735314533
9800,142096755724214
9801,142096775265930
9802,142096796143953
9803,142096819190562
9804,142096839577410
9805,142096859182505
9806,142096879629777
9807,142096899333387
9808,142096921755057
9809,142096939099323
9810,142096959571821
9811,142096979602552
9812,142096999694590
9813,142097019440990
9814,142097039679118
9815,142097059376762
9816,142097079939807
9817,142097099191467
9818,142097119670856
9819,142097139131936
9820,142097159724279
9821,142097179404542
9822,142097199849176
9823,142097219493724
9824,142097240156492
9825,142097259602408
9826,142097280114308
9827,142097299471827
9828,142097323898587
9829,142097343470639
9830,142097363796236
9831,142097383599102
9832,142097403754385
9833,142097423445120
9834,142097443893288
9835,142097463497061
9836,142097488231065
9837,142097510635360
9838,142097533381494
9839,142097555951849
9840,142097578672182
9841,142097601082955
9842,142097623765063
9843,142097646281663
9844,142097669074171
9845,142097691588852
9846,142097714435013
9847,142097737247225
9848,142097760180408
9849,142097782884479
9850,142097805648068
9851,142097828220755
9852,142097850854290
9853,142097873393403
9854,142097896169418
9855,142097918758371
9856,142097942050352
9857,142097965187473
9858,142097988464908
9859,142098011369762
9860,142098027275365
9861,142098042778490
9862,142098058785234
9863,142098074726464
9864,142098090822613
9865,142098106373757
9866,142098120751005
9867,142098134840502
9868,142098149262092
9869,142098166209333
9870,142098186523909
9871,142098206271754
9872,142098227042296
9873,142098246376377
9874,142098266506232
9875,142098286497461
9876,142098308519502
9877,142098331788273
9878,142098350862545
9879,142098370440766
9880,142098390688040
9881,142098410385429
9882,142098431358660
9883,142098450506553
9884,142098471438275
9885,142098492898258
9886,142098510592903
9887,142098530252307
9888,142098551171723
9889,142098570384705
9890,142098590632356
9891,142098611257463
9892,142098632525536
9893,142098652275008
9894,142098672753169
9895,142098692461418
9896,142098712826615
9897,142098733708160
9898,142098752703842
9899,142098772277401
9900,142098792310449
9901,142098812461528
9902,142098836694041
9903,142098856513356
9904,142098876633428
9905,142098896322772
9906,142098916759054
9907,142098936618992
9908,142098957506088
9909,142098976421445
9910,142098996877749
9911,142099016498544
9912,142099036807499
9913,142099058261978
9914,142099076680801
9915,142099096404062
9916,142099116867373
9917,142099136469799
9918,142099156873664
9919,142099176440796
9920,142099196836464
9921,142099216458097
9922,142099238307458
9923,142099256604403
9924,142099276796351
9925,142099296272523
9926,142099316748307
9927,142099340295728
9928,142099360564901
9929,142099380307538
9930,142099400545366
9931,142099419919679
9932,142099440424714
9933,142099459988230
9934,142099480612991
9935,142099499929388
9936,142099520270156
9937,142099539812784
9938,142099560178977
9939,142099579798149
9940,142099600140205
9941,142099619770766
9942,142099640173658
9943,142099659761504
9944,142099680232851
9945,142099699647787
9946,142099720241706
9947,142099741083896
9948,142099760288883
9949,142099779849905
9950,142099801843501
9951,142099819873445
9952,142099844189463
9953,142099863702355
9954,142099884238775
9955,142099903861427
9956,142099924250649
9957,142099944212712
9958,142099964142660
9959,142099984537826
9960,142100005176081
9961,142100023801502
9962,142100044144624
9963,142100063739825
9964,142100084186228
9965,142100103677534
9966,142100124168114
9967,142100143721669
9968,142100164117585
9969,142100183800597
9970,142100204242520
9971,142100223753348
9972,142100244617733
9973,142100263897490
9974,142100284356827
9975,142100304019387
9976,142100324238887
9977,142100347833260
9978,142100368235716
9979,142100387862057
9980,142100408227712
9981,142100427951730
9982,142100448213594
9983,142100467819178
9984,142100488470940
9985,142100508163098
9986,142100528407169
9987,142100549032012
9988,142100568396505
9989,142100588180123
9990,142100608375096
9991,142100627908040
9992,142100648299783
9993,142100668369708
9994,142100690858150
9995,142100715707969
9996,142100746471531
9997,142100771690557
9998,142100805739450
9999,142100831088117
10000,142100856172301
10001,142100880298676
10002,142100904772153
10003,142100926052524
10004,142100945838623
10005,142100962295642
10006,142100978852415
10007,142100995841994
10008,142101019294054
10009,142101043677724
10010,142101068411228
10011,142101087139565
10012,142101106998307
10013,142101122907263
10014,142101139195872
10015,142101155141309
10016,142101171429772
10017,142101187347787
10018,142101204032807
10019,142101220125258
10020,142101236371162
10021,142101253262408
10022,142101272894925
10023,142101292460090
10024,142101312924353
10025,142101332454210
10026,142101356622432
10027,142101376384420
10028,142101396814649
10029,142101416309288
10030,142101436716614
10031,142101456269884
10032,142101476749197
10033,142101496777062
10034,142101516579447
10035,142101536317519
10036,142101556337755
10037,142101576258011
10038,142101596487441
10039,142101616128769
10040,142101636485552
10041,142101657205043
10042,142101676273004
10043,142101695990828
10044,142101716327139
10045,142101736234018
10046,142101757138212
10047,142101775875677
10048,142101796290849
10049,142101815880470
10050,142101836202903
10051,142101859717514
10052,142101880156981
10053,142101900099719
10054,142101920177395
10055,142101939672808
10056,142101962774445
10057,142101979596801
10058,142102001550702
10059,142102020263708
10060,142102040123357
10061,142102059867181
10062,142102080276462
10063,142102099663552
10064,142102119979171
10065,142102139696676
10066,142102159845052
10067,142102179536527
10068,142102200082975
10069,142102219638995
10070,142102240068459
10071,142102260648833
10072,142102279781117
10073,142102299576170
10074,142102319769524
10075,142102339509597
10076,142102363847846
10077,142102383582340
10078,142102403964953
10079,142102423495350
10080,142102443890489
10081,142102463468427
10082,142102483908971
10083,142102503903704
10084,142102523882186
10085,142102543620904
10086,142102563731356
10087,142102583680345
10088,142102603909848
10089,142102623491002
10090,142102643792320
10091,142102663303868
10092,142102683943167
10093,142102703414914
10094,142102723806282
10095,142102743235109
10096,142102763671160
10097,142102783524679
10098,142102805114421
10099,142102823303369
10100,142102843461146
10101,142102867122235
10102,142102887544025
10103,142102907251180
10104,142102927405910
10105,142102947672360
10106,142102967568360
10107,142102987263066
10108,142103009044253
10109,142103031715889
10110,142103047436633
10111,142103067240706
10112,142103087670062
10113,142103107106927
10114,142103127517062
10115,142103147212121
10116,142103167485602
10117,142103187227142
10118,142103207470820
10119,142103227165378
10120,142103247735957
10121,142103267213908
10122,142103287439396
10123,142103307184472
10124,142103327529797
10125,142103347102113
10126,142103371453172
10127,142103391196967
10128,142103411420414
10129,142103431167870
10130,142103451458854
10131,142103471119441
10132,142103491452300
10133,142103512401745
10134,142103531568993
10135,142103551126825
10136,142103571503924
10137,142103591256237
10138,142103611497190
10139,142103631188755
10140,142103651495162
10141,142103671405903
10142,142103691496565
10143,142103711100468
10144,142103731647682
10145,142103751227628
10146,142103771590868
10147,142103791358165
10148,142103811611322
10149,142103831258620
10150,142103851688575
10151,142103875282869
10152,142103895691240
10153,142103915293605
10154,142103935714741
10155,142103955686864
10156,142103975624977
10157,142103995409696
10158,142104016847572
10159,142104035517821
10160,142104055892516
10161,142104075397180
10162,142104095643262
10163,142104115504098
10164,142104135565920
10165,142104155325796
10166,142104175577884
10167,142104195291792
10168,142104215708205
10169,142104235300181
10170,142104256363682
10171,142104276170113
10172,142104296140879
10173,142104317674073
10174,142104335977908
10175,142104355420247
10176,142104379835481
10177,142104399709808
10178,142104419868584
10179,142104439544313
10180,142104459863947
10181,142104479529244
10182,142104500065921
10183,142104520709131
10184,142104539883967
10185,142104559606142
10186,142104579971636
10187,142104599700667
10188,142104620030868
10189,142104639596561
10190,142104660178084
10191,142104679603689
10192,142104700137689
10193,142104719664480
10194,142104740166085
10195,142104761318746
10196,142104780173201
10197,142104799677407
10198,142104820074907
10199,142104839585117
10200,142104860118368
10201,142104883408421
10202,142104903995369
10203,142104923554979
10204,142104944402105
10205,142104963596039
10206,142104984085289
10207,142105004485585
10208,142105024397294
10209,142105043666323
10210,142105064587199
10211,142105083799714
10212,142105103989450
10213,142105123557592
10214,142105144056448
10215,142105163686983
10216,142105183842121
10217,142105203532717
10218,142105223991708
10219,142105243659729
10220,142105264673097
10221,142105283553235
10222,142105303958522
10223,142105323468148
10224,142105344047343
10225,142105363736294
10226,142105388075065
10227,142105407699537
10228,142105428153222
10229,142105447604360
10230,142105467978623
10231,142105487485612
10232,142105508755916
10233,142105527925373
10234,142105547993072
10235,142105567736926
10236,142105587941242
10237,142105607465634
10238,142105628212319
10239,142105647650923
10240,142105668083622
10241,142105687821567
10242,142105708128096
10243,142105727851252
10244,142105748344242
10245,142105769275117
10246,142105788247638
10247,142105807867543
10248,142105828473957
10249,142105847901964
10250,142105867931164
10251,142105891682655
10252,142105912152312
10253,142105931687196
10254,142105952844023
10255,142105971659915
10256,142105992019760
10257,142106012280613
10258,142106032657752
10259,142106051677146
10260,142106072029797
10261,142106091458093
10262,142106111878532
10263,142106131492014
10264,142106152025483
10265,142106171482725
10266,142106192142836
10267,142106211391524
10268,142106231914303
10269,142106251508028
10270,142106272595663
10271,142106291224376
10272,142106311380631
10273,142106331070449
10274,142106351353057
10275,142106371058771
10276,142106395323278
10277,142106415131372
10278,142106435370039
10279,142106455007158
10280,142106475312971
10281,142106494987378
10282,142106516111126
10283,142106534944094
10284,142106555368182
10285,142106575187362
10286,142106595429452
10287,142106615028315
10288,142106635276123
10289,142106655116489
10290,142106675343809
10291,142106694982434
10292,142106715345675
10293,142106734939701
10294,142106755284000
10295,142106775129501
10296,142106795395303
10297,142106814945313
10298,142106835270772
10299,142106855030225
10300,142106875344672
10301,142106899065809
10302,142106919395766
10303,142106939094063
10304,142106959460848
10305,142106978807396
10306,142106999197629
10307,142107019170659
10308,142107039228850
10309,142107058845777
10310,142107079490361
10311,142107098844546
10312,142107119250273
10313,142107138851131
10314,142107159240041
10315,142107178990993
10316,142107199242011
10317,142107218986276
10318,142107239222748
10319,142107258836506
10320,142107280574253
10321,142107299396471
10322,142107321607575
10323,142107339129144
10324,142107359924427
10325,142107379406525
10326,142107403543627
10327,142107423215719
10328,142107443520115
10329,142107463429569
10330,142107483638473
10331,142107503261011
10332,142107525696694
10333,142107543271161
10334,142107563858152
10335,142107583560155
10336,142107603640394
10337,142107623199138
10338,142107643371630
10339,142107663449829
10340,142107683719347
10341,142107703068365
10342,142107723705047
10343,142107743226299
10344,142107763868395
10345,142107783583645
10346,142107803544334
10347,142107823153870
10348,142107843367361
10349,142107863393217
10350,142107883524016
10351,142107907341691
10352,142107927777890
10353,142107949031826
10354,142107968043559
10355,142107987190624
10356,142108007513039
10357,142108028960353
10358,142108050193367
10359,142108067801957
10360,142108087952542
10361,142108107287834
10362,142108127702250
10363,142108147506562
10364,142108167757941
10365,142108187195502
10366,142108207649513
10367,142108227326698
10368,142108247845312
10369,142108267854662
10370,142108287703560
10371,142108307278469
10372,142108327561035
10373,142108347269683
10374,142108367524171
10375,142108387230411
10376,142108411494003
10377,142108431226122
10378,142108451523732
10379,142108471259985
10380,142108491583755
10381,142108511208664
10382,142108532959515
10383,142108552087134
10384,142108578920719
10385,142108597872265
10386,142108620981890
10387,142108643898005
10388,142108660057869
10389,142108673446514
10390,142108689843234
10391,142108709569008
10392,142108729771890
10393,142108750111446
10394,142108771764769
10395,142108790595505
10396,142108811083246
10397,142108830167278
10398,142108850757773
10399,142108870131552
10400,142108890331277
10401,142108914085545
10402,142108934799812
10403,142108955256666
10404,142108974561145
10405,142108994102114
10406,142109014536147
10407,142109034720999
10408,142109054914973
10409,142109074432800
10410,142109094572731
10411,142109113881318
10412,142109135549343
10413,142109155138919
10414,142109175377443
10415,142109195099890
10416,142109215436742
10417,142109235158064
10418,142109255513975
10419,142109275808019
10420,142109295403973
10421,142109315200413
10422,142109335465797
10423,142109355160493
10424,142109375355086
10425,142109394896478
10426,142109419277049
10427,142109439010514
10428,142109459401541
10429,142109478945127
10430,142109499304413
10431,142109519287229
10432,142109539415033
10433,142109559315619
10434,142109579674854
10435,142109599222906
10436,142109619502369
10437,142109639207530
10438,142109659489048
10439,142109679127911
10440,142109699524329
10441,142109719158879
10442,142109739530576
10443,142109759149823
10444,142109780109111
10445,142109799280642
10446,142109819614353
10447,142109839251883
10448,142109859577232
10449,142109879222775
10450,142109899509169
10451,142109923282801
10452,142109943789381
10453,142109963142678
10454,142109983469717
10455,142110003285816
10456,142110025477150
10457,142110043182534
10458,142110063758068
10459,142110083602689
10460,142110103640347
10461,142110123313935
10462,142110143562285
10463,142110163619576
10464,142110183608690
10465,142110203309218
10466,142110223770529
10467,142110243307668
10468,142110263735483
10469,142110283450165
10470,142110303650375
10471,142110323971899
10472,142110343774440
10473,142110363229224
10474,142110383705650
10475,142110403237392
10476,142110427717334
10477,142110447196756
10478,142110467712576
10479,142110487270294
10480,142110507599750
10481,142110527464189
10482,142110547626291
10483,142110567354386
10484,142110587643603
10485,142110607131950
10486,142110627552517
10487,142110647295856
10488,142110667626392
10489,142110687225032
10490,142110707425004
10491,142110727179735
10492,142110747625339
10493,142110767359465
10494,142110787899441
10495,142110807344986
10496,142110827935366
10497,142110847527391
10498,142110867887256
10499,142110891998121
10500,142110907810647
10501,142110931308744
10502,142110952313062
10503,142110971364525
10504,142110991530430
10505,142111011199793
10506,142111032040062
10507,142111051374721
10508,142111072282172
10509,142111091452876
10510,142111111514049
10511,142111131260639
10512,142111151892766
10513,142111171575722
10514,142111192120661
10515,142111211635834
10516,142111232136616
10517,142111251692840
10518,142111271996016
10519,142111292662195
10520,142111311685164
10521,142111331262526
10522,142111351692879
10523,142111371270469
10524,142111392042590
10525,142111411533093
10526,142111436129297
10527,142111455543292
10528,142111475971197
10529,142111495469613
10530,142111515813176
10531,142111536326101
10532,142111556358028
10533,142111575932621
10534,142111596121007
10535,142111615441221
10536,142111636019038
10537,142111655622967
10538,142111676077536
10539,142111695690039
10540,142111715978246
10541,142111735617379
10542,142111756030828
10543,142111775688065
10544,142111796679266
10545,142111815738134
10546,142111837369364
10547,142111855936035
10548,142111876298296
10549,142111895680767
10550,142111915692219
10551,142111939711315
10552,142111960323178
10553,142111979547544
10554,142112000076499
10555,142112019612438
10556,142112042195130
10557,142112059814197
10558,142112080559252
10559,142112099715885
10560,142112119953221
10561,142112139635041
10562,142112159925914
10563,142112179925636
10564,142112200292745
10565,142112219607660
10566,142112240206195
10567,142112259574138
10568,142112280591488
10569,142112300589332
10570,142112320292402
10571,142112340065585
10572,142112360239335
10573,142112380255114
10574,142112400468516
10575,142112420201885
10576,142112444584318
10577,142112463997443
10578,142112484622949
10579,142112504253950
10580,142112524335472
10581,142112545937258
10582,142112564447299
10583,142112586133489
10584,142112604446947
10585,142112623948200
10586,142112644145207
10587,142112663940396
10588,142112684298990
10589,142112703771878
10590,142112724155425
10591,142112743719151
10592,142112764143655
10593,142112784065519
10594,142112804435437
10595,142112823905325
10596,142112844289696
10597,142112863606521
10598,142112884131764
10599,142112903699418
10600,142112924162141
10601,142112948353986
10602,142112967995346
10603,142112987486550
10604,142113007734345
10605,142113027264656
10606,142113049478431
10607,142113072134242
10608,142113087960534
10609,142113107412105
10610,142113127688005
10611,142113147489908
10612,142113167883142
10613,142113187755380
10614,142113208148485
10615,142113227716662
10616,142113248131314
10617,142113267742233
10618,142113289297327
10619,142113307817166
10620,142113328738207
10621,142113347758122
10622,142113368164579
10623,142113387777112
10624,142113408278554
10625,142113427785672
10626,142113452205398
10627,142113471817261
10628,142113492275147
10629,142113511851090
10630,142113532211244
10631,142113552164014
10632,142113572347844
10633,142113591908491
10634,142113612387632
10635,142113632089700
10636,142113652388226
10637,142113672033340
10638,142113692543178
10639,142113712166462
10640,142113732355497
10641,142113752260872
10642,142113772438548
10643,142113792685623
10644,142113812788951
10645,142113832341067
10646,142113852687361
10647,142113872205001
10648,142113892559657
10649,142113912356322
10650,142113932381569
10651,142113958515401
10652,142113976647407
10653,142113996489741
10654,142114016717828
10655,142114036528696
10656,142114056811792
10657,142114076928876
10658,142114096905844
10659,142114116495131
10660,142114136796225
10661,142114156390281
10662,142114176558095
10663,142114196393649
10664,142114216772316
10665,142114236291806
10666,142114256666334
10667,142114276236685
10668,142114296883612
10669,142114316541495
10670,142114336537987
10671,142114356439233
10672,142114376565969
10673,142114396296996
10674,142114416667832
10675,142114436232763
10676,142114460614918
10677,142114480318893
10678,142114500720709
10679,142114520299964
10680,142114540750623
10681,142114560417819
10682,142114580754574
10683,142114600360207
10684,142114620707805
10685,142114640420751
10686,142114660755303
10687,142114680441173
10688,142114700923740
10689,142114720343044
10690,142114740891589
10691,142114760458907
10692,142114780767522
10693,142114800933712
10694,142114821341879
10695,142114841310453
10696,142114860965371
10697,142114880413841
10698,142114900924362
10699,142114920487107
10700,142114940898980
10701,142114964700866
10702,142114985161419
10703,142115006873345
10704,142115033744139
10705,142115059985823
10706,142115085736587
10707,142115110968072
10708,142115133235160
10709,142115150024141
10710,142115167059406
10711,142115183623205
10712,142115200612105
10713,142115217253877
10714,142115234054468
10715,142115250731095
10716,142115267536076
10717,142115284627352
10718,142115306448366
10719,142115324784118
10720,142115345454001
10721,142115364872579
10722,142115385094272
10723,142115404680773
10724,142115425205222
10725,142115444678743
10726,142115469052221
10727,142115488625179
10728,142115509024399
10729,142115528587399
10730,142115550480500
10731,142115568491435
10732,142115589448514
10733,142115608465296
10734,142115628539805
10735,142115648278486
10736,142115668600364
10737,142115688375699
10738,142115708558904
10739,142115727944719
10740,142115748477846
10741,142115768227955
10742,142115788273776
10743,142115808668420
10744,142115828410036
10745,142115848296133
10746,142115868270794
10747,142115887864519
10748,142115909280554
10749,142115927865381
10750,142115948685292
10751,142115971739722
10752,142115992072197
10753,142116012425732
10754,142116032191160
10755,142116051874581
10756,142116072272294
10757,142116091691077
10758,142116111846364
10759,142116131561336
10760,142116151962877
10761,142116171578321
10762,142116191765909
10763,142116211300137
10764,142116231710376
10765,142116251579526
10766,142116271830660
10767,142116291501606
10768,142116311817094
10769,142116331771099
10770,142116351877975
10771,142116371456552
10772,142116391616690
10773,142116411402493
10774,142116431556503
10775,142116451276556
10776,142116475706970
10777,142116495224106
10778,142116515620409
10779,142116535277114
10780,142116555935270
10781,142116575542603
10782,142116595747950
10783,142116615274105
10784,142116635559588
10785,142116655309400
10786,142116676093648
10787,142116695624078
10788,142116715715568
10789,142116735596351
10790,142116755949126
10791,142116775495252
10792,142116795773034
10793,142116815672967
10794,142116835969507
10795,142116855567406
10796,142116875904182
10797,142116895458009
10798,142116916741525
10799,142116935451635
10800,142116956738409
10801,142116979670124
10802,142116999927215
10803,142117019615258
10804,142117039905678
10805,142117060105543
10806,142117080294426
10807,142117099726869
10808,142117120199786
10809,142117139517338
10810,142117159942722
10811,142117179629462
10812,142117200030526
10813,142117219706092
10814,142117240099535
10815,142117259609585
10816,142117280095686
10817,142117299720049
10818,142117320279051
10819,142117339772989
10820,142117360061342
10821,142117379642364
10822,142117400057406
10823,142117419639318
10824,142117439873575
10825,142117459646387
10826,142117484109688
10827,142117503744477
10828,142117524146468
10829,142117543575688
10830,142117564597301
10831,142117583735215
10832,142117604239735
10833,142117623700643
10834,142117644071603
10835,142117663810750
10836,142117683998940
10837,142117703746063
10838,142117724146645
10839,142117743587390
10840,142117764239089
10841,142117783750320
10842,142117804334007
10843,142117824050772
10844,142117844425821
10845,142117863680045
10846,142117884118002
10847,142117903725926
10848,142117923876053
10849,142117943772903
10850,142117963952619
10851,142117987524371
10852,142118008309516
10853,142118027623506
10854,142118048158549
10855,142118068190216
10856,142118090794323
10857,142118107801928
10858,142118127957870
10859,142118147655493
10860,142118168029560
10861,142118187587276
10862,142118208034841
10863,142118227625810
10864,142118247911749
10865,142118267735094
10866,142118287791892
10867,142118307969972
10868,142118328211621
10869,142118347507960
10870,142118367897008
10871,142118387499330
10872,142118407778048
10873,142118427509224
10874,142118447898936
10875,142118467670078
10876,142118491837354
10877,142118511576170
10878,142118531764790
10879,142118551559970
10880,142118572141564
10881,142118592387667
10882,142118611931692
10883,142118631514355
10884,142118651793440
10885,142118671368237
10886,142118691693981
10887,142118711511018
10888,142118731898758
10889,142118751590706
10890,142118771894951
10891,142118791433518
10892,142118812728383
10893,142118831981462
10894,142118852067391
10895,142118872112856
10896,142118891817871
10897,142118911660639
10898,142118931948224
10899,142118952415600
10900,142118972184673
10901,142118995527345
10902,142119015788424
10903,142119036360681
10904,142119055836932
10905,142119076174233
10906,142119096202463
10907,142119115509797
10908,142119135872034
10909,142119155532117
10910,142119175743094
10911,142119195383708
10912,142119215854896
10913,142119235495881
10914,142119255877999
10915,142119275463386
10916,142119295823025
10917,142119316825377
10918,142119335997292
10919,142119355488661
10920,142119375803789
10921,142119395353442
10922,142119415809493
10923,142119435443753
10924,142119455654555
10925,142119475298995
10926,142119499985885
10927,142119519571239
10928,142119540175971
10929,142119559715836
10930,142119580197733
10931,142119599594345
10932,142119619874909
10933,142119639558243
10934,142119659672860
10935,142119679395078
10936,142119701033921
10937,142119719365467
10938,142119739824519
10939,142119759393294
10940,142119779555759
10941,142119799630872
10942,142119820370248
10943,142119840413713
10944,142119859938655
10945,142119879209479
10946,142119899572024
10947,142119919266255
10948,142119939557978
10949,142119960119128
10950,142119979615167
10951,142120003306364
10952,142120023656717
10953,142120043259721
10954,142120064663169
10955,142120083408634
10956,142120103732429
10957,142120123313008
10958,142120143467485
10959,142120163245643
10960,142120183587196
10961,142120203193827
10962,142120223645441
10963,142120243292898
10964,142120263411105
10965,142120283333629
10966,142120303587517
10967,142120324508444
10968,142120343821348
10969,142120363455235
10970,142120383685439
10971,142120403334673
10972,142120423687971
10973,142120443435841
10974,142120463754242
10975,142120483311264
10976,142120507795889
10977,142120527492724
10978,142120547828308
10979,142120568636307
10980,142120587951266
10981,142120607535832
10982,142120627822288
10983,142120647482579
10984,142120667763397
10985,142120687508156
10986,142120707779588
10987,142120727385016
10988,142120747767848
10989,142120767392461
10990,142120787786804
10991,142120807413428
10992,142120829164612
10993,142120849046576
10994,142120867727456
10995,142120887503689
10996,142120907774192
10997,142120927382457
10998,142120948333573
10999,142120967356708
11000,142120987646905
11001,142121011482121
11002,142121031716720
11003,142121051374492
11004,142121072713751
11005,142121091748367
11006,142121111667971
11007,142121131327856
11008,142121151642587
11009,142121171244430
11010,142121191652364
11011,142121211336706
11012,142121231625509
11013,142121251293220
11014,142121271584000
11015,142121291323854
11016,142121311733331
11017,142121332217064
11018,142121351663183
11019,142121371277978
11020,142121391544924
11021,142121411318618
11022,142121431587273
11023,142121451220086
11024,142121471603242
11025,142121491337742
11026,142121515468614
11027,142121535278370
11028,142121555542952
11029,142121575959140
11030,142121596208747
11031,142121615421481
11032,142121635915965
11033,142121655454593
11034,142121675835676
11035,142121695524828
11036,142121715736696
11037,142121735402763
11038,142121755748543
11039,142121775462054
11040,142121795800077
11041,142121815483776
11042,142121835867698
11043,142121855634497
11044,142121875714875
11045,142121895379285
11046,142121915591633
11047,142121935424825
11048,142121956189584
11049,142121975253107
11050,142121995565945
11051,142122019953522
11052,142122039813309
11053,142122059553268
11054,142122081753565
11055,142122099598758
11056,142122119666895
11057,142122139419189
11058,142122159639616
11059,142122179366620
11060,142122199681919
11061,142122219265669
11062,142122239702264
11063,142122259259673
11064,142122279696039
11065,142122299491339
11066,142122320443998
11067,142122339766685
11068,142122359895457
11069,142122379420418
11070,142122399702425
11071,142122419410467
11072,142122439704365
11073,142122459416028
11074,142122479608020
11075,142122499314321
11076,142122523696509
11077,142122543369916
11078,142122563702617
11079,142122583698070
11080,142122604159584
11081,142122623577914
11082,142122643693684
11083,142122663587209
11084,142122683838099
11085,142122703480561
11086,142122723696996
11087,142122743452287
11088,142122763797314
11089,142122783616716
11090,142122803880761
11091,142122824834131
11092,142122844501565
11093,142122863344056
11094,142122883615425
11095,142122903304536
11096,142122923697736
11097,142122943710942
11098,142122963651082
11099,142122983321415
11100,142123003833429
11101,142123027394067
11102,142123047695978
11103,142123067338637
11104,142123088095711
11105,142123112136830
11106,142123128317382
11107,142123147398038
11108,142123167760217
11109,142123187502704
11110,142123207672845
11111,142123227284472
11112,142123247612813
11113,142123267273946
11114,142123287646725
11115,142123307370299
11116,142123328678146
11117,142123347537208
11118,142123367821086
11119,142123387341397
11120,142123407594168
11121,142123427501204
11122,142123447663321
11123,142123467449098
11124,142123487773112
11125,142123507547628
11126,142123531746678
11127,142123551432683
11128,142123572151852
11129,142123591514377
11130,142123611724462
11131,142123631323486
11132,142123651712034
11133,142123671355212
11134,142123691736486
11135,142123711445061
11136,142123731720177
11137,142123751311857
11138,142123771856901
11139,142123791402924
11140,142123811806975
11141,142123832367288
11142,142123853048532
11143,142123871597729
11144,142123891855359
11145,142123911510854
11146,142123931706841
11147,142123951975744
11148,142123971691068
11149,142123991338207
11150,142124011846601
11151,142124035448634
11152,142124055762365
11153,142124075752102
11154,142124095898509
11155,142124115580576
11156,142124135770239
11157,142124155470994
11158,142124175839972
11159,142124195382313
11160,142124215847521
11161,142124235415278
11162,142124255718353
11163,142124275522698
11164,142124295756141
11165,142124315411591
11166,142124336059017
11167,142124355679145
11168,142124375958160
11169,142124395364525
11170,142124415708909
11171,142124435437902
11172,142124455642108
11173,142124475338268
11174,142124495767890
11175,142124515443907
11176,142124539806662
11177,142124559489570
11178,142124580134912
11179,142124600655415
11180,142124619808524
11181,142124639596822
11182,142124659773248
11183,142124679383422
11184,142124699757774
11185,142124719414852
11186,142124739888622
11187,142124759461714
11188,142124779687542
11189,142124799428585
11190,142124819783153
11191,142124839692458
11192,142124859857226
11193,142124879427199
11194,142124899775844
11195,142124919463002
11196,142124939802421
11197,142124959464244
11198,142124979756557
11199,142124999510815
11200,142125019728384
11201,142125043439101
11202,142125063794140
11203,142125083685049
11204,142125103837590
11205,142125123528311
11206,142125143731917
11207,142125163394680
11208,142125183741096
11209,142125203464694
11210,142125223870250
11211,142125243545472
11212,142125263800230
11213,142125283547468
11214,142125303858779
11215,142125323693982
11216,142125344187518
11217,142125364050847
11218,142125383844677
11219,142125403610644
11220,142125423986612
11221,142125443586076
11222,142125464047901
11223,142125483492090
11224,142125503842080
11225,142125523653033
11226,142125547923413
11227,142125567630247
11228,142125588432250
11229,142125607639092
11230,142125627934690
11231,142125647670365
11232,142125668129002
11233,142125687591713
11234,142125707874064
11235,142125727643681
11236,142125747905613
11237,142125767578856
11238,142125787969229
11239,142125807621553
11240,142125828040099
11241,142125847707879
11242,142125868256166
11243,142125887814831
11244,142125908418080
11245,142125927811978
11246,142125950289614
11247,142125967986952
11248,142125988158635
11249,142126007844182
11250,142126028132946
11251,142126051748245
11252,142126072110862
11253,142126092059004
11254,142126113655835
11255,142126131677712
11256,142126152098603
11257,142126171606384
11258,142126191923103
11259,142126211790464
11260,142126231822238
11261,142126251700601
11262,142126272177081
11263,142126291592149
11264,142126312194728
11265,142126331717123
11266,142126352278666
11267,142126371759650
11268,142126391919132
11269,142126411745975
11270,142126431918269
11271,142126451750992
11272,142126472111573
11273,142126491623887
11274,142126512193322
11275,142126531529227
11276,142126556209553
11277,142126575707942
11278,142126597403571
11279,142126615737742
11280,142126635961380
11281,142126655855349
11282,142126676147356
11283,142126695844140
11284,142126715991363
11285,142126735799233
11286,142126756267173
11287,142126775795275
11288,142126796062825
11289,142126815703832
11290,142126836801088
11291,142126857391686
11292,142126876326710
11293,142126895730915
11294,142126916272819
11295,142126935656142
11296,142126957134869
11297,142126975785388
11298,142126995976765
11299,142127015790607
11300,142127036240328
11301,142127059742383
11302,142127080157939
11303,142127100731970
11304,142127120328411
11305,142127139688594
11306,142127160260516
11307,142127179786859
11308,142127200099392
11309,142127219650555
11310,142127239954174
11311,142127259723447
11312,142127280133030
11313,142127299578316
11314,142127320062391
11315,142127340708496
11316,142127360416909
11317,142127379832127
11318,142127399911847
11319,142127419770465
11320,142127440151493
11321,142127459768617
11322,142127480176021
11323,142127499598034
11324,142127519964016
11325,142127539711017
11326,142127564190946
11327,142127583741844
11328,142127605873661
11329,142127624189151
11330,142127644065792
11331,142127663681413
11332,142127684089617
11333,142127703656409
11334,142127724118162
11335,142127743742626
11336,142127764046763
11337,142127783642866
11338,142127803985715
11339,142127823657427
11340,142127845248428
11341,142127863711689
11342,142127884059153
11343,142127903643779
11344,142127923900024
11345,142127943769333
11346,142127963904432
11347,142127983565599
11348,142128003908122
11349,142128023788778
11350,142128043986192
11351,142128067631474
11352,142128088085459
11353,142128107917332
11354,142128130046575
11355,142128147648514
11356,142128167921300
11357,142128187489747
11358,142128207852347
11359,142128227431930
11360,142128247837593
11361,142128267721500
11362,142128287949223
11363,142128307556178
11364,142128327986744
11365,142128348058634
11366,142128368494537
11367,142128387775577
11368,142128408047816
11369,142128427647814
11370,142128447979231
11371,142128467674984
11372,142128488212560
11373,142128507655074
11374,142128527936914
11375,142128547715226
11376,142128572219452
11377,142128592559767
11378,142128612620071
11379,142128632031575
11380,142128652297968
11381,142128671850359
11382,142128692333179
11383,142128712037426
11384,142128732352528
11385,142128752140918
11386,142128772372465
11387,142128791958358
11388,142128812371183
11389,142128832089720
11390,142128852899516
11391,142128872305081
11392,142128892516331
11393,142128912290616
11394,142128932480559
11395,142128952978579
11396,142128972770636
11397,142128992284668
11398,142129018507135
11399,142129042193335
11400,142129065973833
11401,142129089785939
11402,142129113646925
11403,142129131421016
11404,142129147995165
11405,142129164180889
11406,142129180542837
11407,142129196643078
11408,142129216786868
11409,142129236359612
11410,142129256568583
11411,142129276356686
11412,142129296506622
11413,142129316342141
11414,142129336702110
11415,142129356686104
11416,142129376724619
11417,142129396368889
11418,142129416804060
11419,142129436454870
11420,142129456808716
11421,142129476391542
11422,142129496752091
11423,142129516430953
11424,142129536816243
11425,142129556391169
11426,142129580481466
11427,142129601268993
11428,142129620920445
11429,142129640523231
11430,142129660773816
11431,142129680444380
11432,142129700751635
11433,142129720356699
11434,142129740652077
11435,142129760387015
11436,142129780729019
11437,142129800343070
11438,142129820719184
11439,142129840396028
11440,142129861878767
11441,142129880646636
11442,142129900861067
11443,142129920438489
11444,142129940668235
11445,142129960480671
11446,142129980839149
11447,142130000307750
11448,142130021463139
11449,142130040609387
11450,142130060814412
11451,142130084495733
11452,142130106590814
11453,142130124635274
11454,142130144988846
11455,142130164543687
11456,142130184959340
11457,142130204582583
11458,142130224930496
11459,142130244480203
11460,142130264990694
11461,142130284387404
11462,142130304727433
11463,142130324417165
11464,142130344648569
11465,142130365983760
11466,142130384788369
11467,142130404685518
11468,142130424953623
11469,142130444483895
11470,142130464882434
11471,142130484600074
11472,142130504973691
11473,142130524615141
11474,142130544857796
11475,142130564445566
11476,142130588725578
11477,142130610194015
11478,142130629004589
11479,142130648306152
11480,142130668450314
11481,142130688243146
11482,142130708524160
11483,142130728140340
11484,142130752460861
11485,142130771652555
11486,142130792681820
11487,142130809524557
11488,142130828396570
11489,142130848441916
11490,142130869348566
11491,142130888302112
11492,142130909052071
11493,142130928375768
11494,142130948898903
11495,142130968447827
11496,142130988269304
11497,142131008130215
11498,142131028377225
11499,142131048591900
11500,142131068410524
11501,142131092342349
11502,142131112601878
11503,142131132108711
11504,142131152454795
11505,142131171958059
11506,142131192380575
11507,142131211931744
11508,142131232274430
11509,142131252152483
11510,142131272324175
11511,142131291935453
11512,142131312340708
11513,142131331983120
11514,142131352529646
11515,142131372280668
11516,142131392365865
11517,142131412044599
11518,142131432427548
11519,142131451956599
11520,142131472297375
11521,142131491998818
11522,142131512389921
11523,142131532049559
11524,142131552358109
11525,142131571942016
11526,142131596375394
11527,142131616359186
11528,142131636467590
11529,142131656083370
11530,142131676461322
11531,142131696096228
11532,142131716480112
11533,142131736409308
11534,142131756731518
11535,142131776578929
11536,142131796843281
11537,142131816277727
11538,142131836847001
11539,142131857606846
11540,142131876962852
11541,142131896483508
11542,142131916547531
11543,142131936512822
11544,142131959180469
11545,142131976250583
11546,142131996583949
11547,142132016515978
11548,142132036483737
11549,142132056282794
11550,142132076291055
11551,142132100122172
11552,142132124138325
11553,142132140570695
11554,142132160663625
11555,142132180305596
11556,142132200558373
11557,142132220216700
11558,142132240568799
11559,142132260266590
11560,142132280509952
11561,142132300279731
11562,142132320484738
11563,142132340095586
11564,142132360703439
11565,142132380524534
11566,142132400524216
11567,142132420168144
11568,142132440531096
11569,142132460075081
11570,142132480556688
11571,142132500322512
11572,142132520403004
11573,142132540308926
11574,142132560613744
11575,142132580354730
11576,142132604496164
11577,142132624479574
11578,142132644677206
11579,142132664277327
11580,142132684494168
11581,142132704254528
11582,142132724564603
11583,142132744247402
11584,142132765316844
11585,142132784202238
11586,142132804505640
11587,142132824256347
11588,142132844596233
11589,142132864837974
11590,142132884893180
11591,142132904415934
11592,142132924570457
11593,142132944603961
11594,142132965091464
11595,142132984498722
11596,142133004801442
11597,142133024354108
11598,142133044719253
11599,142133064419681
11600,142133084849266
11601,142133108462241
11602,142133130338878
11603,142133149025968
11604,142133168443555
11605,142133188200833
11606,142133208635570
11607,142133228295082
11608,142133248568307
11609,142133268312437
11610,142133288594570
11611,142133308323215
11612,142133328573087
11613,142133348325345
11614,142133369016711
11615,142133388356775
11616,142133408526202
11617,142133428342105
11618,142133448531103
11619,142133468328358
11620,142133488652109
11621,142133508349668
11622,142133528487780
11623,142133548240436
11624,142133568611986
11625,142133588282263
11626,142133612802440
11627,142133632751403
11628,142133652732187
11629,142133672388653
11630,142133692616112
11631,142133712301078
11632,142133732404498
11633,142133752184703
11634,142133772380148
11635,142133792387226
11636,142133812373115
11637,142133832219869
11638,142133852468946
11639,142133873589856
11640,142133892738562
11641,142133912268465
11642,142133932298674
11643,142133952747497
11644,142133972454424
11645,142133992316927
11646,142134012494584
11647,142134032345488
11648,142134052564591
11649,142134072201038
11650,142134092560509
11651,142134116996493
11652,142134136654875
11653,142134156370133
11654,142134176483184
11655,142134196273631
11656,142134216419369
11657,142134236156252
11658,142134256460360
11659,142134276139528
11660,142134296464024
11661,142134316073793
11662,142134336369072
11663,142134356057565
11664,142134378117218
11665,142134396850027
11666,142134416545518
11667,142134436245436
11668,142134456379521
11669,142134476086884
11670,142134496474333
11671,142134516065821
11672,142134536430699
11673,142134556139107
11674,142134576480315
11675,142134596253736
11676,142134621695168
11677,142134641290274
11678,142134660647958
11679,142134680218545
11680,142134700460935
11681,142134720191178
11682,142134740515415
11683,142134760092443
11684,142134780485693
11685,142134800306658
11686,142134820466947
11687,142134840279623
11688,142134860377840
11689,142134880524077
11690,142134900476085
11691,142134919990984
11692,142134940397370
11693,142134960385141
11694,142134980371784
11695,142135000257890
11696,142135020418475
11697,142135040185125
11698,142135060505794
11699,142135079996676
11700,142135100761516
11701,142135126312702
11702,142135145785779
11703,142135164541590
11704,142135184927666
11705,142135204565119
11706,142135224913522
11707,142135244528400
11708,142135264592032
11709,142135284143126
11710,142135304616244
11711,142135324323447
11712,142135344527776
11713,142135364361828
11714,142135386032452
11715,142135404286328
11716,142135424569303
11717,142135444260052
11718,142135464657288
11719,142135484259082
11720,142135504545519
11721,142135524404819
11722,142135545441525
11723,142135564256382
11724,142135584490544
11725,142135604391163
11726,142135629988736
11727,142135648333287
11728,142135668709430
11729,142135688408018
11730,142135708661109
11731,142135728438841
11732,142135748712303
11733,142135768413561
11734,142135788644611
11735,142135808502035
11736,142135828826064
11737,142135848556771
11738,142135868665394
11739,142135890659934
11740,142135908815364
11741,142135928618120
11742,142135949568617
11743,142135968479563
11744,142135988731535
11745,142136008491858
11746,142136028841113
11747,142136048961011
11748,142136069093061
11749,142136088530900
11750,142136108976133
11751,142136133781012
11752,142136153628663
11753,142136172403451
11754,142136192840621
11755,142136212358954
11756,142136232621252
11757,142136252515371
11758,142136272696723
11759,142136292399661
11760,142136312618146
11761,142136332376143
11762,142136352567622
11763,142136372461192
11764,142136393415869
11765,142136412446737
11766,142136432577061
11767,142136452325397
11768,142136472701574
11769,142136492387573
11770,142136514141568
11771,142136536100690
11772,142136560925401
11773,142136585423779
11774,142136602751497
11775,142136618885194
11776,142136637498388
11777,142136656465746
11778,142136674799246
11779,142136695615981
11780,142136715839471
11781,142136734416890
11782,142136754794522
11783,142136774816086
11784,142136795236813
11785,142136814997343
11786,142136834955856
11787,142136854855857
11788,142136875976476
11789,142136894645320
11790,142136916237273
11791,142136935475359
11792,142136956902196
11793,142136975395172
11794,142136994820222
11795,142137017237809
11796,142137034641569
11797,142137055177417
11798,142137075835026
11799,142137094479940
11800,142137114720504
11801,142137140687821
11802,142137160582359
11803,142137180267492
11804,142137200469757
11805,142137220068108
11806,142137240563431
11807,142137260156769
11808,142137280461333
11809,142137300213064
11810,142137320463673
11811,142137340028805
11812,142137360410982
11813,142137380588307
11814,142137401212751
11815,142137420321282
11816,142137440547245
11817,142137460342541
11818,142137480500766
11819,142137500247910
11820,142137520487892
11821,142137540994320
11822,142137560477256
11823,142137580110891
11824,142137600496054
11825,142137620262725
11826,142137644774801
11827,142137664073325
11828,142137684573182
11829,142137703970153
11830,142137724495981
11831,142137744121681
11832,142137764452723
11833,142137784288317
11834,142137804501519
11835,142137824135952
11836,142137844398832
11837,142137864187453
11838,142137884876837
11839,142137904556911
11840,142137924738765
11841,142137944894847
11842,142137964805838
11843,142137984541820
11844,142138004849107
11845,142138024330806
11846,142138044611574
11847,142138064404486
11848,142138084669566
11849,142138104552810
11850,142138124613253
11851,142138149523882
11852,142138171546742
11853,142138188435416
11854,142138208799423
11855,142138228480199
11856,142138248524266
11857,142138268310689
11858,142138288608254
11859,142138308302516
11860,142138328569527
11861,142138348294334
11862,142138368706088
11863,142138388603406
11864,142138408760354
11865,142138428365536
11866,142138448592586
11867,142138468363795
11868,142138488649745
11869,142138508201784
11870,142138528606770
11871,142138548061958
11872,142138568585835
11873,142138588414163
11874,142138608512350
11875,142138628327850
11876,142138652632071
11877,142138672411106
11878,142138692767828
11879,142138712414256
11880,142138732843447
11881,142138752422530
11882,142138772675058
11883,142138792480941
11884,142138812980328
11885,142138832400688
11886,142138853773654
11887,142138872495045
11888,142138895104699
11889,142138913176837
11890,142138932958767
11891,142138953139523
11892,142138972472252
11893,142138992231995
11894,142139012534643
11895,142139032405695
11896,142139053476151
11897,142139072258829
11898,142139092455588
11899,142139112510337
11900,142139132758184
11901,142139156290631
11902,142139176506689
11903,142139196338421
11904,142139216624281
11905,142139236266810
11906,142139256491933
11907,142139276292785
11908,142139296559274
11909,142139316351282
11910,142139336585404
11911,142139356303394
11912,142139376574612
11913,142139397337136
11914,142139416725984
11915,142139436375521
11916,142139456496058
11917,142139476379668
11918,142139496578727
11919,142139516315716
11920,142139536760457
11921,142139556210124
11922,142139576582836
11923,142139596388046
11924,142139616732315
11925,142139637079594
11926,142139660657064
11927,142139680535838
11928,142139700879033
11929,142139720494134
11930,142139740634652
11931,142139760490427
11932,142139780592697
11933,142139800297226
11934,142139820628393
11935,142139840436419
11936,142139860812898
11937,142139880426307
11938,142139900959436
11939,142139920500885
11940,142139940739643
11941,142139960638825
11942,142139980886841
11943,142140000450195
11944,142140021358363
11945,142140040871232
11946,142140061135429
11947,142140080584191
11948,142140101033533
11949,142140120517954
11950,142140146412035
11951,142140164521641
11952,142140185166392
11953,142140204445282
11954,142140224968864
11955,142140244570792
11956,142140264832270
11957,142140284518945
11958,142140304692633
11959,142140324589422
11960,142140344918346
11961,142140364471102
11962,142140385488401
11963,142140405228704
11964,142140425148616
11965,142140444719569
11966,142140464803960
11967,142140484583033
11968,142140504972563
11969,142140524514954
11970,142140545019177
11971,142140564516786
11972,142140584943377
11973,142140604328126
11974,142140624865941
11975,142140649526476
11976,142140668788642
11977,142140688684096
11978,142140708754841
11979,142140728681523
11980,142140749005728
11981,142140768423187
11982,142140788690728
11983,142140808365883
11984,142140828690458
11985,142140848621654
11986,142140868789088
11987,142140888420383
11988,142140908950394
11989,142140928582422
11990,142140949452610
11991,142140968476163
11992,142140988821914
11993,142141008588516
11994,142141028616291
11995,142141048565060
11996,142141068867433
11997,142141088706352
11998,142141108921432
11999,142141128577641
12000,142141155273166
12001,142141172568745
12002,142141192930841
12003,142141212583016
12004,142141232966586
12005,142141252736499
12006,142141273060767
12007,142141292726916
12008,142141313121648
12009,142141332792252
12010,142141353156686
12011,142141372745073
12012,142141393322075
12013,142141413052977
12014,142141433104021
12015,142141452913230
12016,142141473325570
12017,142141492896252
12018,142141513318550
12019,142141532915870
12020,142141553804507
12021,142141572892789
12022,142141593228520
12023,142141612977482
12024,142141633454945
12025,142141657423702
12026,142141677469664
12027,142141697174261
12028,142141717391203
12029,142141737277203
12030,142141757454255
12031,142141777371435
12032,142141797593643
12033,142141817368545
12034,142141837743051
12035,142141857379942
12036,142141877766363
12037,142141899027104
12038,142141918373228
12039,142141937540000
12040,142141958175977
12041,142141977552346
12042,142141997851795
12043,142142017538710
12044,142142037898687
12045,142142057375521
12046,142142077746016
12047,142142097514725
12048,142142117878672
12049,142142137640915
12050,142142162701871
12051,142142181115713
12052,142142202001861
12053,142142221598913
12054,142142241473016
12055,142142261077628
12056,142142281424594
12057,142142301065560
12058,142142321939636
12059,142142341583548
12060,142142361484799
12061,142142381206668
12062,142142402684169
12063,142142421338401
12064,142142441975618
12065,142142461682679
12066,142142481536831
12067,142142501059970
12068,142142521436025
12069,142142541155125
12070,142142561933311
12071,142142581711137
12072,142142601528219
12073,142142621226602
12074,142142641953878
12075,142142666909422
12076,142142686538144
12077,142142705814382
12078,142142725414272
12079,142142745013262
12080,142142765309722
12081,142142785005380
12082,142142805869333
12083,142142825649433
12084,142142845258710
12085,142142865190615
12086,142142885865399
12087,142142907643416
12088,142142926132040
12089,142142945835029
12090,142142965765980
12091,142142985395159
12092,142143005367845
12093,142143024941839
12094,142143045711324
12095,142143065527493
12096,142143085866367
12097,142143105747087
12098,142143125333603
12099,142143145005565
12100,142143171674624
12101,142143190366736
12102,142143209578193
12103,142143229206561
12104,142143249628601
12105,142143269550931
12106,142143289111617
12107,142143308796366
12108,142143329696193
12109,142143349358024
12110,142143369592628
12111,142143389313197
12112,142143410125662
12113,142143429507186
12114,142143449687509
12115,142143469270102
12116,142143489570717
12117,142143509391943
12118,142143529518581
12119,142143549380012
12120,142143569747154
12121,142143589525087
12122,142143609628404
12123,142143629366541
12124,142143649654291
12125,142143673276231
12126,142143693475996
12127,142143713293183
12128,142143733555261
12129,142143753273588
12130,142143773518734
12131,142143793102277
12132,142143813527948
12133,142143833166556
12134,142143853434363
12135,142143873095542
12136,142143893405551
12137,142143914156801
12138,142143933357449
12139,142143954799912
12140,142143973497250
12141,142143993081277
12142,142144013474678
12143,142144033007989
12144,142144053704405
12145,142144073111581
12146,142144093442694
12147,142144113458137
12148,142144133567212
12149,142144153922464
12150,142144177416223
12151,142144197169537
12152,142144217474452
12153,142144237051756
12154,142144257380593
12155,142144276918134
12156,142144297380698
12157,142144316979362
12158,142144337303552
12159,142144356900181
12160,142144377261087
12161,142144396985228
12162,142144418099150
12163,142144436937940
12164,142144457572522
12165,142144477047788
12166,142144497406968
12167,142144517233263
12168,142144537377219
12169,142144557284225
12170,142144577364120
12171,142144597211385
12172,142144617545434
12173,142144637100128
12174,142144659139572
12175,142144681210454
12176,142144701801044
12177,142144721315253
12178,142144741655340
12179,142144761384498
12180,142144781876940
12181,142144801411177
12182,142144821572929
12183,142144841415827
12184,142144861840307
12185,142144881416674
12186,142144903498121
12187,142144921698557
12188,142144941826043
12189,142144961633879
12190,142144981775414
12191,142145001547875
12192,142145021855954
12193,142145041521782
12194,142145061131331
12195,142145080856366
12196,142145101792805
12197,142145121554895
12198,142145141394959
12199,142145161769161
12200,142145185498230
12201,142145205195459
12202,142145225981394
12203,142145245667012
12204,142145265385307
12205,142145284880622
12206,142145305382134
12207,142145324955908
12208,142145346080381
12209,142145365606825
12210,142145385245262
12211,142145404917759
12212,142145425476811
12213,142145445242924
12214,142145466295430
12215,142145485750305
12216,142145505643179
12217,142145525376453
12218,142145545566079
12219,142145565423231
12220,142145586152254
12221,142145605788265
12222,142145625717293
12223,142145645359089
12224,142145665715993
12225,142145689037569
12226,142145710018853
12227,142145729666953
12228,142145749478078
12229,142145769156842
12230,142145789483214
12231,142145809161427
12232,142145829962999
12233,142145849673598
12234,142145869548432
12235,142145889194889
12236,142145909768913
12237,142145929046949
12238,142145951029320
12239,142145969770215
12240,142145989362365
12241,142146010432034
12242,142146029882933
12243,142146049172233
12244,142146070013141
12245,142146089763909
12246,142146109702097
12247,142146129210045
12248,142146149366889
12249,142146169361988
12250,142146194017835
12251,142146213727405
12252,142146233424815
12253,142146253060117
12254,142146273464526
12255,142146292898998
12256,142146313966219
12257,142146333455482
12258,142146353433780
12259,142146373111808
12260,142146393431052
12261,142146413824965
12262,142146434025118
12263,142146453800726
12264,142146473540078
12265,142146493217740
12266,142146513541737
12267,142146533117412
12268,142146553935521
12269,142146573818925
12270,142146593427751
12271,142146613155518
12272,142146633472841
12273,142146653080824
12274,142146675379658
12275,142146697879786
12276,142146717552334
12277,142146737072801
12278,142146757709215
12279,142146777039853
12280,142146797713484
12281,142146817877507
12282,142146837419620
12283,142146857126076
12284,142146877265252
12285,142146898978932
12286,142146918359966
12287,142146937548529
12288,142146958408687
12289,142146976969237
12290,142146997895870
12291,142147017842900
12292,142147037780540
12293,142147058341207
12294,142147077556720
12295,142147097395021
12296,142147117887837
12297,142147137266357
12298,142147158126225
12299,142147178008382
12300,142147201645476
12301,142147221208820
12302,142147241385430
12303,142147261249540
12304,142147281436138
12305,142147301046823
12306,142147321460088
12307,142147340866309
12308,142147361539153
12309,142147381153194
12310,142147401428983
12311,142147421686020
12312,142147441383421
12313,142147461024948
12314,142147481410281
12315,142147501088779
12316,142147521502445
12317,142147541170394
12318,142147561447137
12319,142147581177603
12320,142147601432696
12321,142147621138614
12322,142147641396605
12323,142147661181596
12324,142147682302533
12325,142147705203045
12326,142147725508767
12327,142147745162189
12328,142147765535195
12329,142147785150082
12330,142147805352096
12331,142147825071102
12332,142147845441971
12333,142147865092139
12334,142147885407656
12335,142147905732508
12336,142147928241102
12337,142147945701462
12338,142147965386370
12339,142147984885328
12340,142148005298761
12341,142148025043672
12342,142148045379899
12343,142148065006955
12344,142148085387450
12345,142148104948519
12346,142148125133867
12347,142148144970257
12348,142148165703672
12349,142148187969941
12350,142148209416082
12351,142148229017897
12352,142148249354124
12353,142148269082491
12354,142148289374126
12355,142148309135036
12356,142148329461208
12357,142148349085912
12358,142148369512102
12359,142148389283418
12360,142148409635840
12361,142148430640802
12362,142148449855910
12363,142148469519376
12364,142148489752402
12365,142148509422445
12366,142148529900189
12367,142148549567856
12368,142148570074601
12369,142148589569900
12370,142148609729999
12371,142148629520950
12372,142148649759036
12373,142148670991349
12374,142148689488848
12375,142148712999340
12376,142148733401980
12377,142148752821753
12378,142148773746414
12379,142148793383504
12380,142148813380760
12381,142148832952646
12382,142148853741655
12383,142148873459202
12384,142148894122271
12385,142148913314865
12386,142148934738092
12387,142148953985852
12388,142148973722087
12389,142148994603047
12390,142149013761174
12391,142149033130949
12392,142149053542873
12393,142149073416339
12394,142149093556971
12395,142149113478136
12396,142149133550338
12397,142149153252055
12398,142149174810376
12399,142149193327879
12400,142149217646352
12401,142149237391573
12402,142149257466958
12403,142149277310412
12404,142149297363902
12405,142149317065624
12406,142149337399380
12407,142149356912872
12408,142149377494711
12409,142149396736043
12410,142149417733476
12411,142149437020871
12412,142149457466056
12413,142149476747041
12414,142149497101570
12415,142149516732145
12416,142149537208111
12417,142149556981805
12418,142149577327755
12419,142149596865367
12420,142149617295729
12421,142149637005524
12422,142149657172369
12423,142149677099108
12424,142149697483319
12425,142149720912587
12426,142149741353578
12427,142149760827681
12428,142149781296082
12429,142149800806913
12430,142149821323822
12431,142149840962542
12432,142149861327357
12433,142149880920079
12434,142149901150617
12435,142149921101594
12436,142149941962950
12437,142149963127763
12438,142149981475110
12439,142150001025839
12440,142150021383180
12441,142150040985189
12442,142150062149030
12443,142150081307769
12444,142150101312587
12445,142150121150262
12446,142150141368070
12447,142150161382189
12448,142150181793705
12449,142150201182783
12450,142150225374837
12451,142150244780159
12452,142150265980897
12453,142150284940937
12454,142150305355822
12455,142150324863111
12456,142150345390902
12457,142150364960466
12458,142150385270759
12459,142150404808368
12460,142150425551095
12461,142150445282252
12462,142150465309159
12463,142150484898237
12464,142150505122317
12465,142150524812070
12466,142150545097172
12467,142150564799499
12468,142150585409483
12469,142150604779308
12470,142150625098788
12471,142150644903669
12472,142150665199393
12473,142150685599230
12474,142150704880107
12475,142150728819344
12476,142150749669570
12477,142150768564048
12478,142150789079893
12479,142150808674439
12480,142150829325481
12481,142150848815708
12482,142150869393169
12483,142150888872271
12484,142150909548191
12485,142150929344716
12486,142150949633102
12487,142150968847100
12488,142150989110329
12489,142151008869891
12490,142151029298381
12491,142151048740119
12492,142151069253344
12493,142151088867180
12494,142151109246063
12495,142151128788996
12496,142151149324840
12497,142151168741076
12498,142151189996215
12499,142151208987373
12500,142151233190883
12501,142151252753584
12502,142151273081280
12503,142151292808327
12504,142151313238171
12505,142151332794517
12506,142151353271605
12507,142151372818924
12508,142151393225131
12509,142151412709837
12510,142151433830667
12511,142151452922559
12512,142151473168563
12513,142151492765869
12514,142151513132609
12515,142151532881376
12516,142151553337682
12517,142151572898481
12518,142151593258939
12519,142151612821800
12520,142151633221582
12521,142151652780009
12522,142151673768416
12523,142151693964559
12524,142151713151515
12525,142151736783683
12526,142151757115536
12527,142151776753316
12528,142151797108290
12529,142151816706809
12530,142151837176111
12531,142151856738279
12532,142151877031879
12533,142151896840677
12534,142151916991002
12535,142151938288091
12536,142151957822719
12537,142151976986805
12538,142151997310661
12539,142152018100040
12540,142152037059659
12541,142152056750913
12542,142152077154414
12543,142152096783029
12544,142152117227937
12545,142152136887138
12546,142152157327697
12547,142152176819079
12548,142152197797949
12549,142152217021459
12550,142152241176958
12551,142152260843644
12552,142152281796665
12553,142152300889247
12554,142152321291800
12555,142152340874999
12556,142152360953479
12557,142152380887976
12558,142152401234663
12559,142152422527779
12560,142152441822292
12561,142152461168791
12562,142152481389108
12563,142152500889938
12564,142152521221001
12565,142152540993930
12566,142152561214971
12567,142152580848717
12568,142152601345029
12569,142152620965668
12570,142152641195577
12571,142152660920452
12572,142152681469101
12573,142152701602322
12574,142152721387165
12575,142152744933665
12576,142152765156428
12577,142152784869524
12578,142152815484885
12579,142152832251113
12580,142152849088423
12581,142152865574196
12582,142152885113927
12583,142152904843490
12584,142152925390617
12585,142152945954535
12586,142152965329984
12587,142152984863221
12588,142153005382273
12589,142153024774043
12590,142153045171022
12591,142153064926705
12592,142153085237115
12593,142153104923162
12594,142153125461090
12595,142153144945181
12596,142153166116951
12597,142153185562570
12598,142153207147063
12599,142153226722578
12600,142153249084196
12601,142153268771579
12602,142153289246095
12603,142153308679394
12604,142153329076110
12605,142153348703896
12606,142153368961787
12607,142153388714053
12608,142153409038616
12609,142153428760392
12610,142153450028739
12611,142153468965632
12612,142153489304033
12613,142153508837492
12614,142153529179113
12615,142153548892059
12616,142153569084191
12617,142153588754956
12618,142153609249892
12619,142153628862507
12620,142153649208399
12621,142153668787449
12622,142153690013982
12623,142153709174795
12624,142153729192046
12625,142153752838309
12626,142153773250887
12627,142153792835445
12628,142153813131493
12629,142153832595630
12630,142153853185429
12631,142153872678560
12632,142153892984951
12633,142153912660806
12634,142153933436431
12635,142153954065123
12636,142153973237132
12637,142153992941742
12638,142154019424555
12639,142154040372500
12640,142154057379900
12641,142154074009893
12642,142154093015978
12643,142154113000087
12644,142154133072199
12645,142154152794637
12646,142154173021441
12647,142154193827188
12648,142154213448832
12649,142154232721109
12650,142154257149728
12651,142154276781929
12652,142154297248444
12653,142154316771012
12654,142154337026051
12655,142154356806518
12656,142154376935720
12657,142154396843087
12658,142154417109380
12659,142154436829992
12660,142154457296672
12661,142154476719886
12662,142154497331868
12663,142154516823628
12664,142154537044533
12665,142154556953664
12666,142154577140850
12667,142154596893429
12668,142154617317412
12669,142154636803449
12670,142154657423505
12671,142154678344234
12672,142154697353947
12673,142154716830856
12674,142154737215323
12675,142154760808589
12676,142154781054899
12677,142154800741340
12678,142154821183962
12679,142154840669485
12680,142154860914925
12681,142154880827056
12682,142154901167012
12683,142154920748730
12684,142154941713437
12685,142154961217738
12686,142154981126424
12687,142155000645244
12688,142155020997748
12689,142155040662943
12690,142155060863117
12691,142155080648363
12692,142155100978169
12693,142155120918758
12694,142155141016951
12695,142155160560353
12696,142155180961401
12697,142155201136165
12698,142155221090011
12699,142155240763373
12700,142155265027519
12701,142155284590548
12702,142155305177642
12703,142155324893552
12704,142155344964931
12705,142155364720097
12706,142155384987195
12707,142155404765968
12708,142155425477496
12709,142155445308945
12710,142155465091978
12711,142155484755251
12712,142155505105710
12713,142155524726600
12714,142155545031383
12715,142155564661110
12716,142155585127377
12717,142155604714338
12718,142155625157917
12719,142155644762070
12720,142155664963375
12721,142155684798346
12722,142155705494967
12723,142155724901833
12724,142155745286549
12725,142155768697879
12726,142155789090142
12727,142155808686936
12728,142155828998799
12729,142155848789490
12730,142155868989626
12731,142155888713034
12732,142155909171486
12733,142155928800771
12734,142155951372479
12735,142155969355908
12736,142155989008978
12737,142156008759695
12738,142156029192838
12739,142156048719464
12740,142156069112711
12741,142156088816715
12742,142156109172437
12743,142156128981585
12744,142156149064142
12745,142156168840213
12746,142156189409144
12747,142156210062357
12748,142156229188747
12749,142156248717482
12750,142156273311096
12751,142156292790011
12752,142156313403135
12753,142156332769120
12754,142156353342906
12755,142156372898423
12756,142156393065478
12757,142156412919099
12758,142156433106188
12759,142156453685344
12760,142156473559514
12761,142156492910421
12762,142156513367091
12763,142156532745852
12764,142156553345871
12765,142156573013412
12766,142156593100715
12767,142156613000220
12768,142156633069585
12769,142156652923173
12770,142156673334423
12771,142156692749350
12772,142156713809794
12773,142156732968852
12774,142156753351675
12775,142156776797510
12776,142156797164675
12777,142156816927581
12778,142156837109395
12779,142156856823555
12780,142156877171292
12781,142156899251868
12782,142156917144057
12783,142156938211166
12784,142156958892426
12785,142156976744511
12786,142156996977229
12787,142157016768186
12788,142157036848870
12789,142157056696531
12790,142157077092898
12791,142157096582125
12792,142157117199692
12793,142157136643862
12794,142157157104204
12795,142157176644033
12796,142157196996223
12797,142157217446759
12798,142157236963082
12799,142157256715802
12800,142157280928111
12801,142157300575814
12802,142157320969773
12803,142157340691558
12804,142157361025640
12805,142157380669902
12806,142157401008629
12807,142157420629356
12808,142157441019398
12809,142157462059768
12810,142157481062444
12811,142157500649797
12812,142157520982452
12813,142157540690441
12814,142157561174122
12815,142157580707707
12816,142157601150036
12817,142157620721697
12818,142157641150208
12819,142157660902799
12820,142157682593669
12821,142157701601761
12822,142157721165319
12823,142157740769814
12824,142157761006707
12825,142157784619717
12826,142157804960534
12827,142157824667590
12828,142157845138726
12829,142157864728171
12830,142157885181006
12831,142157904762631
12832,142157924994735
12833,142157945245193
12834,142157967025019
12835,142157985059524
12836,142158005548712
12837,142158025048911
12838,142158045112641
12839,142158064751976
12840,142158085081124
12841,142158104718084
12842,142158125350055
12843,142158144653598
12844,142158165056658
12845,142158184736679
12846,142158206144288
12847,142158227504315
12848,142158245057691
12849,142158264806630
12850,142158288966755
12851,142158308743329
12852,142158328896143
12853,142158348709696
12854,142158369058030
12855,142158388676714
12856,142158409013119
12857,142158430184682
12858,142158449181341
12859,142158469636055
12860,142158489058947
12861,142158508740449
12862,142158528996926
12863,142158548721848
12864,142158569144985
12865,142158588694269
12866,142158609036134
12867,142158628632096
12868,142158648978109
12869,142158668896400
12870,142158689199680
12871,142158710044812
12872,142158729231641
12873,142158748889915
12874,142158769223426
12875,142158792856754
12876,142158813154010
12877,142158832801898
12878,142158853202343
12879,142158872831823
12880,142158893209379
12881,142158912900217
12882,142158933261254
12883,142158952939800
12884,142158973950434
12885,142158992787020
12886,142159013036528
12887,142159032573907
12888,142159053994156
12889,142159072729160
12890,142159093182603
12891,142159112680538
12892,142159133241361
12893,142159152701812
12894,142159173162244
12895,142159193335704
12896,142159214829450
12897,142159233313416
12898,142159253207846
12899,142159272826743
12900,142159297029024
12901,142159316973724
12902,142159337222020
12903,142159356723509
12904,142159377326683
12905,142159396562360
12906,142159417122464
12907,142159436773561
12908,142159457254353
12909,142159477039634
12910,142159497357887
12911,142159516940234
12912,142159537163366
12913,142159556711340
12914,142159577214343
12915,142159596732770
12916,142159617201401
12917,142159636780143
12918,142159657064916
12919,142159677037813
12920,142159697451637
12921,142159718130413
12922,142159737538469
12923,142159756615086
12924,142159777201191
12925,142159800978451
12926,142159821469719
12927,142159840808697
12928,142159861162485
12929,142159880814461
12930,142159900996628
12931,142159920925752
12932,142159942981698
12933,142159961836301
12934,142159981395359
12935,142160001056751
12936,142160021276307
12937,142160040888573
12938,142160061257712
12939,142160081045020
12940,142160101130099
12941,142160121148166
12942,142160141411019
12943,142160160964156
12944,142160181362869
12945,142160200893765
12946,142160222630942
12947,142160241176337
12948,142160261427163
12949,142160280895127
12950,142160305218289
12951,142160324996502
12952,142160345325589
12953,142160364827023
12954,142160385388006
12955,142160404873173
12956,142160425290934
12957,142160444942713
12958,142160466271291
12959,142160485237108
12960,142160505386093
12961,142160525091814
12962,142160545229667
12963,142160564959540
12964,142160585244066
12965,142160604934083
12966,142160625421210
12967,142160644877164
12968,142160665173241
12969,142160686728588
12970,142160705483175
12971,142160727259776
12972,142160745326713
12973,142160768694855
12974,142160790576307
12975,142160827965122
12976,142160853224476
12977,142160875803164
12978,142160899193561
12979,142160916759220
12980,142160942125053
12981,142160966905994
12982,142160990888611
12983,142161015702065
12984,142161041126812
12985,142161066053392
12986,142161090800699
12987,142161115133573
12988,142161132581703
12989,142161149457142
12990,142161166170682
12991,142161182706369
12992,142161199568502
12993,142161216699836
12994,142161234493037
12995,142161251279019
12996,142161268325109
12997,142161284909371
12998,142161301887378
12999,142161318447876
13000,142161336034114
13001,142161352745636
13002,142161373177307
13003,142161392875336
13004,142161413044086
13005,142161434030464
13006,142161453397815
13007,142161474241929
13008,142161493413294
13009,142161512818936
13010,142161533413689
13011,142161552913585
13012,142161573231844
13013,142161592954700
13014,142161613094864
13015,142161633036962
13016,142161653482622
13017,142161673069877
13018,142161693530171
13019,142161712964386
13020,142161734297686
13021,142161753105217
13022,142161773374235
13023,142161793051177
13024,142161817338218
13025,142161837108374
13026,142161857509192
13027,142161876881190
13028,142161897341037
13029,142161916790097
13030,142161937420060
13031,142161957670270
13032,142161977622900
13033,142161997330061
13034,142162017529295
13035,142162037146259
13036,142162057453194
13037,142162077074225
13038,142162097355095
13039,142162116903793
13040,142162137233333
13041,142162156988365
13042,142162177520493
13043,142162198658479
13044,142162217606798
13045,142162237418791
13046,142162257312416
13047,142162277009500
13048,142162297421846
13049,142162320976720
13050,142162341398693
13051,142162361441673
13052,142162381372920
13053,142162400979424
13054,142162421291259
13055,142162440997196
13056,142162461483912
13057,142162482787469
13058,142162501538416
13059,142162521140340
13060,142162541375571
13061,142162561064848
13062,142162581226635
13063,142162600861584
13064,142162621368876
13065,142162641026079
13066,142162661542834
13067,142162681255390
13068,142162701549055
13069,142162721557890
13070,142162741400394
13071,142162760862795
13072,142162781447122
13073,142162801019564
13074,142162825447387
13075,142162845222133
13076,142162865559564
13077,142162885170279
13078,142162905554242
13079,142162925375528
13080,142162947079935
13081,142162965056189
13082,142162986254454
13083,142163005488741
13084,142163025376919
13085,142163045072118
13086,142163065382129
13087,142163085013576
13088,142163105155775
13089,142163125049457
13090,142163145439571
13091,142163164940809
13092,142163185504787
13093,142163204988804
13094,142163226153941
13095,142163247185654
13096,142163267152548
13097,142163285106763
13098,142163305273413
13099,142163328971297
13100,142163349490682
13101,142163369073837
13102,142163389506641
13103,142163409073031
13104,142163429410261
13105,142163448923927
13106,142163469326226
13107,142163489349936
13108,142163509428531
13109,142163529071770
13110,142163549420469
13111,142163569015567
13112,142163589386400
13113,142163609033982
13114,142163629425678
13115,142163648998405
13116,142163669431491
13117,142163689343448
13118,142163709511434
13119,142163731099683
13120,142163749627272
13121,142163769052716
13122,142163789540637
13123,142163810145726
13124,142163833186300
13125,142163852984036
13126,142163873472387
13127,142163893106354
13128,142163913428626
13129,142163933016106
13130,142163954451684
13131,142163973328053
13132,142163993506421
13133,142164013062857
13134,142164033422917
13135,142164052975109
13136,142164073285199
13137,142164093168934
13138,142164113380210
13139,142164133304600
13140,142164153400569
13141,142164173034266
13142,142164193574224
13143,142164213086159
13144,142164234142002
13145,142164253070909
13146,142164273264882
13147,142164293010158
13148,142164313215592
13149,142164336983551
13150,142164357335108
13151,142164376832616
13152,142164397335940
13153,142164416907873
13154,142164437698333
13155,142164457120631
13156,142164478210927
13157,142164497160464
13158,142164517617047
13159,142164537222034
13160,142164557427773
13161,142164577121394
13162,142164597387046
13163,142164617034295
13164,142164637445690
13165,142164657000553
13166,142164677396679
13167,142164696989076
13168,142164717318850
13169,142164739298485
13170,142164757451201
13171,142164776922186
13172,142164797324884
13173,142164816958483
13174,142164841367040
13175,142164861008621
13176,142164881362200
13177,142164901150711
13178,142164921407461
13179,142164940965525
13180,142164961626584
13181,142164982676473
13182,142165001627333
13183,142165021069794
13184,142165041498847
13185,142165061124620
13186,142165081533329
13187,142165101044147
13188,142165121655150
13189,142165141139252
13190,142165161601441
13191,142165181142407
13192,142165201703988
13193,142165221130932
13194,142165241848465
13195,142165261260843
13196,142165281409365
13197,142165301139922
13198,142165321488823
13199,142165345165698
13200,142165365446485
13201,142165385040283
13202,142165405468394
13203,142165425101488
13204,142165445489326
13205,142165465122200
13206,142165485631356
13207,142165504996415
13208,142165525295850
13209,142165545005436
13210,142165565288926
13211,142165584910187
13212,142165605380041
13213,142165624943367
13214,142165645461948
13215,142165664922427
13216,142165685399619
13217,142165704981543
13218,142165725516687
13219,142165745604399
13220,142165765603102
13221,142165784979138
13222,142165805535562
13223,142165825369786
13224,142165849456104
13225,142165869205399
13226,142165889519880
13227,142165909070442
13228,142165929534219
13229,142165950230493
13230,142165969671519
13231,142165991114745
13232,142166010010350
13233,142166029157296
13234,142166049549787
13235,142166069250615
13236,142166089449037
13237,142166109216486
13238,142166129565955
13239,142166149211890
13240,142166169614636
13241,142166189313811
13242,142166209508263
13243,142166229118820
13244,142166250702725
13245,142166269744642
13246,142166289715568
13247,142166309334218
13248,142166329589488
13249,142166353411305
13250,142166373633741
13251,142166393470970
13252,142166413578621
13253,142166433381582
13254,142166453759039
13255,142166473425132
13256,142166494939000
13257,142166513459635
13258,142166533599167
13259,142166553162204
13260,142166573451292
13261,142166593201955
13262,142166613474323
13263,142166633188523
13264,142166653521074
13265,142166673041068
13266,142166694354510
13267,142166713551971
13268,142166733623672
13269,142166754120991
13270,142166773470321
13271,142166793146416
13272,142166813542125
13273,142166833116689
13274,142166857559502
13275,142166877544121
13276,142166897650211
13277,142166917217683
13278,142166937510355
13279,142166957874839
13280,142166977536989
13281,142166999198495
13282,142167017730386
13283,142167037217525
13284,142167058116769
13285,142167077111793
13286,142167097562379
13287,142167117142135
13288,142167137597190
13289,142167157003639
13290,142167177505296
13291,142167197262496
13292,142167217495209
13293,142167237271619
13294,142167258574813
13295,142167277466528
13296,142167297581272
13297,142167317302710
13298,142167337581852
13299,142167361152071
13300,142167381471432
13301,142167401198075
13302,142167421484588
13303,142167441090931
13304,142167462714250
13305,142167481365076
13306,142167503061532
13307,142167521377114
13308,142167541530138
13309,142167561360515
13310,142167581521214
13311,142167601364397
13312,142167621429682
13313,142167641141669
13314,142167661703351
13315,142167681407072
13316,142167701626857
13317,142167721121180
13318,142167742620468
13319,142167761647000
13320,142167781708225
13321,142167801302831
13322,142167821600659
13323,142167841278664
13324,142167865609595
13325,142167885443976
13326,142167905421735
13327,142167925248604
13328,142167946427761
13329,142167965539791
13330,142167985662715
13331,142168010473923
13332,142168030077722
13333,142168047238474
13334,142168065773768
13335,142168085132120
13336,142168105525741
13337,142168125485902
13338,142168145403593
13339,142168165124662
13340,142168185528536
13341,142168207489772
13342,142168225631607
13343,142168246595934
13344,142168268821358
13345,142168285748577
13346,142168305779689
13347,142168325254789
13348,142168345598660
13349,142168369223263
13350,142168389783237
13351,142168409761746
13352,142168429567341
13353,142168449118228
13354,142168469599322
13355,142168489314191
13356,142168510315781
13357,142168529386902
13358,142168549420245
13359,142168569076830
13360,142168589532753
13361,142168609117358
13362,142168629607896
13363,142168649321477
13364,142168669470088
13365,142168689111730
13366,142168709560798
13367,142168729358946
13368,142168750937792
13369,142168769273553
13370,142168789634415
13371,142168809464068
13372,142168829483232
13373,142168849375047
13374,142168873458822
13375,142168893191812
13376,142168913623705
13377,142168933466628
13378,142168955778966
13379,142168973428631
13380,142168993704407
13381,142169014760436
13382,142169033796695
13383,142169053307209
13384,142169073556735
13385,142169093292383
13386,142169113752903
13387,142169133564589
13388,142169153558338
13389,142169173403313
13390,142169193566607
13391,142169213030298
13392,142169233373601
13393,142169253631153
13394,142169273562719
13395,142169293202326
13396,142169313466355
13397,142169333247022
13398,142169353589661
13399,142169377076809
13400,142169397528709
13401,142169417164612
13402,142169437514206
13403,142169457157628
13404,142169477437440
13405,142169497312978
13406,142169517753320
13407,142169537193103
13408,142169557595843
13409,142169577385141
13410,142169597568396
13411,142169617466111
13412,142169637446630
13413,142169657173251
13414,142169677457810
13415,142169697182323
13416,142169718473993
13417,142169737252069
13418,142169759035492
13419,142169777418945
13420,142169797542982
13421,142169817191912
13422,142169837547379
13423,142169857454664
13424,142169881455749
13425,142169901215519
13426,142169921641002
13427,142169941334541
13428,142169961582476
13429,142169981380401
13430,142170002713531
13431,142170021653732
13432,142170041609884
13433,142170061135834
13434,142170081621997
13435,142170101108225
13436,142170121491675
13437,142170141090119
13438,142170161541724
13439,142170181261567
13440,142170201251393
13441,142170221011611
13442,142170241381765
13443,142170261301002
13444,142170281771553
13445,142170301134037
13446,142170321582291
13447,142170341295545
13448,142170361466786
13449,142170385171858
13450,142170405455670
13451,142170425245974
13452,142170445503688
13453,142170465632501
13454,142170485576157
13455,142170505384422
13456,142170525691238
13457,142170545189757
13458,142170565538794
13459,142170585012483
13460,142170605381327
13461,142170625131694
13462,142170645471951
13463,142170665205771
13464,142170685588199
13465,142170705369596
13466,142170725415504
13467,142170745033853
13468,142170765800539
13469,142170785136763
13470,142170805419314
13471,142170825222269
13472,142170845306903
13473,142170865049514
13474,142170889782991
13475,142170909504353
13476,142170929841941
13477,142170949888178
13478,142170976536226
13479,142170994270579
13480,142171013580591
13481,142171031311945
13482,142171049794179
13483,142171069428206
13484,142171089900838
13485,142171109351314
13486,142171129645319
13487,142171149491417
13488,142171169556793
13489,142171189560984
13490,142171210115258
13491,142171229684599
13492,142171249389747
13493,142171270016412
13494,142171289538899
13495,142171309026110
13496,142171329439585
13497,142171349026607
13498,142171369749700
13499,142171393017734
13500,142171413397516
13501,142171432990405
13502,142171453355463
13503,142171473143789
13504,142171493335825
13505,142171514437163
13506,142171533560431
13507,142171553203416
13508,142171573536545
13509,142171593076293
13510,142171613262239
13511,142171633044447
13512,142171653419765
13513,142171672972175
13514,142171693552277
13515,142171713219063
13516,142171733401319
13517,142171753090867
13518,142171774261297
13519,142171793262872
13520,142171813705159
13521,142171833443529
13522,142171853618255
13523,142171873427124
13524,142171897522313
13525,142171917219952
13526,142171937556068
13527,142171958552437
13528,142171978039735
13529,142171997377827
13530,142172018546908
13531,142172037402437
13532,142172057541282
13533,142172077267168
13534,142172097636977
13535,142172117456124
13536,142172137629551
13537,142172157216329
13538,142172177676028
13539,142172197481110
13540,142172217611775
13541,142172237312209
13542,142172257772121
13543,142172277475550
13544,142172297759810
13545,142172317289169
13546,142172337688508
13547,142172357397499
13548,142172377756056
13549,142172401430752
13550,142172421653166
13551,142172441417439
13552,142172461595028
13553,142172481256852
13554,142172501627419
13555,142172521781560
13556,142172541666911
13557,142172561242551
13558,142172581633184
13559,142172601326820
13560,142172621634093
13561,142172641240917
13562,142172661569271
13563,142172681241466
13564,142172701636251
13565,142172721626427
13566,142172741757953
13567,142172761720985
13568,142172781732953
13569,142172801469052
13570,142172821702763
13571,142172841310867
13572,142172861603615
13573,142172881595279
13574,142172905653095
13575,142172925436160
13576,142172946738323
13577,142172965360487
13578,142172985505566
13579,142173005428217
13580,142173026263467
13581,142173045569663
13582,142173065508232
13583,142173085309712
13584,142173105639707
13585,142173125308289
13586,142173145510479
13587,142173165239337
13588,142173185544383
13589,142173205454809
13590,142173225610091
13591,142173245280919
13592,142173267086429
13593,142173287687847
13594,142173307830776
13595,142173325367896
13596,142173345751958
13597,142173365304679
13598,142173385609960
13599,142173409468894
13600,142173429674970
13601,142173449632598
13602,142173470309068
13603,142173489397360
13604,142173509739639
13605,142173530195772
13606,142173549828314
13607,142173569343339
13608,142173589680080
13609,142173609375052
13610,142173629589224
13611,142173649519169
13612,142173669726030
13613,142173689452473
13614,142173709595092
13615,142173729387261
13616,142173749729522
13617,142173770749258
13618,142173789965844
13619,142173809461483
13620,142173829812277
13621,142173849699163
13622,142173869690017
13623,142173889556095
13624,142173913664705
13625,142173933225329
13626,142173955427684
13627,142173973612999
13628,142173993831258
13629,142174013643726
13630,142174033858839
13631,142174053612441
13632,142174073557239
13633,142174093323534
13634,142174113613832
13635,142174133502634
13636,142174153729973
13637,142174173475403
13638,142174193554322
13639,142174213618223
13640,142174233982645
13641,142174253494220
13642,142174274034529
13643,142174293658856
13644,142174313619364
13645,142174333587091
13646,142174353692482
13647,142174373524647
13648,142174393660562
13649,142174417366941
13650,142174437798116
13651,142174457438993
13652,142174477670674
13653,142174497377638
13654,142174517874151
13655,142174537766412
13656,142174557940033
13657,142174577391629
13658,142174597698953
13659,142174617366786
13660,142174637710587
13661,142174657558765
13662,142174677851733
13663,142174697594061
13664,142174717941538
13665,142174737732018
13666,142174757819997
13667,142174778541104
13668,142174797893859
13669,142174817602159
13670,142174838077358
13671,142174857633859
13672,142174877846142
13673,142174897748664
13674,142174921908664
13675,142174941764115
13676,142174962235793
13677,142174982899309
13678,142175002034509
13679,142175022802921
13680,142175042336263
13681,142175061773927
13682,142175081972344
13683,142175101728532
13684,142175121728994
13685,142175141672396
13686,142175162034526
13687,142175181594520
13688,142175202011869
13689,142175221775450
13690,142175241816346
13691,142175261852271
13692,142175283259480
13693,142175302006879
13694,142175322120227
13695,142175341710600
13696,142175362259926
13697,142175381822622
13698,142175402043055
13699,142175425713769
13700,142175445979867
13701,142175465837244
13702,142175486051300
13703,142175505605419
13704,142175526985584
13705,142175552131481
13706,142175569506415
13707,142175586813181
13708,142175605752541
13709,142175625537246
13710,142175645825894
13711,142175665582390
13712,142175685559306
13713,142175705482372
13714,142175726389087
13715,142175745631130
13716,142175765962111
13717,142175793759319
13718,142175810266650
13719,142175827254639
13720,142175845534023
13721,142175865557211
13722,142175885741420
13723,142175905569353
13724,142175929752230
13725,142175950201887
13726,142175969800368
13727,142175989388580
13728,142176011141801
13729,142176030796256
13730,142176057827669
13731,142176075734934
13732,142176093127285
13733,142176110564746
13734,142176129809422
13735,142176149442014
13736,142176169843489
13737,142176189519629
13738,142176208602985
13739,142176227546051
13740,142176247654675
13741,142176267525986
13742,142176294654430
13743,142176310249105
13744,142176327624183
13745,142176347575107
13746,142176368294208
13747,142176389781362
13748,142176416528999
13749,142176439877328
13750,142176464516192
13751,142176489002651
13752,142176513586298
13753,142176536612593
13754,142176559839359
13755,142176580621531
13756,142176599171083
13757,142176614447640
13758,142176629719306
13759,142176644737528
13760,142176659989962
13761,142176674963913
13762,142176691662675
13763,142176711525184
13764,142176731560301
13765,142176751483781
13766,142176772950739
13767,142176791671213
13768,142176812053380
13769,142176831837078
13770,142176851836983
13771,142176871621853
13772,142176892050907
13773,142176912305859
13774,142176935718855
13775,142176956286526
13776,142176975909490
13777,142176995562259
13778,142177016062057
13779,142177035685671
13780,142177055762123
13781,142177075567362
13782,142177095688430
13783,142177115468583
13784,142177135931605
13785,142177155485860
13786,142177175758450
13787,142177196032657
13788,142177216434098
13789,142177235619769
13790,142177255858096
13791,142177275731489
13792,142177296027865
13793,142177315588611
13794,142177336040252
13795,142177355574568
13796,142177375974258
13797,142177395481019
13798,142177415964618
13799,142177439384782
13800,142177459643002
13801,142177479380134
13802,142177499679782
13803,142177519504733
13804,142177539816468
13805,142177559677189
13806,142177579737803
13807,142177599307673
13808,142177619861014
13809,142177639470175
13810,142177659706256
13811,142177679388854
13812,142177699814008
13813,142177719671172
13814,142177739705666
13815,142177759439439
13816,142177779903723
13817,142177799735151
13818,142177820103138
13819,142177839556235
13820,142177859730032
13821,142177879386003
13822,142177899658362
13823,142177919641055
13824,142177944078503
13825,142177963990225
13826,142177983912709
13827,142178003629284
13828,142178023753756
13829,142178043740507
13830,142178063849986
13831,142178083658213
13832,142178103835556
13833,142178123508283
13834,142178144051639
13835,142178163595381
13836,142178183735531
13837,142178203585873
13838,142178223775234
13839,142178243675788
13840,142178263815058
13841,142178283819802
13842,142178305937889
13843,142178323574224
13844,142178343813703
13845,142178363534007
13846,142178383743478
13847,142178403429409
13848,142178423907064
13849,142178447590928
13850,142178467865471
13851,142178487574470
13852,142178507951837
13853,142178527725314
13854,142178547914681
13855,142178567639484
13856,142178587706642
13857,142178607581553
13858,142178627643234
13859,142178647477997
13860,142178667681324
13861,142178687439090
13862,142178708852573
13863,142178731683581
13864,142178749318383
13865,142178769534560
13866,142178790642893
13867,142178809503706
13868,142178829886732
13869,142178849017160
13870,142178869302663
13871,142178889616969
13872,142178909897003
13873,142178929620047
13874,142178953899032
13875,142178974069326
13876,142178993801702
13877,142179013603884
13878,142179034505571
13879,142179054215177
13880,142179074838013
13881,142179093323487
13882,142179113435715
13883,142179133200419
13884,142179153659297
13885,142179171695122
13886,142179191986211
13887,142179213029795
13888,142179233976303
13889,142179253886979
13890,142179274089617
13891,142179294589349
13892,142179314078677
13893,142179333409048
13894,142179353630468
13895,142179373470001
13896,142179393674847
13897,142179413443718
13898,142179433796755
13899,142179457623168
13900,142179479073618
13901,142179497810978
13902,142179517938593
13903,142179537718525
13904,142179557869558
13905,142179577715195
13906,142179597861924
13907,142179617563096
13908,142179637778978
13909,142179657545960
13910,142179677821446
13911,142179699427270
13912,142179717792587
13913,142179737556269
13914,142179757777438
13915,142179777518257
13916,142179798265206
13917,142179817563226
13918,142179838788942
13919,142179857351962
13920,142179877628914
13921,142179897376484
13922,142179917836669
13923,142179941233736
13924,142179963529087
13925,142179981958057
13926,142180002007806
13927,142180021665591
13928,142180043240474
13929,142180061809214
13930,142180081915172
13931,142180101697862
13932,142180121885433
13933,142180141749778
13934,142180161875967
13935,142180181718020
13936,142180202023748
13937,142180221955348
13938,142180242932357
13939,142180261848079
13940,142180281936108
13941,142180302813279
13942,142180322067494
13943,142180341521160
13944,142180361778177
13945,142180381804289
13946,142180402062913
13947,142180421590538
13948,142180441899479
13949,142180465644397
13950,142180485937467
13951,142180505852375
13952,142180526043130
13953,142180546833255
13954,142180566251475
13955,142180585640728
13956,142180606086476
13957,142180625798818
13958,142180646135402
13959,142180665553581
13960,142180685930516
13961,142180705626120
13962,142180725980483
13963,142180745774530
13964,142180766197453
13965,142180785673027
13966,142180806786659
13967,142180825648297
13968,142180845789658
13969,142180865566152
13970,142180886020458
13971,142180905697292
13972,142180926135699
13973,142180949941487
13974,142180970002996
13975,142180989911661
13976,142181010215452
13977,142181029701731
13978,142181051365427
13979,142181069729882
13980,142181089963707
13981,142181109721662
13982,142181129963818
13983,142181149596082
13984,142181169873278
13985,142181189723296
13986,142181209862236
13987,142181229738923
13988,142181250018498
13989,142181269741424
13990,142181290512784
13991,142181309703561
13992,142181329748385
13993,142181349360043
13994,142181369663276
13995,142181389604434
13996,142181409640044
13997,142181429654504
13998,142181453632750
13999,142181473757089
14000,142181493862060
14001,142181513542297
14002,142181533882785
14003,142181554748501
14004,142181573751719
14005,142181593517587
14006,142181613642821
14007,142181633603246
14008,142181653728664
14009,142181673573049
14010,142181694438349
14011,142181713760537
14012,142181734823196
14013,142181753729612
14014,142181773723180
14015,142181794233704
14016,142181813939169
14017,142181833827086
14018,142181854080125
14019,142181873641076
14020,142181893815267
14021,142181913723135
14022,142181933858794
14023,142181954333359
14024,142181977838496
14025,142181997603799
14026,142182019996464
14027,142182037902858
14028,142182060297685
14029,142182077942317
14030,142182098242715
14031,142182117575232
14032,142182138184275
14033,142182157706626
14034,142182180926515
14035,142182198468410
14036,142182218204568
14037,142182237721190
14038,142182257999914
14039,142182277733550
14040,142182298537310
14041,142182317706878
14042,142182337874964
14043,142182357517973
14044,142182377685302
14045,142182397724895
14046,142182417732051
14047,142182437632754
14048,142182461783616
14049,142182483023242
14050,142182502090570
14051,142182521461968
14052,142182541825178
14053,142182562094583
14054,142182581975314
14055,142182601904693
14056,142182622031251
14057,142182641759075
14058,142182662063873
14059,142182681710328
14060,142182702079247
14061,142182721731557
14062,142182741993053
14063,142182761843811
14064,142182781937834
14065,142182802060011
14066,142182822068461
14067,142182841769826
14068,142182861933302
14069,142182881726888
14070,142182901887987
14071,142182921764910
14072,142182942226174
14073,142182965682915
14074,142182986436632
14075,142183005606727
14076,142183025798701
14077,142183045721386
14078,142183066934279
14079,142183085748714
14080,142183105864635
14081,142183125698694
14082,142183146397526
14083,142183165794105
14084,142183185876106
14085,142183205627774
14086,142183226005130
14087,142183246250336
14088,142183266084020
14089,142183285867191
14090,142183306671316
14091,142183329271109
14092,142183346884844
14093,142183365863654
14094,142183386271313
14095,142183405584399
14096,142183425913163
14097,142183445762688
14098,142183470091068
14099,142183489815614
14100,142183509906143
14101,142183529722424
14102,142183550310695
14103,142183570053289
14104,142183590230037
14105,142183609612386
14106,142183630105922
14107,142183649688544
14108,142183670054766
14109,142183689777643
14110,142183709871916
14111,142183729676212
14112,142183750076967
14113,142183769802100
14114,142183789939725
14115,142183810947537
14116,142183830466285
14117,142183849991037
14118,142183869986816
14119,142183889741866
14120,142183909987904
14121,142183929823335
14122,142183950658425
14123,142183973416448
14124,142183995649678
14125,142184013603975
14126,142184033770584
14127,142184054765911
14128,142184074074658
14129,142184093754136
14130,142184113705009
14131,142184133478371
14132,142184153984826
14133,142184173515350
14134,142184193758210
14135,142184213515218
14136,142184233845934
14137,142184253677333
14138,142184273826173
14139,142184293954254
14140,142184315009313
14141,142184333915841
14142,142184353937948
14143,142184373965040
14144,142184394018002
14145,142184413896612
14146,142184433939929
14147,142184453905412
14148,142184478057581
14149,142184497874673
14150,142184517923398
14151,142184538156222
14152,142184559006145
14153,142184578148479
14154,142184598224733
14155,142184617778535
14156,142184637948765
14157,142184657946087
14158,142184678044787
14159,142184697931506
14160,142184718126322
14161,142184738313417
14162,142184758239918
14163,142184777781829
14164,142184798239244
14165,142184819705573
14166,142184838296761
14167,142184857761015
14168,142184878106349
14169,142184897816753
14170,142184918273670
14171,142184937710768
14172,142184959340898
14173,142184981722932
14174,142185002252674
14175,142185021978693
14176,142185041945956
14177,142185063454610
14178,142185082477823
14179,142185101885802
14180,142185122053625
14181,142185141778722
14182,142185162105948
14183,142185181841179
14184,142185202074017
14185,142185221719538
14186,142185242029789
14187,142185261979781
14188,142185282038776
14189,142185301976556
14190,142185323046232
14191,142185341846296
14192,142185362167179
14193,142185381761669
14194,142185402316098
14195,142185421711211
14196,142185442155274
14197,142185461753287
14198,142185486571638
14199,142185505921595
14200,142185526097127
14201,142185545601771
14202,142185566775377
14203,142185585855203
14204,142185606160007
14205,142185625736047
14206,142185645922497
14207,142185665634399
14208,142185685979739
14209,142185705712487
14210,142185726091585
14211,142185745629380
14212,142185766054423
14213,142185785601376
14214,142185806266055
14215,142185826330268
14216,142185846130044
14217,142185865655020
14218,142185886045906
14219,142185905883145
14220,142185926028924
14221,142185946868487
14222,142185966526213
14223,142185989807322
14224,142186010142929
14225,142186029695321
14226,142186050071340
14227,142186070788350
14228,142186090108140
14229,142186109678945
14230,142186129988603
14231,142186149650290
14232,142186169936311
14233,142186189608635
14234,142186209970897
14235,142186229715786
14236,142186250560531
14237,142186269738051
14238,142186289974041
14239,142186309880537
14240,142186330223936
14241,142186349954199
14242,142186369954913
14243,142186389844592
14244,142186410096991
14245,142186429715342
14246,142186450195058
14247,142186469655868
14248,142186494040628
14249,142186513932384
14250,142186534203576
14251,142186553826914
14252,142186574418633
14253,142186593708632
14254,142186614036359
14255,142186633780645
14256,142186654226475
14257,142186673764344
14258,142186693826639
14259,142186713669158
14260,142186734188354
14261,142186753734912
14262,142186774087851
14263,142186793603288
14264,142186814506420
14265,142186834290683
14266,142186853971173
14267,142186873857018
14268,142186893987873
14269,142186914317211
14270,142186934056690
14271,142186954378832
14272,142186973994289
14273,142186998192300
14274,142187018253376
14275,142187037737948
14276,142187058060308
14277,142187079138347
14278,142187098332230
14279,142187117892024
14280,142187138088532
14281,142187157818873
14282,142187177982737
14283,142187197753189
14284,142187218036486
14285,142187237778583
14286,142187258026510
14287,142187277678628
14288,142187297968518
14289,142187318088376
14290,142187338463439
14291,142187357738903
14292,142187378111602
14293,142187397661880
14294,142187418233362
14295,142187437959049
14296,142187458042039
14297,142187477743333
14298,142187502114315
14299,142187521758967
14300,142187542087482
14301,142187561796251
14302,142187582215539
14303,142187601758514
14304,142187622030655
14305,142187641942521
14306,142187662224191
14307,142187681743468
14308,142187702027660
14309,142187721733369
14310,142187742356528
14311,142187761964112
14312,142187782401809
14313,142187801645349
14314,142187822481412
14315,142187841997664
14316,142187862280964
14317,142187881792065
14318,142187902022905
14319,142187921739424
14320,142187942023528
14321,142187962109726
14322,142187982152346
14323,142188006302569
14324,142188026052153
14325,142188045540265
14326,142188066609391
14327,142188086145704
14328,142188105936428
14329,142188125632217
14330,142188146035307
14331,142188165805904
14332,142188185984248
14333,142188205579292
14334,142188225861368
14335,142188245747599
14336,142188266058744
14337,142188285723115
14338,142188306031227
14339,142188326242041
14340,142188349853362
14341,142188367120033
14342,142188386096819
14343,142188405623269
14344,142188425835250
14345,142188445592874
14346,142188466175315
14347,142188485686728
14348,142188510009226
14349,142188529133444
14350,142188549247987
14351,142188571089234
14352,142188590106855
14353,142188609639935
14354,142188629993586
14355,142188649558925
14356,142188669876942
14357,142188689608652
14358,142188709974528
14359,142188728991619
14360,142188749497644
14361,142188769658706
14362,142188790031884
14363,142188809623330
14364,142188831658077
14365,142188849844776
14366,142188870088130
14367,142188889822275
14368,142188910254828
14369,142188929141966
14370,142188950100773
14371,142188969869872
14372,142188990115427
14373,142189020595490
14374,142189038894623
14375,142189056867403
14376,142189076768179
14377,142189094889243
14378,142189114371032
14379,142189133178197
14380,142189154124204
14381,142189174181804
14382,142189194219667
14383,142189214050619
14384,142189234234553
14385,142189255837777
14386,142189274514171
14387,142189293832268
14388,142189314335439
14389,142189335293512
14390,142189353790806
14391,142189373882545
14392,142189394322521
14393,142189413908214
14394,142189434504829
14395,142189453837181
14396,142189474445659
14397,142189493963912
14398,142189518122735
14399,142189537296173
14400,142189557512081
14401,142189579704316
14402,142189598524649
14403,142189618046046
14404,142189638307179
14405,142189657279293
14406,142189677621405
14407,142189698060887
14408,142189718270716
14409,142189738154653
14410,142189758278117
14411,142189777953440
14412,142189798311172
14413,142189817294725
14414,142189839764082
14415,142189858156055
14416,142189878069214
14417,142189898259199
14418,142189918147916
14419,142189937302630
14420,142189957894392
14421,142189978040556
14422,142190000367871
14423,142190021853397
14424,142190042032039
14425,142190061994236
14426,142190082580997
14427,142190101166566
14428,142190121582707
14429,142190142128823
14430,142190162124187
14431,142190181982115
14432,142190202378025
14433,142190221418064
14434,142190241594442
14435,142190261824168
14436,142190282319579
14437,142190302267397
14438,142190322295296
14439,142190342955535
14440,142190362218760
14441,142190381441287
14442,142190401677213
14443,142190421920635
14444,142190442452757
14445,142190461939761
14446,142190482207759
14447,142190501280571
14448,142190525623026
14449,142190545811399
14450,142190566180531
14451,142190587862481
14452,142190606314153
14453,142190625994619
14454,142190646354339
14455,142190665362587
14456,142190685624476
14457,142190705881149
14458,142190726252649
14459,142190747006969
14460,142190766520348
14461,142190785261116
14462,142190805753717
14463,142190834234425
14464,142190854304060
14465,142190873127247
14466,142190891306093
14467,142190908959517
14468,142190926765453
14469,142190945892023
14470,142190965743688
14471,142190986060144
14472,142191006229923
14473,142191029967472
14474,142191050359628
14475,142191069955318
14476,142191090173604
14477,142191110042357
14478,142191130327684
14479,142191150106337
14480,142191170213282
14481,142191190057059
14482,142191210230422
14483,142191229325845
14484,142191249629962
14485,142191269979128
14486,142191290026182
14487,142191309967869
14488,142191330494718
14489,142191349537447
14490,142191369641810
14491,142191389871543
14492,142191410181664
14493,142191429963967
14494,142191450149186
14495,142191470066940
14496,142191490289497
14497,142191509879080
14498,142191533662653
14499,142191553734462
14500,142191574250227
14501,142191594355268
14502,142191614191181
14503,142191633321882
14504,142191653498094
14505,142191673845272
14506,142191694061044
14507,142191714025281
14508,142191734091810
14509,142191753966889
14510,142191774349261
14511,142191793218010
14512,142191813498971
14513,142191834348422
14514,142191854372909
14515,142191874022957
14516,142191894376941
14517,142191913461000
14518,142191933527750
14519,142191955512942
14520,142191974396248
14521,142191993832758
14522,142192014155035
14523,142192037866657
14524,142192058397444
14525,142192077176923
14526,142192098695986
14527,142192117869889
14528,142192138244851
14529,142192158046964
14530,142192178339965
14531,142192197092466
14532,142192217588894
14533,142192237791594
14534,142192259187287
14535,142192277620771
14536,142192297775872
14537,142192317948580
14538,142192339023720
14539,142192358179774
14540,142192378507179
14541,142192397392019
14542,142192417590219
14543,142192438161988
14544,142192458252035
14545,142192477384679
14546,142192497672760
14547,142192517771348
14548,142192542205065
14549,142192561508366
14550,142192581573501
14551,142192603251605
14552,142192622423720
14553,142192641515704
14554,142192661839568
14555,142192682185634
14556,142192702606613
14557,142192721290104
14558,142192741639069
14559,142192762063592
14560,142192782327049
14561,142192801368558
14562,142192821854887
14563,142192843250559
14564,142192862492062
14565,142192881399004
14566,142192901627160
14567,142192922000949
14568,142192942354328
14569,142192961755711
14570,142192981901297
14571,142193004170643
14572,142193022870405
14573,142193045635594
14574,142193065855625
14575,142193086262166
14576,142193107584652
14577,142193125539061
14578,142193145866468
14579,142193166180752
14580,142193186524215
14581,142193205534819
14582,142193225847760
14583,142193246129074
14584,142193266376873
14585,142193285430962
14586,142193305832790
14587,142193326187899
14588,142193347818572
14589,142193369202452
14590,142193386749081
14591,142193405752343
14592,142193426064274
14593,142193446161687
14594,142193466525270
14595,142193485642909
14596,142193506043975
14597,142193526199766
14598,142193550534507
14599,142193569505839
14600,142193590832512
14601,142193609921389
14602,142193630038335
14603,142193650105142
14604,142193670502435
14605,142193689720979
14606,142193709798468
14607,142193729718298
14608,142193750141424
14609,142193771088806
14610,142193790768217
14611,142193809498345
14612,142193829832398
14613,142193850944477
14614,142193870097223
14615,142193890565621
14616,142193910486138
14617,142193929658280
14618,142193950659827
14619,142193969488399
14620,142193989812638
14621,142194010981517
14622,142194030459978
14623,142194053564270
14624,142194073910074
14625,142194095093489
14626,142194114262517
14627,142194134237182
14628,142194154650301
14629,142194173607186
14630,142194194095074
14631,142194213497532
14632,142194233969583
14633,142194254326734
14634,142194274552256
14635,142194293608632
14636,142194314041611
14637,142194333518807
14638,142194355585218
14639,142194374399518
14640,142194394547840
14641,142194413659470
14642,142194433801139
14643,142194453557400
14644,142194473818521
14645,142194494147313
14646,142194516956549
14647,142194534210941
14648,142194557940700
14649,142194577593095
14650,142194599255467
14651,142194618791397
14652,142194638595956
14653,142194657752344
14654,142194678031162
14655,142194697548347
14656,142194717943870
14657,142194738445934
14658,142194758463317
14659,142194777632384
14660,142194797846115
14661,142194817633019
14662,142194838031260
14663,142194860276092
14664,142194878659193
14665,142194897640559
14666,142194918144548
14667,142194937879938
14668,142194958718469
14669,142194978250057
14670,142194998996584
14671,142195017680321
14672,142195037827997
14673,142195061571085
14674,142195081842669
14675,142195104697264
14676,142195123096214
14677,142195141650036
14678,142195161973477
14679,142195181457521
14680,142195201856622
14681,142195222392923
14682,142195242475994
14683,142195262002027
14684,142195282057700
14685,142195301573691
14686,142195321879255
14687,142195342220383
14688,142195363854491
14689,142195381723369
14690,142195401955098
14691,142195421620460
14692,142195442096111
14693,142195462313974
14694,142195482435196
14695,142195501670620
14696,142195521832738
14697,142195541613494
14698,142195566055652
14699,142195586180494
14700,142195607160748
14701,142195625802844
14702,142195645913767
14703,142195665673234
14704,142195685793452
14705,142195706136991
14706,142195726410643
14707,142195745546531
14708,142195765774921
14709,142195785571642
14710,142195805891329
14711,142195826110275
14712,142195846590552
14713,142195866196876
14714,142195885924844
14715,142195905904126
14716,142195925929073
14717,142195946914860
14718,142195966827936
14719,142195985738634
14720,142196006787254
14721,142196026675580
14722,142196046075109
14723,142196070732653
14724,142196090382003
14725,142196111927282
14726,142196130062288
14727,142196149830642
14728,142196169949495
14729,142196190512269
14730,142196210766453
14731,142196229582292
14732,142196250114446
14733,142196269667898
14734,142196290062750
14735,142196310370363
14736,142196330565487
14737,142196350326874
14738,142196370244607
14739,142196389731535
14740,142196409944795
14741,142196430300257
14742,142196450629920
14743,142196469623442
14744,142196489995760
14745,142196509506362
14746,142196530049919
14747,142196550444028
14748,142196574618686
14749,142196593595717
14750,142196614347996
14751,142196634227314
14752,142196653950134
14753,142196674232862
14754,142196694624559
14755,142196713568903
14756,142196733990072
14757,142196753654339
14758,142196774339214
14759,142196794291285
14760,142196814633108
14761,142196833580855
14762,142196854316993
14763,142196874009295
14764,142196893875673
14765,142196916834061
14766,142196935131582
14767,142196953718125
14768,142196973678327
14769,142196994359212
14770,142197014627459
14771,142197033790841
14772,142197054048704
14773,142197077667405
14774,142197097993046
14775,142197118393644
14776,142197138827791
14777,142197157834797
14778,142197178035064
14779,142197197614081
14780,142197217955153
14781,142197238372100
14782,142197258683717
14783,142197277682378
14784,142197298014645
14785,142197317836440
14786,142197337887679
14787,142197358719401
14788,142197379205233
14789,142197397896585
14790,142197417974364
14791,142197437628661
14792,142197458070372
14793,142197478280574
14794,142197498572900
14795,142197517841683
14796,142197538300740
14797,142197557801199
14798,142197581960514
14799,142197601617745
14800,142197622213680
14801,142197642356674
14802,142197662702964
14803,142197681913128
14804,142197701921970
14805,142197721739650
14806,142197741893985
14807,142197762463002
14808,142197782713741
14809,142197801272976
14810,142197821535147
14811,142197842222058
14812,142197863194855
14813,142197881550176
14814,142197901670209
14815,142197922350205
14816,142197942694250
14817,142197961950491
14818,142197981666632
14819,142198002401777
14820,142198022923793
14821,142198041090777
14822,142198061671889
14823,142198086316801
14824,142198106820070
14825,142198125474416
14826,142198145415484
14827,142198166583156
14828,142198186750164
14829,142198205152020
14830,142198225633307
14831,142198246216588
14832,142198268376159
14833,142198285424209
14834,142198305519345
14835,142198326624029
14836,142198346722147
14837,142198365649091
14838,142198390166190
14839,142198408485372
14840,142198426675743
14841,142198445052436
14842,142198465500044
14843,142198486374023
14844,142198506665795
14845,142198525223466
14846,142198545620194
14847,142198566239633
14848,142198590726126
14849,142198609474711
14850,142198629799903
14851,142198650840203
14852,142198670777629
14853,142198689380880
14854,142198709638646
14855,142198730343034
14856,142198750887655
14857,142198769296645
14858,142198789512349
14859,142198810529858
14860,142198830788650
14861,142198849216642
14862,142198870038721
14863,142198890527256
14864,142198911106606
14865,142198929342736
14866,142198950112629
14867,142198970484218
14868,142198990628540
14869,142199009571927
14870,142199029955683
14871,142199050613601
14872,142199070779414
14873,142199092914358
14874,142199114396363
14875,142199134837570
14876,142199154725125
14877,142199173156269
14878,142199193646926
14879,142199214420585
14880,142199234695470
14881,142199253235778
14882,142199273667508
14883,142199294314745
14884,142199314892099
14885,142199333320408
14886,142199353413198
14887,142199374944240
14888,142199394874245
14889,142199413210742
14890,142199433450534
14891,142199454414210
14892,142199474817333
14893,142199493204168
14894,142199513440927
14895,142199534435600
14896,142199554785092
14897,142199573219444
14898,142199597479969
14899,142199618763783
14900,142199638907619
14901,142199657445221
14902,142199677503668
14903,142199698375569
14904,142199718620987
14905,142199737194992
14906,142199757645544
14907,142199780336532
14908,142199798717832
14909,142199817282911
14910,142199837770635
14911,142199858399048
14912,142199880132524
14913,142199897318520
14914,142199917690427
14915,142199938645177
14916,142199959630571
14917,142199977209287
14918,142199997497151
14919,142200028903669
14920,142200055105308
14921,142200072027976
14922,142200089410672
14923,142200107677843
14924,142200128032528
14925,142200145142042
14926,142200162881586
14927,142200182383487
14928,142200202641834
14929,142200221315796
14930,142200241588564
14931,142200262467516
14932,142200282655763
14933,142200301134971
14934,142200321670303
14935,142200342443519
14936,142200362819734
14937,142200382130862
14938,142200401687193
14939,142200422479172
14940,142200442775322
14941,142200461273920
14942,142200481562758
14943,142200501735142
14944,142200523940394
14945,142200542107107
14946,142200562122500
14947,142200581878276
14948,142200605986687
14949,142200627328932
14950,142200646191656
14951,142200665822932
14952,142200686319549
14953,142200705694934
14954,142200726035914
14955,142200745971266
14956,142200766056809
14957,142200785971791
14958,142200806058385
14959,142200825637864
14960,142200846037313
14961,142200865760991
14962,142200886832095
14963,142200905931809
14964,142200926156467
14965,142200946666613
14966,142200966178918
14967,142200985833211
14968,142201006148933
14969,142201025691521
14970,142201046242568
14971,142201065997624
14972,142201086261626
14973,142201109881373
14974,142201131828796
14975,142201149932987
14976,142201170291804
14977,142201189875224
14978,142201210094501
14979,142201229696508
14980,142201250060019
14981,142201270226279
14982,142201290258250
14983,142201309853444
14984,142201330058986
14985,142201349804417
14986,142201370627732
14987,142201390268657
14988,142201410085024
14989,142201429818334
14990,142201450097971
14991,142201469889161
14992,142201490183787
14993,142201509974006
14994,142201529983227
14995,142201549829509
14996,142201570233914
14997,142201589994848
14998,142201614161993
14999,142201635407257
15000,142201654098684
15001,142201673741246
15002,142201694030160
15003,142201713978077
15004,142201734107069
15005,142201753728306
15006,142201774369859
15007,142201793861297
15008,142201814199477
15009,142201833718141
15010,142201854061746
15011,142201875196889
15012,142201894526619
15013,142201913899416
15014,142201934379694
15015,142201954883925
15016,142201974127424
15017,142201993836675
15018,142202014670983
15019,142202035529996
15020,142202054151972
15021,142202073832573
15022,142202094228946
15023,142202117757721
15024,142202140433312
15025,142202158233389
15026,142202178329384
15027,142202197832071
15028,142202218076006
15029,142202237793539
15030,142202258046073
15031,142202277805940
15032,142202298114517
15033,142202317774642
15034,142202338115611
15035,142202357775778
15036,142202379321789
15037,142202398231307
15038,142202418443260
15039,142202437938072
15040,142202458079570
15041,142202477750751
15042,142202498228000
15043,142202518013742
15044,142202538336667
15045,142202557822022
15046,142202578169401
15047,142202597842071
15048,142202622119452
15049,142202643051620
15050,142202662351286
15051,142202682272527
15052,142202702328708
15053,142202721779813
15054,142202742191801
15055,142202761758222
15056,142202783853043
15057,142202802027770
15058,142202822111287
15059,142202842045418
15060,142202862119241
15061,142202883205368
15062,142202902697400
15063,142202921840197
15064,142202942598825
15065,142202962023672
15066,142202982198056
15067,142203002233479
15068,142203022178225
15069,142203041791301
15070,142203062116689
15071,142203082499403
15072,142203102338373
15073,142203126075550
15074,142203147335989
15075,142203166132983
15076,142203186603740
15077,142203205939001
15078,142203226394979
15079,142203245835934
15080,142203266300977
15081,142203285925025
15082,142203306639717
15083,142203326024285
15084,142203346293804
15085,142203365877825
15086,142203387937669
15087,142203409254193
15088,142203427096581
15089,142203446150560
15090,142203466173783
15091,142203485395806
15092,142203505705461
15093,142203526777248
15094,142203546743442
15095,142203566283235
15096,142203586352267
15097,142203606012679
15098,142203631318514
15099,142203649873833
15100,142203669761739
15101,142203690122781
15102,142203710335603
15103,142203730152439
15104,142203750294995
15105,142203770006025
15106,142203790258097
15107,142203809507423
15108,142203829682808
15109,142203850048773
15110,142203870271835
15111,142203891487127
15112,142203910331740
15113,142203930003690
15114,142203951538754
15115,142203969745512
15116,142203989746835
15117,142204010089632
15118,142204030497843
15119,142204050281625
15120,142204070213271
15121,142204089409242
15122,142204110006131
15123,142204134657791
15124,142204154501733
15125,142204173893891
15126,142204194236300
15127,142204213532075
15128,142204233867403
15129,142204254066900
15130,142204275227523
15131,142204294266180
15132,142204314480284
15133,142204334138729
15134,142204354600149
15135,142204373357524
15136,142204395227304
15137,142204414330930
15138,142204434480531
15139,142204454203061
15140,142204474200635
15141,142204493387515
15142,142204513866235
15143,142204534121414
15144,142204554589418
15145,142204573903854
15146,142204594316024
15147,142204613584179
15148,142204639485786
15149,142204658428829
15150,142204678407703
15151,142204698146667
15152,142204718317462
15153,142204737961546
15154,142204758631463
15155,142204777563775
15156,142204797745295
15157,142204818121559
15158,142204838324822
15159,142204858156434
15160,142204878425422
15161,142204898862930
15162,142204917889206
15163,142204937965798
15164,142204959149050
15165,142204977970932
15166,142204998327497
15167,142205017609885
15168,142205039621791
15169,142205058326829
15170,142205078279262
15171,142205097995339
15172,142205118348461
15173,142205143827711
15174,142205163104135
15175,142205181817990
15176,142205201937504
15177,142205221843315
15178,142205242368531
15179,142205261629864
15180,142205281722158
15181,142205301980608
15182,142205322326323
15183,142205341513261
15184,142205361928272
15185,142205382164177
15186,142205403589445
15187,142205421970979
15188,142205442531226
15189,142205461617818
15190,142205481867277
15191,142205501990162
15192,142205522384547
15193,142205541381752
15194,142205562065483
15195,142205582024368
15196,142205602464331
15197,142205621543922
15198,142205647212693
15199,142205666537479
15200,142205686624629
15201,142205705975837
15202,142205726234979
15203,142205745394151
15204,142205765976804
15205,142205787779667
15206,142205806520066
15207,142205825995762
15208,142205846221323
15209,142205865568403
15210,142205885851775
15211,142205906836069
15212,142205926432131
15213,142205948876216
15214,142205966485347
15215,142205986181627
15216,142206006915889
15217,142206026038273
15218,142206046367687
15219,142206065677866
15220,142206085822438
15221,142206106020483
15222,142206126458054
15223,142206149893728
15224,142206170161658
15225,142206190037799
15226,142206210692754
15227,142206229419209
15228,142206249820891
15229,142206270065673
15230,142206290260070
15231,142206310144212
15232,142206330262442
15233,142206349389785
15234,142206369862103
15235,142206391154629
15236,142206410879774
15237,142206429678236
15238,142206449683893
15239,142206470094139
15240,142206490397473
15241,142206509599297
15242,142206530914434
15243,142206550349587
15244,142206570559634
15245,142206590133791
15246,142206610295459
15247,142206629404937
15248,142206655572234
15249,142206674263737
15250,142206694398747
15251,142206714659246
15252,142206734329125
15253,142206753387284
15254,142206775760309
15255,142206794064045
15256,142206814597621
15257,142206833473819
15258,142206853857489
15259,142206874094080
15260,142206896112375
15261,142206915480995
15262,142206934441114
15263,142206954148022
15264,142206974073874
15265,142206993974609
15266,142207015239264
15267,142207033709440
15268,142207053951564
15269,142207074401209
15270,142207094342441
15271,142207113712348
15272,142207133841674
15273,142207160100104
15274,142207178636699
15275,142207198239101
15276,142207218682540
15277,142207237438171
15278,142207257778889
15279,142207278404893
15280,142207299385051
15281,142207317745332
15282,142207337854055
15283,142207358041674
15284,142207378512236
15285,142207399089872
15286,142207418219982
15287,142207438163008
15288,142207458344307
15289,142207478110676
15290,142207498491295
15291,142207517656453
15292,142207537830092
15293,142207558021760
15294,142207578591899
15295,142207597439847
15296,142207618041741
15297,142207638228602
15298,142207663246700
15299,142207681629327
15300,142207701873278
15301,142207722354489
15302,142207742418359
15303,142207762127075
15304,142207782521949
15305,142207801457892
15306,142207822045510
15307,142207842140464
15308,142207862477644
15309,142207881585767
15310,142207903210511
15311,142207922427880
15312,142207942522762
15313,142207961843342
15314,142207981682066
15315,142208001848207
15316,142208022216708
15317,142208042376582
15318,142208062468064
15319,142208081503293
15320,142208101716656
15321,142208122100876
15322,142208142335874
15323,142208166537903
15324,142208185892072
15325,142208206113746
15326,142208226725883
15327,142208245708459
15328,142208265883811
15329,142208285923540
15330,142208306344264
15331,142208326255834
15332,142208346299724
15333,142208365429070
15334,142208385720468
15335,142208407488011
15336,142208431205250
15337,142208448284511
15338,142208465804795
15339,142208486212056
15340,142208506328399
15341,142208525705788
15342,142208545816582
15343,142208566083468
15344,142208586543057
15345,142208606119181
15346,142208626663165
15347,142208645727078
15348,142208670171578
15349,142208690239260
15350,142208710550164
15351,142208730217359
15352,142208749862632
15353,142208770039336
15354,142208792176646
15355,142208809613409
15356,142208830076213
15357,142208850410989
15358,142208870573752
15359,142208890215595
15360,142208911773494
15361,142208929824993
15362,142208950764487
15363,142208970103848
15364,142208990580789
15365,142209009649254
15366,142209029889818
15367,142209050272079
15368,142209070447043
15369,142209089597311
15370,142209109895257
15371,142209130134356
15372,142209150795377
15373,142209174756056
15374,142209194671595
15375,142209213699774
15376,142209234145364
15377,142209254279157
15378,142209274646043
15379,142209293697230
15380,142209313939201
15381,142209334199838
15382,142209354695951
15383,142209373730510
15384,142209394113502
15385,142209415907306
15386,142209434605488
15387,142209454176881
15388,142209474583250
15389,142209493595120
15390,142209513892027
15391,142209534289723
15392,142209554670980
15393,142209573715430
15394,142209593850847
15395,142209614011911
15396,142209634435544
15397,142209653977608
15398,142209678163058
15399,142209698261429
15400,142209718378494
15401,142209738182984
15402,142209758407891
15403,142209777653391
15404,142209797940880
15405,142209817972562
15406,142209838402909
15407,142209857585248
15408,142209877824691
15409,142209898055412
15410,142209919258198
15411,142209937705607
15412,142209960302654
15413,142209978255950
15414,142209998438821
15415,142210018007487
15416,142210038338398
15417,142210057763347
15418,142210078191546
15419,142210098153021
15420,142210118413043
15421,142210137599311
15422,142210159640011
15423,142210182387810
15424,142210202345510
15425,142210221615008
15426,142210241880910
15427,142210262187364
15428,142210282528575
15429,142210303366427
15430,142210322533066
15431,142210341588155
15432,142210361949456
15433,142210382357949
15434,142210402631732
15435,142210422897417
15436,142210441968471
15437,142210462035012
15438,142210482409038
15439,142210501675397
15440,142210522049811
15441,142210542095397
15442,142210562450234
15443,142210581745832
15444,142210602002406
15445,142210622315520
15446,142210642363209
15447,142210662956577
15448,142210686029700
15449,142210705760799
15450,142210725897049
15451,142210746569907
15452,142210766636568
15453,142210785768375
15454,142210805913826
15455,142210826229051
15456,142210846588635
15457,142210865581006
15458,142210886346947
15459,142210906002076
15460,142210926287164
15461,142210946541563
15462,142210966690552
15463,142210985668010
15464,142211006318504
15465,142211026147232
15466,142211047121114
15467,142211065896033
15468,142211086035745
15469,142211105616663
15470,142211126104868
15471,142211146152727
15472,142211167339107
15473,142211190671929
15474,142211210802683
15475,142211229822438
15476,142211250015221
15477,142211270140712
15478,142211290587723
15479,142211309705703
15480,142211329986776
15481,142211349762482
15482,142211370050496
15483,142211390417833
15484,142211411422881
15485,142211430872596
15486,142211450801898
15487,142211469727882
15488,142211490195784
15489,142211510478038
15490,142211530657149
15491,142211549773873
15492,142211570096918
15493,142211589681314
15494,142211610329861
15495,142211630337827
15496,142211650732363
15497,142211670621606
15498,142211694832644
15499,142211713843307
15500,142211733994202
15501,142211754232444
15502,142211774462237
15503,142211794074355
15504,142211814043896
15505,142211834323157
15506,142211854535616
15507,142211873603019
15508,142211893974530
15509,142211914469898
15510,142211934860845
15511,142211954043232
15512,142211973823831
15513,142211993511241
15514,142212016139659
15515,142212034214615
15516,142212054483248
15517,142212073728516
15518,142212093969799
15519,142212114201665
15520,142212134456774
15521,142212153709494
15522,142212175441366
15523,142212198929577
15524,142212218104199
15525,142212238529871
15526,142212258697531
15527,142212277662670
15528,142212297975591
15529,142212318495006
15530,142212338628164
15531,142212357797576
15532,142212378005738
15533,142212397805942
15534,142212418439512
15535,142212438760742
15536,142212458781970
15537,142212477668096
15538,142212497946988
15539,142212518185334
15540,142212538852242
15541,142212558757145
15542,142212578154357
15543,142212597824509
15544,142212618141834
15545,142212638544301
15546,142212658502251
15547,142212679525395
15548,142212702126762
15549,142212722153425
15550,142212742734130
15551,142212762292597
15552,142212781880187
15553,142212801640695
15554,142212821947554
15555,142212842283786
15556,142212862577398
15557,142212881695511
15558,142212901903005
15559,142212922620188
15560,142212942976064
15561,142212961842363
15562,142212982000205
15563,142213001682888
15564,142213021855307
15565,142213042534232
15566,142213062570651
15567,142213081683083
15568,142213101836225
15569,142213122317796
15570,142213142807075
15571,142213161797235
15572,142213184101509
15573,142213205748978
15574,142213226015391
15575,142213246298353
15576,142213266585116
15577,142213285521591
15578,142213307651083
15579,142213326153885
15580,142213346613506
15581,142213365591085
15582,142213385867413
15583,142213405479635
15584,142213426875090
15585,142213449084872
15586,142213466989744
15587,142213485691548
15588,142213505783140
15589,142213526151276
15590,142213546262567
15591,142213565580997
15592,142213585888751
15593,142213605581854
15594,142213625871781
15595,142213646040512
15596,142213666415884
15597,142213685900766
15598,142213709930606
15599,142213730163613
15600,142213750304598
15601,142213769447322
15602,142213789875754
15603,142213809426511
15604,142213829931431
15605,142213849983429
15606,142213870326789
15607,142213889467753
15608,142213909909949
15609,142213931082892
15610,142213950973982
15611,142213969608285
15612,142213989793286
15613,142214009656290
15614,142214029984169
15615,142214050973270
15616,142214076344535
15617,142214093316598
15618,142214110525947
15619,142214130049675
15620,142214150364446
15621,142214169950693
15622,142214190158995
15623,142214213668357
15624,142214233977833
15625,142214254199436
15626,142214274573460
15627,142214293633352
15628,142214313962168
15629,142214334292090
15630,142214354556340
15631,142214373624994
15632,142214393907007
15633,142214413565325
15634,142214434828342
15635,142214454452300
15636,142214474786409
15637,142214493676586
15638,142214513959506
15639,142214534126552
15640,142214554584373
15641,142214573780758
15642,142214593977933
15643,142214613708181
15644,142214634015341
15645,142214654183119
15646,142214675295462
15647,142214693948681
15648,142214717997550
15649,142214738116579
15650,142214758615174
15651,142214777453708
15652,142214798512950
15653,142214817820495
15654,142214838065880
15655,142214857796711
15656,142214877939129
15657,142214897758972
15658,142214917944081
15659,142214939370798
15660,142214958376219
15661,142214977608058
15662,142214998010106
15663,142215017489523
15664,142215037784025
15665,142215057568128
15666,142215077991614
15667,142215098121027
15668,142215118686691
15669,142215137682982
15670,142215158067747
15671,142215178436431
15672,142215198338280
15673,142215221738502
15674,142215241958471
15675,142215261649919
15676,142215281767346
15677,142215301524237
15678,142215321817333
15679,142215341499221
15680,142215361884306
15681,142215381389293
15682,142215401831111
15683,142215421413849
15684,142215442307628
15685,142215461677802
15686,142215481878258
15687,142215502061121
15688,142215522621014
15689,142215541702884
15690,142215562397865
15691,142215581803748
15692,142215602057482
15693,142215621610973
15694,142215641995853
15695,142215661710495
15696,142215682834617
15697,142215701671658
15698,142215725897681
15699,142215745973652
15700,142215766528735
15701,142215785649816
15702,142215805829968
15703,142215825631631
15704,142215845952316
15705,142215865583583
15706,142215885993464
15707,142215905622225
15708,142215926546842
15709,142215947516324
15710,142215967343828
15711,142215985817871
15712,142216006220059
15713,142216025709323
15714,142216046205710
15715,142216065898880
15716,142216086153546
15717,142216105871765
15718,142216126013798
15719,142216145846206
15720,142216166346797
15721,142216186412091
15722,142216206198496
15723,142216229771486
15724,142216250082758
15725,142216270527360
15726,142216290688478
15727,142216311692641
15728,142216330126475
15729,142216349840629
15730,142216370164171
15731,142216389666095
15732,142216410241030
15733,142216431003086
15734,142216450411067
15735,142216469964295
15736,142216490108900
15737,142216509897887
15738,142216530243900
15739,142216549754188
15740,142216570203398
15741,142216589640161
15742,142216610111862
15743,142216629825836
15744,142216650134200
15745,142216669932049
15746,142216691175091
15747,142216709912843
15748,142216734207318
15749,142216753926258
15750,142216774218358
15751,142216794279436
15752,142216814172302
15753,142216833702921
15754,142216854311971
15755,142216873888055
15756,142216893941514
15757,142216915892084
15758,142216935621793
15759,142216954769504
15760,142216974186283
15761,142216993854761
15762,142217014101205
15763,142217033978624
15764,142217054997158
15765,142217074039650
15766,142217094083251
15767,142217113740761
15768,142217134111678
15769,142217153856897
15770,142217174385720
15771,142217194912133
15772,142217214210347
15773,142217237825749
15774,142217258117628
15775,142217277805339
15776,142217298170486
15777,142217317851741
15778,142217338129230
15779,142217357846463
15780,142217377970567
15781,142217397692413
15782,142217418116205
15783,142217438639339
15784,142217458029352
15785,142217477720236
15786,142217498120110
15787,142217517626004
15788,142217538213898
15789,142217557757621
15790,142217578166981
15791,142217597681640
15792,142217618182886
15793,142217637825712
15794,142217658066033
15795,142217677967268
15796,142217698715192
15797,142217717863374
15798,142217742126509
15799,142217761772915
15800,142217782045312
15801,142217802062043
15802,142217822157149
15803,142217841824769
15804,142217862280823
15805,142217881699649
15806,142217902142824
15807,142217921691640
15808,142217944096619
15809,142217962037109
15810,142217982169297
15811,142218001858695
15812,142218022478023
15813,142218041737725
15814,142218062138977
15815,142218081809335
15816,142218102153004
15817,142218121653893
15818,142218142086633
15819,142218161924233
15820,142218182776184
15821,142218202160702
15822,142218222230831
15823,142218245788812
15824,142218266337436
15825,142218285771318
15826,142218306100544
15827,142218325834043
15828,142218346141105
15829,142218365855863
15830,142218386142202
15831,142218405882867
15832,142218426070499
15833,142218447808497
15834,142218468047878
15835,142218485668049
15836,142218506125815
15837,142218525849823
15838,142218546208635
15839,142218566435184
15840,142218586286658
15841,142218605938016
15842,142218626181294
15843,142218645964854
15844,142218666370312
15845,142218686658766
15846,142218706185172
15847,142218726232271
15848,142218750042177
15849,142218769808500
15850,142218790196264
15851,142218809807129
15852,142218830306560
15853,142218849879942
15854,142218870309231
15855,142218889773492
15856,142218910140457
15857,142218930250842
15858,142218951784249
15859,142218969914835
15860,142218990104604
15861,142219009773097
15862,142219029940500
15863,142219049743540
15864,142219070092741
15865,142219090638377
15866,142219110066535
15867,142219129876011
15868,142219150133160
15869,142219170095971
15870,142219191191150
15871,142219209886804
15872,142219229997414
15873,142219253632495
15874,142219274146220
15875,142219293682437
15876,142219314447090
15877,142219333720355
15878,142219353950048
15879,142219373691391
15880,142219393845957
15881,142219413599858
15882,142219434006166
15883,142219454299979
15884,142219473996439
15885,142219493597689
15886,142219513905283
15887,142219533502431
15888,142219553845165
15889,142219573632744
15890,142219594125447
15891,142219613639722
15892,142219633953073
15893,142219653659831
15894,142219673864163
15895,142219694888133
15896,142219714223859
15897,142219733825829
15898,142219757858976
15899,142219777758534
15900,142219797955191
15901,142219817585372
15902,142219837962279
15903,142219857695253
15904,142219877993786
15905,142219897686723
15906,142219917940693
15907,142219938498999
15908,142219958740443
15909,142219977773941
15910,142219997749296
15911,142220017889406
15912,142220038228887
15913,142220059208745
15914,142220078398371
15915,142220097905292
15916,142220118116302
15917,142220138060866
15918,142220158102151
15919,142220178156729
15920,142220199166746
15921,142220217992677
15922,142220238483774
15923,142220261778632
15924,142220282401885
15925,142220301929887
15926,142220322157592
15927,142220341912423
15928,142220362387093
15929,142220381985522
15930,142220402147560
15931,142220421777887
15932,142220443136159
15933,142220462113831
15934,142220482553751
15935,142220501625267
15936,142220522214058
15937,142220541994566
15938,142220562161297
15939,142220581965185
15940,142220602292518
15941,142220622010338
15942,142220642294852
15943,142220661700018
15944,142220682216762
15945,142220703939476
15946,142220722321995
15947,142220741992546
15948,142220766180053
15949,142220785910318
15950,142220806426614
15951,142220827439991
15952,142220850465787
15953,142220876665268
15954,142220902094077
15955,142220930702143
15956,142220956101665
15957,142220977849112
15958,142221004295689
15959,142221022288013
15960,142221042113123
15961,142221068763112
15962,142221095395888
15963,142221121790756
15964,142221139634950
15965,142221157075857
15966,142221174964159
15967,142221193865458
15968,142221212490696
15969,142221230528455
15970,142221248966012
15971,142221266246236
15972,142221283966235
15973,142221301418515
15974,142221319162944
15975,142221336440751
15976,142221354160188
15977,142221371518060
15978,142221390091356
15979,142221409760137
15980,142221429937732
15981,142221450757280
15982,142221470298114
15983,142221489961023
15984,142221510147575
15985,142221529909500
15986,142221550231072
15987,142221570705016
15988,142221590397831
15989,142221609945883
15990,142221636338794
15991,142221659045588
15992,142221685505682
15993,142221709175706
15994,142221726840060
15995,142221744154030
15996,142221760187472
15997,142221775579806
15998,142221792145490
15999,142221811711815
16000,142221832032208
16001,142221851911676
16002,142221871977920
16003,142221892248436
16004,142221912343455
16005,142221931722408
16006,142221954228971
16007,142221972097715
16008,142221992494929
16009,142222012582133
16010,142222032527487
16011,142222052202913
16012,142222072106350
16013,142222091822576
16014,142222112179559
16015,142222131861449
16016,142222152253368
16017,142222172181941
16018,142222192163809
16019,142222212206435
16020,142222232227014
16021,142222251988372
16022,142222278023341
16023,142222296793439
16024,142222317718806
16025,142222335931688
16026,142222356403452
16027,142222375885257
16028,142222396141649
16029,142222415798457
16030,142222439742718
16031,142222457098723
16032,142222476481608
16033,142222496693847
16034,142222517895884
16035,142222536941064
16036,142222556413542
16037,142222576047246
16038,142222596195548
16039,142222615824643
16040,142222636214486
16041,142222655821541
16042,142222676679004
16043,142222695916830
16044,142222716568439
16045,142222737893072
16046,142222758276933
16047,142222781776818
16048,142222802095447
16049,142222821862863
16050,142222842439372
16051,142222861904166
16052,142222882401239
16053,142222901789236
16054,142222922535489
16055,142222941828768
16056,142222963379633
16057,142222982035114
16058,142223002348787
16059,142223021897792
16060,142223042150808
16061,142223062617407
16062,142223082742675
16063,142223101870138
16064,142223122252041
16065,142223141827331
16066,142223162096657
16067,142223182147552
16068,142223203139841
16069,142223222001651
16070,142223242239311
16071,142223261963685
16072,142223286146999
16073,142223305767243
16074,142223326263370
16075,142223345834955
16076,142223366338099
16077,142223386226660
16078,142223406290295
16079,142223425997380
16080,142223446157063
16081,142223466929755
16082,142223489512662
16083,142223506879784
16084,142223526199609
16085,142223545869003
16086,142223566492522
16087,142223586072196
16088,142223606273396
16089,142223625696666
16090,142223646133404
16091,142223666002810
16092,142223686170415
16093,142223707767905
16094,142223726421259
16095,142223746053305
16096,142223766328270
16097,142223789897494
16098,142223810690093
16099,142223830056820
16100,142223850305555
16101,142223869860568
16102,142223891207328
16103,142223909929394
16104,142223930034932
16105,142223950322593
16106,142223970830028
16107,142223989812136
16108,142224010970856
16109,142224029953469
16110,142224049939691
16111,142224069745265
16112,142224090035995
16113,142224109672184
16114,142224129977717
16115,142224149719582
16116,142224170076665
16117,142224189851121
16118,142224210227410
16119,142224229879350
16120,142224250175171
16121,142224269796606
16122,142224294193816
16123,142224313880422
16124,142224334167921
16125,142224353805990
16126,142224374064670
16127,142224393860129
16128,142224414185958
16129,142224433950177
16130,142224454479397
16131,142224473872955
16132,142224494226971
16133,142224513930660
16134,142224534184178
16135,142224553901285
16136,142224574520907
16137,142224593903011
16138,142224614460110
16139,142224633896206
16140,142224654293990
16141,142224673758657
16142,142224694098986
16143,142224714272559
16144,142224734371152
16145,142224754007666
16146,142224774333929
16147,142224797960874
16148,142224818636306
16149,142224838006716
16150,142224858374691
16151,142224877887700
16152,142224898339518
16153,142224918175343
16154,142224938327090
16155,142224959840940
16156,142224978198357
16157,142224997639412
16158,142225018115378
16159,142225037767433
16160,142225058107651
16161,142225077724477
16162,142225098009076
16163,142225117947062
16164,142225138067288
16165,142225157796803
16166,142225178423365
16167,142225197706734
16168,142225218734382
16169,142225237928871
16170,142225258220302
16171,142225278008605
16172,142225302127880
16173,142225322112174
16174,142225342109021
16175,142225361769192
16176,142225381966884
16177,142225401721816
16178,142225421971208
16179,142225441649020
16180,142225463324685
16181,142225481801524
16182,142225501903492
16183,142225521686349
16184,142225542064107
16185,142225561830344
16186,142225581957458
16187,142225601646221
16188,142225622044027
16189,142225641623708
16190,142225662011560
16191,142225681657923
16192,142225701940771
16193,142225723137800
16194,142225742048065
16195,142225761798863
16196,142225781988582
16197,142225805662282
16198,142225825982033
16199,142225845629261
16200,142225865842566
16201,142225885661322
16202,142225906022658
16203,142225925691968
16204,142225946143727
16205,142225967229676
16206,142225986177357
16207,142226005886434
16208,142226025857526
16209,142226045695786
16210,142226066101436
16211,142226086420211
16212,142226106040484
16213,142226125768339
16214,142226145963361
16215,142226165668758
16216,142226186117779
16217,142226205663227
16218,142226227259533
16219,142226246012166
16220,142226266234454
16221,142226289655402
16222,142226309904607
16223,142226329614624
16224,142226349993276
16225,142226369694815
16226,142226389954194
16227,142226409583354
16228,142226429957380
16229,142226449756067
16230,142226471314286
16231,142226489899086
16232,142226510062757
16233,142226529900761
16234,142226550079960
16235,142226569857243
16236,142226589989351
16237,142226609810261
16238,142226630185266
16239,142226649839274
16240,142226670095213
16241,142226689805486
16242,142226710105422
16243,142226730989384
16244,142226750081887
16245,142226769638906
16246,142226794032030
16247,142226813752447
16248,142226835704007
16249,142226853932111
16250,142226874159841
16251,142226893856210
16252,142226914413140
16253,142226933722602
16254,142226954308307
16255,142226975520935
16256,142226994090715
16257,142227013841641
16258,142227034200151
16259,142227053800685
16260,142227074052913
16261,142227093730088
16262,142227113987839
16263,142227133716085
16264,142227154108032
16265,142227173897803
16266,142227194155252
16267,142227214056624
16268,142227234810249
16269,142227253783545
16270,142227274235424
16271,142227297718033
16272,142227318019172
16273,142227337757456
16274,142227358098708
16275,142227377790808
16276,142227398049123
16277,142227417784609
16278,142227437961648
16279,142227457727110
16280,142227479403052
16281,142227497739876
16282,142227518031963
16283,142227537676006
16284,142227558041355
16285,142227579392012
16286,142227598367447
16287,142227617846587
16288,142227638129652
16289,142227657799131
16290,142227678248598
16291,142227697948133
16292,142227719019449
16293,142227737830059
16294,142227758072730
16295,142227777819146
16296,142227801943398
16297,142227821717812
16298,142227842009653
16299,142227861742505
16300,142227881998092
16301,142227901732918
16302,142227922035914
16303,142227941762018
16304,142227963529754
16305,142227982145053
16306,142228002381429
16307,142228022156631
16308,142228042351936
16309,142228061929247
16310,142228082369061
16311,142228101855542
16312,142228122226687
16313,142228141856534
16314,142228162196590
16315,142228182147896
16316,142228202249439
16317,142228223195673
16318,142228242309330
16319,142228261875621
16320,142228282039548
16321,142228305703283
16322,142228327550671
16323,142228345947151
16324,142228366290541
16325,142228385914868
16326,142228406273358
16327,142228425962400
16328,142228446233516
16329,142228465898864
16330,142228488201140
16331,142228507453790
16332,142228526105732
16333,142228545740503
16334,142228566192005
16335,142228585727023
16336,142228606035921
16337,142228625846444
16338,142228646173304
16339,142228665837129
16340,142228686277788
16341,142228705810606
16342,142228727967466
16343,142228745815848
16344,142228766214967
16345,142228785779773
16346,142228810044719
16347,142228829764106
16348,142228849955617
16349,142228869753822
16350,142228890009433
16351,142228909668670
16352,142228929985123
16353,142228949883071
16354,142228970146802
16355,142228990507420
16356,142229010076077
16357,142229029718710
16358,142229050052493
16359,142229069798097
16360,142229091412326
16361,142229109951677
16362,142229130038074
16363,142229149677732
16364,142229170098460
16365,142229189868136
16366,142229210064854
16367,142229231192119
16368,142229250185092
16369,142229269963965
16370,142229290263955
16371,142229313790966
16372,142229334345888
16373,142229353858950
16374,142229374193758
16375,142229393917554
16376,142229414196848
16377,142229433873659
16378,142229454106042
16379,142229474799978
16380,142229494138332
16381,142229513922484
16382,142229534032007
16383,142229553712643
16384,142229573965658
16385,142229593780687
16386,142229614016982
16387,142229633829235
16388,142229654014790
16389,142229673822415
16390,142229694051521
16391,142229713836160
16392,142229735700556
16393,142229753805551
16394,142229774067289
16395,142229793894685
16396,142229818146075
16397,142229839416896
16398,142229858334349
16399,142229877861984
16400,142229897933420
16401,142229917675636
16402,142229937994677
16403,142229957995274
16404,142229979434687
16405,142229997945743
16406,142230020220153
16407,142230038548104
16408,142230058007274
16409,142230077758312
16410,142230097917482
16411,142230117915868
16412,142230138100655
16413,142230157741884
16414,142230177972215
16415,142230197712211
16416,142230218002888
16417,142230238278885
16418,142230258118657
16419,142230277765369
16420,142230297983293
16421,142230321728634
16422,142230342027607
16423,142230361720803
16424,142230382031869
16425,142230401668101
16426,142230421990583
16427,142230441829966
16428,142230462038943
16429,142230482133715
16430,142230502219863
16431,142230521843429
16432,142230542021572
16433,142230561703385
16434,142230582522256
16435,142230601936307
16436,142230622061989
16437,142230641967413
16438,142230662241245
16439,142230681721847
16440,142230701952220
16441,142230721736035
16442,142230742690615
16443,142230762047787
16444,142230782325536
16445,142230801844109
16446,142230826204540
16447,142230845968968
16448,142230866102289
16449,142230885946234
16450,142230906206585
16451,142230925884314
16452,142230946827085
16453,142230965842440
16454,142230986536408
16455,142231006094345
16456,142231026404279
16457,142231045931459
16458,142231066140524
16459,142231086003874
16460,142231106402845
16461,142231125827550
16462,142231146055795
16463,142231165774656
16464,142231186354063
16465,142231205706890
16466,142231225991072
16467,142231246928361
16468,142231266244910
16469,142231285750751
16470,142231306171559
16471,142231330958927
16472,142231350237703
16473,142231369846594
16474,142231390018076
16475,142231409720865
16476,142231429993739
16477,142231449800100
16478,142231470101253
16479,142231491107338
16480,142231510063449
16481,142231529705105
16482,142231550006209
16483,142231569871904
16484,142231590134266
16485,142231609798232
16486,142231630050153
16487,142231649783748
16488,142231670165443
16489,142231689751166
16490,142231710087101
16491,142231729886565
16492,142231750792754
16493,142231770020706
16494,142231790293107
16495,142231810000145
16496,142231834333692
16497,142231853975108
16498,142231874392149
16499,142231893857313
16500,142231914332709
16501,142231934039906
16502,142231954965961
16503,142231973974353
16504,142231995079617
16505,142232014497677
16506,142232034242287
16507,142232053978493
16508,142232074392257
16509,142232094475528
16510,142232114341947
16511,142232134063102
16512,142232154320316
16513,142232174020302
16514,142232194473613
16515,142232213965534
16516,142232234720640
16517,142232254296603
16518,142232274365942
16519,142232294225298
16520,142232314224032
16521,142232337942045
16522,142232358430209
16523,142232378014972
16524,142232398631209
16525,142232417926055
16526,142232438358202
16527,142232458166039
16528,142232478226195
16529,142232498791978
16530,142232518364364
16531,142232537980227
16532,142232558335601
16533,142232577958588
16534,142232598531731
16535,142232617970829
16536,142232638317209
16537,142232657936701
16538,142232680713298
16539,142232698000763
16540,142232718225947
16541,142232738384092
16542,142232758310273
16543,142232777936666
16544,142232798400826
16545,142232817953251
16546,142232842944088
16547,142232861932529
16548,142232882287638
16549,142232902015161
16550,142232922345386
16551,142232942035991
16552,142232962289622
16553,142232981872142
16554,142233003347518
16555,142233022185328
16556,142233042389981
16557,142233062008346
16558,142233082499269
16559,142233101976008
16560,142233122443049
16561,142233142034882
16562,142233162388115
16563,142233182157004
16564,142233202369127
16565,142233222323471
16566,142233243032693
16567,142233262530782
16568,142233282411522
16569,142233302071765
16570,142233322701277
16571,142233346024464
16572,142233366270533
16573,142233386025672
16574,142233406467776
16575,142233426197324
16576,142233446400900
16577,142233466118839
16578,142233486623701
16579,142233506679163
16580,142233530446801
16581,142233547819208
16582,142233566256935
16583,142233586436537
16584,142233606710516
16585,142233626059267
16586,142233646378886
16587,142233665968694
16588,142233686281860
16589,142233706011118
16590,142233726389569
16591,142233746316086
16592,142233766411420
16593,142233786061062
16594,142233806431274
16595,142233826053716
16596,142233850236532
16597,142233869895138
16598,142233890174928
16599,142233909942872
16600,142233930557078
16601,142233951508126
16602,142233971013317
16603,142233990458875
16604,142234010943012
16605,142234030285186
16606,142234050490526
16607,142234070111063
16608,142234090328447
16609,142234110028221
16610,142234130486036
16611,142234150154041
16612,142234170326191
16613,142234190221256
16614,142234210560092
16615,142234230170137
16616,142234251082534
16617,142234270253181
16618,142234290181398
16619,142234309916535
16620,142234330331568
16621,142234354182122
16622,142234374374318
16623,142234394036014
16624,142234414263170
16625,142234434035584
16626,142234454328924
16627,142234474063102
16628,142234494505929
16629,142234514254000
16630,142234534359977
16631,142234553981154
16632,142234574283483
16633,142234594045265
16634,142234614429001
16635,142234633964448
16636,142234654489676
16637,142234673991183
16638,142234694458381
16639,142234714050530
16640,142234734380509
16641,142234754317985
16642,142234774196436
16643,142234794138008
16644,142234814561114
16645,142234833822656
16646,142234858566442
16647,142234877883914
16648,142234898283855
16649,142234918202955
16650,142234938920456
16651,142234958414960
16652,142234978247651
16653,142234998580003
16654,142235018897378
16655,142235038400152
16656,142235058613598
16657,142235078063175
16658,142235100375607
16659,142235118119814
16660,142235138398496
16661,142235158114437
16662,142235178398473
16663,142235198093516
16664,142235218440206
16665,142235237956008
16666,142235259484648
16667,142235278308908
16668,142235298410733
16669,142235318075656
16670,142235338407485
16671,142235362236811
16672,142235382334345
16673,142235401993937
16674,142235422466378
16675,142235441971776
16676,142235462479474
16677,142235481988118
16678,142235503023885
16679,142235522089182
16680,142235542511596
16681,142235562030470
16682,142235582296568
16683,142235602006380
16684,142235622317301
16685,142235642076722
16686,142235662495095
16687,142235681970003
16688,142235702429469
16689,142235722153688
16690,142235742497837
16691,142235763829170
16692,142235782631399
16693,142235802019881
16694,142235822343895
16695,142235843868867
16696,142235866374027
16697,142235886149881
16698,142235906283190
16699,142235926018387
16700,142235946768481
16701,142235966003690
16702,142235986471760
16703,142236007959237
16704,142236026400641
16705,142236045890747
16706,142236066254054
16707,142236085975791
16708,142236106390542
16709,142236125838927
16710,142236146234462
16711,142236166029599
16712,142236186370174
16713,142236206106486
16714,142236226463531
16715,142236246147258
16716,142236266900638
16717,142236286116860
16718,142236306394946
16719,142236326100303
16720,142236346259734
16721,142236369925550
16722,142236390297953
16723,142236409978890
16724,142236430351460
16725,142236449926763
16726,142236470197689
16727,142236490050480
16728,142236511786943
16729,142236529982228
16730,142236550202523
16731,142236570167578
16732,142236591478979
16733,142236610118631
16734,142236630379683
16735,142236649942201
16736,142236670444529
16737,142236689950336
16738,142236710583518
16739,142236730035312
16740,142236750967067
16741,142236770396518
16742,142236790335817
16743,142236810074666
16744,142236830403219
16745,142236849928920
16746,142236874229714
16747,142236894021430
16748,142236917740856
16749,142236935148178
16750,142236954869352
16751,142236973947445
16752,142236994348711
16753,142237014462993
16754,142237034471892
16755,142237053955023
16756,142237074355317
16757,142237094059792
16758,142237114465497
16759,142237133879055
16760,142237154329305
16761,142237173998389
16762,142237194569911
16763,142237214043765
16764,142237234379363
16765,142237255416610
16766,142237274648621
16767,142237294086436
16768,142237314350557
16769,142237334079630
16770,142237356104282
16771,142237378203319
16772,142237398377070
16773,142237418063386
16774,142237438337885
16775,142237458078747
16776,142237478352357
16777,142237498085745
16778,142237519268922
16779,142237538185917
16780,142237558416554
16781,142237577965822
16782,142237598321517
16783,142237618198151
16784,142237638333009
16785,142237658006404
16786,142237678392202
16787,142237697991494
16788,142237718601996
16789,142237738098712
16790,142237759029031
16791,142237778391742
16792,142237798318548
16793,142237818183237
16794,142237838199125
16795,142237858169851
16796,142237882221299
16797,142237902026596
16798,142237922432569
16799,142237942078861
16800,142237962174000
16801,142237981922092
16802,142238002509875
16803,142238022342974
16804,142238042296833
16805,142238062095249
16806,142238082337057
16807,142238102663943
16808,142238122426847
16809,142238142065222
16810,142238162350088
16811,142238181908743
16812,142238202304351
16813,142238222011621
16814,142238242370923
16815,142238263314666
16816,142238282455699
16817,142238302122560
16818,142238322392529
16819,142238342026613
16820,142238362433206
16821,142238385955689
16822,142238406292289
16823,142238426060983
16824,142238446345411
16825,142238466027323
16826,142238486381687
16827,142238506194842
16828,142238527048650
16829,142238548192128
16830,142238566196277
16831,142238586071272
16832,142238606163943
16833,142238626150299
16834,142238646473104
16835,142238666071996
16836,142238686369564
16837,142238706092330
16838,142238726423813
16839,142238746257419
16840,142238767710528
16841,142238785962672
16842,142238806476340
16843,142238826118541
16844,142238846755107
16845,142238867656675
16846,142238890278926
16847,142238909899541
16848,142238930273759
16849,142238950597872
16850,142238971196572
16851,142238990101655
16852,142239010476400
16853,142239031002870
16854,142239050425872
16855,142239069979664
16856,142239090342110
16857,142239109856874
16858,142239130302973
16859,142239150075714
16860,142239170392593
16861,142239190329403
16862,142239210297290
16863,142239230086598
16864,142239250597145
16865,142239271546768
16866,142239290310874
16867,142239310018746
16868,142239330325500
16869,142239350086002
16870,142239370247852
16871,142239393933998
16872,142239414373910
16873,142239434158197
16874,142239454431562
16875,142239474056093
16876,142239494462336
16877,142239515388300
16878,142239534828905
16879,142239553970802
16880,142239574257507
16881,142239594546073
16882,142239615099956
16883,142239634270078
16884,142239654383926
16885,142239674231673
16886,142239694836676
16887,142239714414820
16888,142239734332582
16889,142239754135625
16890,142239775897864
16891,142239794169732
16892,142239814357697
16893,142239834180689
16894,142239854688316
16895,142239874046996
16896,142239898213904
16897,142239917969127
16898,142239938625083
16899,142239959685633
16900,142239978432117
16901,142239997996748
16902,142240020177264
16903,142240038355238
16904,142240058449058
16905,142240078114002
16906,142240098458180
16907,142240117920610
16908,142240138422163
16909,142240157980492
16910,142240178514179
16911,142240198115873
16912,142240218430513
16913,142240238057134
16914,142240258424782
16915,142240279395669
16916,142240298731695
16917,142240317990580
16918,142240338450769
16919,142240359753681
16920,142240378383069
16921,142240401964831
16922,142240422426852
16923,142240442060413
16924,142240462413120
16925,142240482030571
16926,142240502196647
16927,142240523419653
16928,142240542767637
16929,142240562080241
16930,142240582441272
16931,142240601972797
16932,142240622288019
16933,142240642074184
16934,142240662400846
16935,142240682088676
16936,142240702256156
16937,142240722059853
16938,142240742451286
16939,142240761992460
16940,142240784113371
16941,142240802152457
16942,142240822566760
16943,142240842173713
16944,142240862384767
16945,142240882038381
16946,142240906315118
16947,142240926210993
16948,142240947526660
16949,142240966029214
16950,142240986881524
16951,142241006048251
16952,142241028052043
16953,142241046447248
16954,142241066488795
16955,142241086018143
16956,142241108079814
16957,142241126156939
16958,142241146788846
16959,142241166045676
16960,142241186476055
16961,142241206054022
16962,142241226295789
16963,142241246157525
16964,142241266467606
16965,142241287590680
16966,142241306374398
16967,142241326134745
16968,142241346447085
16969,142241366280488
16970,142241386406831
16971,142241410030782
16972,142241430247631
16973,142241450240736
16974,142241470318629
16975,142241490173979
16976,142241510423522
16977,142241531453212
16978,142241550231768
16979,142241569896162
16980,142241590333674
16981,142241609977253
16982,142241630370864
16983,142241649957383
16984,142241670237144
16985,142241689902347
16986,142241710257088
16987,142241729914411
16988,142241750340248
16989,142241770043708
16990,142241790406189
16991,142241810023883
16992,142241830170542
16993,142241850709974
16994,142241870290882
16995,142241889952099
16996,142241914316111
16997,142241933941096
16998,142241955106992
16999,142241973870490
17000,142241994023507
17001,142242021272229
17002,142242047349517
17003,142242070446142
17004,142242088247861
17005,142242105669870
17006,142242123006263
17007,142242140139305
17008,142242157723882
17009,142242174836746
17010,142242194759679
17011,142242213859935
17012,142242234144682
17013,142242253898136
17014,142242274369214
17015,142242294135568
17016,142242314270681
17017,142242333874136
17018,142242354388624
17019,142242373979494
17020,142242394284000
17021,142242417806263
17022,142242438190884
17023,142242458110573
17024,142242478265472
17025,142242497939627
17026,142242518121368
17027,142242538288979
17028,142242558465430
17029,142242578059362
17030,142242598446532
17031,142242617995994
17032,142242638401333
17033,142242658103447
17034,142242678237125
17035,142242698241745
17036,142242718320371
17037,142242738078240
17038,142242758373788
17039,142242778391329
17040,142242798589960
17041,142242817922331
17042,142242838391002
17043,142242858203032
17044,142242878267534
17045,142242898238002
17046,142242922476421
17047,142242942059000
17048,142242962203782
17049,142242981846779
17050,142243002211283
17051,142243021983534
17052,142243042882880
17053,142243062008956
17054,142243082390647
17055,142243101935507
17056,142243122319915
17057,142243141968987
17058,142243162299459
17059,142243181951413
17060,142243202391695
17061,142243221966017
17062,142243242468535
17063,142243261845173
17064,142243283465970
17065,142243301994168
17066,142243322346949
17067,142243341923871
17068,142243362599865
17069,142243381762439
17070,142243402189223
17071,142243425805975
17072,142243446222980
17073,142243465865360
17074,142243486099627
17075,142243505763847
17076,142243526076486
17077,142243546480063
17078,142243570024523
17079,142243587716783
17080,142243606130185
17081,142243625864679
17082,142243646153682
17083,142243665648047
17084,142243686434427
17085,142243706090293
17086,142243726396645
17087,142243746179906
17088,142243766604527
17089,142243787336098
17090,142243807051967
17091,142243826267835
17092,142243846597954
17093,142243866163932
17094,142243886472960
17095,142243906208673
17096,142243930527584
17097,142243950939566
17098,142243970578347
17099,142243990088136
17100,142244010384086
17101,142244030782850
17102,142244050597007
17103,142244069925954
17104,142244090172157
17105,142244111460052
17106,142244130366562
17107,142244150263721
17108,142244170086157
17109,142244189951722
17110,142244210241429
17111,142244229885770
17112,142244250301876
17113,142244269797212
17114,142244291542033
17115,142244309866388
17116,142244330213837
17117,142244349826354
17118,142244370034802
17119,142244389841977
17120,142244410177897
17121,142244433908210
17122,142244454326450
17123,142244473877716
17124,142244494363417
17125,142244513946996
17126,142244535228187
17127,142244553989801
17128,142244574143389
17129,142244593868730
17130,142244614067183
17131,142244633792319
17132,142244654186552
17133,142244673623682
17134,142244694106146
17135,142244713757707
17136,142244734089456
17137,142244753851109
17138,142244774235380
17139,142244795644725
17140,142244814259090
17141,142244834189404
17142,142244854492446
17143,142244874518239
17144,142244894301663
17145,142244913749061
17146,142244938184023
17147,142244958431621
17148,142244978133760
17149,142244997857111
17150,142245018170509
17151,142245039267758
17152,142245058343337
17153,142245077898969
17154,142245098370160
17155,142245117858205
17156,142245138104331
17157,142245157741351
17158,142245178130725
17159,142245198029712
17160,142245218099891
17161,142245237878069
17162,142245258206302
17163,142245278045704
17164,142245299903726
17165,142245317896662
17166,142245338142345
17167,142245357853960
17168,142245378181131
17169,142245397892911
17170,142245418141372
17171,142245441725379
17172,142245462137204
17173,142245481776338
17174,142245502158758
17175,142245521764308
17176,142245543417407
17177,142245562102424
17178,142245582157624
17179,142245601859542
17180,142245623993610
17181,142245641798412
17182,142245662154135
17183,142245681776793
17184,142245702098926
17185,142245721885481
17186,142245742134199
17187,142245761965593
17188,142245782196794
17189,142245803217855
17190,142245822323019
17191,142245841896011
17192,142245862279173
17193,142245881910588
17194,142245902262836
17195,142245921804919
17196,142245947156395
17197,142245966008428
17198,142245986301370
17199,142246005964206
17200,142246026325463
17201,142246046294445
17202,142246066352168
17203,142246085899648
17204,142246106340161
17205,142246125906422
17206,142246146279508
17207,142246166031865
17208,142246186265462
17209,142246205896042
17210,142246226533964
17211,142246246005657
17212,142246266599179
17213,142246286042880
17214,142246306472653
17215,142246326071117
17216,142246346290340
17217,142246366215479
17218,142246386340001
17219,142246406061809
17220,142246426305603
17221,142246449930446
17222,142246470316265
17223,142246489963031
17224,142246510401493
17225,142246529910407
17226,142246550693599
17227,142246569732101
17228,142246590115740
17229,142246609827721
17230,142246630043259
17231,142246649851160
17232,142246670102436
17233,142246689828392
17234,142246710191438
17235,142246729740397
17236,142246750156008
17237,142246769859645
17238,142246790149537
17239,142246809886303
17240,142246830449733
17241,142246849949768
17242,142246870398164
17243,142246890078062
17244,142246910776868
17245,142246929993171
17246,142246954986428
17247,142246974063058
17248,142246994360140
17249,142247014031654
17250,142247034312727
17251,142247056057664
17252,142247074638374
17253,142247094093095
17254,142247116064753
17255,142247134299546
17256,142247154539138
17257,142247174059418
17258,142247194564144
17259,142247213978786
17260,142247234200954
17261,142247254124872
17262,142247274923997
17263,142247294510643
17264,142247314614282
17265,142247334124834
17266,142247354556539
17267,142247374114899
17268,142247394414134
17269,142247414077806
17270,142247434427028
17271,142247458012115
17272,142247478473937
17273,142247498004117
17274,142247518408560
17275,142247538044026
17276,142247560133907
17277,142247578218108
17278,142247598491202
17279,142247617912295
17280,142247638406971
17281,142247658125568
17282,142247678592459
17283,142247698057977
17284,142247718354339
17285,142247737985140
17286,142247758555473
17287,142247778116386
17288,142247799842158
17289,142247818328890
17290,142247838537939
17291,142247858270156
17292,142247880191091
17293,142247898103074
17294,142247918439896
17295,142247938016869
17296,142247962579895
17297,142247981909970
17298,142248002289282
17299,142248022061315
17300,142248042037161
17301,142248063614621
17302,142248082308882
17303,142248102063789
17304,142248122258303
17305,142248141940048
17306,142248162281129
17307,142248181948053
17308,142248202519425
17309,142248221936063
17310,142248242320905
17311,142248262068344
17312,142248282346298
17313,142248302537820
17314,142248322531071
17315,142248342051662
17316,142248362446835
17317,142248381987439
17318,142248402421703
17319,142248421907130
17320,142248442423217
17321,142248465969222
17322,142248486379528
17323,142248506039120
17324,142248526387228
17325,142248545947197
17326,142248566711195
17327,142248588029872
17328,142248606126235
17329,142248627477914
17330,142248646261590
17331,142248665885545
17332,142248686147523
17333,142248705824760
17334,142248726196456
17335,142248745800052
17336,142248766130670
17337,142248785842988
17338,142248806895328
17339,142248826112277
17340,142248846395500
17341,142248865831561
17342,142248886391854
17343,142248906070042
17344,142248926414148
17345,142248946618803
17346,142248970208327
17347,142248989935828
17348,142249015252753
17349,142249040985521
17350,142249067174443
17351,142249093370855
17352,142249118560378
17353,142249139486726
17354,142249157777490
17355,142249175379942
17356,142249193842628
17357,142249211485718
17358,142249229748837
17359,142249247472995
17360,142249265514199
17361,142249283310945
17362,142249301952565
17363,142249320759591
17364,142249339002394
17365,142249356611164
17366,142249375694787
17367,142249393989837
17368,142249412030726
17369,142249430404817
17370,142249450601763
17371,142249474165444
17372,142249494826126
17373,142249514241459
17374,142249534664534
17375,142249555022652
17376,142249578707424
17377,142249604833484
17378,142249631787399
17379,142249651912623
17380,142249669827927
17381,142249687505853
17382,142249705491114
17383,142249722960649
17384,142249740901777
17385,142249758351825
17386,142249776133766
17387,142249792441254
17388,142249813622870
17389,142249832300543
17390,142249852571931
17391,142249872158683
17392,142249892627475
17393,142249912176030
17394,142249932644267
17395,142249952801616
17396,142249976970043
17397,142249996074389
17398,142250016597129
17399,142250036313012
17400,142250058042412
17401,142250076580245
17402,142250096438009
17403,142250116716486
17404,142250137278833
17405,142250156370424
17406,142250177785253
17407,142250196213295
17408,142250216749072
17409,142250236152385
17410,142250256209556
17411,142250275896322
17412,142250298161568
17413,142250319241752
17414,142250338362250
17415,142250357219646
17416,142250378272363
17417,142250397796122
17418,142250418218738
17419,142250437904547
17420,142250458171574
17421,142250481846418
17422,142250502120820
17423,142250521716826
17424,142250541995417
17425,142250561173394
17426,142250582284882
17427,142250601758107
17428,142250622043157
17429,142250639863687
17430,142250660291434
17431,142250679877797
17432,142250700991747
17433,142250720534176
17434,142250742198657
17435,142250761172230
17436,142250781914658
17437,142250801793436
17438,142250823706505
17439,142250841956183
17440,142250862318502
17441,142250883692960
17442,142250906139378
17443,142250924355125
17444,142250945789584
17445,142250967163037
17446,142250986372083
17447,142251006201381
17448,142251026386974
17449,142251046012922
17450,142251066637632
17451,142251086270313
17452,142251106462185
17453,142251125929467
17454,142251146456847
17455,142251165982085
17456,142251186396394
17457,142251206078917
17458,142251226366832
17459,142251245947919
17460,142251266373525
17461,142251286021363
17462,142251306543314
17463,142251326444955
17464,142251346379930
17465,142251365856336
17466,142251386199632
17467,142251405826356
17468,142251426146691
17469,142251445962853
17470,142251466347399
17471,142251489839695
17472,142251510093091
17473,142251529875050
17474,142251550127073
17475,142251571244294
17476,142251590426176
17477,142251609816659
17478,142251631798256
17479,142251649975152
17480,142251670188260
17481,142251690007050
17482,142251710278723
17483,142251729809791
17484,142251750144638
17485,142251770049590
17486,142251790203754
17487,142251810149383
17488,142251830577478
17489,142251849860671
17490,142251870137984
17491,142251889939373
17492,142251910335897
17493,142251929876752
17494,142251952074885
17495,142251970073843
17496,142251994266804
17497,142252014043813
17498,142252034412796
17499,142252054047286
17500,142252075949037
17501,142252093998053
17502,142252114115277
17503,142252133887183
17504,142252154179579
17505,142252173684730
17506,142252194289011
17507,142252213844963
17508,142252234167131
17509,142252253974602
17510,142252274159390
17511,142252293834390
17512,142252315202103
17513,142252334166417
17514,142252354479918
17515,142252375174365
17516,142252394317405
17517,142252413974368
17518,142252434099663
17519,142252453950254
17520,142252474428903
17521,142252497809036
17522,142252518207506
17523,142252537858210
17524,142252558199133
17525,142252579185105
17526,142252598310701
17527,142252617837254
17528,142252638169711
17529,142252657746795
17530,142252678166177
17531,142252697819294
17532,142252718113865
17533,142252737842820
17534,142252758141594
17535,142252777926158
17536,142252798162492
17537,142252819352006
17538,142252838452009
17539,142252857916514
17540,142252878239219
17541,142252897921533
17542,142252918365066
17543,142252937664739
17544,142252959967952
17545,142252977921810
17546,142253002184290
17547,142253021771077
17548,142253042137614
17549,142253061792403
17550,142253083457539
17551,142253102432800
17552,142253122879433
17553,142253142986931
17554,142253162511425
17555,142253182124642
17556,142253202809296
17557,142253222062871
17558,142253242383453
17559,142253262032713
17560,142253282592556
17561,142253302154338
17562,142253323453007
17563,142253342094256
17564,142253362393429
17565,142253382180069
17566,142253402637010
17567,142253421996254
17568,142253442466292
17569,142253462268759
17570,142253482506299
17571,142253506155641
17572,142253526490447
17573,142253545998016
17574,142253567119768
17575,142253589172425
17576,142253607152931
17577,142253626075819
17578,142253646365124
17579,142253665967364
17580,142253686631384
17581,142253706122161
17582,142253726365384
17583,142253745952686
17584,142253766227989
17585,142253786063632
17586,142253806541495
17587,142253827101896
17588,142253846464626
17589,142253865930582
17590,142253887079089
17591,142253906356822
17592,142253926438516
17593,142253946841772
17594,142253966512715
17595,142253986230217
17596,142254012740006
17597,142254030869384
17598,142254050718695
17599,142254072107434
17600,142254091020274
17601,142254110558234
17602,142254130455670
17603,142254150034274
17604,142254170567667
17605,142254190114043
17606,142254210787704
17607,142254230066595
17608,142254250530022
17609,142254270041595
17610,142254290427348
17611,142254310304040
17612,142254331681928
17613,142254350118694
17614,142254370439624
17615,142254390138358
17616,142254410675122
17617,142254430079272
17618,142254450520625
17619,142254470063083
17620,142254490635561
17621,142254514414696
17622,142254534624689
17623,142254554337176
17624,142254575618580
17625,142254594589504
17626,142254615107388
17627,142254634874220
17628,142254654612678
17629,142254674125600
17630,142254694462422
17631,142254714181472
17632,142254734419455
17633,142254754207004
17634,142254774478232
17635,142254793986587
17636,142254814795385
17637,142254835140727
17638,142254854308671
17639,142254873909794
17640,142254894243173
17641,142254913914722
17642,142254934362601
17643,142254954804296
17644,142254974358614
17645,142254994107424
17646,142255018252090
17647,142255038011922
17648,142255058315347
17649,142255079455992
17650,142255098438430
17651,142255118013918
17652,142255138326667
17653,142255157903883
17654,142255178306102
17655,142255198224226
17656,142255218344204
17657,142255238056460
17658,142255258395369
17659,142255278001615
17660,142255298422274
17661,142255317923159
17662,142255339089424
17663,142255358004463
17664,142255378691498
17665,142255398097192
17666,142255418272643
17667,142255438013565
17668,142255458329223
17669,142255477991304
17670,142255498503265
17671,142255521959795
17672,142255542412535
17673,142255562066263
17674,142255583579522
17675,142255601885817
17676,142255622171444
17677,142255641949998
17678,142255662123809
17679,142255681817214
17680,142255702111399
17681,142255721789023
17682,142255742188653
17683,142255761928820
17684,142255782183126
17685,142255801796630
17686,142255822425809
17687,142255842364144
17688,142255862382118
17689,142255881965648
17690,142255902314807
17691,142255922023933
17692,142255942515393
17693,142255962663595
17694,142255982405286
17695,142256002260445
17696,142256026575761
17697,142256046213198
17698,142256066577420
17699,142256087918743
17700,142256106554262
17701,142256126148406
17702,142256148106402
17703,142256166270959
17704,142256186625025
17705,142256206153076
17706,142256226498877
17707,142256246100742
17708,142256266512541
17709,142256286014385
17710,142256306428386
17711,142256326960078
17712,142256346675215
17713,142256366217837
17714,142256386483898
17715,142256406240079
17716,142256426473565
17717,142256446047940
17718,142256466771309
17719,142256485964106
17720,142256506536123
17721,142256530006060
17722,142256550544218
17723,142256570165733
17724,142256591470524
17725,142256610141777
17726,142256630363155
17727,142256650126513
17728,142256670549143
17729,142256690176599
17730,142256710446612
17731,142256729927325
17732,142256750430576
17733,142256770330252
17734,142256790387574
17735,142256810023663
17736,142256831269592
17737,142256850399243
17738,142256870598564
17739,142256891649979
17740,142256910534876
17741,142256930192236
17742,142256951206138
17743,142256970380564
17744,142256992051987
17745,142257010487762
17746,142257034501930
17747,142257054212567
17748,142257074674102
17749,142257094382404
17750,142257114434277
17751,142257133964898
17752,142257154366332
17753,142257173970155
17754,142257194381038
17755,142257213958552
17756,142257234394685
17757,142257253945720
17758,142257274329843
17759,142257293998988
17760,142257314453797
17761,142257334243782
17762,142257354363400
17763,142257374047690
17764,142257394395714
17765,142257413983193
17766,142257434269460
17767,142257453919970
17768,142257474410829
17769,142257493985398
17770,142257514472794
17771,142257537997567
17772,142257558360613
17773,142257578170847
17774,142257598467581
17775,142257618129736
17776,142257639857584
17777,142257658012546
17778,142257678281863
17779,142257697806019
17780,142257718195319
17781,142257737895808
17782,142257758215456
17783,142257777935783
17784,142257798263690
17785,142257817939274
17786,142257839623563
17787,142257857980848
17788,142257878239160
17789,142257897957109
17790,142257918171838
17791,142257937836676
17792,142257961108955
17793,142257978367887
17794,142257998398251
17795,142258017783437
17796,142258042175522
17797,142258061874392
17798,142258083221552
17799,142258101913650
17800,142258122206801
17801,142258141859099
17802,142258162139183
17803,142258181963221
17804,142258202374475
17805,142258221979253
17806,142258242189282
17807,142258261827932
17808,142258282255634
17809,142258301931417
17810,142258322172534
17811,142258342052259
17812,142258362263371
17813,142258381917944
17814,142258403108553
17815,142258421952708
17816,142258442216393
17817,142258461871663
17818,142258482165370
17819,142258501908617
17820,142258522302950
17821,142258545949148
17822,142258567464170
17823,142258587116516
17824,142258608284693
17825,142258628238395
17826,142258646338511
17827,142258666059795
17828,142258686341763
17829,142258706051626
17830,142258726382725
17831,142258746041680
17832,142258766481011
17833,142258785996336
17834,142258806443907
17835,142258826022919
17836,142258847518269
17837,142258865809224
17838,142258886153966
17839,142258905909239
17840,142258926152772
17841,142258946833940
17842,142258966350903
17843,142258986053130
17844,142259006363273
17845,142259026047485
17846,142259050313993
17847,142259069966886
17848,142259092070588
17849,142259110957921
17850,142259130237939
17851,142259151575419
17852,142259170184922
17853,142259189935112
17854,142259210470325
17855,142259229915196
17856,142259250159293
17857,142259269886442
17858,142259290174201
17859,142259309882647
17860,142259330194976
17861,142259351513407
17862,142259370378386
17863,142259389915566
17864,142259410208524
17865,142259430037866
17866,142259450214131
17867,142259469900697
17868,142259490168721
17869,142259509988680
17870,142259530328477
17871,142259553871176
17872,142259574164990
17873,142259595100725
17874,142259614455789
17875,142259633957081
17876,142259654102461
17877,142259674018418
17878,142259694067323
17879,142259713995916
17880,142259734484076
17881,142259753949985
17882,142259774304068
17883,142259793883721
17884,142259814213374
17885,142259833906370
17886,142259855702372
17887,142259874045226
17888,142259895879506
17889,142259914037120
17890,142259934208720
17891,142259954639929
17892,142259974293345
17893,142259994036318
17894,142260017178079
17895,142260034705067
17896,142260058492597
17897,142260078518236
17898,142260099953545
17899,142260117872385
17900,142260138242903
17901,142260157905007
17902,142260178238265
17903,142260197738041
17904,142260218151981
17905,142260237878985
17906,142260258199719
17907,142260277964488
17908,142260298359417
17909,142260317931046
17910,142260338299270
17911,142260358499578
17912,142260378164890
17913,142260398031670
17914,142260418228820
17915,142260437900766
17916,142260458163449
17917,142260477970124
17918,142260498399138
17919,142260517860989
17920,142260538249541
17921,142260561885327
17922,142260582142091
17923,142260603258843
17924,142260622272631
17925,142260643395622
17926,142260662502916
17927,142260681818810
17928,142260702123475
17929,142260721963993
17930,142260742213627
17931,142260761780306
17932,142260782280429
17933,142260801823847
17934,142260822191124
17935,142260842326672
17936,142260862295210
17937,142260882053892
17938,142260902161735
17939,142260921955192
17940,142260942289171
17941,142260961982688
17942,142260982202290
17943,142261001966224
17944,142261022205758
17945,142261042157121
17946,142261066214613
17947,142261086021489
17948,142261107820483
17949,142261126033577
17950,142261146294880
17951,142261165954875
17952,142261186247474
17953,142261206110700
17954,142261226107237
17955,142261245958265
17956,142261266205925
17957,142261285894285
17958,142261306181144
17959,142261325814157
17960,142261347244273
17961,142261366199719
17962,142261386214465
17963,142261407646542
17964,142261426189158
17965,142261445876172
17966,142261466205154
17967,142261485809681
17968,142261506195021
17969,142261525971808
17970,142261546173647
17971,142261569827637
17972,142261590207453
17973,142261611192718
17974,142261630480087
17975,142261649859807
17976,142261670157628
17977,142261690002566
17978,142261710242794
17979,142261729904601
17980,142261750140148
17981,142261769929338
17982,142261790326195
17983,142261809833678
17984,142261830274039
17985,142261851145076
17986,142261870449418
17987,142261890112622
17988,142261910385911
17989,142261930041627
17990,142261950976852
17991,142261969890106
17992,142261990220492
17993,142262010044023
17994,142262030281407
17995,142262049949930
17996,142262074263379
17997,142262094044419
17998,142262115334807
17999,142262134042044
18000,142262156054372
18001,142262173821767
18002,142262194241531
18003,142262214012107
18004,142262234280230
18005,142262253836995
18006,142262274137915
18007,142262293997132
18008,142262314174503
18009,142262333914579
18010,142262355424323
18011,142262374015824
18012,142262394354219
18013,142262413923255
18014,142262434200642
18015,142262453843285
18016,142262474262467
18017,142262493924452
18018,142262514210592
18019,142262533929296
18020,142262554246970
18021,142262577890792
18022,142262598416978
18023,142262618269763
18024,142262638254836
18025,142262657874908
18026,142262678175477
18027,142262697855173
18028,142262718164017
18029,142262737823381
18030,142262758183392
18031,142262777904356
18032,142262798145619
18033,142262817817938
18034,142262838182278
18035,142262859052159
18036,142262878366920
18037,142262899433075
18038,142262918597606
18039,142262938073943
18040,142262958899206
18041,142262977926516
18042,142262998388050
18043,142263017999903
18044,142263038385990
18045,142263058125995
18046,142263082300583
18047,142263102380485
18048,142263122495484
18049,142263141992235
18050,142263162306113
18051,142263181962663
18052,142263202361134
18053,142263221944618
18054,142263242337056
18055,142263262056589
18056,142263282457871
18057,142263302163345
18058,142263322443046
18059,142263342041542
18060,142263362772964
18061,142263382048791
18062,142263402332042
18063,142263422048558
18064,142263442432779
18065,142263462082228
18066,142263482307902
18067,142263502060266
18068,142263522463505
18069,142263542139037
18070,142263562512302
18071,142263585971855
18072,142263606478843
18073,142263629023034
18074,142263647913187
18075,142263666259421
18076,142263686458723
18077,142263705985978
18078,142263726366692
18079,142263745995402
18080,142263766446906
18081,142263785952467
18082,142263806318455
18083,142263825994331
18084,142263846419016
18085,142263866409531
18086,142263886530101
18087,142263906057842
18088,142263926405335
18089,142263947016773
18090,142263966424139
18091,142263986149659
18092,142264006335495
18093,142264026090030
18094,142264046320818
18095,142264070003982
18096,142264090317970
18097,142264110227937
18098,142264130423749
18099,142264149987630
18100,142264170309400
18101,142264190060537
18102,142264210542252
18103,142264229846081
18104,142264250121387
18105,142264269862782
18106,142264290199842
18107,142264309865081
18108,142264330121248
18109,142264349929911
18110,142264370473661
18111,142264390215220
18112,142264410969909
18113,142264430041142
18114,142264450456293
18115,142264469917626
18116,142264490425019
18117,142264510003550
18118,142264530320144
18119,142264550073704
18120,142264574246613
18121,142264594010599
18122,142264614645035
18123,142264634105282
18124,142264654367898
18125,142264674018102
18126,142264694455119
18127,142264713990027
18128,142264734321097
18129,142264754056684
18130,142264774356473
18131,142264794164634
18132,142264814278752
18133,142264834038401
18134,142264854480566
18135,142264874776861
18136,142264894339065
18137,142264914050311
18138,142264934402703
18139,142264954805547
18140,142264974252371
18141,142264994148284
18142,142265014504991
18143,142265034093582
18144,142265054509295
18145,142265078073345
18146,142265098567290
18147,142265119516961
18148,142265138391645
18149,142265158912952
18150,142265178553141
18151,142265198145985
18152,142265218774470
18153,142265238190762
18154,142265258528300
18155,142265277690874
18156,142265298550673
18157,142265318367078
18158,142265338711636
18159,142265359088238
18160,142265379118324
18161,142265398524574
18162,142265418247835
18163,142265437992469
18164,142265458652611
18165,142265478398466
18166,142265498279017
18167,142265518001087
18168,142265538589953
18169,142265558397914
18170,142265582232801
18171,142265601871500
18172,142265624152928
18173,142265642537522
18174,142265662939050
18175,142265682440898
18176,142265702245658
18177,142265721952324
18178,142265742535532
18179,142265762625145
18180,142265782292430
18181,142265801884643
18182,142265822774389
18183,142265842190722
18184,142265863150586
18185,142265882492097
18186,142265903168289
18187,142265922789005
18188,142265942848953
18189,142265962127886
18190,142265981899440
18191,142266001458921
18192,142266022432132
18193,142266042148386
18194,142266062056516
18195,142266085550524
18196,142266106424717
18197,142266126359083
18198,142266146073069
18199,142266165917921
18200,142266186460435
18201,142266206375204
18202,142266226516239
18203,142266246162524
18204,142266266198477
18205,142266285727908
18206,142266306550362
18207,142266326210119
18208,142266346037543
18209,142266366037062
18210,142266386665267
18211,142266406227164
18212,142266426229165
18213,142266445771559
18214,142266466561031
18215,142266486173280
18216,142266506643640
18217,142266526168176
18218,142266546200831
18219,142266565860133
18220,142266590561705
18221,142266610124696
18222,142266630203758
18223,142266649993745
18224,142266670589752
18225,142266690384182
18226,142266710021766
18227,142266729718281
18228,142266750554222
18229,142266770366585
18230,142266790522255
18231,142266810097304
18232,142266830119845
18233,142266849881009
18234,142266870674698
18235,142266890249482
18236,142266911561704
18237,142266929528004
18238,142266951043503
18239,142266970184504
18240,142266990048326
18241,142267009999360
18242,142267030703114
18243,142267050295146
18244,142267070525368
18245,142267094066541
18246,142267114290103
18247,142267133666049
18248,142267154674592
18249,142267174043199
18250,142267194166630
18251,142267213766667
18252,142267234235140
18253,142267254059738
18254,142267274132716
18255,142267293729920
18256,142267314413412
18257,142267334186778
18258,142267354538324
18259,142267374233226
18260,142267394093357
18261,142267413995884
18262,142267434379010
18263,142267454161255
18264,142267473996540
18265,142267493547509
18266,142267514460430
18267,142267534024970
18268,142267554404515
18269,142267574121433
18270,142267597943720
18271,142267617969236
18272,142267638526322
18273,142267658120315
18274,142267678332026
18275,142267698116399
18276,142267718469200
18277,142267737985163
18278,142267758431385
18279,142267778130164
18280,142267798454784
18281,142267817976279
18282,142267838431153
18283,142267858107168
18284,142267878784096
18285,142267898004309
18286,142267918392533
18287,142267938073803
18288,142267959463829
18289,142267978194947
18290,142267998401389
18291,142268018054493
18292,142268038128116
18293,142268058048484
18294,142268078652399
18295,142268101877932
18296,142268122661377
18297,142268141952679
18298,142268162628560
18299,142268182221326
18300,142268202524372
18301,142268221965458
18302,142268242224665
18303,142268261912131
18304,142268282444113
18305,142268301963370
18306,142268322290503
18307,142268341912523
18308,142268362219623
18309,142268382386348
18310,142268402303078
18311,142268422017741
18312,142268442207449
18313,142268461958356
18314,142268482393233
18315,142268501828895
18316,142268522205260
18317,142268541838040
18318,142268562235755
18319,142268582106428
18320,142268606216156
18321,142268626579239
18322,142268649325218
18323,142268666379379
18324,142268686446444
18325,142268705905418
18326,142268726379248
18327,142268745901234
18328,142268766236462
18329,142268786021956
18330,142268806182978
18331,142268826131960
18332,142268846154617
18333,142268865834442
18334,142268887506626
18335,142268907445545
18336,142268927135152
18337,142268946763195
18338,142268966272214
18339,142268986036042
18340,142269006322386
18341,142269026045878
18342,142269046259156
18343,142269065928622
18344,142269086529139
18345,142269109879249
18346,142269131647433
18347,142269150138649
18348,142269170336770
18349,142269190016809
18350,142269210470526
18351,142269229904133
18352,142269250173914
18353,142269269932520
18354,142269290252141
18355,142269309841614
18356,142269330207589
18357,142269349964376
18358,142269370478569
18359,142269390143061
18360,142269410486822
18361,142269430010278
18362,142269450466729
18363,142269470136760
18364,142269490545165
18365,142269510079770
18366,142269530359650
18367,142269550037949
18368,142269570423960
18369,142269590189478
18370,142269614367691
18371,142269634100880
18372,142269654354797
18373,142269674105457
18374,142269694667996
18375,142269714061117
18376,142269734366869
18377,142269754073365
18378,142269774465765
18379,142269794007270
18380,142269814315095
18381,142269834083690
18382,142269854328619
18383,142269874264792
18384,142269894351093
18385,142269914490829
18386,142269934364501
18387,142269955642925
18388,142269974223667
18389,142269993893826
18390,142270014259065
18391,142270034004155
18392,142270054147238
18393,142270074042303
18394,142270094244309
18395,142270117837545
18396,142270138970610
18397,142270157996704
18398,142270178396903
18399,142270198092579
18400,142270218508680
18401,142270238014532
18402,142270258384251
18403,142270278143591
18404,142270298376294
18405,142270317982836
18406,142270338339768
18407,142270358086965
18408,142270379079449
18409,142270398059317
18410,142270419883472
18411,142270437954841
18412,142270458261974
18413,142270477926546
18414,142270498259554
18415,142270517962941
18416,142270538324736
18417,142270557874058
18418,142270578222756
18419,142270598151764
18420,142270622263600
18421,142270643441795
18422,142270662234685
18423,142270681898488
18424,142270702277972
18425,142270721969867
18426,142270742394752
18427,142270761871832
18428,142270782231313
18429,142270801770222
18430,142270822251347
18431,142270842077261
18432,142270862303578
18433,142270883107786
18434,142270902694759
18435,142270922067584
18436,142270942549049
18437,142270961869710
18438,142270982209130
18439,142271001960941
18440,142271022317264
18441,142271042083880
18442,142271062264634
18443,142271082002392
18444,142271102379205
18445,142271125701689
18446,142271147750088
18447,142271167518598
18448,142271186569317
18449,142271206002641
18450,142271226177352
18451,142271246144821
18452,142271266158715
18453,142271285963310
18454,142271306236485
18455,142271325850919
18456,142271346348308
18457,142271365888190
18458,142271387607286
18459,142271405989124
18460,142271426172945
18461,142271445992868
18462,142271466147495
18463,142271485862149
18464,142271506172971
18465,142271525946698
18466,142271546241388
18467,142271565932755
18468,142271586129145
18469,142271605651743
18470,142271630174754
18471,142271650443418
18472,142271670213073
18473,142271690090893
18474,142271710243059
18475,142271729814973
18476,142271750236865
18477,142271769815060
18478,142271790276698
18479,142271809909795
18480,142271830172908
18481,142271850083140
18482,142271870116110
18483,142271891348388
18484,142271910146579
18485,142271931016767
18486,142271950979412
18487,142271969740983
18488,142271990167583
18489,142272009945599
18490,142272030231840
18491,142272050194682
18492,142272070393990
18493,142272090003778
18494,142272110306790
18495,142272134654974
18496,142272155143950
18497,142272173982960
18498,142272194297877
18499,142272214165140
18500,142272234330449
18501,142272254018319
18502,142272274155637
18503,142272294170439
18504,142272314257615
18505,142272333936108
18506,142272354385307
18507,142272373934996
18508,142272395803010
18509,142272413853743
18510,142272434218568
18511,142272454112336
18512,142272474207722
18513,142272493982979
18514,142272514216580
18515,142272533972315
18516,142272554299552
18517,142272573963625
18518,142272594246268
18519,142272613891987
18520,142272639452115
18521,142272658168856
18522,142272679762876
18523,142272698148059
18524,142272718139183
18525,142272737905954
18526,142272758247388
18527,142272777869578
18528,142272798252233
18529,142272817836180
18530,142272838201046
18531,142272858066189
18532,142272878231324
18533,142272899343825
18534,142272918449097
18535,142272937767954
18536,142272958803767
18537,142272977716788
18538,142272998267348
18539,142273017739447
18540,142273038707901
18541,142273058467293
18542,142273078127158
18543,142273097996849
18544,142273118081061
18545,142273143465147
18546,142273163043843
18547,142273182503722
18548,142273202521735
18549,142273222019987
18550,142273242817085
18551,142273262553406
18552,142273282369880
18553,142273302064503
18554,142273322209152
18555,142273341979317
18556,142273363042799
18557,142273382526990
18558,142273403534019
18559,142273423372645
18560,142273443024921
18561,142273462478630
18562,142273482303228
18563,142273501938076
18564,142273522087463
18565,142273541863936
18566,142273562214578
18567,142273581968156
18568,142273602217575
18569,142273621975353
18570,142273647442809
18571,142273670276668
18572,142273687982973
18573,142273705880391
18574,142273726281996
18575,142273746006485
18576,142273766138183
18577,142273786069692
18578,142273806261459
18579,142273825938351
18580,142273846240439
18581,142273865872473
18582,142273886295038
18583,142273907249933
18584,142273926370302
18585,142273946448656
18586,142273966259350
18587,142273986052616
18588,142274006072495
18589,142274025650676
18590,142274046391033
18591,142274066202436
18592,142274086296638
18593,142274105886017
18594,142274126207255
18595,142274151442596
18596,142274171410553
18597,142274190022474
18598,142274210438467
18599,142274229979242
18600,142274250206053
18601,142274269940971
18602,142274290220800
18603,142274309969372
18604,142274330282193
18605,142274349970315
18606,142274369944373
18607,142274389476089
18608,142274411047887
18609,142274429995552
18610,142274449895216
18611,142274469490574
18612,142274490410716
18613,142274509990693
18614,142274530203558
18615,142274549861274
18616,142274569735263
18617,142274589496462
18618,142274610371078
18619,142274629993488
18620,142274655588207
18621,142274674008638
18622,142274694311582
18623,142274714006929
18624,142274733891916
18625,142274753554011
18626,142274774407544
18627,142274794127954
18628,142274814191867
18629,142274833606672
18630,142274854010745
18631,142274873792344
18632,142274894373294
18633,142274914525400
18634,142274935610258
18635,142274954040668
18636,142274974176513
18637,142274993807782
18638,142275014045351
18639,142275033665731
18640,142275053992877
18641,142275073548804
18642,142275094048469
18643,142275114340778
18644,142275134088221
18645,142275159207262
18646,142275178103599
18647,142275197673981
18648,142275218324658
18649,142275237652994
18650,142275258044998
18651,142275277602450
18652,142275298150796
18653,142275317852984
18654,142275338014442
18655,142275357685732
18656,142275378073170
18657,142275398550140
18658,142275418195629
18659,142275437707853
18660,142275458094698
18661,142275477644461
18662,142275498174261
18663,142275517732590
18664,142275537988117
18665,142275557608821
18666,142275578017408
18667,142275597586060
18668,142275618059670
18669,142275637600241
18670,142275663310691
18671,142275683405550
18672,142275702008219
18673,142275721670925
18674,142275741952805
18675,142275761592186
18676,142275782015224
18677,142275801617092
18678,142275822001277
18679,142275841833663
18680,142275862019757
18681,142275881664936
18682,142275903512734
18683,142275921930245
18684,142275942107441
18685,142275962477028
18686,142275982198205
18687,142276002015998
18688,142276022155861
18689,142276041898975
18690,142276062115764
18691,142276081874547
18692,142276102133641
18693,142276121781790
18694,142276142182303
18695,142276165871186
18696,142276186190492
18697,142276205930504
18698,142276226320633
18699,142276245774851
18700,142276266225350
18701,142276285859068
18702,142276306121692
18703,142276325942762
18704,142276346135775
18705,142276365983121
18706,142276386074259
18707,142276406123362
18708,142276426395487
18709,142276445976477
18710,142276466306369
18711,142276485631280
18712,142276506241222
18713,142276525923830
18714,142276546065615
18715,142276565906464
18716,142276586488497
18717,142276606164694
18718,142276626074542
18719,142276645712333
18720,142276670253700
18721,142276689699980
18722,142276710330371
18723,142276730074483
18724,142276750078677
18725,142276769650407
18726,142276790002543
18727,142276809555461
18728,142276830209515
18729,142276850038497
18730,142276870250962
18731,142276889755427
18732,142276911300600
18733,142276933338840
18734,142276951251712
18735,142276969558646
18736,142276989988933
18737,142277009529721
18738,142277030445476
18739,142277050324835
18740,142277070426082
18741,142277089970467
18742,142277110581912
18743,142277130246025
18744,142277150510091
18745,142277174363402
18746,142277194531521
18747,142277214195712
18748,142277234212214
18749,142277253968625
18750,142277274643516
18751,142277293866165
18752,142277314201567
18753,142277333866015
18754,142277354316568
18755,142277373975311
18756,142277394274213
18757,142277414484536
18758,142277434192507
18759,142277454095449
18760,142277474347989
18761,142277493997244
18762,142277514203699
18763,142277534020716
18764,142277554467338
18765,142277574015802
18766,142277594155452
18767,142277613920273
18768,142277634192482
18769,142277654209299
18770,142277678619813
18771,142277698076484
18772,142277718189077
18773,142277737965431
18774,142277758431553
18775,142277777964130
18776,142277798257899
18777,142277817779259
18778,142277838245800
18779,142277858031738
18780,142277878255123
18781,142277898003222
18782,142277918923334
18783,142277938450146
18784,142277958885764
18785,142277977886249
18786,142277998289096
18787,142278019148093
18788,142278038233618
18789,142278057960398
18790,142278078173540
18791,142278097986738
18792,142278118230208
18793,142278137806650
18794,142278158397348
18795,142278182143047
18796,142278202220931
18797,142278222163144
18798,142278242340134
18799,142278262045753
18800,142278282436173
18801,142278302009161
18802,142278322309770
18803,142278342015913
18804,142278362300469
18805,142278382019736
18806,142278402311792
18807,142278422315111
18808,142278442321578
18809,142278461906441
18810,142278482344735
18811,142278501875492
18812,142278522295316
18813,142278541794031
18814,142278562219659
18815,142278582001774
18816,142278602245614
18817,142278621942848
18818,142278642199366
18819,142278662633792
18820,142278690156396
18821,142278707304362
18822,142278726620245
18823,142278745872772
18824,142278766269893
18825,142278786055769
18826,142278806156400
18827,142278825951518
18828,142278846258698
18829,142278865899130
18830,142278886450421
18831,142278905836812
18832,142278926730924
18833,142278946325152
18834,142278966182040
18835,142278986096766
18836,142279006236386
18837,142279026124025
18838,142279046132539
18839,142279065909981
18840,142279086413383
18841,142279105977027
18842,142279126282490
18843,142279145933320
18844,142279167300483
18845,142279189850629
18846,142279210118104
18847,142279229941116
18848,142279250072070
18849,142279269948034
18850,142279290405988
18851,142279309939417
18852,142279330261942
18853,142279349759453
18854,142279370238742
18855,142279390114547
18856,142279410540453
18857,142279430472852
18858,142279450893620
18859,142279470081970
18860,142279490310844
18861,142279509978913
18862,142279530266537
18863,142279549981775
18864,142279570235569
18865,142279589993268
18866,142279610273288
18867,142279629922796
18868,142279650259039
18869,142279671540679
18870,142279694505103
18871,142279714143145
18872,142279734306542
18873,142279754061351
18874,142279774250855
18875,142279794019446
18876,142279814377901
18877,142279833974664
18878,142279854380173
18879,142279874024530
18880,142279894336684
18881,142279915225427
18882,142279934738286
18883,142279954452592
18884,142279974336401
18885,142279993926443
18886,142280014399690
18887,142280033998627
18888,142280054289361
18889,142280074069073
18890,142280094449610
18891,142280114200986
18892,142280134405484
18893,142280154033119
18894,142280175929452
18895,142280199010786
18896,142280218676392
18897,142280237836921
18898,142280258326246
18899,142280277960466
18900,142280298162478
18901,142280318026277
18902,142280338176607
18903,142280357893475
18904,142280378193819
18905,142280397910360
18906,142280419869515
18907,142280438420522
18908,142280458525178
18909,142280477988902
18910,142280498220854
18911,142280518114441
18912,142280538450504
18913,142280558098023
18914,142280578387671
18915,142280598093869
18916,142280618664102
18917,142280638058120
18918,142280658294672
18919,142280680449620
18920,142280702434347
18921,142280722160541
18922,142280742413872
18923,142280762006488
18924,142280782252323
18925,142280801872247
18926,142280822293490
18927,142280841880368
18928,142280862274179
18929,142280881859072
18930,142280901896851
18931,142280928148749
18932,142280955916387
18933,142280980478771
18934,142281005104490
18935,142281030698692
18936,142281056633737
18937,142281083316336
18938,142281110343269
18939,142281129683247
18940,142281149292639
18941,142281173439131
18942,142281196031700
18943,142281213651297
18944,142281231122403
18945,142281248414528
18946,142281266035247
18947,142281283600364
18948,142281300960793
18949,142281318134695
18950,142281333644377
18951,142281348674115
18952,142281363916830
18953,142281384160017
18954,142281404557168
18955,142281424464630
18956,142281444531779
18957,142281463833175
18958,142281484164298
18959,142281504169143
18960,142281524469397
18961,142281543996120
18962,142281564103181
18963,142281584205587
18964,142281604600567
18965,142281623909188
18966,142281644424234
18967,142281663739411
18968,142281684504555
18969,142281709261197
18970,142281728593411
18971,142281747942788
18972,142281768085219
18973,142281788077540
18974,142281808381987
18975,142281828414906
18976,142281849118198
18977,142281867888838
18978,142281889548180
18979,142281909249385
18980,142281929523052
18981,142281951671789
18982,142281970414928
18983,142281989981719
18984,142282010280599
18985,142282029525877
18986,142282048272897
18987,142282067985467
18988,142282088231245
18989,142282107963845
18990,142282129387601
18991,142282148049483
18992,142282168413885
18993,142282188905652
18994,142282214054676
18995,142282233521892
18996,142282253350229
18997,142282273228492
18998,142282292167275
18999,142282311702962
19000,142282333990537
19001,142282353616156
19002,142282374084918
19003,142282393667806
19004,142282413979214
19005,142282434149738
19006,142282454189506
19007,142282473902313
19008,142282494116045
19009,142282513773943
19010,142282534036416
19011,142282553928428
19012,142282574109712
19013,142282593881405
19014,142282614057423
19015,142282634120056
19016,142282654507397
19017,142282674023117
19018,142282693987324
19019,142282718169962
19020,142282738390082
19021,142282757694654
19022,142282778047835
19023,142282798052241
19024,142282818414093
19025,142282838075464
19026,142282858539392
19027,142282877762807
19028,142282898210396
19029,142282917779739
19030,142282938291414
19031,142282958324382
19032,142282978690014
19033,142282997683144
19034,142283018007839
19035,142283037658852
19036,142283058028879
19037,142283078652376
19038,142283098057518
19039,142283117745753
19040,142283138019908
19041,142283157727392
19042,142283178318562
19043,142283199125658
19044,142283222267669
19045,142283241913029
19046,142283262089957
19047,142283281862354
19048,142283302035360
19049,142283321817956
19050,142283342074577
19051,142283362114261
19052,142283382547355
19053,142283401626180
19054,142283422034959
19055,142283442288584
19056,142283462388449
19057,142283481665287
19058,142283501948541
19059,142283522013415
19060,142283542483562
19061,142283562093667
19062,142283582422438
19063,142283602168636
19064,142283622456927
19065,142283641690316
19066,142283662013147
19067,142283682329641
19068,142283705154894
19069,142283726325119
19070,142283746065623
19071,142283766080956
19072,142283786509897
19073,142283805644766
19074,142283826054022
19075,142283846130734
19076,142283866630335
19077,142283886157242
19078,142283906573660
19079,142283925790271
19080,142283947809935
19081,142283966157299
19082,142283986443714
19083,142284005903596
19084,142284025809490
19085,142284045862771
19086,142284066163364
19087,142284085975609
19088,142284106186070
19089,142284126073653
19090,142284146322132
19091,142284166076439
19092,142284186676181
19093,142284206048219
19094,142284230174067
19095,142284249763268
19096,142284270068019
19097,142284289779485
19098,142284310121536
19099,142284329765347
19100,142284350106321
19101,142284369650302
19102,142284390059568
19103,142284409830863
19104,142284430336711
19105,142284449941916
19106,142284470392352
19107,142284489967501
19108,142284510341915
19109,142284529985797
19110,142284550311347
19111,142284569986821
19112,142284590259897
19113,142284609947342
19114,142284630284854
19115,142284650034415
19116,142284670241396
19117,142284690330884
19118,142284710488153
19119,142284733850965
19120,142284754122956
19121,142284773779375
19122,142284794102628
19123,142284813747936
19124,142284834225643
19125,142284853769917
19126,142284874368589
19127,142284893933637
19128,142284914329649
19129,142284934195985
19130,142284955247026
19131,142284974008550
19132,142284994270760
19133,142285013973625
19134,142285034329089
19135,142285054059049
19136,142285074289952
19137,142285094078635
19138,142285114331518
19139,142285134056593
19140,142285154158886
19141,142285173702503
19142,142285194516642
19143,142285214036355
19144,142285238410747
19145,142285258030537
19146,142285278315891
19147,142285298070188
19148,142285318325271
19149,142285338076334
19150,142285358338808
19151,142285378041062
19152,142285398379535
19153,142285418001141
19154,142285438643393
19155,142285458379953
19156,142285478419803
19157,142285498065247
19158,142285518409962
19159,142285538081332
19160,142285558408826
19161,142285577966735
19162,142285598299045
19163,142285618060072
19164,142285638422079
19165,142285658035307
19166,142285678257953
19167,142285698918008
19168,142285718282744
19169,142285741995973
19170,142285762176793
19171,142285781921354
19172,142285802156740
19173,142285821851788
19174,142285842200263
19175,142285861852890
19176,142285882222990
19177,142285901797910
19178,142285922206267
19179,142285944070149
19180,142285963054759
19181,142285982075907
19182,142286002603450
19183,142286022068200
19184,142286042495509
19185,142286062100287
19186,142286082472746
19187,142286102160172
19188,142286122491102
19189,142286142201445
19190,142286162620224
19191,142286182658548
19192,142286206052201
19193,142286223525094
19194,142286246412808
19195,142286266152670
19196,142286286350188
19197,142286306690968
19198,142286326944069
19199,142286346043410
19200,142286366644523
19201,142286386604578
19202,142286406997159
19203,142286426097100
19204,142286447460671
19205,142286466374394
19206,142286486557757
19207,142286506672389
19208,142286527057236
19209,142286546071956
19210,142286566651487
19211,142286586693608
19212,142286607073584
19213,142286626214662
19214,142286646515747
19215,142286667108119
19216,142286687296543
19217,142286706498708
19218,142286726543304
19219,142286750754334
19220,142286771213901
19221,142286790150971
19222,142286810458711
19223,142286830109635
19224,142286850699534
19225,142286870918583
19226,142286891064496
19227,142286910131857
19228,142286930343995
19229,142286952990758
19230,142286971948730
19231,142286990818148
19232,142287011027855
19233,142287030089395
19234,142287050287082
19235,142287070822657
19236,142287090832278
19237,142287110029034
19238,142287130413123
19239,142287150504329
19240,142287171056243
19241,142287190201153
19242,142287210882947
19243,142287230790748
19244,142287254945677
19245,142287274943448
19246,142287294909962
19247,142287313987094
19248,142287334350966
19249,142287354955831
19250,142287374972678
19251,142287393953807
19252,142287414222625
19253,142287434716639
19254,142287455359745
19255,142287474092935
19256,142287494348518
19257,142287514548103
19258,142287535004143
19259,142287554500670
19260,142287575054699
19261,142287594115892
19262,142287614395079
19263,142287634703914
19264,142287654922152
19265,142287674005657
19266,142287694910129
19267,142287714743330
19268,142287735192118
19269,142287757991459
19270,142287778267261
19271,142287798618793
19272,142287818825693
19273,142287838490230
19274,142287859003787
19275,142287877915806
19276,142287898370138
19277,142287918614889
19278,142287938949988
19279,142287960528115
19280,142287978593966
19281,142287998828958
19282,142288019118205
19283,142288038111376
19284,142288058443473
19285,142288078535808
19286,142288098947438
19287,142288117998355
19288,142288138350373
19289,142288158084536
19290,142288178410848
19291,142288199337403
19292,142288219088137
19293,142288237940930
19294,142288262151626
19295,142288282379563
19296,142288302821200
19297,142288321789665
19298,142288342135529
19299,142288361901807
19300,142288382168696
19301,142288402515203
19302,142288422829056
19303,142288441650252
19304,142288463040476
19305,142288482548686
19306,142288502965419
19307,142288521764975
19308,142288542133024
19309,142288561903375
19310,142288582117205
19311,142288602477039
19312,142288622734751
19313,142288641968487
19314,142288662149704
19315,142288682433073
19316,142288703249537
19317,142288725009254
19318,142288742203157
19319,142288765802046
19320,142288786135003
19321,142288806473026
19322,142288826971929
19323,142288845973559
19324,142288866264460
19325,142288886514392
19326,142288907038000
19327,142288926021582
19328,142288947152470
19329,142288966085315
19330,142288986377417
19331,142289006584314
19332,142289026838939
19333,142289046006418
19334,142289066298988
19335,142289086622563
19336,142289106893484
19337,142289126013902
19338,142289146310167
19339,142289166115083
19340,142289186282647
19341,142289209336536
19342,142289227426921
19343,142289245836203
19344,142289270185872
19345,142289290459778
19346,142289310814236
19347,142289329794299
19348,142289350102391
19349,142289369724360
19350,142289390120653
19351,142289410393320
19352,142289430859712
19353,142289450397297
19354,142289470375556
19355,142289490418065
19356,142289510706392
19357,142289529808179
19358,142289550155107
19359,142289569797656
19360,142289590114834
19361,142289610538693
19362,142289630903158
19363,142289649822387
19364,142289670137597
19365,142289690492106
19366,142289712225269
19367,142289729792166
19368,142289750160907
19369,142289773791731
19370,142289794098092
19371,142289814373025
19372,142289834760486
19373,142289853802378
19374,142289874206995
19375,142289894455701
19376,142289914674527
19377,142289933789384
19378,142289955630318
19379,142289975056834
19380,142289994374988
19381,142290015775131
19382,142290036236961
19383,142290054149586
19384,142290074325675
19385,142290094521765
19386,142290114968133
19387,142290134107255
19388,142290154483149
19389,142290174082984
19390,142290194433728
19391,142290215914612
19392,142290235244619
19393,142290254305513
19394,142290278372649
19395,142290298576567
19396,142290318948340
19397,142290338038723
19398,142290358409366
19399,142290378051245
19400,142290398355360
19401,142290418508873
19402,142290438995471
19403,142290459306785
19404,142290478691166
19405,142290498777559
19406,142290518925289
19407,142290538004261
19408,142290558540215
19409,142290577983051
19410,142290598371272
19411,142290618565350
19412,142290639070451
19413,142290658075298
19414,142290678382047
19415,142290698774267
19416,142290719846763
19417,142290738267967
19418,142290758572735
19419,142290782040395
19420,142290802356835
19421,142290822607219
19422,142290843093051
19423,142290862063381
19424,142290882275030
19425,142290902644551
19426,142290923061228
19427,142290942123859
19428,142290963398532
19429,142290982218271
19430,142291002382240
19431,142291022376737
19432,142291042886002
19433,142291062009440
19434,142291082345790
19435,142291102614171
19436,142291122945340
19437,142291143610622
19438,142291165922976
19439,142291182819248
19440,142291202214907
19441,142291224330335
19442,142291242816932
19443,142291261797336
19444,142291286172972
19445,142291306299953
19446,142291326865618
19447,142291345787289
19448,142291366119376
19449,142291385764975
19450,142291406035909
19451,142291426416651
19452,142291446682249
19453,142291467157007
19454,142291486447489
19455,142291506577030
19456,142291527027074
19457,142291545979538
19458,142291566234624
19459,142291586097690
19460,142291606274200
19461,142291626621432
19462,142291647059650
19463,142291665986360
19464,142291686438064
19465,142291706721934
19466,142291727107064
19467,142291746113228
19468,142291766321232
19469,142291790032976
19470,142291810271036
19471,142291830402827
19472,142291850994301
19473,142291870041176
19474,142291890323380
19475,142291910465118
19476,142291930917679
19477,142291950869899
19478,142291970564921
19479,142291990166706
19480,142292010289641
19481,142292030523180
19482,142292050946758
19483,142292069945081
19484,142292090326103
19485,142292110473097
19486,142292131048690
19487,142292150036341
19488,142292170303451
19489,142292190080134
19490,142292210858219
19491,142292230941645
19492,142292251002017
19493,142292270058990
19494,142292294359068
19495,142292314612799
19496,142292334952423
19497,142292354011361
19498,142292374282910
19499,142292394116026
19500,142292414268221
19501,142292434653699
19502,142292454869629
19503,142292474674785
19504,142292494281679
19505,142292514519008
19506,142292535067411
19507,142292553991371
19508,142292574264687
19509,142292593977342
19510,142292614339578
19511,142292634678519
19512,142292654919461
19513,142292673966836
19514,142292694347928
19515,142292715087905
19516,142292735082090
19517,142292754052699
19518,142292774298021
19519,142292798043511
19520,142292818373066
19521,142292838603799
19522,142292859001052
19523,142292878006492
19524,142292898468174
19525,142292918696518
19526,142292938888738
19527,142292958952453
19528,142292979273583
19529,142292998056325
19530,142293018434730
19531,142293038684739
19532,142293058882863
19533,142293077997032
19534,142293098312778
19535,142293118603814
19536,142293138953914
19537,142293158146294
19538,142293178557319
19539,142293197957103
19540,142293219145120
19541,142293238963839
19542,142293259010478
19543,142293278041993
19544,142293302309824
19545,142293322675785
19546,142293343098893
19547,142293362006732
19548,142293382364585
19549,142293402096785
19550,142293422410726
19551,142293442704112
19552,142293463554332
19553,142293482048662
19554,142293502128421
19555,142293522482096
19556,142293542765324
19557,142293561879248
19558,142293582299550
19559,142293602039267
19560,142293622206590
19561,142293642520767
19562,142293662919966
19563,142293681966967
19564,142293702165762
19565,142293723672560
19566,142293745442966
19567,142293764239197
19568,142293782318242
19569,142293805924762
19570,142293826151993
19571,142293846433486
19572,142293866902378
19573,142293886117078
19574,142293906313689
19575,142293926579036
19576,142293948115811
19577,142293967102489
19578,142293986801834
19579,142294006074452
19580,142294026139738
19581,142294046407499
19582,142294066836109
19583,142294085878850
19584,142294106327503
19585,142294126579219
19586,142294146858964
19587,142294165880680
19588,142294186201218
19589,142294205985320
19590,142294228077559
19591,142294246606316
19592,142294267078142
19593,142294286113732
19594,142294310194406
19595,142294330507635
19596,142294350971800
19597,142294369978257
19598,142294390295881
19599,142294409990949
19600,142294430392644
19601,142294450656368
19602,142294471690749
19603,142294490020966
19604,142294510410481
19605,142294530675719
19606,142294551059091
19607,142294569970935
19608,142294590355337
19609,142294610062766
19610,142294630276101
19611,142294650567439
19612,142294671136355
19613,142294690056055
19614,142294710373000
19615,142294731365343
19616,142294751055077
19617,142294770101836
19618,142294790191060
19619,142294814052805
19620,142294834213790
19621,142294854715849
19622,142294875042954
19623,142294893802643
19624,142294914276077
19625,142294934500939
19626,142294955506429
19627,142294974870126
19628,142294995089594
19629,142295014343647
19630,142295034403327
19631,142295054541863
19632,142295074826790
19633,142295093883291
19634,142295114181157
19635,142295134506187
19636,142295154779567
19637,142295173850364
19638,142295194300968
19639,142295214187774
19640,142295234638592
19641,142295254743828
19642,142295275010645
19643,142295294005312
19644,142295318142931
19645,142295338462497
19646,142295358755596
19647,142295377837169
19648,142295398199744
19649,142295417984677
19650,142295438148217
19651,142295458394016
19652,142295479153515
19653,142295497944955
19654,142295518144436
19655,142295538370382
19656,142295558811558
19657,142295577751371
19658,142295598125789
19659,142295617806281
19660,142295638132913
19661,142295658519116
19662,142295679190706
19663,142295698194655
19664,142295718863368
19665,142295739696432
19666,142295759095537
19667,142295778242297
19668,142295798584276
19669,142295822195185
19670,142295842351124
19671,142295862779817
19672,142295883037103
19673,142295902177412
19674,142295922672435
19675,142295942796100
19676,142295963997463
19677,142295991404620
19678,142296010628909
19679,142296027837737
19680,142296045082207
19681,142296062427628
19682,142296082756000
19683,142296101889777
19684,142296122293747
19685,142296142415000
19686,142296162728594
19687,142296181942789
19688,142296202167575
19689,142296222377817
19690,142296242735892
19691,142296262547862
19692,142296282875509
19693,142296301830045
19694,142296326286013
19695,142296346384095
19696,142296366854136
19697,142296385813945
19698,142296406122158
19699,142296426063060
19700,142296446185454
19701,142296466614730
19702,142296487338511
19703,142296506067318
19704,142296526327138
19705,142296546448052
19706,142296566800246
19707,142296585819239
19708,142296606190919
19709,142296626055597
19710,142296646171784
19711,142296666397038
19712,142296686875598
19713,142296705897693
19714,142296727337724
19715,142296746764272
19716,142296766820205
19717,142296785868031
19718,142296806177262
19719,142296829862306
19720,142296850156696
19721,142296870491017
19722,142296890917605
19723,142296910017264
19724,142296932867928
19725,142296951343441
19726,142296971041139
19727,142296990961729
19728,142297010698580
19729,142297030121586
19730,142297050481411
19731,142297070679082
19732,142297091098234
19733,142297110373827
19734,142297130541097
19735,142297150703756
19736,142297171121986
19737,142297190257310
19738,142297210762424
19739,142297230871933
19740,142297250964338
19741,142297270859499
19742,142297291137853
19743,142297310374919
19744,142297334475672
19745,142297354799516
19746,142297375113496
19747,142297394196972
19748,142297414750706
19749,142297434671435
19750,142297454363427
19751,142297475216400
19752,142297495582332
19753,142297514319780
19754,142297534509599
19755,142297554655579
19756,142297575003301
19757,142297594069136
19758,142297614392271
19759,142297634175970
19760,142297654403229
19761,142297674694668
19762,142297695034187
19763,142297714122973
19764,142297735153847
19765,142297754588528
19766,142297775156290
19767,142297794127897
19768,142297814568798
19769,142297838075869
19770,142297858415846
19771,142297878771224
19772,142297899030244
19773,142297918079039
19774,142297938444331
19775,142297959594311
19776,142297979224554
19777,142297998503574
19778,142298018414946
19779,142298038203301
19780,142298058396519
19781,142298078655932
19782,142298099074581
19783,142298118052475
19784,142298138455318
19785,142298158664992
19786,142298179074548
19787,142298198035802
19788,142298218552632
19789,142298239278300
19790,142298258412979
19791,142298278966729
19792,142298298944968
19793,142298318099686
19794,142298342391571
19795,142298362668041
19796,142298383048329
19797,142298402028599
19798,142298422407259
19799,142298442220882
19800,142298462633210
19801,142298483294592
19802,142298503157689
19803,142298522177215
19804,142298542457065
19805,142298562734725
19806,142298583029235
19807,142298602095569
19808,142298622349648
19809,142298642119107
19810,142298662491163
19811,142298682677413
19812,142298703058619
19813,142298722088165
19814,142298743107208
19815,142298766258367
19816,142298784179904
19817,142298802273257
19818,142298822659899
19819,142298846180120
19820,142298867564603
19821,142298886670398
19822,142298907100297
19823,142298926122879
19824,142298947771820
19825,142298966995601
19826,142298987529465
19827,142299006504296
19828,142299026463604
19829,142299045998034
19830,142299066460287
19831,142299087051930
19832,142299107016992
19833,142299126170578
19834,142299146336733
19835,142299166585012
19836,142299187100413
19837,142299206102824
19838,142299226339629
19839,142299246497328
19840,142299266545964
19841,142299286930387
19842,142299307028799
19843,142299326085079
19844,142299350411429
19845,142299370666555
19846,142299391010188
19847,142299410124456
19848,142299430346116
19849,142299451035403
19850,142299471026379
19851,142299491699738
19852,142299511002441
19853,142299530696742
19854,142299551040945
19855,142299570149239
19856,142299590579552
19857,142299610671914
19858,142299631104323
19859,142299650063931
19860,142299670572112
19861,142299690533486
19862,142299712395883
19863,142299733028119
19864,142299751714781
19865,142299770285074
19866,142299790717822
19867,142299810818561
19868,142299831022128
19869,142299853755178
19870,142299874156578
19871,142299894601229
19872,142299914865533
19873,142299933811177
19874,142299956038658
19875,142299973882513
19876,142299995138476
19877,142300014429965
19878,142300034719481
19879,142300054395517
19880,142300074869626
19881,142300093696656
19882,142300114173760
19883,142300134481444
19884,142300154693522
19885,142300173860267
19886,142300194131314
19887,142300214359946
19888,142300235061029
19889,142300254290606
19890,142300274473253
19891,142300294735424
19892,142300315056159
19893,142300333983181
19894,142300358272054
19895,142300378629727
19896,142300398953838
19897,142300417992272
19898,142300438350328
19899,142300458600382
19900,142300479568184
19901,142300498424995
19902,142300518476900
19903,142300538619760
19904,142300558838048
19905,142300578503494
19906,142300599009931
19907,142300617985172
19908,142300638303578
19909,142300658612544
19910,142300678950331
19911,142300698089057
19912,142300718264743
19913,142300739013785
19914,142300759032993
19915,142300777833706
19916,142300798291904
19917,142300818608683
19918,142300838939572
19919,142300861936559
19920,142300882254826
19921,142300902613550
19922,142300922853633
19923,142300942027014
19924,142300962422721
19925,142300982666717
19926,142301005190348
19927,142301022391414
19928,142301042903945
19929,142301062585075
19930,142301082976786
19931,142301102313499
19932,142301122403943
19933,142301142954224
19934,142301162867832
19935,142301182083906
19936,142301202518638
19937,142301222081829
19938,142301244605069
19939,142301263149536
19940,142301283015722
19941,142301302099727
19942,142301322319438
19943,142301342672460
19944,142301366981466
19945,142301386034821
19946,142301406375207
19947,142301426067854
19948,142301446395262
19949,142301466774831
19950,142301486932719
19951,142301506501241
19952,142301526686807
19953,142301546874276
19954,142301566947151
19955,142301586033668
19956,142301606461200
19957,142301626203580
19958,142301646556524
19959,142301666697775
19960,142301687070006
19961,142301706750655
19962,142301727089905
19963,142301746425617
19964,142301766747642
19965,142301786726370
19966,142301807170239
19967,142301826246618
19968,142301846665501
19969,142301870103580
19970,142301890060254
19971,142301910391565
19972,142301931038941
19973,142301951419989
19974,142301970983491
19975,142301990672460
19976,142302018138303
19977,142302043574026
19978,142302061405317
19979,142302079394416
19980,142302097536712
19981,142302114553735
19982,142302131856989
19983,142302150581275
19984,142302170936678
19985,142302190612580
19986,142302211089874
19987,142302230155361
19988,142302251477304
19989,142302270940639
19990,142302291011420
19991,142302310144745
19992,142302330250526
19993,142302350190957
19994,142302374351556
19995,142302394527040
19996,142302415068534
19997,142302434112523
19998,142302454372546
19999,142302474690235
20000,142302495169832
20001,142302514305448
20002,142302534532381
20003,142302554193610
20004,142302574444060
20005,142302594740239
20006,142302614795004
20007,142302634151523
20008,142302654592662
20009,142302674729905
20010,142302695161146
20011,142302714020013
20012,142302736065066
20013,142302755634586
20014,142302774743598
20015,142302794754395
20016,142302814967109
20017,142302834717342
20018,142302855049814
20019,142302878065543
20020,142302898426725
20021,142302918632775
20022,142302938954435
20023,142302958709314
20024,142302978401541
20025,142302999180756
20026,142303019315834
20027,142303038189606
20028,142303058528906
20029,142303078641241
20030,142303098873069
20031,142303117979116
20032,142303138364258
20033,142303158280609
20034,142303178455563
20035,142303198796608
20036,142303218961775
20037,142303238075066
20038,142303259063645
20039,142303278937511
20040,142303298909222
20041,142303318105760
20042,142303338397760
20043,142303358383220
20044,142303382316353
20045,142303402860652
20046,142303422908574
20047,142303442097934
20048,142303462510295
20049,142303484063511
20050,142303504350876
20051,142303522357114
20052,142303542534028
20053,142303562141574
20054,142303582428928
20055,142303602636230
20056,142303623003126
20057,142303641972631
20058,142303662422372
20059,142303682612071
20060,142303702915798
20061,142303722062004
20062,142303742334581
20063,142303764811724
20064,142303786100381
20065,142303803201717
20066,142303822431374
20067,142303842619016
20068,142303863174824
20069,142303886073353
20070,142303906383392
20071,142303926635107
20072,142303947673866
20073,142303966944819
20074,142303986997276
20075,142304006563453
20076,142304026576190
20077,142304046783664
20078,142304067110055
20079,142304086014776
20080,142304106326596
20081,142304126539621
20082,142304146871961
20083,142304166068553
20084,142304186342743
20085,142304206701616
20086,142304226897668
20087,142304248500488
20088,142304268565350
20089,142304286158304
20090,142304306275445
20091,142304326661691
20092,142304347029785
20093,142304366047633
20094,142304390348961
20095,142304410653679
20096,142304431029249
20097,142304450006621
20098,142304470421110
20099,142304490756751
20100,142304512358363
20101,142304530801880
20102,142304551062574
20103,142304570002149
20104,142304590415982
20105,142304610520665
20106,142304631004666
20107,142304650035796
20108,142304670315885
20109,142304690720950
20110,142304710812543
20111,142304730018656
20112,142304750218468
20113,142304772488859
20114,142304791124564
20115,142304810604839
20116,142304830835358
20117,142304849956466
20118,142304870360012
20119,142304894631922
20120,142304914964979
20121,142304934180662
20122,142304955296447
20123,142304974677207
20124,142304997397682
20125,142305016795624
20126,142305034485740
20127,142305054688748
20128,142305074972988
20129,142305094195001
20130,142305114351028
20131,142305134656755
20132,142305154999247
20133,142305174018148
20134,142305194430360
20135,142305214172132
20136,142305234478214
20137,142305254652882
20138,142305275957952
20139,142305294144270
20140,142305314454978
20141,142305334740063
20142,142305354971511
20143,142305374152850
20144,142305398429296
20145,142305418184640
20146,142305438405770
20147,142305458568994
20148,142305478837548
20149,142305498104894
20150,142305519663271
20151,142305538636478
20152,142305559144712
20153,142305578122768
20154,142305598301905
20155,142305618772455
20156,142305638859064
20157,142305658045238
20158,142305678270209
20159,142305698533776
20160,142305719060682
20161,142305739091005
20162,142305759622849
20163,142305778693199
20164,142305798502983
20165,142305818772427
20166,142305839131689
20167,142305858005339
20168,142305878395903
20169,142305902505620
20170,142305922992316
20171,142305942089916
20172,142305962792642
20173,142305982628837
20174,142306002844896
20175,142306023508916
20176,142306043064602
20177,142306062492523
20178,142306082943486
20179,142306102084234
20180,142306122509126
20181,142306142604039
20182,142306163118491
20183,142306182040175
20184,142306202436394
20185,142306222955166
20186,142306243217583
20187,142306263139728
20188,142306283327424
20189,142306302270686
20190,142306322614295
20191,142306342705699
20192,142306362993107
20193,142306382598820
20194,142306406938159
20195,142306426176723
20196,142306446325106
20197,142306466858630
20198,142306486967760
20199,142306506308406
20200,142306527094329
20201,142306546541041
20202,142306566976932
20203,142306586006205
20204,142306606372416
20205,142306626702770
20206,142306646938382
20207,142306666052291
20208,142306686437029
20209,142306706652226
20210,142306727164305
20211,142306746073946
20212,142306766892344
20213,142306786419392
20214,142306806610947
20215,142306826982747
20216,142306847104900
20217,142306866135949
20218,142306886499331
20219,142306910356461
20220,142306930471971
20221,142306950618754
20222,142306970570273
20223,142306990076121
20224,142307010476265
20225,142307031395484
20226,142307050494281
20227,142307070170612
20228,142307090510949
20229,142307110031024
20230,142307130460512
20231,142307150122593
20232,142307170590035
20233,142307190247660
20234,142307210361496
20235,142307230198275
20236,142307251965519
20237,142307270876470
20238,142307290367854
20239,142307310133653
20240,142307330484072
20241,142307350090297
20242,142307370323775
20243,142307390005925
20244,142307414244543
20245,142307434214989
20246,142307454456147
20247,142307474269677
20248,142307494225244
20249,142307514020604
20250,142307534745428
20251,142307554366901
20252,142307574563286
20253,142307594297117
20254,142307614536833
20255,142307634293927
20256,142307654506846
20257,142307674303844
20258,142307694572832
20259,142307714111459
20260,142307734530668
20261,142307754258157
20262,142307775331425
20263,142307794298231
20264,142307814635938
20265,142307834374033
20266,142307854706531
20267,142307874200809
20268,142307894517939
20269,142307918142187
20270,142307938434250
20271,142307958408150
20272,142307978431181
20273,142307998320004
20274,142308019827715
20275,142308038298875
20276,142308058423729
20277,142308078065796
20278,142308098207015
20279,142308117998874
20280,142308138242959
20281,142308157903544
20282,142308178227129
20283,142308197869185
20284,142308218154420
20285,142308238031948
20286,142308258360221
20287,142308278497867
20288,142308298340802
20289,142308318159003
20290,142308338291263
20291,142308358052271
20292,142308378351801
20293,142308397994803
20294,142308422220957
20295,142308441890712
20296,142308462194056
20297,142308481994377
20298,142308502237198
20299,142308522195282
20300,142308542313174
20301,142308561893872
20302,142308582287021
20303,142308601845889
20304,142308622148650
20305,142308641912653
20306,142308662233941
20307,142308682033062
20308,142308702148445
20309,142308721894411
20310,142308743252400
20311,142308762069589
20312,142308783667941
20313,142308806558415
20314,142308823818183
20315,142308841832993
20316,142308862197882
20317,142308881852627
20318,142308902238927
20319,142308926399010
20320,142308947151915
20321,142308965746122
20322,142308986203766
20323,142309006033259
20324,142309027663453
20325,142309046731393
20326,142309066900772
20327,142309086674499
20328,142309106664532
20329,142309125730958
20330,142309146095691
20331,142309166264346
20332,142309186913444
20333,142309205780783
20334,142309226139002
20335,142309246569655
20336,142309266607269
20337,142309287337984
20338,142309307064054
20339,142309325927666
20340,142309346215877
20341,142309366501425
20342,142309386979654
20343,142309406480967
20344,142309430835947
20345,142309450454258
20346,142309470769192
20347,142309490030715
20348,142309510589035
20349,142309531409116
20350,142309551222489
20351,142309569936960
20352,142309590474244
20353,142309610610002
20354,142309630872243
20355,142309650068457
20356,142309670449487
20357,142309690813546
20358,142309711098384
20359,142309730614934
20360,142309750980258
20361,142309770055373
20362,142309791312917
20363,142309810699067
20364,142309830915200
20365,142309850035904
20366,142309870280791
20367,142309890862823
20368,142309911016056
20369,142309934087783
20370,142309955089059
20371,142309974569581
20372,142309994883492
20373,142310014622960
20374,142310035623446
20375,142310054281815
20376,142310074336429
20377,142310094624380
20378,142310114972833
20379,142310134008533
20380,142310154279356
20381,142310174480283
20382,142310195027802
20383,142310214032478
20384,142310234309589
20385,142310255270269
20386,142310275026520
20387,142310295208934
20388,142310314902460
20389,142310334038088
20390,142310354336929
20391,142310374633154
20392,142310394942206
20393,142310414020743
20394,142310438342973
20395,142310458535391
20396,142310479023449
20397,142310498029253
20398,142310518356373
20399,142310539312511
20400,142310558907210
20401,142310578577977
20402,142310598911126
20403,142310618090263
20404,142310638324273
20405,142310658525016
20406,142310678972530
20407,142310698031385
20408,142310718360835
20409,142310738665482
20410,142310758893037
20411,142310778087026
20412,142310799417471
20413,142310818627238
20414,142310839185977
20415,142310858561423
20416,142310879002496
20417,142310898092671
20418,142310918423933
20419,142310942689579
20420,142310963165184
20421,142310994854219
20422,142311021821854
20423,142311045192818
20424,142311064927360
20425,142311082022888
20426,142311099329559
20427,142311116576545
20428,142311134251406
20429,142311151587841
20430,142311169432415
20431,142311186233043
20432,142311203268703
20433,142311222348389
20434,142311242713783
20435,142311261818055
20436,142311282647419
20437,142311302584208
20438,142311322881460
20439,142311341762404
20440,142311362115894
20441,142311382311233
20442,142311402831830
20443,142311422419525
20444,142311446683262
20445,142311465791836
20446,142311486158712
20447,142311506289435
20448,142311526632834
20449,142311547042460
20450,142311566302755
20451,142311586399919
20452,142311606692428
20453,142311626378296
20454,142311646651804
20455,142311665770138
20456,142311686162430
20457,142311706309955
20458,142311726623795
20459,142311746447603
20460,142311768237863
20461,142311786695020
20462,142311806320058
20463,142311826492362
20464,142311846652961
20465,142311865771429
20466,142311886215721
20467,142311906456159
20468,142311926844983
20469,142311952333961
20470,142311970212682
20471,142311990328663
20472,142312011624233
20473,142312030461316
20474,142312052401406
20475,142312069826646
20476,142312090313900
20477,142312110508360
20478,142312130616977
20479,142312149885105
20480,142312170176491
20481,142312190323679
20482,142312210763811
20483,142312229639162
20484,142312250579272
20485,142312270445759
20486,142312291026817
20487,142312310610063
20488,142312330876429
20489,142312350086894
20490,142312370248044
20491,142312390502048
20492,142312410714695
20493,142312429785616
20494,142312454223745
20495,142312474346371
20496,142312494752594
20497,142312515372653
20498,142312534132622
20499,142312555376451
20500,142312574682306
20501,142312594504268
20502,142312614528142
20503,142312633692051
20504,142312654207228
20505,142312674394749
20506,142312694786053
20507,142312713851348
20508,142312734058403
20509,142312754384353
20510,142312774748062
20511,142312794991486
20512,142312814352914
20513,142312834374388
20514,142312854769192
20515,142312874487229
20516,142312894752096
20517,142312913804583
20518,142312934190274
20519,142312958824024
20520,142312978845584
20521,142312997806633
20522,142313018257225
20523,142313038772795
20524,142313059687878
20525,142313077953905
20526,142313098108440
20527,142313118425603
20528,142313138619518
20529,142313158383100
20530,142313178801072
20531,142313197981445
20532,142313218201849
20533,142313238546811
20534,142313260442453
20535,142313278093331
20536,142313299570367
20537,142313318348635
20538,142313338779499
20539,142313357869135
20540,142313378188832
20541,142313398398816
20542,142313418730259
20543,142313438499040
20544,142313462784611
20545,142313481857909
20546,142313502179162
20547,142313522396911
20548,142313543575134
20549,142313562129359
20550,142313582460566
20551,142313602623339
20552,142313622857633
20553,142313641922000
20554,142313662281351
20555,142313682635130
20556,142313702949770
20557,142313722491428
20558,142313742820397
20559,142313761918722
20560,142313782424317
20561,142313803903403
20562,142313825500051
20563,142313842301140
20564,142313862200562
20565,142313882427893
20566,142313902909447
20567,142313921865326
20568,142313942187608
20569,142313966321570
20570,142313986804199
20571,142314008776857
20572,142314027412627
20573,142314047147273
20574,142314066271402
20575,142314086489852
20576,142314106798214
20577,142314125880111
20578,142314146156384
20579,142314166334509
20580,142314186760084
20581,142314205966009
20582,142314226183426
20583,142314246843071
20584,142314266660072
20585,142314286449266
20586,142314308139070
20587,142314325910884
20588,142314346226326
20589,142314366353908
20590,142314386777660
20591,142314405789520
20592,142314426201656
20593,142314446505715
20594,142314470767097
20595,142314489823849
20596,142314510242277
20597,142314530427858
20598,142314552201858
20599,142314570182520
20600,142314590387001
20601,142314610466247
20602,142314630806882
20603,142314649842213
20604,142314670260539
20605,142314689931863
20606,142314710241780
20607,142314730490862
20608,142314750999155
20609,142314771567552
20610,142314790385934
20611,142314811825858
20612,142314831222777
20613,142314850131378
20614,142314870353673
20615,142314890007141
20616,142314910528198
20617,142314930447689
20618,142314951458598
20619,142314974154508
20620,142314994196732
20621,142315014534458
20622,142315034975143
20623,142315055482380
20624,142315074578304
20625,142315094083821
20626,142315114237407
20627,142315134524962
20628,142315154917061
20629,142315173824613
20630,142315194181967
20631,142315214466259
20632,142315234726457
20633,142315254119388
20634,142315274344970
20635,142315293972372
20636,142315315447422
20637,142315334578426
20638,142315354734417
20639,142315373888799
20640,142315394168434
20641,142315414538453
20642,142315434782913
20643,142315453777388
20644,142315478295555
20645,142315497847172
20646,142315519881032
20647,142315538410504
20648,142315560211816
20649,142315577908311
20650,142315598245926
20651,142315618470694
20652,142315638872561
20653,142315657769884
20654,142315678199886
20655,142315697864004
20656,142315718259068
20657,142315738551428
20658,142315758791486
20659,142315777939243
20660,142315798261336
20661,142315819215341
20662,142315838839467
20663,142315858035693
20664,142315878259769
20665,142315897872521
20666,142315918195476
20667,142315938490435
20668,142315959164816
20669,142315981893101
20670,142316002391472
20671,142316022711659
20672,142316042876899
20673,142316063610990
20674,142316082168023
20675,142316101935804
20676,142316122347433
20677,142316142323096
20678,142316162884567
20679,142316181781214
20680,142316202280175
20681,142316222580877
20682,142316242943624
20683,142316263017302
20684,142316282434498
20685,142316302549652
20686,142316322558437
20687,142316342732062
20688,142316363220153
20689,142316382125595
20690,142316402391634
20691,142316422734077
20692,142316443000023
20693,142316462249133
20694,142316486492591
20695,142316506217240
20696,142316526402337
20697,142316546672294
20698,142316568240847
20699,142316586200804
20700,142316606447900
20701,142316626722054
20702,142316647055702
20703,142316666204016
20704,142316686489586
20705,142316706146826
20706,142316726500017
20707,142316746714357
20708,142316767151658
20709,142316786128491
20710,142316807110664
20711,142316827062588
20712,142316847161945
20713,142316866067149
20714,142316886314899
20715,142316906755235
20716,142316927722817
20717,142316947016894
20718,142316966487504
20719,142316990649083
20720,142317013143189
20721,142317030658622
20722,142317050529834
20723,142317071934498
20724,142317091032603
20725,142317110197038
20726,142317130491312
20727,142317149973716
20728,142317170446689
20729,142317190695245
20730,142317211162745
20731,142317230663306
20732,142317251253245
20733,142317270057731
20734,142317290475873
20735,142317311631799
20736,142317331300824
20737,142317350048048
20738,142317370421225
20739,142317390088386
20740,142317410458417
20741,142317430696850
20742,142317450965416
20743,142317470609587
20744,142317495116066
20745,142317514071767
20746,142317534346448
20747,142317554733419
20748,142317575495197
20749,142317594329714
20750,142317614295722
20751,142317634738526
20752,142317655140727
20753,142317674123492
20754,142317694457458
20755,142317714690768
20756,142317735060627
20757,142317754514074
20758,142317775900605
20759,142317794203616
20760,142317815473745
20761,142317834647273
20762,142317854942221
20763,142317874140684
20764,142317894455577
20765,142317914592399
20766,142317935074622
20767,142317956147112
20768,142317974740650
20769,142317998682548
20770,142318018863023
20771,142318038602641
20772,142318059963703
20773,142318078319529
20774,142318098506432
20775,142318118558404
20776,142318139044239
20777,142318157964716
20778,142318178464752
20779,142318198636295
20780,142318218997483
20781,142318238125873
20782,142318258588784
20783,142318278864976
20784,142318298944223
20785,142318319432696
20786,142318339151248
20787,142318358156811
20788,142318378352137
20789,142318398732926
20790,142318419178981
20791,142318438114499
20792,142318458418234
20793,142318478204061
20794,142318502313942
20795,142318523508999
20796,142318543348501
20797,142318563257522
20798,142318582792623
20799,142318602711852
20800,142318623162268
20801,142318642268745
20802,142318662326413
20803,142318682337821
20804,142318702425777
20805,142318722698963
20806,142318743072660
20807,142318762623438
20808,142318783220556
20809,142318802106754
20810,142318823332519
20811,142318847808955
20812,142318865837786
20813,142318882880258
20814,142318902601957
20815,142318922782682
20816,142318943992382
20817,142318962201046
20818,142318982523392
20819,142319006624137
20820,142319027182263
20821,142319046620163
20822,142319068705900
20823,142319086463482
20824,142319106714397
20825,142319126709903
20826,142319147132050
20827,142319165980976
20828,142319186533599
20829,142319206753894
20830,142319227179062
20831,142319246248598
20832,142319266812297
20833,142319287251095
20834,142319307139721
20835,142319326993412
20836,142319346622633
20837,142319366697656
20838,142319387137621
20839,142319406127652
20840,142319426233118
20841,142319446699726
20842,142319467127900
20843,142319486241887
20844,142319510486846
20845,142319530678071
20846,142319550990975
20847,142319570768275
20848,142319590725008
20849,142319610897719
20850,142319631049750
20851,142319650086309
20852,142319670405900
20853,142319690341711
20854,142319710521471
20855,142319730752790
20856,142319750813234
20857,142319770173541
20858,142319790528476
20859,142319810576026
20860,142319831335668
20861,142319850359047
20862,142319870465607
20863,142319890189252
20864,142319910490302
20865,142319930764271
20866,142319951732697
20867,142319970269233
20868,142319990582067
20869,142320018827307
20870,142320038476395
20871,142320056125302
20872,142320076715908
20873,142320094513584
20874,142320114711171
20875,142320135437123
20876,142320155265212
20877,142320174231519
20878,142320194549249
20879,142320214754804
20880,142320235387185
20881,142320254629792
20882,142320274689125
20883,142320294321406
20884,142320314904467
20885,142320334952969
20886,142320355295523
20887,142320374079242
20888,142320394447324
20889,142320414621680
20890,142320435091954
20891,142320454222455
20892,142320474457740
20893,142320494891621
20894,142320518941212
20895,142320538173897
20896,142320558596240
20897,142320579420458
20898,142320598974579
20899,142320618569583
20900,142320639069723
20901,142320658133974
20902,142320678359180
20903,142320698616011
20904,142320718930903
20905,142320738042187
20906,142320758404287
20907,142320779481435
20908,142320798969445
20909,142320818282843
20910,142320838713027
20911,142320858695668
20912,142320878927573
20913,142320898593892
20914,142320919030202
20915,142320938048526
20916,142320959109954
20917,142320978629282
20918,142320999017149
20919,142321021989251
20920,142321042374650
20921,142321062517092
20922,142321083482025
20923,142321101985286
20924,142321122329412
20925,142321142606978
20926,142321162867006
20927,142321182667045
20928,142321202928522
20929,142321222077325
20930,142321242333032
20931,142321262482110
20932,142321283127559
20933,142321302096647
20934,142321323282492
20935,142321342708136
20936,142321362927691
20937,142321382116387
20938,142321402442879
20939,142321422698422
20940,142321442981312
20941,142321462629537
20942,142321483120098
20943,142321502042963
20944,142321527222429
20945,142321546950211
20946,142321567175849
20947,142321586524019
20948,142321606611121
20949,142321626751487
20950,142321646945128
20951,142321666036084
20952,142321686494563
20953,142321706550001
20954,142321727115486
20955,142321746562314
20956,142321766871268
20957,142321786178391
20958,142321806401520
20959,142321827692887
20960,142321847238974
20961,142321865963993
20962,142321886470856
20963,142321906659435
20964,142321927188907
20965,142321946557835
20966,142321966596194
20967,142321986904000
20968,142322007304950
20969,142322030676886
20970,142322051084130
20971,142322070265414
20972,142322091511647
20973,142322110338191
20974,142322130577883
20975,142322150655754
20976,142322170977174
20977,142322190085547
20978,142322210433570
20979,142322230689387
20980,142322251328408
20981,142322270705949
20982,142322292562360
20983,142322310230312
20984,142322331632398
20985,142322350671355
20986,142322371114970
20987,142322390164619
20988,142322410471696
20989,142322430600534
20990,142322451044106
20991,142322470145185
20992,142322490436906
20993,142322510780520
20994,142322534937586
20995,142322554606958
20996,142322575867176
20997,142322594410387
20998,142322614436337
20999,142322634612296
21000,142322655093598
21001,142322674204026
21002,142322694419362
21003,142322714246672
21004,142322734430469
21005,142322754680698
21006,142322774936462
21007,142322794094600
21008,142322814488415
21009,142322835935374
21010,142322855349388
21011,142322874073371
21012,142322894449635
21013,142322914795074
21014,142322935131091
21015,142322954432102
21016,142322974558280
21017,142322994783529
21018,142323015168493
21019,142323039361470
21020,142323059094749
21021,142323079389921
21022,142323099258486
21023,142323118193008
21024,142323138996432
21025,142323158638764
21026,142323178933404
21027,142323198200248
21028,142323218379328
21029,142323238756603
21030,142323259174867
21031,142323278559447
21032,142323298952887
21033,142323318012327
21034,142323339933271
21035,142323358674649
21036,142323378918627
21037,142323398083635
21038,142323418339317
21039,142323438722793
21040,142323458962323
21041,142323478090101
21042,142323498417020
21043,142323518789150
21044,142323543021989
21045,142323562739146
21046,142323584855297
21047,142323602266304
21048,142323622472230
21049,142323642726340
21050,142323663096939
21051,142323682091751
21052,142323702412286
21053,142323722610019
21054,142323743065033
21055,142323762104951
21056,142323783067381
21057,142323802798419
21058,142323823111044
21059,142323844391136
21060,142323866194945
21061,142323883125616
21062,142323902519290
21063,142323922695180
21064,142323943200045
21065,142323963779637
21066,142323982523717
21067,142324002833936
21068,142324023055476
21069,142324046184692
21070,142324066487987
21071,142324088326067
21072,142324107160785
21073,142324126139492
21074,142324146497102
21075,142324166761627
21076,142324187100114
21077,142324206139687
21078,142324226429380
21079,142324246713367
21080,142324266971314
21081,142324286212031
21082,142324306444671
21083,142324326640658
21084,142324348728522
21085,142324366152929
21086,142324386409162
21087,142324406130956
21088,142324426354617
21089,142324446769689
21090,142324466922410
21091,142324486123985
21092,142324506399140
21093,142324526843482
21094,142324551380811
21095,142324570778715
21096,142324593020765
21097,142324610312049
21098,142324630454859
21099,142324650760813
21100,142324670932690
21101,142324690111393
21102,142324710397715
21103,142324730707091
21104,142324751037333
21105,142324770060200
21106,142324790407933
21107,142324810773012
21108,142324831496401
21109,142324851738309
21110,142324871202133
21111,142324890111757
21112,142324910460101
21113,142324930761786
21114,142324951827840
21115,142324970340999
21116,142324990454318
21117,142325010195021
21118,142325030462849
21119,142325054850401
21120,142325075048718
21121,142325095918078
21122,142325114485398
21123,142325134579622
21124,142325155085883
21125,142325174255678
21126,142325194465599
21127,142325214175765
21128,142325234427189
21129,142325254955064
21130,142325275087458
21131,142325294973696
21132,142325314525239
21133,142325335473261
21134,142325355124270
21135,142325374165524
21136,142325394476624
21137,142325414117703
21138,142325434340321
21139,142325454874707
21140,142325475013259
21141,142325494219405
21142,142325514464369
21143,142325538738632
21144,142325559137481
21145,142325578254707
21146,142325599382743
21147,142325618796387
21148,142325639003449
21149,142325658270411
21150,142325678660544
21151,142325698741736
21152,142325719213308
21153,142325738233172
21154,142325758528746
21155,142325778567971
21156,142325798629917
21157,142325818900564
21158,142325839737502
21159,142325858563794
21160,142325878698047
21161,142325898742616
21162,142325919100915
21163,142325938181388
21164,142325958797284
21165,142325978735446
21166,142325999006693
21167,142326019399243
21168,142326043376955
21169,142326062223073
21170,142326082300774
21171,142326103227571
21172,142326123168187
21173,142326142224597
21174,142326162454649
21175,142326182761303
21176,142326203232596
21177,142326222234078
21178,142326242443902
21179,142326262253714
21180,142326282438452
21181,142326302792005
21182,142326323019073
21183,142326342934368
21184,142326363344230
21185,142326382233970
21186,142326402546767
21187,142326422760783
21188,142326443139762
21189,142326462145004
21190,142326482426483
21191,142326502739802
21192,142326523187858
21193,142326546142090
21194,142326566431465
21195,142326586854074
21196,142326607363876
21197,142326626228650
21198,142326646444035
21199,142326666719213
21200,142326687117657
21201,142326706201351
21202,142326726407192
21203,142326746174134
21204,142326768144086
21205,142326787444186
21206,142326807311910
21207,142326826965220
21208,142326847418207
21209,142326866346124
21210,142326886395459
21211,142326910171334
21212,142326927801467
21213,142326946967364
21214,142326966995013
21215,142326986298319
21216,142327006704269
21217,142327027327673
21218,142327051202976
21219,142327071123773
21220,142327091186238
21221,142327110619673
21222,142327130589928
21223,142327150784593
21224,142327170921656
21225,142327190110048
21226,142327210567797
21227,142327230627774
21228,142327251147476
21229,142327270087912
21230,142327290644851
21231,142327310783518
21232,142327330826604
21233,142327350911870
21234,142327370941841
21235,142327390088150
21236,142327410412578
21237,142327430670157
21238,142327451017063
21239,142327470084613
21240,142327490370573
21241,142327510711786
21242,142327531078602
21243,142327554297916
21244,142327574539253
21245,142327595388030
21246,142327615344596
21247,142327634839348
21248,142327654975290
21249,142327674204190
21250,142327694435513
21251,142327714659642
21252,142327735181101
21253,142327754135263
21254,142327774437044
21255,142327794716452
21256,142327815040834
21257,142327834163878
21258,142327855113691
21259,142327874734710
21260,142327895024148
21261,142327914749457
21262,142327935217067
21263,142327954601752
21264,142327974419808
21265,142327994638590
21266,142328015058527
21267,142328034206156
21268,142328058397774
21269,142328078740660
21270,142328099608388
21271,142328118635983
21272,142328138619762
21273,142328158754776
21274,142328179057237
21275,142328198117962
21276,142328218439224
21277,142328238809881
21278,142328259279875
21279,142328278286710
21280,142328299004713
21281,142328318233154
21282,142328338523961
21283,142328359377412
21284,142328379172880
21285,142328398616958
21286,142328419145520
21287,142328438230417
21288,142328458532847
21289,142328478766814
21290,142328498980774
21291,142328518208525
21292,142328538503057
21293,142328562612694
21294,142328583160425
21295,142328603243692
21296,142328622419763
21297,142328642707335
21298,142328663160776
21299,142328682722021
21300,142328703123366
21301,142328722072377
21302,142328742463371
21303,142328762807858
21304,142328783061435
21305,142328802139728
21306,142328822455537
21307,142328842690409
21308,142328865319639
21309,142328883865647
21310,142328903430750
21311,142328922708188
21312,142328943177145
21313,142328962723299
21314,142328983115352
21315,142329002166363
21316,142329022560216
21317,142329043491955
21318,142329067167271
21319,142329086164920
21320,142329106973701
21321,142329127011829
21322,142329147290535
21323,142329166283576
21324,142329186623180
21325,142329206818727
21326,142329227182721
21327,142329246798115
21328,142329267332321
21329,142329286426870
21330,142329306662254
21331,142329326253053
21332,142329346539286
21333,142329367314698
21334,142329387181246
21335,142329406158849
21336,142329426338801
21337,142329446774828
21338,142329467226657
21339,142329486684445
21340,142329506945988
21341,142329526173004
21342,142329546461312
21343,142329570829941
21344,142329591236153
21345,142329610505009
21346,142329630898363
21347,142329650758815
21348,142329671173826
21349,142329690280299
21350,142329710444014
21351,142329730652216
21352,142329751148043
21353,142329770797919
21354,142329791777488
21355,142329810508314
21356,142329830541224
21357,142329850905183
21358,142329871240509
21359,142329890076495
21360,142329910203788
21361,142329930580513
21362,142329952901503
21363,142329969876209
21364,142329990371299
21365,142330010454321
21366,142330030915554
21367,142330050614523
21368,142330074626408
21369,142330093930426
21370,142330115976977
21371,142330134346163
21372,142330154720178
21373,142330173987552
21374,142330194397445
21375,142330214395183
21376,142330234851903
21377,142330253853907
21378,142330274197801
21379,142330294650859
21380,142330314635724
21381,142330334535375
21382,142330354926730
21383,142330374043409
21384,142330394599857
21385,142330414646527
21386,142330434970438
21387,142330454095323
21388,142330474336280
21389,142330494670398
21390,142330514946581
21391,142330534076810
21392,142330556116178
21393,142330578519733
21394,142330598868433
21395,142330619745025
21396,142330639005671
21397,142330657687115
21398,142330678253737
21399,142330698723869
21400,142330718837466
21401,142330737927805
21402,142330758177893
21403,142330778477124
21404,142330799013781
21405,142330817867487
21406,142330838186084
21407,142330859710617
21408,142330879105129
21409,142330898690236
21410,142330918738712
21411,142330937877364
21412,142330958897889
21413,142330978475766
21414,142330999008902
21415,142331017818776
21416,142331038113500
21417,142331058385297
21418,142331082835577
21419,142331101961582
21420,142331124141671
21421,142331142706530
21422,142331162877608
21423,142331182423845
21424,142331202965507
21425,142331221775573
21426,142331242357916
21427,142331262542276
21428,142331282932781
21429,142331302456108
21430,142331322175888
21431,142331342541527
21432,142331363277400
21433,142331381982945
21434,142331402332189
21435,142331422444797
21436,142331442979271
21437,142331462407420
21438,142331482843999
21439,142331501975266
21440,142331522237069
21441,142331542401866
21442,142331562727604
21443,142331586367917
21444,142331606873976
21445,142331626126254
21446,142331646612433
21447,142331666597775
21448,142331687117175
21449,142331706062516
21450,142331726276502
21451,142331746687435
21452,142331766943893
21453,142331786562845
21454,142331807026956
21455,142331826032275
21456,142331846465803
21457,142331866904803
21458,142331886680333
21459,142331906160541
21460,142331926227232
21461,142331947100114
21462,142331966786879
21463,142331985952968
21464,142332006641489
21465,142332026369264
21466,142332047251553
21467,142332066586455
21468,142332090717132
21469,142332110743930
21470,142332130967814
21471,142332150044657
21472,142332170184729
21473,142332190426758
21474,142332210959064
21475,142332229920462
21476,142332250447558
21477,142332270560049
21478,142332290665027
21479,142332310120473
21480,142332330205816
21481,142332350522897
21482,142332371277607
21483,142332390414518
21484,142332410871325
21485,142332429950621
21486,142332450332284
21487,142332470533248
21488,142332490716983
21489,142332510062582
21490,142332530240466
21491,142332550613203
21492,142332570747556
21493,142332593782776
21494,142332614694284
21495,142332634632506
21496,142332655116586
21497,142332674407933
21498,142332694853789
21499,142332713973379
21500,142332734214228
21501,142332754623392
21502,142332774857000
21503,142332793873320
21504,142332814662776
21505,142332834589898
21506,142332855089357
21507,142332874313655
21508,142332894262995
21509,142332914713026
21510,142332934888722
21511,142332955360497
21512,142332974958802
21513,142332994007816
21514,142333014536853
21515,142333034600125
21516,142333055246253
21517,142333073984160
21518,142333098388832
21519,142333118881822
21520,142333139032537
21521,142333158240010
21522,142333178308081
21523,142333198530389
21524,142333218840617
21525,142333238662532
21526,142333259143327
21527,142333278018339
21528,142333298373749
21529,142333318289576
21530,142333338857700
21531,142333358053805
21532,142333378693284
21533,142333398469039
21534,142333418941012
21535,142333437893748
21536,142333458456013
21537,142333478493472
21538,142333498897204
21539,142333518538859
21540,142333538817121
21541,142333558580772
21542,142333578566448
21543,142333602735262
21544,142333623356694
21545,142333642176987
21546,142333662583989
21547,142333682608544
21548,142333703156754
21549,142333721968985
21550,142333742270851
21551,142333762634837
21552,142333782761680
21553,142333802573983
21554,142333822828244
21555,142333841891900
21556,142333862403257
21557,142333883730683
21558,142333905819749
21559,142333922713134
21560,142333942496117
21561,142333962448812
21562,142333983021657
21563,142334002620513
21564,142334030760046
21565,142334056748524
21566,142334074838784
21567,142334092668650
21568,142334110838609
21569,142334130165207
21570,142334148043915
21571,142334166768391
21572,142334187287235
21573,142334206226369
21574,142334226528515
21575,142334246945576
21576,142334267369895
21577,142334286254053
21578,142334307357376
21579,142334327008776
21580,142334347282445
21581,142334366801040
21582,142334387911726
21583,142334406420076
21584,142334426560055
21585,142334446800674
21586,142334467153615
21587,142334486240243
21588,142334506494295
21589,142334527026515
21590,142334550940547
21591,142334577212229
21592,142334603152155
21593,142334620075063
21594,142334636811013
21595,142334652690664
21596,142334669120538
21597,142334688275412
21598,142334708480054
21599,142334728694115
21600,142334749076959
21601,142334768224592
21602,142334788836350
21603,142334808658210
21604,142334829095801
21605,142334848217551
21606,142334868491146
21607,142334888841213
21608,142334909523377
21609,142334929891431
21610,142334951786554
21611,142334969398965
21612,142334988495120
21613,142335008667268
21614,142335030028127
21615,142335048239934
21616,142335068521433
21617,142335090104989
21618,142335115293510
21619,142335134287044
21620,142335154492915
21621,142335174605952
21622,142335194098159
21623,142335212675622
21624,142335233029515
21625,142335252090525
21626,142335274272558
21627,142335293737433
21628,142335313105858
21629,142335332288787
21630,142335352393768
21631,142335374254368
21632,142335394980378
21633,142335414254108
21634,142335434372523
21635,142335454643874
21636,142335474973503
21637,142335494650627
21638,142335514992550
21639,142335534082117
21640,142335554391651
21641,142335574652255
21642,142335595008459
21643,142335618009669
21644,142335638636980
21645,142335658723637
21646,142335678967308
21647,142335697964108
21648,142335718413067
21649,142335738610314
21650,142335758942829
21651,142335778673360
21652,142335798875190
21653,142335818099715
21654,142335838468515
21655,142335858551341
21656,142335879163284
21657,142335898102278
21658,142335918585168
21659,142335938707314
21660,142335960839975
21661,142335978162438
21662,142335998441670
21663,142336018603897
21664,142336038987869
21665,142336058586373
21666,142336079009661
21667,142336098024307
21668,142336122421079
21669,142336142848412
21670,142336162955236
21671,142336181845762
21672,142336202453389
21673,142336222567090
21674,142336242920547
21675,142336261949300
21676,142336282298812
21677,142336302651804
21678,142336322983147
21679,142336342597467
21680,142336362828720
21681,142336382107270
21682,142336402449727
21683,142336422660948
21684,142336443029129
21685,142336461970846
21686,142336482329947
21687,142336502490980
21688,142336523032046
21689,142336542010336
21690,142336562633055
21691,142336582666044
21692,142336602970041
21693,142336626562666
21694,142336646980751
21695,142336665978616
21696,142336686398151
21697,142336706507118
21698,142336726947467
21699,142336745933900
21700,142336766334797
21701,142336786582633
21702,142336806976319
21703,142336826023062
21704,142336846345028
21705,142336866519763
21706,142336887025888
21707,142336906634984
21708,142336927752094
21709,142336946218377
21710,142336966362925
21711,142336986433985
21712,142337006927485
21713,142337026067213
21714,142337046432156
21715,142337066654181
21716,142337086853701
21717,142337106589616
21718,142337130951491
21719,142337150020270
21720,142337170631845
21721,142337190520460
21722,142337210937909
21723,142337230683654
21724,142337250911739
21725,142337270042986
21726,142337290355316
21727,142337310769204
21728,142337331063965
21729,142337350015365
21730,142337370362896
21731,142337390681342
21732,142337410715112
21733,142337430137883
21734,142337450276933
21735,142337470413447
21736,142337490783458
21737,142337510491349
21738,142337531000801
21739,142337550539356
21740,142337570846652
21741,142337589834564
21742,142337610435702
21743,142337634761073
21744,142337654933495
21745,142337674042022
21746,142337694331205
21747,142337714380993
21748,142337734978128
21749,142337753838834
21750,142337774368082
21751,142337794415939
21752,142337814725687
21753,142337834489741
21754,142337854871323
21755,142337873965273
21756,142337894715659
21757,142337914387973
21758,142337934863347
21759,142337954227624
21760,142337974332737
21761,142337994411449
21762,142338015401642
21763,142338034231817
21764,142338054364607
21765,142338074965447
21766,142338094946130
21767,142338114588538
21768,142338139724692
21769,142338158250666
21770,142338178624739
21771,142338198545344
21772,142338218989512
21773,142338237941861
21774,142338258156866
21775,142338278552964
21776,142338298830715
21777,142338318684264
21778,142338339076304
21779,142338358053204
21780,142338378429873
21781,142338400031361
21782,142338418961180
21783,142338438555702
21784,142338459203507
21785,142338478722253
21786,142338499135621
21787,142338518016023
21788,142338538402059
21789,142338558652404
21790,142338579015918
21791,142338598057965
21792,142338618411591
21793,142338643976852
21794,142338663290638
21795,142338682780414
21796,142338703148558
21797,142338722018334
21798,142338742398509
21799,142338762708941
21800,142338783170134
21801,142338802665006
21802,142338823988383
21803,142338842253198
21804,142338862408796
21805,142338882664482
21806,142338903525430
21807,142338926798124
21808,142338945343335
21809,142338963022947
21810,142338983062901
21811,142339002175911
21812,142339022434227
21813,142339042746141
21814,142339063097611
21815,142339082753780
21816,142339103216129
21817,142339122086171
21818,142339146863800
21819,142339167208512
21820,142339187336064
21821,142339206188662
21822,142339226391305
21823,142339246701183
21824,142339267149272
21825,142339286464682
21826,142339306467051
21827,142339326697695
21828,142339347079106
21829,142339366537156
21830,142339387300674
21831,142339406754422
21832,142339426532976
21833,142339446855997
21834,142339467006797
21835,142339486705928
21836,142339507185414
21837,142339526056024
21838,142339546513792
21839,142339567417060
21840,142339587446976
21841,142339606436448
21842,142339626436906
21843,142339651212147
21844,142339670984249
21845,142339690951978
21846,142339711121025
21847,142339730156563
21848,142339750353120
21849,142339771107908
21850,142339791138331
21851,142339810130739
21852,142339830460574
21853,142339850509560
21854,142339870910710
21855,142339890318780
21856,142339910939331
21857,142339930863034
21858,142339951779431
21859,142339970983146
21860,142339991037628
21861,142340010880869
21862,142340030520136
21863,142340050678979
21864,142340071180449
21865,142340090057876
21866,142340110423923
21867,142340130669746
21868,142340155497680
21869,142340174707708
21870,142340195054839
21871,142340214238064
21872,142340234389174
21873,142340254711555
21874,142340275221999
21875,142340294829611
21876,142340315860560
21877,142340335374786
21878,142340355121653
21879,142340374226895
21880,142340395189045
21881,142340414940587
21882,142340435298965
21883,142340454137102
21884,142340474462556
21885,142340494686384
21886,142340515040933
21887,142340534176147
21888,142340554426973
21889,142340574631315
21890,142340595164816
21891,142340614628884
21892,142340635035459
21893,142340658401032
21894,142340678404375
21895,142340698681012
21896,142340718987076
21897,142340738174557
21898,142340758435807
21899,142340778632454
21900,142340799141166
21901,142340818079011
21902,142340838509155
21903,142340858710045
21904,142340879006311
21905,142340898984837
21906,142340919390905
21907,142340938316648
21908,142340959074817
21909,142340978605013
21910,142341003668973
21911,142341030828365
21912,142341056863968
21913,142341084492148
21914,142341113524265
21915,142341140862927
21916,142341170726119
21917,142341190060429
21918,142341208811104
21919,142341234698867
21920,142341262902774
21921,142341288087727
21922,142341308636172
21923,142341326080209
21924,142341344114449
21925,142341362008336
21926,142341379211136
21927,142341395113500
21928,142341411447227
21929,142341427013616
21930,142341442992973
21931,142341458398929
21932,142341473584587
21933,142341488410256
21934,142341504143727
21935,142341520449386
21936,142341540811239
21937,142341560602734
21938,142341580891709
21939,142341600609715
21940,142341620301640
21941,142341640047940
21942,142341665283285
21943,142341684590968
21944,142341704964912
21945,142341724439752
21946,142341744496643
21947,142341764020887
21948,142341784843153
21949,142341804682501
21950,142341826478297
21951,142341844794769
21952,142341864387968
21953,142341884206976
21954,142341907745065
21955,142341926411702
21956,142341945456440
21957,142341964563149
21958,142341986196254
21959,142342006192030
21960,142342026082814
21961,142342044306139
21962,142342066379941
21963,142342085680288
21964,142342104899682
21965,142342124509433
21966,142342144430090
21967,142342169937661
21968,142342189442670
21969,142342208570526
21970,142342228426783
21971,142342249546863
21972,142342268903559
21973,142342289071927
21974,142342310468053
21975,142342329895494
21976,142342349688139
21977,142342368212098
21978,142342388942745
21979,142342411135240
21980,142342430792168
21981,142342450535786
21982,142342470370470
21983,142342489842404
21984,142342510827888
21985,142342530445582
21986,142342550230168
21987,142342570136397
21988,142342591020294
21989,142342610706232
21990,142342631046668
21991,142342650772308
21992,142342674530437
21993,142342694066863
21994,142342714843688
21995,142342734550375
21996,142342754376026
21997,142342774053418
21998,142342794985371
21999,142342814566047
22000,142342834988212
22001,142342854860260
22002,142342874410153
22003,142342894062994
22004,142342915400972
22005,142342934634997
22006,142342955255893
22007,142342974604635
22008,142342994471206
22009,142343014253698
22010,142343035099879
22011,142343054573616
22012,142343074397313
22013,142343094106239
22014,142343115004660
22015,142343134451090
22016,142343154707856
22017,142343178276223
22018,142343199039580
22019,142343218579243
22020,142343238917031
22021,142343258548267
22022,142343278452265
22023,142343297944368
22024,142343318958301
22025,142343338781657
22026,142343358432063
22027,142343378097002
22028,142343398982072
22029,142343418954566
22030,142343438307007
22031,142343457866288
22032,142343478763745
22033,142343498387196
22034,142343518936775
22035,142343538612186
22036,142343558448195
22037,142343578266014
22038,142343599057859
22039,142343618471195
22040,142343638473982
22041,142343658284690
22042,142343683079400
22043,142343702580376
22044,142343722949606
22045,142343742552298
22046,142343762448751
22047,142343782031585
22048,142343802971027
22049,142343822626130
22050,142343842989638
22051,142343862634354
22052,142343883061501
22053,142343902549394
22054,142343922689276
22055,142343945393387
22056,142343963221361
22057,142343982431844
22058,142344002655634
22059,142344022881112
22060,142344042322729
22061,142344061820974
22062,142344083299278
22063,142344102644012
22064,142344122366405
22065,142344142189710
22066,142344164464244
22067,142344186479814
22068,142344206994201
22069,142344226437965
22070,142344246873362
22071,142344266631527
22072,142344286295095
22073,142344306013991
22074,142344326795019
22075,142344346512514
22076,142344366391740
22077,142344385802501
22078,142344407145286
22079,142344426604912
22080,142344447035796
22081,142344466635654
22082,142344486371412
22083,142344506124767
22084,142344526922600
22085,142344546546670
22086,142344567108432
22087,142344586552592
22088,142344607087318
22089,142344626641281
22090,142344646507437
22091,142344666287636
22092,142344691106061
22093,142344710693815
22094,142344731035684
22095,142344750593654
22096,142344770445849
22097,142344789949864
22098,142344811047417
22099,142344832049351
22100,142344851281175
22101,142344870678647
22102,142344890297272
22103,142344911140259
22104,142344931043885
22105,142344951241903
22106,142344970834786
22107,142344990470585
22108,142345010885532
22109,142345030464760
22110,142345050412367
22111,142345069984714
22112,142345090894097
22113,142345110540513
22114,142345130826848
22115,142345150510484
22116,142345170596234
22117,142345194219749
22118,142345214956322
22119,142345234538102
22120,142345255000552
22121,142345274818528
22122,142345294525548
22123,142345313994251
22124,142345334919115
22125,142345354503603
22126,142345375108000
22127,142345394650455
22128,142345414721946
22129,142345434318813
22130,142345455025530
22131,142345474745670
22132,142345495058303
22133,142345514701079
22134,142345534543895
22135,142345554225903
22136,142345574973997
22137,142345594733347
22138,142345614718008
22139,142345634153135
22140,142345654907368
22141,142345675903223
22142,142345698815466
22143,142345718365016
22144,142345738761209
22145,142345758376821
22146,142345778244599
22147,142345797854788
22148,142345818871851
22149,142345838515076
22150,142345858833288
22151,142345878379075
22152,142345898292822
22153,142345919385537
22154,142345938786519
22155,142345959145710
22156,142345978809038
22157,142345998509984
22158,142346018342158
22159,142346038022099
22160,142346058997954
22161,142346078553988
22162,142346099001428
22163,142346118542532
22164,142346138328415
22165,142346158015472
22166,142346180484335
22167,142346202496911
22168,142346222291768
22169,142346241954745
22170,142346262399408
22171,142346282009755
22172,142346302846309
22173,142346322504535
22174,142346344491371
22175,142346362490252
22176,142346382222425
22177,142346401938493
22178,142346424134710
22179,142346442463033
22180,142346462278854
22181,142346481883872
22182,142346502800486
22183,142346522445052
22184,142346542804839
22185,142346562503454
22186,142346582391645
22187,142346601983424
22188,142346622845893
22189,142346642525389
22190,142346662764765
22191,142346683241808
22192,142346706933177
22193,142346726647607
22194,142346746441038
22195,142346766121154
22196,142346786888702
22197,142346806582198
22198,142346826473527
22199,142346845969396
22200,142346867164944
22201,142346886548508
22202,142346907035589
22203,142346928399676
22204,142346947257166
22205,142346965958782
22206,142346986774349
22207,142347006542869
22208,142347027057744
22209,142347046414042
22210,142347066858171
22211,142347088136862
22212,142347106417819
22213,142347126039652
22214,142347147003741
22215,142347166686203
22216,142347187130375
22217,142347210539871
22218,142347230557485
22219,142347249848622
22220,142347271156947
22221,142347290408802
22222,142347310797751
22223,142347330627256
22224,142347350358302
22225,142347369955272
22226,142347390819332
22227,142347410507096
22228,142347431693095
22229,142347450671005
22230,142347471081519
22231,142347490440718
22232,142347510352381
22233,142347529924262
22234,142347550854368
22235,142347570556151
22236,142347590808641
22237,142347610679767
22238,142347630394119
22239,142347649819970
22240,142347671622223
22241,142347690875103
22242,142347714888511
22243,142347734536352
22244,142347754224507
22245,142347773954709
22246,142347794746196
22247,142347814502286
22248,142347836624919
22249,142347854750955
22250,142347875016919
22251,142347894431061
22252,142347914235952
22253,142347936436109
22254,142347956230788
22255,142347974676759
22256,142347994897404
22257,142348014833791
22258,142348034637211
22259,142348054151942
22260,142348075374992
22261,142348094597244
22262,142348114554478
22263,142348134230603
22264,142348155029143
22265,142348174740590
22266,142348195028099
22267,142348218852031
22268,142348239012697
22269,142348258733701
22270,142348278858461
22271,142348298246954
22272,142348319054321
22273,142348338636076
22274,142348359109419
22275,142348378832793
22276,142348398621794
22277,142348418380952
22278,142348439887249
22279,142348458813799
22280,142348478941594
22281,142348498713852
22282,142348518710816
22283,142348538174201
22284,142348558989679
22285,142348578641212
22286,142348599619379
22287,142348618853014
22288,142348639245784
22289,142348658593429
22290,142348680067476
22291,142348698547035
22292,142348723124869
22293,142348742623641
22294,142348763047358
22295,142348782647227
22296,142348802669938
22297,142348822222514
22298,142348843072973
22299,142348862693778
22300,142348882602149
22301,142348902084236
22302,142348923538936
22303,142348944334386
22304,142348964808995
22305,142348982731809
22306,142349002504621
22307,142349022172523
22308,142349043003385
22309,142349062616779
22310,142349083084877
22311,142349102634647
22312,142349122471551
22313,142349142094582
22314,142349162975545
22315,142349183659010
22316,142349203309152
22317,142349226773114
22318,142349246537127
22319,142349266175220
22320,142349287227199
22321,142349306642358
22322,142349327141155
22323,142349348192527
22324,142349366972157
22325,142349386690165
22326,142349406485777
22327,142349426648765
22328,142349447445090
22329,142349466656414
22330,142349487044701
22331,142349506653109
22332,142349526421948
22333,142349546294558
22334,142349567020822
22335,142349586727169
22336,142349607161560
22337,142349626657950
22338,142349646561377
22339,142349666114659
22340,142349688572086
22341,142349706729790
22342,142349731017536
22343,142349750631727
22344,142349771089354
22345,142349790674228
22346,142349810455916
22347,142349830230288
22348,142349851100950
22349,142349870649060
22350,142349891140308
22351,142349910635374
22352,142349931814083
22353,142349951286920
22354,142349971308113
22355,142349990643039
22356,142350012151731
22357,142350030638284
22358,142350050551157
22359,142350070292521
22360,142350091664419
22361,142350110983837
22362,142350131166977
22363,142350152203040
22364,142350170462774
22365,142350190925104
22366,142350211217561
22367,142350234664113
22368,142350254540945
22369,142350274513786
22370,142350294897687
22371,142350314800070
22372,142350335187544
22373,142350354635263
22374,142350374507827
22375,142350394113577
22376,142350415119099
22377,142350435481355
22378,142350455311262
22379,142350474777949
22380,142350495048118
22381,142350514657965
22382,142350534576811
22383,142350554393055
22384,142350575064798
22385,142350594708548
22386,142350615194749
22387,142350634694710
22388,142350654411144
22389,142350674315065
22390,142350695808182
22391,142350714883196
22392,142350739070644
22393,142350758632436
22394,142350778544209
22395,142350798171649
22396,142350819041637
22397,142350839207244
22398,142350859422168
22399,142350878876006
22400,142350899023514
22401,142350918639682
22402,142350939387883
22403,142350958950065
22404,142350979295166
22405,142350998805198
22406,142351019030494
22407,142351038831705
22408,142351058445830
22409,142351078400100
22410,142351099226994
22411,142351118700103
22412,142351138787000
22413,142351158910018
22414,142351179231712
22415,142351199747263
22416,142351220478831
22417,142351243549564
22418,142351262468088
22419,142351282477731
22420,142351303240865
22421,142351322718534
22422,142351343057046
22423,142351362645268
22424,142351382644672
22425,142351402246447
22426,142351422992835
22427,142351443451290
22428,142351463203359
22429,142351482806569
22430,142351502610588
22431,142351522136271
22432,142351543127143
22433,142351562664417
22434,142351583210164
22435,142351603975984
22436,142351622718437
22437,142351642241223
22438,142351663118049
22439,142351683367892
22440,142351702874470
22441,142351722072299
22442,142351746843369
22443,142351766445028
22444,142351786464678
22445,142351805952948
22446,142351826864129
22447,142351846446254
22448,142351866807801
22449,142351886550864
22450,142351906359532
22451,142351925920200
22452,142351948853887
22453,142351966610834
22454,142351986121005
22455,142352005936825
22456,142352026919363
22457,142352046608126
22458,142352066862367
22459,142352086521032
22460,142352106344724
22461,142352125840616
22462,142352146988188
22463,142352166505096
22464,142352187207444
22465,142352207101191
22466,142352226586622
22467,142352250110825
22468,142352270955187
22469,142352291016302
22470,142352310641477
22471,142352330183579
22472,142352351791686
22473,142352370973032
22474,142352390523428
22475,142352410339388
22476,142352431008573
22477,142352451548343
22478,142352471452302
22479,142352490666836
22480,142352510703195
22481,142352530155793
22482,142352551109934
22483,142352570639354
22484,142352590639948
22485,142352610306440
22486,142352631132716
22487,142352650686289
22488,142352670418873
22489,142352691255898
22490,142352711484603
22491,142352730791782
22492,142352754970396
22493,142352774608215
22494,142352794618800
22495,142352813997538
22496,142352835042867
22497,142352854640023
22498,142352874444329
22499,142352894174867
22500,142352915059054
22501,142352934820735
22502,142352954787933
22503,142352974294098
22504,142352994985235
22505,142353014774481
22506,142353035042960
22507,142353054705635
22508,142353074456317
22509,142353094268307
22510,142353115101468
22511,142353134557034
22512,142353154406342
22513,142353174001930
22514,142353195314433
22515,142353214655935
22516,142353234592333
22517,142353257964160
22518,142353279236810
22519,142353298526108
22520,142353318971423
22521,142353338466275
22522,142353358513432
22523,142353378249842
22524,142353398969019
22525,142353418584786
22526,142353440065594
22527,142353458705553
22528,142353478469694
22529,142353498015545
22530,142353518706436
22531,142353538574615
22532,142353558390611
22533,142353577876689
22534,142353598773901
22535,142353618546539
22536,142353639026499
22537,142353658470913
22538,142353678401029
22539,142353699401564
22540,142353718820030
22541,142353738644475
22542,142353762298430
22543,142353781913786
22544,142353802925182
22545,142353822498700
22546,142353842381891
22547,142353862741799
22548,142353882974828
22549,142353902602268
22550,142353922901506
22551,142353944315094
22552,142353964378994
22553,142353985457037
22554,142354003127589
22555,142354022459318
22556,142354042343428
22557,142354061839811
22558,142354082936843
22559,142354102515047
22560,142354122283295
22561,142354141944432
22562,142354163009461
22563,142354182504574
22564,142354204313877
22565,142354222526560
22566,142354242478014
22567,142354265874161
22568,142354287065669
22569,142354306456955
22570,142354326285819
22571,142354345920367
22572,142354366870525
22573,142354386419833
22574,142354406844688
22575,142354426534755
22576,142354447637045
22577,142354466049993
22578,142354486982098
22579,142354506656554
22580,142354527245579
22581,142354546776321
22582,142354566706355
22583,142354586103209
22584,142354608880064
22585,142354626714888
22586,142354647156684
22587,142354666726348
22588,142354686454356
22589,142354706991254
22590,142354727079794
22591,142354746830704
22592,142354771214173
22593,142354790709365
22594,142354810753174
22595,142354830080451
22596,142354851089032
22597,142354870858421
22598,142354891141244
22599,142354910863337
22600,142354930519185
22601,142354951545751
22602,142354971719188
22603,142354990997895
22604,142355010735821
22605,142355030371166
22606,142355051581930
22607,142355071458716
22608,142355091042882
22609,142355110804974
22610,142355130714576
22611,142355150444869
22612,142355171441369
22613,142355190900595
22614,142355212252102
22615,142355230483756
22616,142355250072881
22617,142355273906236
22618,142355294739889
22619,142355314529834
22620,142355334885228
22621,142355355297458
22622,142355374547741
22623,142355394154211
22624,142355414919307
22625,142355434579272
22626,142355454955228
22627,142355474274620
22628,142355494968796
22629,142355514559939
22630,142355535009614
22631,142355554689335
22632,142355574481300
22633,142355594002118
22634,142355614977480
22635,142355634551138
22636,142355654418696
22637,142355674084587
22638,142355695169861
22639,142355714840139
22640,142355734567792
22641,142355754109134
22642,142355779052044
22643,142355798496561
22644,142355819041968
22645,142355838625971
22646,142355859066781
22647,142355878631357
22648,142355898539317
22649,142355918162088
22650,142355938994141
22651,142355959956074
22652,142355978593469
22653,142355998199170
22654,142356019444947
22655,142356038483333
22656,142356058261955
22657,142356077925288
22658,142356099282683
22659,142356118855888
22660,142356139100144
22661,142356158643196
22662,142356179067139
22663,142356198923574
22664,142356218345950
22665,142356238087017
22666,142356259000969
22667,142356282483086
22668,142356303028935
22669,142356322562987
22670,142356342467723
22671,142356362157590
22672,142356383015331
22673,142356402574115
22674,142356423105029
22675,142356442645218
22676,142356462531283
22677,142356482154169
22678,142356502966159
22679,142356522727815
22680,142356542919852
22681,142356562627035
22682,142356582969052
22683,142356602647492
22684,142356622540931
22685,142356642242138
22686,142356662956444
22687,142356682646232
22688,142356702692558
22689,142356722143433
22690,142356743037402
22691,142356762662988
22692,142356787297053
22693,142356806538451
22694,142356826488394
22695,142356846159314
22696,142356867757585
22697,142356886594568
22698,142356906963485
22699,142356929317506
22700,142356947700820
22701,142356966691132
22702,142356986546049
22703,142357006112103
22704,142357026973193
22705,142357046615396
22706,142357067110960
22707,142357086554910
22708,142357106535050
22709,142357126071971
22710,142357147064399
22711,142357166659591
22712,142357187029337
22713,142357207907340
22714,142357226510902
22715,142357246056687
22716,142357266856124
22717,142357290676457
22718,142357310834396
22719,142357330456023
22720,142357350363209
22721,142357369905799
22722,142357390808531
22723,142357410633853
22724,142357430422833
22725,142357450654544
22726,142357471120915
22727,142357490561604
22728,142357510444135
22729,142357529962185
22730,142357550913361
22731,142357570584452
22732,142357590923878
22733,142357611375005
22734,142357630456553
22735,142357650025002
22736,142357671060076
22737,142357690660653
22738,142357711881419
22739,142357730038715
22740,142357750911172
22741,142357770662951
22742,142357794329152
22743,142357813967573
22744,142357834988617
22745,142357854512571
22746,142357874928424
22747,142357894482518
22748,142357914248305
22749,142357934095178
22750,142357957132350
22751,142357974755745
22752,142357994960461
22753,142358014567477
22754,142358034449398
22755,142358053958045
22756,142358075016890
22757,142358094540721
22758,142358114389571
22759,142358133951386
22760,142358155005165
22761,142358174549959
22762,142358194945938
22763,142358215965997
22764,142358234388587
22765,142358253916233
22766,142358274861278
22767,142358298478685
22768,142358318456060
22769,142358338296636
22770,142358359510692
22771,142358378681217
22772,142358398630523
22773,142358418025385
22774,142358438967262
22775,142358458998783
22776,142358479011420
22777,142358498646409
22778,142358518382173
22779,142358538159192
22780,142358559000598
22781,142358578796030
22782,142358599031977
22783,142358618661857
22784,142358638510895
22785,142358657963659
22786,142358679046784
22787,142358698592188
22788,142358718646415
22789,142358738308298
22790,142358758965189
22791,142358778704185
22792,142358803143286
22793,142358822440832
22794,142358842534559
22795,142358863175807
22796,142358882886607
22797,142358902568411
22798,142358922389250
22799,142358942311086
22800,142358963495894
22801,142358983532673
22802,142359003935970
22803,142359021920562
22804,142359043266063
22805,142359062706725
22806,142359083322898
22807,142359102655047
22808,142359122475975
22809,142359142405341
22810,142359163111339
22811,142359182844811
22812,142359202543777
22813,142359222266138
22814,142359243289630
22815,142359262667524
22816,142359282714703
22817,142359306166752
22818,142359326905659
22819,142359346685504
22820,142359366907450
22821,142359386727323
22822,142359406538217
22823,142359425863513
22824,142359447051256
22825,142359466672034
22826,142359486473637
22827,142359506113467
22828,142359526955680
22829,142359546700673
22830,142359566345778
22831,142359586207697
22832,142359606899144
22833,142359626790723
22834,142359647137100
22835,142359666486985
22836,142359686756830
22837,142359707318144
22838,142359727147085
22839,142359746699801
22840,142359766406590
22841,142359785987449
22842,142359810849591
22843,142359830653916
22844,142359851720424
22845,142359870623175
22846,142359891251164
22847,142359910514987
22848,142359930980225
22849,142359952485459
22850,142359971894025
22851,142359990037302
22852,142360010845822
22853,142360030550737
22854,142360050600149
22855,142360070070812
22856,142360091092287
22857,142360110575355
22858,142360130338658
22859,142360150137619
22860,142360170933446
22861,142360190732663
22862,142360211756478
22863,142360230627229
22864,142360250581958
22865,142360270186190
22866,142360291338187
22867,142360314535274
22868,142360334379497
22869,142360353950633
22870,142360374827113
22871,142360394715567
22872,142360414355781
22873,142360433962754
22874,142360454850492
22875,142360475909588
22876,142360495316208
22877,142360514601552
22878,142360534982841
22879,142360554400440
22880,142360574378917
22881,142360594231421
22882,142360615482396
22883,142360634714463
22884,142360655104636
22885,142360674645541
22886,142360694770252
22887,142360715029323
22888,142360735103643
22889,142360754812317
22890,142360774320284
22891,142360794195763
22892,142360818982577
22893,142360838702188
22894,142360859158930
22895,142360878508907
22896,142360898536388
22897,142360917982465
22898,142360939135862
22899,142360959500038
22900,142360979912103
22901,142360998154362
22902,142361018959932
22903,142361038685785
22904,142361058395641
22905,142361077971635
22906,142361099248804
22907,142361118573481
22908,142361139028887
22909,142361158570901
22910,142361178412699
22911,142361198262380
22912,142361220386261
22913,142361238538595
22914,142361258303905
22915,142361277966543
22916,142361299195442
22917,142361322604772
22918,142361342579667
22919,142361362548524
22920,142361382953710
22921,142361402937012
22922,142361422867376
22923,142361442811587
22924,142361462559384
22925,142361482889131
22926,142361503162649
22927,142361522572981
22928,142361542571431
22929,142361562065892
22930,142361582897871
22931,142361602692056
22932,142361622465377
22933,142361642086343
22934,142361662889085
22935,142361682604788
22936,142361703268817
22937,142361723919249
22938,142361742601064
22939,142361762053624
22940,142361782876595
22941,142361802825661
22942,142361826431799
22943,142361846154101
22944,142361866914590
22945,142361886647961
22946,142361906501947
22947,142361926073149
22948,142361947801117
22949,142361967007666
22950,142361986968403
22951,142362009859897
22952,142362028620346
22953,142362047160872
22954,142362066751197
22955,142362086324325
22956,142362106783375
22957,142362127599983
22958,142362147453759
22959,142362166943991
22960,142362187334226
22961,142362206866625
22962,142362227927088
22963,142362246671709
22964,142362267299363
22965,142362286990198
22966,142362306660226
22967,142362330299349
22968,142362351173973
22969,142362370781872
22970,142362390548732
22971,142362410182102
22972,142362431317046
22973,142362450975516
22974,142362472342584
22975,142362497690535
22976,142362515352707
22977,142362532885180
22978,142362558385837
22979,142362583815976
22980,142362610372495
22981,142362626662550
22982,142362642667739
22983,142362658190289
22984,142362673622319
22985,142362688740679
22986,142362709168461
22987,142362729999913
22988,142362749551507
22989,142362768737513
22990,142362788566231
22991,142362808328184
22992,142362833110839
22993,142362852899056
22994,142362873504556
22995,142362892292036
22996,142362913040356
22997,142362932875946
22998,142362953558726
22999,142362973778121
23000,142362993373991
23001,142363012835927
23002,142363033097722
23003,142363053044457
23004,142363073775764
23005,142363093389810
23006,142363113365704
23007,142363132950175
23008,142363152732570
23009,142363172150570
23010,142363193371158
23011,142363213550415
23012,142363235612386
23013,142363253388859
23014,142363273733794
23015,142363293334315
23016,142363314772767
23017,142363338385270
23018,142363356745610
23019,142363376250273
23020,142363398332339
23021,142363417640578
23022,142363438643695
23023,142363458331602
23024,142363480115012
23025,142363499428214
23026,142363519242619
23027,142363538737324
23028,142363558679309
23029,142363578654831
23030,142363599293869
23031,142363619449435
23032,142363639546439
23033,142363658829911
23034,142363678765279
23035,142363698290211
23036,142363719224425
23037,142363740197398
23038,142363758662660
23039,142363778559385
23040,142363799126179
23041,142363818866003
23042,142363842617934
23043,142363862230103
23044,142363883195219
23045,142363902758203
23046,142363923155922
23047,142363942831475
23048,142363963150451
23049,142363983253066
23050,142364006674757
23051,142364024376506
23052,142364042537917
23053,142364062165267
23054,142364083268975
23055,142364102810509
23056,142364122500883
23057,142364142234992
23058,142364163136983
23059,142364182827663
23060,142364203148462
23061,142364223066025
23062,142364243039174
23063,142364262164191
23064,142364283124184
23065,142364302638822
23066,142364322945306
23067,142364346267295
23068,142364367326291
23069,142364387583052
23070,142364406811305
23071,142364426351122
23072,142364447153055
23073,142364466846498
23074,142364488325541
23075,142364506727884
23076,142364526583055
23077,142364546315189
23078,142364567142634
23079,142364586866373
23080,142364606668377
23081,142364626230206
23082,142364647029902
23083,142364666904428
23084,142364686713861
23085,142364706215310
23086,142364728104531
23087,142364747096665
23088,142364767440306
23089,142364786787800
23090,142364806709225
23091,142364826215678
23092,142364851312474
23093,142364870781949
23094,142364890644940
23095,142364910156635
23096,142364931202535
23097,142364951676556
23098,142364970733622
23099,142364992314124
23100,142365011454490
23101,142365030742003
23102,142365051172226
23103,142365070688980
23104,142365090666890
23105,142365110434890
23106,142365132066154
23107,142365150901323
23108,142365170581998
23109,142365190266358
23110,142365211172279
23111,142365231650819
23112,142365251066163
23113,142365270311192
23114,142365291385641
23115,142365310852343
23116,142365331057409
23117,142365354774473
23118,142365374478999
23119,142365394334679
23120,142365415263749
23121,142365434773313
23122,142365454654811
23123,142365474234698
23124,142365495681309
23125,142365514977959
23126,142365534591560
23127,142365554277606
23128,142365575225699
23129,142365594750867
23130,142365615342463
23131,142365634724248
23132,142365654681155
23133,142365674343276
23134,142365695167309
23135,142365714997435
23136,142365735671515
23137,142365754603876
23138,142365775419865
23139,142365794822003
23140,142365814761086
23141,142365834236147
23142,142365859226685
23143,142365879673730
23144,142365899477223
23145,142365918933765
23146,142365939158819
23147,142365960717650
23148,142365979557609
23149,142365998794650
23150,142366019392118
23151,142366038761989
23152,142366058584322
23153,142366078402555
23154,142366099170086
23155,142366118862140
23156,142366138668784
23157,142366158316941
23158,142366179204969
23159,142366198829634
23160,142366219397326
23161,142366239814149
23162,142366258693587
23163,142366278588880
23164,142366299156799
23165,142366318895932
23166,142366338769647
23167,142366362249816
23168,142366383185407
23169,142366402749725
23170,142366422684127
23171,142366442287291
23172,142366463139670
23173,142366483641779
23174,142366503579166
23175,142366523217359
23176,142366542615955
23177,142366562344730
23178,142366583337273
23179,142366602822373
23180,142366623266238
23181,142366642573817
23182,142366663289541
23183,142366682955789
23184,142366702548284
23185,142366722600908
23186,142366744325987
23187,142366762886217
23188,142366783456884
23189,142366802726782
23190,142366822696412
23191,142366842426940
23192,142366867087157
23193,142366886602005
23194,142366906585852
23195,142366926748975
23196,142366948105300
23197,142366966987429
23198,142366988333390
23199,142367006512671
23200,142367027326221
23201,142367046729425
23202,142367067321692
23203,142367086800391
23204,142367106706645
23205,142367126439418
23206,142367147169857
23207,142367166944353
23208,142367186813593
23209,142367206365036
23210,142367227277603
23211,142367247970196
23212,142367266601611
23213,142367286497449
23214,142367307126234
23215,142367326853714
23216,142367347143864
23217,142367370736859
23218,142367391895668
23219,142367410494466
23220,142367431221219
23221,142367450764624
23222,142367470642895
23223,142367491096709
23224,142367511585772
23225,142367531024216
23226,142367550612215
23227,142367570375277
23228,142367591158707
23229,142367610893058
23230,142367631261239
23231,142367650731203
23232,142367670682271
23233,142367690156871
23234,142367711173505
23235,142367730909373
23236,142367751565994
23237,142367770420640
23238,142367791171099
23239,142367810729698
23240,142367830860781
23241,142367850407155
23242,142367875353162
23243,142367894726101
23244,142367915280022
23245,142367934894845
23246,142367955203640
23247,142367974296874
23248,142367996619041
23249,142368016037845
23250,142368034854864
23251,142368054341225
23252,142368075193064
23253,142368094822071
23254,142368114655463
23255,142368135076966
23256,142368155279979
23257,142368174808691
23258,142368195088502
23259,142368214764430
23260,142368234837697
23261,142368254750743
23262,142368275419132
23263,142368294777391
23264,142368314739052
23265,142368334423289
23266,142368355130163
23267,142368378977157
23268,142368398517064
23269,142368418328263
23270,142368439196806
23271,142368458735681
23272,142368479505274
23273,142368500331062
23274,142368518679887
23275,142368538493405
23276,142368559130051
23277,142368578995182
23278,142368598675405
23279,142368618283978
23280,142368639186362
23281,142368658719887
23282,142368678859008
23283,142368698370521
23284,142368719105690
23285,142368739647602
23286,142368759359083
23287,142368778918903
23288,142368799353739
23289,142368818782016
23290,142368838767239
23291,142368858363597
23292,142368883744549
23293,142368903142733
23294,142368922586961
23295,142368942383847
23296,142368963095179
23297,142368983014892
23298,142369006029127
23299,142369026625813
23300,142369044332883
23301,142369062257097
23302,142369083519964
23303,142369102870473
23304,142369123170397
23305,142369142889848
23306,142369162577736
23307,142369182522896
23308,142369203281889
23309,142369222803817
23310,142369244075813
23311,142369263267439
23312,142369282731031
23313,142369302477346
23314,142369323144134
23315,142369342905580
23316,142369363252257
23317,142369386782018
23318,142369406641220
23319,142369426323625
23320,142369447209438
23321,142369466761123
23322,142369487105901
23323,142369507386562
23324,142369527261572
23325,142369546920802
23326,142369566539699
23327,142369586431548
23328,142369607201675
23329,142369627010480
23330,142369646952795
23331,142369666279467
23332,142369687427301
23333,142369706817522
23334,142369726685906
23335,142369747165300
23336,142369767419876
23337,142369786986417
23338,142369807226415
23339,142369826850601
23340,142369846860991
23341,142369866245864
23342,142369891275727
23343,142369910881510
23344,142369930611254
23345,142369950678203
23346,142369971102180
23347,142369991676939
23348,142370011665422
23349,142370030309524
23350,142370051127832
23351,142370070800863
23352,142370091437342
23353,142370110743589
23354,142370130775849
23355,142370150130300
23356,142370171094744
23357,142370190754076
23358,142370210685393
23359,142370230402738
23360,142370252134112
23361,142370270817631
23362,142370290822246
23363,142370310392449
23364,142370331355085
23365,142370350934828
23366,142370371194640
23367,142370395439932
23368,142370415132617
23369,142370434863629
23370,142370454568746
23371,142370474312179
23372,142370496063182
23373,142370515021069
23374,142370535277641
23375,142370554811454
23376,142370574667514
23377,142370594489300
23378,142370615274147
23379,142370634905108
23380,142370654664786
23381,142370674218227
23382,142370695405620
23383,142370714840354
23384,142370735311130
23385,142370756298498
23386,142370774771313
23387,142370794594277
23388,142370815300718
23389,142370834932557
23390,142370854772465
23391,142370874351356
23392,142370899257918
23393,142370918780567
23394,142370938915041
23395,142370958908462
23396,142370979361572
23397,142370999838906
23398,142371019469212
23399,142371040487848
23400,142371066530957
23401,142371087989077
23402,142371109195092
23403,142371129663837
23404,142371147906028
23405,142371165139539
23406,142371183123595
23407,142371201102719
23408,142371219074028
23409,142371238828118
23410,142371259655614
23411,142371278536679
23412,142371299749311
23413,142371318874638
23414,142371339381593
23415,142371358815460
23416,142371378770430
23417,142371402342331
23418,142371423142300
23419,142371443152826
23420,142371462744343
23421,142371482389854
23422,142371504360468
23423,142371523070133
23424,142371542949269
23425,142371562467499
23426,142371583097142
23427,142371602940948
23428,142371623160926
23429,142371642953184
23430,142371662810681
23431,142371682438548
23432,142371703149392
23433,142371722814799
23434,142371742781630
23435,142371763084094
23436,142371783532093
23437,142371802888483
23438,142371822761572
23439,142371842404182
23440,142371863356262
23441,142371883323612
23442,142371907748710
23443,142371927167746
23444,142371947867360
23445,142371966509924
23446,142371986912182
23447,142372008330801
23448,142372026424260
23449,142372046051089
23450,142372067207114
23451,142372086652292
23452,142372107141375
23453,142372126538545
23454,142372146426483
23455,142372166031428
23456,142372186983657
23457,142372206657123
23458,142372226927646
23459,142372246862564
23460,142372266784801
23461,142372286148146
23462,142372307388883
23463,142372326686674
23464,142372346676145
23465,142372366164947
23466,142372387097055
23467,142372410720775
23468,142372430550111
23469,142372450274821
23470,142372471084959
23471,142372490636989
23472,142372511407881
23473,142372530706409
23474,142372550511494
23475,142372570207664
23476,142372590961098
23477,142372610724248
23478,142372630533180
23479,142372650433260
23480,142372671178507
23481,142372690676842
23482,142372711148941
23483,142372730729899
23484,142372750665851
23485,142372770271630
23486,142372791148328
23487,142372810732527
23488,142372831211711
23489,142372850759328
23490,142372870561535
23491,142372890224480
23492,142372914966144
23493,142372934664951
23494,142372955262036
23495,142372974152804
23496,142372995073156
23497,142373015428849
23498,142373035265492
23499,142373054710092
23500,142373074640551
23501,142373094124690
23502,142373115004013
23503,142373134662457
23504,142373155141553
23505,142373174688182
23506,142373194613953
23507,142373214174389
23508,142373235052799
23509,142373254852962
23510,142373275334727
23511,142373294784724
23512,142373314449550
23513,142373334115258
23514,142373355223637
23515,142373374685771
23516,142373394908416
23517,142373418217470
23518,142373439073922
23519,142373458758731
23520,142373479105828
23521,142373498683375
23522,142373519158158
23523,142373538860257
23524,142373558596386
23525,142373578165900
23526,142373599116571
23527,142373618598308
23528,142373638509574
23529,142373658278551
23530,142373679018320
23531,142373698717670
23532,142373718438759
23533,142373738155916
23534,142373759549433
23535,142373778868937
23536,142373799263206
23537,142373818830383
23538,142373838641823
23539,142373858490320
23540,142373879010715
23541,142373898806396
23542,142373922468550
23543,142373942302001
23544,142373963212035
23545,142373982702265
23546,142374002782839
23547,142374024675671
23548,142374043547708
23549,142374062865262
23550,142374082949256
23551,142374102680779
23552,142374122464218
23553,142374142247335
23554,142374163512130
23555,142374182689702
23556,142374203155814
23557,142374222664656
23558,142374242681406
23559,142374262646380
23560,142374283024906
23561,142374302827899
23562,142374322631854
23563,142374342397742
23564,142374363187828
23565,142374382745377
23566,142374403215892
23567,142374426611898
23568,142374446473830
23569,142374466161796
23570,142374486832651
23571,142374506959292
23572,142374526957349
23573,142374546741977
23574,142374566655769
23575,142374586062032
23576,142374607069532
23577,142374626615373
23578,142374647021646
23579,142374666661169
23580,142374686665068
23581,142374706099012
23582,142374726935638
23583,142374746657824
23584,142374767341594
23585,142374786605248
23586,142374807061009
23587,142374826587657
23588,142374846459666
23589,142374866154517
23590,142374887019846
23591,142374906821668
23592,142374930411608
23593,142374950900015
23594,142374970896281
23595,142374990620162
23596,142375011341837
23597,142375031524757
23598,142375050881037
23599,142375070459972
23600,142375091337590
23601,142375110951858
23602,142375131361410
23603,142375150924395
23604,142375171383067
23605,142375190879009
23606,142375210823289
23607,142375230452482
23608,142375251472584
23609,142375271976160
23610,142375291033729
23611,142375310336865
23612,142375331198855
23613,142375350877810
23614,142375370840315
23615,142375390266235
23616,142375411279533
23617,142375434772223
23618,142375455335657
23619,142375474909553
23620,142375494781303
23621,142375515087298
23622,142375535431918
23623,142375554922983
23624,142375574873795
23625,142375594464833
23626,142375615397851
23627,142375634763414
23628,142375655017682
23629,142375674478150
23630,142375695349007
23631,142375714811062
23632,142375735230224
23633,142375754956724
23634,142375776183732
23635,142375794435187
23636,142375814990702
23637,142375834948128
23638,142375854758668
23639,142375874514240
23640,142375895189806
23641,142375914873803
23642,142375938536772
23643,142375959368535
23644,142375979390568
23645,142375998819676
23646,142376028088654
23647,142376054280326
23648,142376079840404
23649,142376105117058
23650,142376125817840
23651,142376143268694
23652,142376160461800
23653,142376177261113
23654,142376195008023
23655,142376213065446
23656,142376230287142
23657,142376247115142
23658,142376265070429
23659,142376282732479
23660,142376300394568
23661,142376318556978
23662,142376338455695
23663,142376358051156
23664,142376379065293
23665,142376400194788
23666,142376418522157
23667,142376442099814
23668,142376462998238
23669,142376482523696
23670,142376502450956
23671,142376523330588
23672,142376542905501
23673,142376562693316
23674,142376582969596
23675,142376602707643
23676,142376622983493
23677,142376642727613
23678,142376662794942
23679,142376682554785
23680,142376703208563
23681,142376723074812
23682,142376742742702
23683,142376762787748
23684,142376783932770
23685,142376803005684
23686,142376823434540
23687,142376842868950
23688,142376862835723
23689,142376882603811
23690,142376903325290
23691,142376923714963
23692,142376947818817
23693,142376966914718
23694,142376986761476
23695,142377007949623
23696,142377029344646
23697,142377047148346
23698,142377066876746
23699,142377086401406
23700,142377107150633
23701,142377126907879
23702,142377147651209
23703,142377167038877
23704,142377186628228
23705,142377206438547
23706,142377227278208
23707,142377246767556
23708,142377268218862
23709,142377287055558
23710,142377307380325
23711,142377326894157
23712,142377346701584
23713,142377366217161
23714,142377387321481
23715,142377406828229
23716,142377426803853
23717,142377450372693
23718,142377471051166
23719,142377490874536
23720,142377510781260
23721,142377531367760
23722,142377551344687
23723,142377570902259
23724,142377591259088
23725,142377610682747
23726,142377630628805
23727,142377650377373
23728,142377671323319
23729,142377690813471
23730,142377711160831
23731,142377730868561
23732,142377750731016
23733,142377771463733
23734,142377791482943
23735,142377810886194
23736,142377831183481
23737,142377851021246
23738,142377870743020
23739,142377890239318
23740,142377913020959
23741,142377930872687
23742,142377959844463
23743,142377984128483
23744,142378006297204
23745,142378025356423
23746,142378042568275
23747,142378059237890
23748,142378076972281
23749,142378094539705
23750,142378114383645
23751,142378134126757
23752,142378155080192
23753,142378174584944
23754,142378194441712
23755,142378213999065
23756,142378235035930
23757,142378254637222
23758,142378276455917
23759,142378294647207
23760,142378314379652
23761,142378334295224
23762,142378354922591
23763,142378374650253
23764,142378394408091
23765,142378414102159
23766,142378435176206
23767,142378458606616
23768,142378478586708
23769,142378498064145
23770,142378519426951
23771,142378539055304
23772,142378559051709
23773,142378578857475
23774,142378598415869
23775,142378618045256
23776,142378639050956
23777,142378659381228
23778,142378678509075
23779,142378698157238
23780,142378718953736
23781,142378738843615
23782,142378758424547
23783,142378779445665
23784,142378799140206
23785,142378818616190
23786,142378839135269
23787,142378858724179
23788,142378879152249
23789,142378898604926
23790,142378918479703
23791,142378938499889
23792,142378962816941
23793,142378982734734
23794,142379002903396
23795,142379023096671
23796,142379044586111
23797,142379064709428
23798,142379082970740
23799,142379102631868
23800,142379122959458
23801,142379142809465
23802,142379162439260
23803,142379182563929
23804,142379203008759
23805,142379222571981
23806,142379243082133
23807,142379262693235
23808,142379284509387
23809,142379302894036
23810,142379322516700
23811,142379342170025
23812,142379362996578
23813,142379382750354
23814,142379403675951
23815,142379422692542
23816,142379442792359
23817,142379466080837
23818,142379487051007
23819,142379506732179
23820,142379528243144
23821,142379546950422
23822,142379566609810
23823,142379586150394
23824,142379607120369
23825,142379626671485
23826,142379647126913
23827,142379666576957
23828,142379687365207
23829,142379706529730
23830,142379726491120
23831,142379746186610
23832,142379766926626
23833,142379788350337
23834,142379807038797
23835,142379826729468
23836,142379846589837
23837,142379866055261
23838,142379887286776
23839,142379906529045
23840,142379926529737
23841,142379947179881
23842,142379972552754
23843,142379990758582
23844,142380016473930
23845,142380035604481
23846,142380053722842
23847,142380071669089
23848,142380090535616
23849,142380110048488
23850,142380131030669
23851,142380151226922
23852,142380171271837
23853,142380190958759
23854,142380210681846
23855,142380230402372
23856,142380251197995
23857,142380270814173
23858,142380292537612
23859,142380310938289
23860,142380330570198
23861,142380350347694
23862,142380370992406
23863,142380390885671
23864,142380411063668
23865,142380430645934
23866,142380450630195
23867,142380474058320
23868,142380495149760
23869,142380514597691
23870,142380535705352
23871,142380554069536
23872,142380575097005
23873,142380594813921
23874,142380615090182
23875,142380634796520
23876,142380654525220
23877,142380674315415
23878,142380695293599
23879,142380714721330
23880,142380735211729
23881,142380754761487
23882,142380774643155
23883,142380795629569
23884,142380815104609
23885,142380834707201
23886,142380854493509
23887,142380874121808
23888,142380895275940
23889,142380915125913
23890,142380934454633
23891,142380954905662
23892,142380979007724
23893,142380998732063
23894,142381019062062
23895,142381040421725
23896,142381058677914
23897,142381077967336
23898,142381099131137
23899,142381118623456
23900,142381139134037
23901,142381158641710
23902,142381178527058
23903,142381198331317
23904,142381219036895
23905,142381238604261
23906,142381258418933
23907,142381278069551
23908,142381300486196
23909,142381318707390
23910,142381339027094
23911,142381358620830
23912,142381378527500
23913,142381398217929
23914,142381419008249
23915,142381438710486
23916,142381458989269
23917,142381482622791
23918,142381502573731
23919,142381522037928
23920,142381544657257
23921,142381562727799
23922,142381583081219
23923,142381602765295
23924,142381622567759
23925,142381642324450
23926,142381663601019
23927,142381682773222
23928,142381703557579
23929,142381722754347
23930,142381743429460
23931,142381762708087
23932,142381782746564
23933,142381802836557
23934,142381823070398
23935,142381842778113
23936,142381862577687
23937,142381882113022
23938,142381903252266
23939,142381922616649
23940,142381943272091
23941,142381962640458
23942,142381986487221
23943,142382006272055
23944,142382027034259
23945,142382048344730
23946,142382067165136
23947,142382086659639
23948,142382107121197
23949,142382126666246
23950,142382146568186
23951,142382166094232
23952,142382187020180
23953,142382206826748
23954,142382227005775
23955,142382246787706
23956,142382266372225
23957,142382286734351
23958,142382307576622
23959,142382326679493
23960,142382347236945
23961,142382366633261
23962,142382386537988
23963,142382406765836
23964,142382427050720
23965,142382446981900
23966,142382467094876
23967,142382490557246
23968,142382511214604
23969,142382530584633
23970,142382551930421
23971,142382570321077
23972,142382590963357
23973,142382610705926
23974,142382631015809
23975,142382650748670
23976,142382670423633
23977,142382690183322
23978,142382711080337
23979,142382730679627
23980,142382751303134
23981,142382770567612
23982,142382791609640
23983,142382810431254
23984,142382831043586
23985,142382851048371
23986,142382870967334
23987,142382890671828
23988,142382911170907
23989,142382930562664
23990,142382951108714
23991,142382970189176
23992,142382994908138
23993,142383014628962
23994,142383035079310
23995,142383056428061
23996,142383074468173
23997,142383095173888
23998,142383115069849
23999,142383134778921
24000,142383155297644
24001,142383174797797
24002,142383194796296
24003,142383214516859
24004,142383235084174
24005,142383254826421
24006,142383275102845
24007,142383296102638
24008,142383315665963
24009,142383334715445
24010,142383354690614
24011,142383374068020
24012,142383394972443
24013,142383414738375
24014,142383435085688
24015,142383454858358
24016,142383474487790
24017,142383497991805
24018,142383518912789
24019,142383538670631
24020,142383559993402
24021,142383579131889
24022,142383598416945
24023,142383618194419
24024,142383638937664
24025,142383658810663
24026,142383679021433
24027,142383698736483
24028,142383718866473
24029,142383738672272
24030,142383758642396
24031,142383778130027
24032,142383801184307
24033,142383818778387
24034,142383839098178
24035,142383858741568
24036,142383878493056
24037,142383898133740
24038,142383919829168
24039,142383938634980
24040,142383960555202
24041,142383978639722
24042,142384002463622
24043,142384021998842
24044,142384043192864
24045,142384065493923
24046,142384083865535
24047,142384102662225
24048,142384122931507
24049,142384142636248
24050,142384162545954
24051,142384182193378
24052,142384202891084
24053,142384222562098
24054,142384242982315
24055,142384262792103
24056,142384282469589
24057,142384303672904
24058,142384322905741
24059,142384342741024
24060,142384363168985
24061,142384382744188
24062,142384402466269
24063,142384422017309
24064,142384443027196
24065,142384462773868
24066,142384483101185
24067,142384506746253
24068,142384526947463
24069,142384547799913
24070,142384567136383
24071,142384586532639
24072,142384607206159
24073,142384626716620
24074,142384647297794
24075,142384667736302
24076,142384686992797
24077,142384706521584
24078,142384727231388
24079,142384746870995
24080,142384767471734
24081,142384786953101
24082,142384808361992
24083,142384826507585
24084,142384847157169
24085,142384866936202
24086,142384887307948
24087,142384906817175
24088,142384927377499
24089,142384947621212
24090,142384966969462
24091,142384986517961
24092,142385011292011
24093,142385030869387
24094,142385052769050
24095,142385071125024
24096,142385090766381
24097,142385110468915
24098,142385131085593
24099,142385150708571
24100,142385171321728
24101,142385190785446
24102,142385210877048
24103,142385230387021
24104,142385251109364
24105,142385270813186
24106,142385291172700
24107,142385311750253
24108,142385331576878
24109,142385350842165
24110,142385370675791
24111,142385390289310
24112,142385411323295
24113,142385431452808
24114,142385451390100
24115,142385470946896
24116,142385490806275
24117,142385514288834
24118,142385535233654
24119,142385555792481
24120,142385575570083
24121,142385595016412
24122,142385614682025
24123,142385634299790
24124,142385655333054
24125,142385674770936
24126,142385695305482
24127,142385714779220
24128,142385735221637
24129,142385754921313
24130,142385774829619
24131,142385794472884
24132,142385815748949
24133,142385835060125
24134,142385855288627
24135,142385874791721
24136,142385894717036
24137,142385914474648
24138,142385935218774
24139,142385955778578
24140,142385975488632
24141,142385994966097
24142,142386021740889
24143,142386038812236
24144,142386060576523
24145,142386079052149
24146,142386099504985
24147,142386118931612
24148,142386139706478
24149,142386158796373
24150,142386179485157
24151,142386198258990
24152,142386219410041
24153,142386238785364
24154,142386259160321
24155,142386279021267
24156,142386299144791
24157,142386318984164
24158,142386339390338
24159,142386358867651
24160,142386379365905
24161,142386398860886
24162,142386418859571
24163,142386438438529
24164,142386459137485
24165,142386479118036
24166,142386499375189
24167,142386523085227
24168,142386543172551
24169,142386563924727
24170,142386582540502
24171,142386602498075
24172,142386623329313
24173,142386642777949
24174,142386663377582
24175,142386682949439
24176,142386702708625
24177,142386722536334
24178,142386743334366
24179,142386762893582
24180,142386784743680
24181,142386803030592
24182,142386823672017
24183,142386843009294
24184,142386863434862
24185,142386882904208
24186,142386904701114
24187,142386923707248
24188,142386943375762
24189,142386962505412
24190,142386983446153
24191,142387003956376
24192,142387034598003
24193,142387056450406
24194,142387075459628
24195,142387093573467
24196,142387111312305
24197,142387128622333
24198,142387147389955
24199,142387167118647
24200,142387194446994
24201,142387212234413
24202,142387230602664
24203,142387248238792
24204,142387266800256
24205,142387286517675
24206,142387308722186
24207,142387327518334
24208,142387346988270
24209,142387366460453
24210,142387387359335
24211,142387407154635
24212,142387427559420
24213,142387447000301
24214,142387466876575
24215,142387486435529
24216,142387507378180
24217,142387531036995
24218,142387551255402
24219,142387571752649
24220,142387590763449
24221,142387610433086
24222,142387631407580
24223,142387650960815
24224,142387672380608
24225,142387697475727
24226,142387715349926
24227,142387733206557
24228,142387751089282
24229,142387770897389
24230,142387790664632
24231,142387811571321
24232,142387837875534
24233,142387860731997
24234,142387879321464
24235,142387894940241
24236,142387911498790
24237,142387930826623
24238,142387950507970
24239,142387968529174
24240,142387989360790
24241,142388009086765
24242,142388032975404
24243,142388052547711
24244,142388074170803
24245,142388093007584
24246,142388113341966
24247,142388133120209
24248,142388153271379
24249,142388172493123
24250,142388193354981
24251,142388213016874
24252,142388233396717
24253,142388253040494
24254,142388272692665
24255,142388292436281
24256,142388314643891
24257,142388334109425
24258,142388358098911
24259,142388382416826
24260,142388405760898
24261,142388429438938
24262,142388454219398
24263,142388479664063
24264,142388502689227
24265,142388523382761
24266,142388539551252
24267,142388555730788
24268,142388572294953
24269,142388587835554
24270,142388602313387
24271,142388615761848
24272,142388637401277
24273,142388656981133
24274,142388676962435
24275,142388696417292
24276,142388717219096
24277,142388736968508
24278,142388756784891
24279,142388776555755
24280,142388797280863
24281,142388818974946
24282,142388837360183
24283,142388857022783
24284,142388876953414
24285,142388897588681
24286,142388917376670
24287,142388937051154
24288,142388957745373
24289,142388976656746
24290,142388997338378
24291,142389016937773
24292,142389040808704
24293,142389061928161
24294,142389084598037
24295,142389100908468
24296,142389121254499
24297,142389140942672
24298,142389160761607
24299,142389182187693
24300,142389201376028
24301,142389220906290
24302,142389241299055
24303,142389260882494
24304,142389280698879
24305,142389300484324
24306,142389322248966
24307,142389340937375
24308,142389361356586
24309,142389381053103
24310,142389400727637
24311,142389420508711
24312,142389441280199
24313,142389461012501
24314,142389481505493
24315,142389500923741
24316,142389520798910
24317,142389544311868
24318,142389566478353
24319,142389585293607
24320,142389604903716
24321,142389624467159
24322,142389645336563
24323,142389664969594
24324,142389685017299
24325,142389704469619
24326,142389725365700
24327,142389744943423
24328,142389765408281
24329,142389785160791
24330,142389804987980
24331,142389824944690
24332,142389845331218
24333,142389864946578
24334,142389884893292
24335,142389904485234
24336,142389925500158
24337,142389946040771
24338,142389964950128
24339,142389984540271
24340,142390005288233
24341,142390025281091
24342,142390050216866
24343,142390070302451
24344,142390089724099
24345,142390109045650
24346,142390129586418
24347,142390148927019
24348,142390168666983
24349,142390188510003
24350,142390209128319
24351,142390228845446
24352,142390248606173
24353,142390268389242
24354,142390289405505
24355,142390308890015
24356,142390329029784
24357,142390348770534
24358,142390368648691
24359,142390388506268
24360,142390408997012
24361,142390428685525
24362,142390448774275
24363,142390469262867
24364,142390491186358
24365,142390508847077
24366,142390528723813
24367,142390553860549
24368,142390575445152
24369,142390594768402
24370,142390615085166
24371,142390634350806
24372,142390654218536
24373,142390673047307
24374,142390696226810
24375,142390714309784
24376,142390732760944
24377,142390752528852
24378,142390773523796
24379,142390793086167
24380,142390814526741
24381,142390834207838
24382,142390853816421
24383,142390874673908
24384,142390895290536
24385,142390914636843
24386,142390932977573
24387,142390953560992
24388,142390975411869
24389,142390995106563
24390,142391014975066
24391,142391034493704
24392,142391059444711
24393,142391081026503
24394,142391098727753
24395,142391118444265
24396,142391139396337
24397,142391158943066
24398,142391179330883
24399,142391198911693
24400,142391218784699
24401,142391238699821
24402,142391259301059
24403,142391278922143
24404,142391299009764
24405,142391319540243
24406,142391339604423
24407,142391359016224
24408,142391378664869
24409,142391398409323
24410,142391419391830
24411,142391440571806
24412,142391459321545
24413,142391478892708
24414,142391498743316
24415,142391518535550
24416,142391539302259
24417,142391562968047
24418,142391582992845
24419,142391602668944
24420,142391623461707
24421,142391642950013
24422,142391662809936
24423,142391682474746
24424,142391703259588
24425,142391723014081
24426,142391743403709
24427,142391762887136
24428,142391783459498
24429,142391802872512
24430,142391823486610
24431,142391842695672
24432,142391863407615
24433,142391882950042
24434,142391903296364
24435,142391922865782
24436,142391942912192
24437,142391962310589
24438,142391983215848
24439,142392002916227
24440,142392024289468
24441,142392046828479
24442,142392067156250
24443,142392086770665
24444,142392107119953
24445,142392126681865
24446,142392147429195
24447,142392166902064
24448,142392189210390
24449,142392207154690
24450,142392226708043
24451,142392246535632
24452,142392267240206
24453,142392286869773
24454,142392307408559
24455,142392327936722
24456,142392346767398
24457,142392366352116
24458,142392387246585
24459,142392406858460
24460,142392426852657
24461,142392446554512
24462,142392467238435
24463,142392486895485
24464,142392507299995
24465,142392526932183
24466,142392550936247
24467,142392571080284
24468,142392591588641
24469,142392610890507
24470,142392630855663
24471,142392650524659
24472,142392671302369
24473,142392690978268
24474,142392710761921
24475,142392730432573
24476,142392751450294
24477,142392770950762
24478,142392791327333
24479,142392810889971
24480,142392831794354
24481,142392850556766
24482,142392871402801
24483,142392890896067
24484,142392910699047
24485,142392930496798
24486,142392952223032
24487,142392971173390
24488,142392990911536
24489,142393010638102
24490,142393031278414
24491,142393055012902
24492,142393077053315
24493,142393095205274
24494,142393114749915
24495,142393134335536
24496,142393155232862
24497,142393175027352
24498,142393194832765
24499,142393214299025
24500,142393235230718
24501,142393254893398
24502,142393274754694
24503,142393294494650
24504,142393315536413
24505,142393335926387
24506,142393355599097
24507,142393374942843
24508,142393394871459
24509,142393414505771
24510,142393435239968
24511,142393454843914
24512,142393475180245
24513,142393494361925
24514,142393515218138
24515,142393534932530
24516,142393558668709
24517,142393579521793
24518,142393599674330
24519,142393619005839
24520,142393639242803
24521,142393658813508
24522,142393679472678
24523,142393699604952
24524,142393718714455
24525,142393738441551
24526,142393759228535
24527,142393778886269
24528,142393799271969
24529,142393818912018
24530,142393839629497
24531,142393858414058
24532,142393879215817
24533,142393898925969
24534,142393919104342
24535,142393938877503
24536,142393959220994
24537,142393978495459
24538,142393999279317
24539,142394027675778
24540,142394053786961
24541,142394080126591
24542,142394106775323
24543,142394133034190
24544,142394155252582
24545,142394172191486
24546,142394189957274
24547,142394207503248
24548,142394225223636
24549,142394242820847
24550,142394260163400
24551,142394276947285
24552,142394294787201
24553,142394312210396
24554,142394329719363
24555,142394346869181
24556,142394364799697
24557,142394382862425
24558,142394403251760
24559,142394422932002
24560,142394443292809
24561,142394460924889
24562,142394481422362
24563,142394500913773
24564,142394521194897
24565,142394540901630
24566,142394564700059
24567,142394584771895
24568,142394605556167
24569,142394624938575
24570,142394645396468
24571,142394664905892
24572,142394684873538
24573,142394704509752
24574,142394725255472
24575,142394744921152
24576,142394765151840
24577,142394784860122
24578,142394805291542
24579,142394824920910
24580,142394844956559
24581,142394864559400
24582,142394885199505
24583,142394905161495
24584,142394925266640
24585,142394945304426
24586,142394964875994
24587,142394984432698
24588,142395006534954
24589,142395024938054
24590,142395045270526
24591,142395069955143
24592,142395090971574
24593,142395108704094
24594,142395129221671
24595,142395149664940
24596,142395169804240
24597,142395189425173
24598,142395209952371
24599,142395229184465
24600,142395250124384
24601,142395268623189
24602,142395289479280
24603,142395309006541
24604,142395329384585
24605,142395349020565
24606,142395368844541
24607,142395388487141
24608,142395409295027
24609,142395428899493
24610,142395448876487
24611,142395469247686
24612,142395491364542
24613,142395510908761
24614,142395531238186
24615,142395550965690
24616,142395575214921
24617,142395595737696
24618,142395614893949
24619,142395634418475
24620,142395655149987
24621,142395674837239
24622,142395695202654
24623,142395714863135
24624,142395734663276
24625,142395754347595
24626,142395775220532
24627,142395794779290
24628,142395815300111
24629,142395835337108
24630,142395854988989
24631,142395874406220
24632,142395895096061
24633,142395914961654
24634,142395935410675
24635,142395956918450
24636,142395975553206
24637,142395994948115
24638,142396014821950
24639,142396034588909
24640,142396055276766
24641,142396078813132
24642,142396100117788
24643,142396119146384
24644,142396138833487
24645,142396158442620
24646,142396179261563
24647,142396198863980
24648,142396219413429
24649,142396239064621
24650,142396258815100
24651,142396278465501
24652,142396299229518
24653,142396319069151
24654,142396340125427
24655,142396359242914
24656,142396378774788
24657,142396398440066
24658,142396419295680
24659,142396439037409
24660,142396458749571
24661,142396478531508
24662,142396499258817
24663,142396518904276
24664,142396538980352
24665,142396558494272
24666,142396583283645
24667,142396603336587
24668,142396623238009
24669,142396642874655
24670,142396662819234
24671,142396682254430
24672,142396703836428
24673,142396723037955
24674,142396742863418
24675,142396762454129
24676,142396783296931
24677,142396802940314
24678,142396822779739
24679,142396842925788
24680,142396863751666
24681,142396883063303
24682,142396903396543
24683,142396923997654
24684,142396943356508
24685,142396962266427
24686,142396983237347
24687,142397002948139
24688,142397022753209
24689,142397042441154
24690,142397063399612
24691,142397087036050
24692,142397107427879
24693,142397126564921
24694,142397147301600
24695,142397166794578
24696,142397187278366
24697,142397206920658
24698,142397226836237
24699,142397246463555
24700,142397267447848
24701,142397286986839
24702,142397306880730
24703,142397326508477
24704,142397347727378
24705,142397367218279
24706,142397386868090
24707,142397406576781
24708,142397427467335
24709,142397447651885
24710,142397467736465
24711,142397486997033
24712,142397506796445
24713,142397526438570
24714,142397547284667
24715,142397566978072
24716,142397590926713
24717,142397610737955
24718,142397631570546
24719,142397650896754
24720,142397670918285
24721,142397690513136
24722,142397711236498
24723,142397730918597
24724,142397751338753
24725,142397770969537
24726,142397790716520
24727,142397810521030
24728,142397831295769
24729,142397851263609
24730,142397871094088
24731,142397890409287
24732,142397911257073
24733,142397930924436
24734,142397951433225
24735,142397970529598
24736,142397991306831
24737,142398011796459
24738,142398031316077
24739,142398050928939
24740,142398070907567
24741,142398094573645
24742,142398115667653
24743,142398135088447
24744,142398154720640
24745,142398174427528
24746,142398195516591
24747,142398215251388
24748,142398235907935
24749,142398254937867
24750,142398274787158
24751,142398294459144
24752,142398315484644
24753,142398334962782
24754,142398356681091
24755,142398374970567
24756,142398395392258
24757,142398414815236
24758,142398434827427
24759,142398454364846
24760,142398475240831
24761,142398494887642
24762,142398515275845
24763,142398534882838
24764,142398558562833
24765,142398579944397
24766,142398599750777
24767,142398619229381
24768,142398639229223
24769,142398658784908
24770,142398678832956
24771,142398698461628
24772,142398719177782
24773,142398738908965
24774,142398759261861
24775,142398778772724
24776,142398799210858
24777,142398818965311
24778,142398838765297
24779,142398859073052
24780,142398879501108
24781,142398899090269
24782,142398919076331
24783,142398939069711
24784,142398960237547
24785,142398978587826
24786,142398999589791
24787,142399019019134
24788,142399039324027
24789,142399058882755
24790,142399078812313
24791,142399104579812
24792,142399126259658
24793,142399143972374
24794,142399163477950
24795,142399183044928
24796,142399203648261
24797,142399223039907
24798,142399242924225
24799,142399262494953
24800,142399283436998
24801,142399303175061
24802,142399323642994
24803,142399343106254
24804,142399363796857
24805,142399382474570
24806,142399402973013
24807,142399422744191
24808,142399443258048
24809,142399462583580
24810,142399482719505
24811,142399502200500
24812,142399523017940
24813,142399542873632
24814,142399563032572
24815,142399582875198
24816,142399608522407
24817,142399626850747
24818,142399646699866
24819,142399666161863
24820,142399687384631
24821,142399707428213
24822,142399727118840
24823,142399747002036
24824,142399766704947
24825,142399786368060
24826,142399807043792
24827,142399826680696
24828,142399847400130
24829,142399866845703
24830,142399886885289
24831,142399906370287
24832,142399927246711
24833,142399947793995
24834,142399967225146
24835,142399986932962
24836,142400007892957
24837,142400026806790
24838,142400046725144
24839,142400066378442
24840,142400087234620
24841,142400110998495
24842,142400131211220
24843,142400150707254
24844,142400170687684
24845,142400190450369
24846,142400211145092
24847,142400230836191
24848,142400251005089
24849,142400270724977
24850,142400290617838
24851,142400310205710
24852,142400331297786
24853,142400351299842
24854,142400371582725
24855,142400390938751
24856,142400411417432
24857,142400430912227
24858,142400452114338
24859,142400470562312
24860,142400491298739
24861,142400510895736
24862,142400531332956
24863,142400550863940
24864,142400570785867
24865,142400590446000
24866,142400616517780
24867,142400635225579
24868,142400655282018
24869,142400674914630
24870,142400694850057
24871,142400714387970
24872,142400735284263
24873,142400754852793
24874,142400775311658
24875,142400794891425
24876,142400815419619
24877,142400834957988
24878,142400855944845
24879,142400874467470
24880,142400895343697
24881,142400914868240
24882,142400935332527
24883,142400955561185
24884,142400974740142
24885,142400994557017
24886,142401020844038
24887,142401039023559
24888,142401057252954
24889,142401082259634
24890,142401107735685
24891,142401133175448
24892,142401158812463
24893,142401178456004
24894,142401200205347
24895,142401220514465
24896,142401239580931
24897,142401259906324
24898,142401282704516
24899,142401306522471
24900,142401324465205
24901,142401341986034
24902,142401360617257
24903,142401377865747
24904,142401396473667
24905,142401413792129
24906,142401431518568
24907,142401448994092
24908,142401464890010
24909,142401479828027
24910,142401497498246
24911,142401516914377
24912,142401537292201
24913,142401557072459
24914,142401577447095
24915,142401597089408
24916,142401621438387
24917,142401640443923
24918,142401661273737
24919,142401680986756
24920,142401701478467
24921,142401721027500
24922,142401740837490
24923,142401760482361
24924,142401781496586
24925,142401801085196
24926,142401820804757
24927,142401840450328
24928,142401862593033
24929,142401881159521
24930,142401901468651
24931,142401921162219
24932,142401940952936
24933,142401962091686
24934,142401983492546
24935,142402001224208
24936,142402021017238
24937,142402040690098
24938,142402062253979
24939,142402081009905
24940,142402100870723
24941,142402125937077
24942,142402146624756
24943,142402165709459
24944,142402186378014
24945,142402205975857
24946,142402226206170
24947,142402245569436
24948,142402266266663
24949,142402285637091
24950,142402306669267
24951,142402326327890
24952,142402344675719
24953,142402365534655
24954,142402385065874
24955,142402404889407
24956,142402425170643
24957,142402444796237
24958,142402466591148
24959,142402486145518
24960,142402507134501
24961,142402526683039
24962,142402547105915
24963,142402566785972
24964,142402587145724
24965,142402606764504
24966,142402630665646
24967,142402650141554
24968,142402671064789
24969,142402690668478
24970,142402712698220
24971,142402730837963
24972,142402750635991
24973,142402770112165
24974,142402791129196
24975,142402810730472
24976,142402831021067
24977,142402850679497
24978,142402871923900
24979,142402890290381
24980,142402911082056
24981,142402930696061
24982,142402951667501
24983,142402970710962
24984,142402991077256
24985,142403011001414
24986,142403030561723
24987,142403050260240
24988,142403071041018
24989,142403091156944
24990,142403111519098
24991,142403134852725
24992,142403154774176
24993,142403174142597
24994,142403195083331
24995,142403214875843
24996,142403235156750
24997,142403254855107
24998,142403274580756
24999,142403294221469
25000,142403315214517
25001,142403334617172
25002,142403355278912
25003,142403376199977
25004,142403395106231
25005,142403415121642
25006,142403434569399
25007,142403455061361
25008,142403475230738
25009,142403495071441
25010,142403515628595
25011,142403534802709
25012,142403554907185
25013,142403574364794
25014,142403595278330
25015,142403615386032
25016,142403639126139
25017,142403658494593
25018,142403679033346
25019,142403698895739
25020,142403719229869
25021,142403738644080
25022,142403758646455
25023,142403778184181
25024,142403799027886
25025,142403818883970
25026,142403838634409
25027,142403858493983
25028,142403880475672
25029,142403898770563
25030,142403918801553
25031,142403938222245
25032,142403959965727
25033,142403978785174
25034,142403999032048
25035,142404019864666
25036,142404038613039
25037,142404058349719
25038,142404079045565
25039,142404098977394
25040,142404119595545
25041,142404145746527
25042,142404164645006
25043,142404182825638
25044,142404203394711
25045,142404223803290
25046,142404242655909
25047,142404262252456
25048,142404283100457
25049,142404302820911
25050,142404323098398
25051,142404342788190
25052,142404363070369
25053,142404384089544
25054,142404402718864
25055,142404422177976
25056,142404443061115
25057,142404462726947
25058,142404482608579
25059,142404502155338
25060,142404523107318
25061,142404542807256
25062,142404562577403
25063,142404582171655
25064,142404603094185
25065,142404624316586
25066,142404647117139
25067,142404666813632
25068,142404686661766
25069,142404706182266
25070,142404727108944
25071,142404746771354
25072,142404766632050
25073,142404786268018
25074,142404807162709
25075,142404826608759
25076,142404846496733
25077,142404866162032
25078,142404887754410
25079,142404906837589
25080,142404927080358
25081,142404947824000
25082,142404968386411
25083,142404986260385
25084,142405007093917
25085,142405026724692
25086,142405046618299
25087,142405066190864
25088,142405087122049
25089,142405106741547
25090,142405128721161
25091,142405150302113
25092,142405171100038
25093,142405190651925
25094,142405211260540
25095,142405230812462
25096,142405251100559
25097,142405270800553
25098,142405290556876
25099,142405310119307
25100,142405331254815
25101,142405350721447
25102,142405370783364
25103,142405390622227
25104,142405411095671
25105,142405430730627
25106,142405450575300
25107,142405470055477
25108,142405491089408
25109,142405510734563
25110,142405531069930
25111,142405550816142
25112,142405570619853
25113,142405590195020
25114,142405611104665
25115,142405632219251
25116,142405654708321
25117,142405674104381
25118,142405695129599
25119,142405716395010
25120,142405734649113
25121,142405754201600
25122,142405775125725
25123,142405794798780
25124,142405815174034
25125,142405834741958
25126,142405854647877
25127,142405875279226
25128,142405895250360
25129,142405914774477
25130,142405934632266
25131,142405954936887
25132,142405975221887
25133,142405994693756
25134,142406014660440
25135,142406034226738
25136,142406055127932
25137,142406074878265
25138,142406095196571
25139,142406114867961
25140,142406136251461
25141,142406158174897
25142,142406179049073
25143,142406198832389
25144,142406218584330
25145,142406238245482
25146,142406259108706
25147,142406278835165
25148,142406298515864
25149,142406318166078
25150,142406339032581
25151,142406358776721
25152,142406380410964
25153,142406398799897
25154,142406418721112
25155,142406438270708
25156,142406459283471
25157,142406479384538
25158,142406498654121
25159,142406518265350
25160,142406539063480
25161,142406558834022
25162,142406578674257
25163,142406598223593
25164,142406619207963
25165,142406640135157
25166,142406663127478
25167,142406682865457
25168,142406702639787
25169,142406722177886
25170,142406743199733
25171,142406762773920
25172,142406782654079
25173,142406802188866
25174,142406823250721
25175,142406842696137
25176,142406862700758
25177,142406883499350
25178,142406903289471
25179,142406923651921
25180,142406943461382
25181,142406962665285
25182,142406982758219
25183,142407002193899
25184,142407023145230
25185,142407042817973
25186,142407062601964
25187,142407082202263
25188,142407103597407
25189,142407122742338
25190,142407144274875
25191,142407166364782
25192,142407187815126
25193,142407206874737
25194,142407228852083
25195,142407246829924
25196,142407266709764
25197,142407286236844
25198,142407307140292
25199,142407327184966
25200,142407346577662
25201,142407366156258
25202,142407388363506
25203,142407406914024
25204,142407426875873
25205,142407446243931
25206,142407467096963
25207,142407486808824
25208,142407507243145
25209,142407526896241
25210,142407546617029
25211,142407566216996
25212,142407587159639
25213,142407606724248
25214,142407626655799
25215,142407647276571
25216,142407671194880
25217,142407690607470
25218,142407710574345
25219,142407730218820
25220,142407751112399
25221,142407770765112
25222,142407791130290
25223,142407810749942
25224,142407830663536
25225,142407850240538
25226,142407871063491
25227,142407892078083
25228,142407910611829
25229,142407930274030
25230,142407953096325
25231,142407972364510
25232,142407990829329
25233,142408010584194
25234,142408031496425
25235,142408052306286
25236,142408074127500
25237,142408091561140
25238,142408110581183
25239,142408130475997
25240,142408151426828
25241,142408174986722
25242,142408194672941
25243,142408214309369
25244,142408235340370
25245,142408254873064
25246,142408274691449
25247,142408294272562
25248,142408315083912
25249,142408335065699
25250,142408355126008
25251,142408374711536
25252,142408396207977
25253,142408414836404
25254,142408434759773
25255,142408454126264
25256,142408475107516
25257,142408494736367
25258,142408515048207
25259,142408534897336
25260,142408554521298
25261,142408574109663
25262,142408595278866
25263,142408614817068
25264,142408635981815
25265,142408654821550
25266,142408678519052
25267,142408698206059
25268,142408720670805
25269,142408738962587
25270,142408759197595
25271,142408778629231
25272,142408799045465
25273,142408818674608
25274,142408838664639
25275,142408858272039
25276,142408879015329
25277,142408900077051
25278,142408919234402
25279,142408938850454
25280,142408959311853
25281,142408978155266
25282,142408998974548
25283,142409018748981
25284,142409039334263
25285,142409058802609
25286,142409078585819
25287,142409098105485
25288,142409119139125
25289,142409139985750
25290,142409162142187
25291,142409182836630
25292,142409203039255
25293,142409222720640
25294,142409242769719
25295,142409262230328
25296,142409283120474
25297,142409302775095
25298,142409323333440
25299,142409342891107
25300,142409362593642
25301,142409382241423
25302,142409404527198
25303,142409422785684
25304,142409443115372
25305,142409462787137
25306,142409483844698
25307,142409502167168
25308,142409523190133
25309,142409542868572
25310,142409563198409
25311,142409582808982
25312,142409603144113
25313,142409622780733
25314,142409644149977
25315,142409662550001
25316,142409687192790
25317,142409706916200
25318,142409726689618
25319,142409746344831
25320,142409767163768
25321,142409786886019
25322,142409806745064
25323,142409826362141
25324,142409847224715
25325,142409866862419
25326,142409886748718
25327,142409906999703
25328,142409926725533
25329,142409947557396
25330,142409967438147
25331,142409987062501
25332,142410007432600
25333,142410026373245
25334,142410047430843
25335,142410067085679
25336,142410086856941
25337,142410106545636
25338,142410127214992
25339,142410147567553
25340,142410167210243
25341,142410190570780
25342,142410211219137
25343,142410232709918
25344,142410251379237
25345,142410271019341
25346,142410290902563
25347,142410310502064
25348,142410331861982
25349,142410350979401
25350,142410371398292
25351,142410391107891
25352,142410411354512
25353,142410430709667
25354,142410450637098
25355,142410470244748
25356,142410491235750
25357,142410510789634
25358,142410531291940
25359,142410550849869
25360,142410570673076
25361,142410590353743
25362,142410611189980
25363,142410630862517
25364,142410651844444
25365,142410670873756
25366,142410694669903
25367,142410714332404
25368,142410735186054
25369,142410754930508
25370,142410775355121
25371,142410794803916
25372,142410814994438
25373,142410834910244
25374,142410855248522
25375,142410874881655
25376,142410895949076
25377,142410914251872
25378,142410935161702
25379,142410955728250
25380,142410975658604
25381,142410994812544
25382,142411014641468
25383,142411034306842
25384,142411055069970
25385,142411074966764
25386,142411095121343
25387,142411114908653
25388,142411134642799
25389,142411154887918
25390,142411175127069
25391,142411198766479
25392,142411219078357
25393,142411238832102
25394,142411263582854
25395,142411281095495
25396,142411299075976
25397,142411318773999
25398,142411339440561
25399,142411358804307
25400,142411378481500
25401,142411398554673
25402,142411419256743
25403,142411438918105
25404,142411459366505
25405,142411478809716
25406,142411498923032
25407,142411518325299
25408,142411539220810
25409,142411559014801
25410,142411579233068
25411,142411599036332
25412,142411618706031
25413,142411638328373
25414,142411659669119
25415,142411678831412
25416,142411703319331
25417,142411723275669
25418,142411743228853
25419,142411762745599
25420,142411782546903
25421,142411802276758
25422,142411823065883
25423,142411842743644
25424,142411863025980
25425,142411882689906
25426,142411903090606
25427,142411922294332
25428,142411943246689
25429,142411962802270
25430,142411983118333
25431,142412002828831
25432,142412023065510
25433,142412042234888
25434,142412062964590
25435,142412082780207
25436,142412103265753
25437,142412122706173
25438,142412142990203
25439,142412163519139
25440,142412182715923
25441,142412206548736
25442,142412227171079
25443,142412247001095
25444,142412267209675
25445,142412286946180
25446,142412306925500
25447,142412326414593
25448,142412347287728
25449,142412366909858
25450,142412387243171
25451,142412408180072
25452,142412426500807
25453,142412446174604
25454,142412467062046
25455,142412487423384
25456,142412507365890
25457,142412526787905
25458,142412547329246
25459,142412566888397
25460,142412586741953
25461,142412606331846
25462,142412627177386
25463,142412646917239
25464,142412667711926
25465,142412686837487
25466,142412710475113
25467,142412730116635
25468,142412751199718
25469,142412770678584
25470,142412791035705
25471,142412810796401
25472,142412830578716
25473,142412850191052
25474,142412871273010
25475,142412891051754
25476,142412912773242
25477,142412930794759
25478,142412951545066
25479,142412970910778
25480,142412990656571
25481,142413010233013
25482,142413031166641
25483,142413050849683
25484,142413071206791
25485,142413090699898
25486,142413110502569
25487,142413130181193
25488,142413151573302
25489,142413171290337
25490,142413191043794
25491,142413214684697
25492,142413235290276
25493,142413254308324
25494,142413275227801
25495,142413294896530
25496,142413315220759
25497,142413335104091
25498,142413355218973
25499,142413374841028
25500,142413394656739
25501,142413415723011
25502,142413435096907
25503,142413454863852
25504,142413475113298
25505,142413494780807
25506,142413515025833
25507,142413534711321
25508,142413555106481
25509,142413574804718
25510,142413594559076
25511,142413614116301
25512,142413635097072
25513,142413655716550
25514,142413675208121
25515,142413694806807
25516,142413718512397
25517,142413738100247
25518,142413759124499
25519,142413778816228
25520,142413799230985
25521,142413818809325
25522,142413839295091
25523,142413858812435
25524,142413879166373
25525,142413898913332
25526,142413919984914
25527,142413938351454
25528,142413960631414
25529,142413979328962
25530,142413999502389
25531,142414018756357
25532,142414038666364
25533,142414058170055
25534,142414079138786
25535,142414098762211
25536,142414119090724
25537,142414138772530
25538,142414160072287
25539,142414180428474
25540,142414201041665
25541,142414222630502
25542,142414243079817
25543,142414262828648
25544,142414283150648
25545,142414302792031
25546,142414322591111
25547,142414342408006
25548,142414363110428
25549,142414382767501
25550,142414403183272
25551,142414423159117
25552,142414442719773
25553,142414462168094
25554,142414483124020
25555,142414502825348
25556,142414523142809
25557,142414542817880
25558,142414562603515
25559,142414582205826
25560,142414603194305
25561,142414622718556
25562,142414642982473
25563,142414663236065
25564,142414683383023
25565,142414703036566
25566,142414726778151
25567,142414746635856
25568,142414767307380
25569,142414786835483
25570,142414807255056
25571,142414826926304
25572,142414846830823
25573,142414866379901
25574,142414887227115
25575,142414907070559
25576,142414927260769
25577,142414947231830
25578,142414966743650
25579,142414986083906
25580,142415007271098
25581,142415026900314
25582,142415047127283
25583,142415066992477
25584,142415087099539
25585,142415107322812
25586,142415126565737
25587,142415146180760
25588,142415167655727
25589,142415186762891
25590,142415207089728
25591,142415230740990
25592,142415250549389
25593,142415270327776
25594,142415291356905
25595,142415310861802
25596,142415331311610
25597,142415350910267
25598,142415370764329
25599,142415390345780
25600,142415412694025
25601,142415430912137
25602,142415451281845
25603,142415470824252
25604,142415491978441
25605,142415510828477
25606,142415530618742
25607,142415550148041
25608,142415571198280
25609,142415590775292
25610,142415611163363
25611,142415630805715
25612,142415650667195
25613,142415671849861
25614,142415691261334
25615,142415710784174
25616,142415735204962
25617,142415754756267
25618,142415774596394
25619,142415794203471
25620,142415815032675
25621,142415834903040
25622,142415855195979
25623,142415874764525
25624,142415895246780
25625,142415916133017
25626,142415935101755
25627,142415954943209
25628,142415975129603
25629,142415994780751
25630,142416016972809
25631,142416034882255
25632,142416054773338
25633,142416074523836
25634,142416095333220
25635,142416114890109
25636,142416135247232
25637,142416154997636
25638,142416175875289
25639,142416194266879
25640,142416215079519
25641,142416239344967
25642,142416259139272
25643,142416278868119
25644,142416299123963
25645,142416318745627
25646,142416338894335
25647,142416358163381
25648,142416379184532
25649,142416398714279
25650,142416420575868
25651,142416438831494
25652,142416458660388
25653,142416478163937
25654,142416499243943
25655,142416518891880
25656,142416539160065
25657,142416558858936
25658,142416578686079
25659,142416598284173
25660,142416619267466
25661,142416638918244
25662,142416659453543
25663,142416679567800
25664,142416698715418
25665,142416718253726
25666,142416743183072
25667,142416762962397
25668,142416782871955
25669,142416802308792
25670,142416823170977
25671,142416842839012
25672,142416862599493
25673,142416882284124
25674,142416903183665
25675,142416925636636
25676,142416944384608
25677,142416962861687
25678,142416983021453
25679,142417002929676
25680,142417023320626
25681,142417042826584
25682,142417062684855
25683,142417082434281
25684,142417103304813
25685,142417123058464
25686,142417142786485
25687,142417163069994
25688,142417183256573
25689,142417203021767
25690,142417223349859
25691,142417247013843
25692,142417266747817
25693,142417286499468
25694,142417307321289
25695,142417327055297
25696,142417346903690
25697,142417366440681
25698,142417387288251
25699,142417406944778
25700,142417428168860
25701,142417446256308
25702,142417467148222
25703,142417486831920
25704,142417507260903
25705,142417526867741
25706,142417546680412
25707,142417566530303
25708,142417587325981
25709,142417607047275
25710,142417626895575
25711,142417646343871
25712,142417668180894
25713,142417687077640
25714,142417706770099
25715,142417726575429
25716,142417751336231
25717,142417770977855
25718,142417791500884
25719,142417811011186
25720,142417830761626
25721,142417850481143
25722,142417871288739
25723,142417891022140
25724,142417910789565
25725,142417930723415
25726,142417951923530
25727,142417970774448
25728,142417990718879
25729,142418010559241
25730,142418031476154
25731,142418050985334
25732,142418071393006
25733,142418090933737
25734,142418110811780
25735,142418130573172
25736,142418151411776
25737,142418171172107
25738,142418190945648
25739,142418210657986
25740,142418231306210
25741,142418254993015
25742,142418274899194
25743,142418294393367
25744,142418315434851
25745,142418335323635
25746,142418355303376
25747,142418375041540
25748,142418394691494
25749,142418414415124
25750,142418435789122
25751,142418454876263
25752,142418474656485
25753,142418495818275
25754,142418515427198
25755,142418534970446
25756,142418554691800
25757,142418574353630
25758,142418595254459
25759,142418614809401
25760,142418635228061
25761,142418654940013
25762,142418676141066
25763,142418694676082
25764,142418715270306
25765,142418734948037
25766,142418758744103
25767,142418778542160
25768,142418799457872
25769,142418818961254
25770,142418838901467
25771,142418859605031
25772,142418879298401
25773,142418898981604
25774,142418920573802
25775,142418939356206
25776,142418959202490
25777,142418978235829
25778,142418998694517
25779,142419018300661
25780,142419039240200
25781,142419058830395
25782,142419078832597
25783,142419098325882
25784,142419119814659
25785,142419139063577
25786,142419158916779
25787,142419180255731
25788,142419201976321
25789,142419219619069
25790,142419239489786
25791,142419262616319
25792,142419283335007
25793,142419302822048
25794,142419322764381
25795,142419342532088
25796,142419363232949
25797,142419382978228
25798,142419403376788
25799,142419424308004
25800,142419442951936
25801,142419462417531
25802,142419483287596
25803,142419502825757
25804,142419522697141
25805,142419542460552
25806,142419563290775
25807,142419583052465
25808,142419602822202
25809,142419622611553
25810,142419643324043
25811,142419663034619
25812,142419683709828
25813,142419704298467
25814,142419722811203
25815,142419742494867
25816,142419767307357
25817,142419786874807
25818,142419807529115
25819,142419826984620
25820,142419847870571
25821,142419866275902
25822,142419887566379
25823,142419906909499
25824,142419928434924
25825,142419948935449
25826,142419966864352
25827,142419986662721
25828,142420007900720
25829,142420027129999
25830,142420047647353
25831,142420066953323
25832,142420087452219
25833,142420106941489
25834,142420127222949
25835,142420147269386
25836,142420166796382
25837,142420186930282
25838,142420207356278
25839,142420226981494
25840,142420247504224
25841,142420270908977
25842,142420291006784
25843,142420310495500
25844,142420331402698
25845,142420351004678
25846,142420371356762
25847,142420391025810
25848,142420410871405
25849,142420430957598
25850,142420451381563
25851,142420470926035
25852,142420491423853
25853,142420510978753
25854,142420531368117
25855,142420550959948
25856,142420570817103
25857,142420590487175
25858,142420611421981
25859,142420631014184
25860,142420651392507
25861,142420671067791
25862,142420691067399
25863,142420710728194
25864,142420731318804
25865,142420751687744
25866,142420775627544
25867,142420794922967
25868,142420814929405
25869,142420834537845
25870,142420855407570
25871,142420874940926
25872,142420895325466
25873,142420915134070
25874,142420935904337
25875,142420955550476
25876,142420974839788
25877,142420994606575
25878,142421015524018
25879,142421034904595
25880,142421055379598
25881,142421075024277
25882,142421094895781
25883,142421114596350
25884,142421135308201
25885,142421155047636
25886,142421175674414
25887,142421195356334
25888,142421214975326
25889,142421234572830
25890,142421255368909
25891,142421278960189
25892,142421299506125
25893,142421319093136
25894,142421339419203
25895,142421358988291
25896,142421378862146
25897,142421398629159
25898,142421419409687
25899,142421439493446
25900,142421459439588
25901,142421479013699
25902,142421499229508
25903,142421518738573
25904,142421539346689
25905,142421559061240
25906,142421579476664
25907,142421599174029
25908,142421618812483
25909,142421638641384
25910,142421659407502
25911,142421679267768
25912,142421699863116
25913,142421719089244
25914,142421739514849
25915,142421759131943
25916,142421782779761
25917,142421802635771
25918,142421823352303
25919,142421843178773
25920,142421863473842
25921,142421882965185
25922,142421902922508
25923,142421922587508
25924,142421943976746
25925,142421963198773
25926,142421983493587
25927,142422003429666
25928,142422024516439
25929,142422042539953
25930,142422063569368
25931,142422082911272
25932,142422103590237
25933,142422122872191
25934,142422143472422
25935,142422163181795
25936,142422183664312
25937,142422202819950
25938,142422223358106
25939,142422243134411
25940,142422264364488
25941,142422287179712
25942,142422307042533
25943,142422326577969
25944,142422347666123
25945,142422366953068
25946,142422387279736
25947,142422407184382
25948,142422426865796
25949,142422447261843
25950,142422467377695
25951,142422486961819
25952,142422507522897
25953,142422527012089
25954,142422547562582
25955,142422566902544
25956,142422586882538
25957,142422606649664
25958,142422627377113
25959,142422646960398
25960,142422667261475
25961,142422687439720
25962,142422707164186
25963,142422726656031
25964,142422747447154
25965,142422766821257
25966,142422791349886
25967,142422811073747
25968,142422831037991
25969,142422850735492
25970,142422871404946
25971,142422890948941
25972,142422911523455
25973,142422931205077
25974,142422952330769
25975,142422971081439
25976,142422990823223
25977,142423012482252
25978,142423031397979
25979,142423051062125
25980,142423071463956
25981,142423090930734
25982,142423111024634
25983,142423130560266
25984,142423151425888
25985,142423171208008
25986,142423193120581
25987,142423211425055
25988,142423230798417
25989,142423250509068
25990,142423271542890
25991,142423295670735
25992,142423315547260
25993,142423334850478
25994,142423355314870
25995,142423374986637
25996,142423394884621
25997,142423414626041
25998,142423436154635
25999,142423455234388
26000,142423475614107
26001,142423494968871
26002,142423515327686
26003,142423534421644
26004,142423555461008
26005,142423575183019
26006,142423595573091
26007,142423615159164
26008,142423634890709
26009,142423654629659
26010,142423675526563
26011,142423697024713
26012,142423715674704
26013,142423735034211
26014,142423757090185
26015,142423775637016
26016,142423798967928
26017,142423818622443
26018,142423839350806
26019,142423859105887
26020,142423878970656
26021,142423898622405
26022,142423919409695
26023,142423939638792
26024,142423959837322
26025,142423978588625
26026,142423999349266
26027,142424019024502
26028,142424039331125
26029,142424059070770
26030,142424078884792
26031,142424098408392
26032,142424119669816
26033,142424138961511
26034,142424158709202
26035,142424178435710
26036,142424200214126
26037,142424222596083
26038,142424240296122
26039,142424258993675
26040,142424278884106
26041,142424302390043
26042,142424323398753
26043,142424342975856
26044,142424363414889
26045,142424382914551
26046,142424403446330
26047,142424422843770
26048,142424443726422
26049,142424462810295
26050,142424483380548
26051,142424504312020
26052,142424523675104
26053,142424543112482
26054,142424562908446
26055,142424582468271
26056,142424603393925
26057,142424622999195
26058,142424643456047
26059,142424663052967
26060,142424682875278
26061,142424703119525
26062,142424723402997
26063,142424742998293
26064,142424763393195
26065,142424783050791
26066,142424807442467
26067,142424827023333
26068,142424846856356
26069,142424866484663
26070,142424887340525
26071,142424907121606
26072,142424927445505
26073,142424948381703
26074,142424966844222
26075,142424986552214
26076,142425007566290
26077,142425027063228
26078,142425046907042
26079,142425066539889
26080,142425087349062
26081,142425107076817
26082,142425127548791
26083,142425147019680
26084,142425166894707
26085,142425186687841
26086,142425207736712
26087,142425227137467
26088,142425246883045
26089,142425268190939
26090,142425287615737
26091,142425311050830
26092,142425331350539
26093,142425351241414
26094,142425370972842
26095,142425390499967
26096,142425411417029
26097,142425430944169
26098,142425452923030
26099,142425471009889
26100,142425490957551
26101,142425510583455
26102,142425531387816
26103,142425551046064
26104,142425570882539
26105,142425590499240
26106,142425611398222
26107,142425630956484
26108,142425650817489
26109,142425670587704
26110,142425692361809
26111,142425711021571
26112,142425731459750
26113,142425750936534
26114,142425771471945
26115,142425790901955
26116,142425814819886
26117,142425834538025
26118,142425855407240
26119,142425875145451
26120,142425895362461
26121,142425915035844
26122,142425934823263
26123,142425957049816
26124,142425975889403
26125,142425994948115
26126,142426015987485
26127,142426035144246
26128,142426054905477
26129,142426074424337
26130,142426095090317
26131,142426114878867
26132,142426135213225
26133,142426154876195
26134,142426175353224
26135,142426195592016
26136,142426214832107
26137,142426234468784
26138,142426255261305
26139,142426275040870
26140,142426295397324
26141,142426319100070
26142,142426338823617
26143,142426358359642
26144,142426379412880
26145,142426398966766
26146,142426419533900
26147,142426438796468
26148,142426458885211
26149,142426478746879
26150,142426499289326
26151,142426519047343
26152,142426539349286
26153,142426558901715
26154,142426579590097
26155,142426598878679
26156,142426618940876
26157,142426638440260
26158,142426659307350
26159,142426679128113
26160,142426700079058
26161,142426719244543
26162,142426738810400
26163,142426760204093
26164,142426779603632
26165,142426798884009
26166,142426823427291
26167,142426842956168
26168,142426862822317
26169,142426882461850
26170,142426903114055
26171,142426923104305
26172,142426943991882
26173,142426963176069
26174,142426983452391
26175,142427002851652
26176,142427022806172
26177,142427042341896
26178,142427063239206
26179,142427083089752
26180,142427103361247
26181,142427123535435
26182,142427142775686
26183,142427162555732
26184,142427183479053
26185,142427205045866
26186,142427223027546
26187,142427242418680
26188,142427263195891
26189,142427283061857
26190,142427303330663
26191,142427327020121
26192,142427347581713
26193,142427366841180
26194,142427386746576
26195,142427406362659
26196,142427427276216
26197,142427448237954
26198,142427467545666
26199,142427487173291
26200,142427507852608
26201,142427526495694
26202,142427547274494
26203,142427566913375
26204,142427586803793
26205,142427606555372
26206,142427627261122
26207,142427646865890
26208,142427667324303
26209,142427687179590
26210,142427708224596
26211,142427727012907
26212,142427746921689
26213,142427766541098
26214,142427787327617
26215,142427806840970
26216,142427830795274
26217,142427850494347
26218,142427871247719
26219,142427890930722
26220,142427910717373
26221,142427930558416
26222,142427952297423
26223,142427970955915
26224,142427991412564
26225,142428011583237
26226,142428030912353
26227,142428050312851
26228,142428071172969
26229,142428091442021
26230,142428111458710
26231,142428131103085
26232,142428150914698
26233,142428170655373
26234,142428191733932
26235,142428213744504
26236,142428231609027
26237,142428251110730
26238,142428271956198
26239,142428291042623
26240,142428311593041
26241,142428335123839
26242,142428355668087
26243,142428375047766
26244,142428395472266
26245,142428415042431
26246,142428434936491
26247,142428456120758
26248,142428476182737
26249,142428495148627
26250,142428515457306
26251,142428535089972
26252,142428554856182
26253,142428574598410
26254,142428595402589
26255,142428615038093
26256,142428635549105
26257,142428655030354
26258,142428675012876
26259,142428694824771
26260,142428717537126
26261,142428735223885
26262,142428755528749
26263,142428775387017
26264,142428795666060
26265,142428815044243
26266,142428838877419
26267,142428858643815
26268,142428879454603
26269,142428899259257
26270,142428919500604
26271,142428939090036
26272,142428961803440
26273,142428978871147
26274,142428999442626
26275,142429020664617
26276,142429039695987
26277,142429059107228
26278,142429078664540
26279,142429098374368
26280,142429119255734
26281,142429139016690
26282,142429159328733
26283,142429178783873
26284,142429199069959
26285,142429221636887
26286,142429240734202
26287,142429258451920
26288,142429279358589
26289,142429298895645
26290,142429319478341
26291,142429342993327
26292,142429362722570
26293,142429382629285
26294,142429403404426
26295,142429422963202
26296,142429443410562
26297,142429463729714
26298,142429482866449
26299,142429502550314
26300,142429523437616
26301,142429542997657
26302,142429563436383
26303,142429583068004
26304,142429603403080
26305,142429623059810
26306,142429642626080
26307,142429662448771
26308,142429683351054
26309,142429703115133
26310,142429724751305
26311,142429743091367
26312,142429763705209
26313,142429783050418
26314,142429803617462
26315,142429823326808
26316,142429847453127
26317,142429867060385
26318,142429887000621
26319,142429906632633
26320,142429927591397
26321,142429947879903
26322,142429967966747
26323,142429987243276
26324,142430007726817
26325,142430027110172
26326,142430047048793
26327,142430066733356
26328,142430087557329
26329,142430107190097
26330,142430127753192
26331,142430147248851
26332,142430167049369
26333,142430186755029
26334,142430207954696
26335,142430227544957
26336,142430247007916
26337,142430266682769
26338,142430287594771
26339,142430307072630
26340,142430327625148
26341,142430351030109
26342,142430371489899
26343,142430391061667
26344,142430410879086
26345,142430430608966
26346,142430451372644
26347,142430471364167
26348,142430491388297
26349,142430511115152
26350,142430531046705
26351,142430550640830
26352,142430571336010
26353,142430590969400
26354,142430611416240
26355,142430630940293
26356,142430650936717
26357,142430670577433
26358,142430691454550
26359,142430711320426
26360,142430731742432
26361,142430751192396
26362,142430771530975
26363,142430791041680
26364,142430810881753
26365,142430830651749
26366,142430855435539
26367,142430874959746
26368,142430895484618
26369,142430915035768
26370,142430934931539
26371,142430955279826
26372,142430975976098
26373,142430995232813
26374,142431015533368
26375,142431037279476
26376,142431055476487
26377,142431074430946
26378,142431095395799
26379,142431115445266
26380,142431144483927
26381,142431168122367
26382,142431187482108
26383,142431205998268
26384,142431223863184
26385,142431240779336
26386,142431258595264
26387,142431276158189
26388,142431295529774
26389,142431314918714
26390,142431334795646
26391,142431358708522
26392,142431379108295
26393,142431398951243
26394,142431419210530
26395,142431438859049
26396,142431458916420
26397,142431478402239
26398,142431499360917
26399,142431518747806
26400,142431539397196
26401,142431558940001
26402,142431579179990
26403,142431598995136
26404,142431618772050
26405,142431638323585
26406,142431659323545
26407,142431678881082
26408,142431699494201
26409,142431719466289
26410,142431738800663
26411,142431758522243
26412,142431779408369
26413,142431798951964
26414,142431819232658
26415,142431838876529
26416,142431862703711
26417,142431882263525
26418,142431903434897
26419,142431923066593
26420,142431943372710
26421,142431964995698
26422,142431982868848
26423,142432002432375
26424,142432024240200
26425,142432042825432
26426,142432063102839
26427,142432082988639
26428,142432102827348
26429,142432122390361
26430,142432143628106
26431,142432163258205
26432,142432183398739
26433,142432203120122
26434,142432223822085
26435,142432242438149
26436,142432263453894
26437,142432282992348
26438,142432303506072
26439,142432322985621
26440,142432343485069
26441,142432366931108
26442,142432386830351
26443,142432406606534
26444,142432427279318
26445,142432446993440
26446,142432468193419
26447,142432487144215
26448,142432506856797
26449,142432526315353
26450,142432547244808
26451,142432566820273
26452,142432587214667
26453,142432606970333
26454,142432626747213
26455,142432646308475
26456,142432667144020
26457,142432687020445
26458,142432707325608
26459,142432727883712
26460,142432746757521
26461,142432766507938
26462,142432787401059
26463,142432807152221
26464,142432826890157
26465,142432846566146
26466,142432871268503
26467,142432890915942
26468,142432910808686
26469,142432930358295
26470,142432951691779
26471,142432972721726
26472,142432991364856
26473,142433011046170
26474,142433030707907
26475,142433050398620
26476,142433071244337
26477,142433090827291
26478,142433110966327
26479,142433130500942
26480,142433151911216
26481,142433171013804
26482,142433190857247
26483,142433210720847
26484,142433231990143
26485,142433251154984
26486,142433271265612
26487,142433290938705
26488,142433310905662
26489,142433330403450
26490,142433351318446
26491,142433374878383
26492,142433394681912
26493,142433414656192
26494,142433435199878
26495,142433455082375
26496,142433475852520
26497,142433494404081
26498,142433515606827
26499,142433535248829
26500,142433555485394
26501,142433575197708
26502,142433595098564
26503,142433614804103
26504,142433635409729
26505,142433655133670
26506,142433675468053
26507,142433695125701
26508,142433715235905
26509,142433735481874
26510,142433755627661
26511,142433775080071
26512,142433795456906
26513,142433815267704
26514,142433835019673
26515,142433854754600
26516,142433879464882
26517,142433899072409
26518,142433919640032
26519,142433939040628
26520,142433960458705
26521,142433980885546
26522,142433999115244
26523,142434020602192
26524,142434039399553
26525,142434059257342
26526,142434079506658
26527,142434099121690
26528,142434119069278
26529,142434138733609
26530,142434159584645
26531,142434178994419
26532,142434198966735
26533,142434219395246
26534,142434240431629
26535,142434262657449
26536,142434280952080
26537,142434299240426
26538,142434319180787
26539,142434338531331
26540,142434359761477
26541,142434383064649
26542,142434402946905
26543,142434422720448
26544,142434443462659
26545,142434463189843
26546,142434484320728
26547,142434502662645
26548,142434524084001
26549,142434543243187
26550,142434563653959
26551,142434583107032
26552,142434602939482
26553,142434622673639
26554,142434643473086
26555,142434663308988
26556,142434683030508
26557,142434702613530
26558,142434724763930
26559,142434743403755
26560,142434763125599
26561,142434782643505
26562,142434803479919
26563,142434823223775
26564,142434843636529
26565,142434863249500
26566,142434886879026
26567,142434906537521
26568,142434927481809
26569,142434947943578
26570,142434967084075
26571,142434988764154
26572,142435007624240
26573,142435027660821
26574,142435047314022
26575,142435066860068
26576,142435087603928
26577,142435107231016
26578,142435127421603
26579,142435147106879
26580,142435167094574
26581,142435186646183
26582,142435208230796
26583,142435227418610
26584,142435247250186
26585,142435266794831
26586,142435287521775
26587,142435307391818
26588,142435327019637
26589,142435346662797
26590,142435367315684
26591,142435391112370
26592,142435411691406
26593,142435431150666
26594,142435451038825
26595,142435470752708
26596,142435491764658
26597,142435511182367
26598,142435530956167
26599,142435550624261
26600,142435571489584
26601,142435591096139
26602,142435610900161
26603,142435630606674
26604,142435651532483
26605,142435671087060
26606,142435691500931
26607,142435711105731
26608,142435731315153
26609,142435750899561
26610,142435772064000
26611,142435791391339
26612,142435811151498
26613,142435830717486
26614,142435851665135
26615,142435871220008
26616,142435894859054
26617,142435914693417
26618,142435935481932
26619,142435955827996
26620,142435975697640
26621,142435995353531
26622,142436015680245
26623,142436034767355
26624,142436055681602
26625,142436075190237
26626,142436095043171
26627,142436114554385
26628,142436135477604
26629,142436154928526
26630,142436174944291
26631,142436194715594
26632,142436215430153
26633,142436235449519
26634,142436255705484
26635,142436275259440
26636,142436294898056
26637,142436314435991
26638,142436335431163
26639,142436355380883
26640,142436374989037
26641,142436398654751
26642,142436419476420
26643,142436439089947
26644,142436458985463
26645,142436478940113
26646,142436499702118
26647,142436519205518
26648,142436540688812
26649,142436559167121
26650,142436579146418
26651,142436598691228
26652,142436619458345
26653,142436639102990
26654,142436658846306
26655,142436678650531
26656,142436699452938
26657,142436719154882
26658,142436739956736
26659,142436759131130
26660,142436779071758
26661,142436798682048
26662,142436819555463
26663,142436839197626
26664,142436859605673
26665,142436879130376
26666,142436903439462
26667,142436923161747
26668,142436942801898
26669,142436962531943
26670,142436983641743
26671,142437004235717
26672,142437023885729
26673,142437043335613
26674,142437062983815
26675,142437082773994
26676,142437103470629
26677,142437123184208
26678,142437143174270
26679,142437162678875
26680,142437183537722
26681,142437203326058
26682,142437223682096
26683,142437243663149
26684,142437263122159
26685,142437283586175
26686,142437304218774
26687,142437323479982
26688,142437343056172
26689,142437362939751
26690,142437383734681
26691,142437407363878
26692,142437426913145
26693,142437446581357
26694,142437467605959
26695,142437487873198
26696,142437507779199
26697,142437527188034
26698,142437547029594
26699,142437566553741
26700,142437587499147
26701,142437607111792
26702,142437626962285
26703,142437646677493
26704,142437667454746
26705,142437687101299
26706,142437707058794
26707,142437726722135
26708,142437748892331
26709,142437767298084
26710,142437787561748
26711,142437807172995
26712,142437827034161
26713,142437846682008
26714,142437867429392
26715,142437887076503
26716,142437910983364
26717,142437930665007
26718,142437953366782
26719,142437971221263
26720,142437992223365
26721,142438011115498
26722,142438032239160
26723,142438051242820
26724,142438071706082
26725,142438091140895
26726,142438111003958
26727,142438130721965
26728,142438151492514
26729,142438171122513
26730,142438190995702
26731,142438210657619
26732,142438231474657
26733,142438251443166
26734,142438270975793
26735,142438290706207
26736,142438311482937
26737,142438331179103
26738,142438351332967
26739,142438370748899
26740,142438390893375
26741,142438414331879
26742,142438435359851
26743,142438454908321
26744,142438474759449
26745,142438495108821
26746,142438515737873
26747,142438535247890
26748,142438555462050
26749,142438575157661
26750,142438594907261
26751,142438614541535
26752,142438635433459
26753,142438655011271
26754,142438675509181
26755,142438695041405
26756,142438714941507
26757,142438734687044
26758,142438755845571
26759,142438775162318
26760,142438796424984
26761,142438814463559
26762,142438835364169
26763,142438855083183
26764,142438874802060
26765,142438894443751
26766,142438919291859
26767,142438939337817
26768,142438960286005
26769,142438978985309
26770,142438999861091
26771,142439018606755
26772,142439039672370
26773,142439059070119
26774,142439078989837
26775,142439098483462
26776,142439119376353
26777,142439139695148
26778,142439159050315
26779,142439178500835
26780,142439200140765
26781,142439218943079
26782,142439239686915
26783,142439260222555
26784,142439279933517
26785,142439298515790
26786,142439318747229
26787,142439338688960
26788,142439359475985
26789,142439378947185
26790,142439398969248
26791,142439422305692
26792,142439443445758
26793,142439462931297
26794,142439483438258
26795,142439504354207
26796,142439522805709
26797,142439544052369
26798,142439563355748
26799,142439582901620
26800,142439602818237
26801,142439622380421
26802,142439643272202
26803,142439662914122
26804,142439682812885
26805,142439702294550
26806,142439723331771
26807,142439743411940
26808,142439763282032
26809,142439782675511
26810,142439802971308
26811,142439822685974
26812,142439843690407
26813,142439863353964
26814,142439883093733
26815,142439902680916
26816,142439927490177
26817,142439947858539
26818,142439967107862
26819,142439986770159
26820,142440011149399
26821,142440028681848
26822,142440047709573
26823,142440067206806
26824,142440087234336
26825,142440106785398
26826,142440127932869
26827,142440147290591
26828,142440167140387
26829,142440186728968
26830,142440207523132
26831,142440227284705
26832,142440248250423
26833,142440266971219
26834,142440287849726
26835,142440306898030
26836,142440327557196
26837,142440347162695
26838,142440367204394
26839,142440386786022
26840,142440407546554
26841,142440431161347
26842,142440451143404
26843,142440470575471
26844,142440491117393
26845,142440510885347
26846,142440531508760
26847,142440551305982
26848,142440571496057
26849,142440590753812
26850,142440611594922
26851,142440631154209
26852,142440651099946
26853,142440670743283
26854,142440691749441
26855,142440711148314
26856,142440731033127
26857,142440750983742
26858,142440771897930
26859,142440791377053
26860,142440811655516
26861,142440831187413
26862,142440851253068
26863,142440870662105
26864,142440891822693
26865,142440911133529
26866,142440935069394
26867,142440955017812
26868,142440975664187
26869,142440995203036
26870,142441015867962
26871,142441035163324
26872,142441055628912
26873,142441075130336
26874,142441095679588
26875,142441115190533
26876,142441134986665
26877,142441154601195
26878,142441175504077
26879,142441195207255
26880,142441215014043
26881,142441234629798
26882,142441255986836
26883,142441275389489
26884,142441295072034
26885,142441314701223
26886,142441335482273
26887,142441355038420
26888,142441375398856
26889,142441395146238
26890,142441414917117
26891,142441438651310
26892,142441459368464
26893,142441479075526
26894,142441499320912
26895,142441518974857
26896,142441539725496
26897,142441559086846
26898,142441579469265
26899,142441599122481
26900,142441618902147
26901,142441638642544
26902,142441659412835
26903,142441679064297
26904,142441699578285
26905,142441719085521
26906,142441739457492
26907,142441760099099
26908,142441779034495
26909,142441799422332
26910,142441819504943
26911,142441839164730
26912,142441859586947
26913,142441879156053
26914,142441898976020
26915,142441918654175
26916,142441943513748
26917,142441963011394
26918,142441983496762
26919,142442004049288
26920,142442023232548
26921,142442042744500
26922,142442063392453
26923,142442083088441
26924,142442103736992
26925,142442123020052
26926,142442143507195
26927,142442163002853
26928,142442182973438
26929,142442202749655
26930,142442223287052
26931,142442243156399
26932,142442263931187
26933,142442283103266
26934,142442303119568
26935,142442322660103
26936,142442343497220
26937,142442363345672
26938,142442383357647
26939,142442403481949
26940,142442423005318
26941,142442446460685
26942,142442467348318
26943,142442487027698
26944,142442508277113
26945,142442527495664
26946,142442548333321
26947,142442567047527
26948,142442587446749
26949,142442606560553
26950,142442627548798
26951,142442647069564
26952,142442667322283
26953,142442687290717
26954,142442707030156
26955,142442726670961
26956,142442747454392
26957,142442767949938
26958,142442787492245
26959,142442807229419
26960,142442826905442
26961,142442846709467
26962,142442867434967
26963,142442887062266
26964,142442907701855
26965,142442927161834
26966,142442951987793
26967,142442971062200
26968,142442990942790
26969,142443012548050
26970,142443031763764
26971,142443051191362
26972,142443071535049
26973,142443091160255
26974,142443110991548
26975,142443130850650
26976,142443151543902
26977,142443171292700
26978,142443191498203
26979,142443212317898
26980,142443230992117
26981,142443250646367
26982,142443272471370
26983,142443291862407
26984,142443311976987
26985,142443331259792
26986,142443351638847
26987,142443371351241
26988,142443391067133
26989,142443410845558
26990,142443431439477
26991,142443455209872
26992,142443475642846
26993,142443495177968
26994,142443516246202
26995,142443534554448
26996,142443555555567
26997,142443575335825
26998,142443595674273
26999,142443615189170
27000,142443634978372
27001,142443654755632
27002,142443675511393
27003,142443695164959
27004,142443715608379
27005,142443735087586
27006,142443755780604
27007,142443776270402
27008,142443795037721
27009,142443814571270
27010,142443835532114
27011,142443855379383
27012,142443875579725
27013,142443895077979
27014,142443915079884
27015,142443934726157
27016,142443961843649
27017,142443979323109
27018,142443999683930
27019,142444020163820
27020,142444039043791
27021,142444059233082
27022,142444079520353
27023,142444099146197
27024,142444119695024
27025,142444139062634
27026,142444159749974
27027,142444179106095
27028,142444198972336
27029,142444218698131
27030,142444239397197
27031,142444259941447
27032,142444280395121
27033,142444302542868
27034,142444319947805
27035,142444338286339
27036,142444359838964
27037,142444379093531
27038,142444399070540
27039,142444418787176
27040,142444439592196
27041,142444463301970
27042,142444483542375
27043,142444503118795
27044,142444524524519
27045,142444543285431
27046,142444563229481
27047,142444582658609
27048,142444603791347
27049,142444623228827
27050,142444643005837
27051,142444662829069
27052,142444683476285
27053,142444703099156
27054,142444723078180
27055,142444742703374
27056,142444765140748
27057,142444783780598
27058,142444804402161
27059,142444823390630
27060,142444843034987
27061,142444862897709
27062,142444883571320
27063,142444903192370
27064,142444923263935
27065,142444942738244
27066,142444967682611
27067,142444987219904
27068,142445007152433
27069,142445028372831
27070,142445047703254
27071,142445067233503
27072,142445087562477
27073,142445107168822
27074,142445126888162
27075,142445146594117
27076,142445167580441
27077,142445187224861
27078,142445207115577
27079,142445226471343
27080,142445247421058
27081,142445268442880
27082,142445287359263
27083,142445306766997
27084,142445327578904
27085,142445347210053
27086,142445367907931
27087,142445387246967
27088,142445407049347
27089,142445426850326
27090,142445447567035
27091,142445471177769
27092,142445491120089
27093,142445510776453
27094,142445531809166
27095,142445551828451
27096,142445571369010
27097,142445590815544
27098,142445611680545
27099,142445631195947
27100,142445651584497
27101,142445671204629
27102,142445691167089
27103,142445710753308
27104,142445731508767
27105,142445751204155
27106,142445771495405
27107,142445791274294
27108,142445811762690
27109,142445831411095
27110,142445851071518
27111,142445870792770
27112,142445891769169
27113,142445911256438
27114,142445931672683
27115,142445951895100
27116,142445975093093
27117,142445994887639
27118,142446016282099
27119,142446035300163
27120,142446055843162
27121,142446075175338
27122,142446095120328
27123,142446114766146
27124,142446135620079
27125,142446155175087
27126,142446175080679
27127,142446194764309
27128,142446215051358
27129,142446234749577
27130,142446255506375
27131,142446275565725
27132,142446295266300
27133,142446315004814
27134,142446335669126
27135,142446355190869
27136,142446375915339
27137,142446395190306
27138,142446415143854
27139,142446434683644
27140,142446455567309
27141,142446479137929
27142,142446498995966
27143,142446519289698
27144,142446539842954
27145,142446559240696
27146,142446579110309
27147,142446598675212
27148,142446620106862
27149,142446639246183
27150,142446659605639
27151,142446679332327
27152,142446699093719
27153,142446718867064
27154,142446739519318
27155,142446759234557
27156,142446781071144
27157,142446798757132
27158,142446819644403
27159,142446839303288
27160,142446859161111
27161,142446878723042
27162,142446899775669
27163,142446919327982
27164,142446939281416
27165,142446960034461
27166,142446982911359
27167,142447002661785
27168,142447025591451
27169,142447043602164
27170,142447064634888
27171,142447082793501
27172,142447103505670
27173,142447123192948
27174,142447143144015
27175,142447162433883
27176,142447183517210
27177,142447203618340
27178,142447223548379
27179,142447243060910
27180,142447262911270
27181,142447283446234
27182,142447303879327
27183,142447323456199
27184,142447342994547
27185,142447362491426
27186,142447383553058
27187,142447403045276
27188,142447423027546
27189,142447442625231
27190,142447463503832
27191,142447487109191
27192,142447507421314
27193,142447529891031
27194,142447551379974
27195,142447577922654
27196,142447602065599
27197,142447617256949
27198,142447633211445
27199,142447648739796
27200,142447665472226
27201,142447685222673
27202,142447704956342
27203,142447724766456
27204,142447745436558
27205,142447765182923
27206,142447786046868
27207,142447804931428
27208,142447825555285
27209,142447845142005
27210,142447865385467
27211,142447885145988
27212,142447905355753
27213,142447925228182
27214,142447945454336
27215,142447964563514
27216,142447989775122
27217,142448009480500
27218,142448031544594
27219,142448050574478
27220,142448071369560
27221,142448090990472
27222,142448110551496
27223,142448128924652
27224,142448151540138
27225,142448169975721
27226,142448189638874
27227,142448209225818
27228,142448228955935
27229,142448250144908
27230,142448271214813
27231,142448291774517
27232,142448310876817
27233,142448330646198
27234,142448351093990
27235,142448370795860
27236,142448389911109
27237,142448410954861
27238,142448429324482
27239,142448448692312
27240,142448469474015
27241,142448494916545
27242,142448515417512
27243,142448535608842
27244,142448556986722
27245,142448574979205
27246,142448594779190
27247,142448614411772
27248,142448635385959
27249,142448654948562
27250,142448674751560
27251,142448694398575
27252,142448715279210
27253,142448735064320
27254,142448754827895
27255,142448774460079
27256,142448795577147
27257,142448815002799
27258,142448835429447
27259,142448854986395
27260,142448874828586
27261,142448895037022
27262,142448915233118
27263,142448934958582
27264,142448955524957
27265,142448974437307
27266,142448999488443
27267,142449019101330
27268,142449040093180
27269,142449059170070
27270,142449079171417
27271,142449098648944
27272,142449119464068
27273,142449139266106
27274,142449159512525
27275,142449179306528
27276,142449199505084
27277,142449219163809
27278,142449239106789
27279,142449258706137
27280,142449279790626
27281,142449300261025
27282,142449322712680
27283,142449340390976
27284,142449358754382
27285,142449378906834
27286,142449399481034
27287,142449419336111
27288,142449439227210
27289,142449458719371
27290,142449479594619
27291,142449503113923
27292,142449523648060
27293,142449543843945
27294,142449563074165
27295,142449582995653
27296,142449603602460
27297,142449623234467
27298,142449643007256
27299,142449662724755
27300,142449683831892
27301,142449703139960
27302,142449723053067
27303,142449742817909
27304,142449763699940
27305,142449783634043
27306,142449803859358
27307,142449823048867
27308,142449843135445
27309,142449862697520
27310,142449883395752
27311,142449903162464
27312,142449923674309
27313,142449943565567
27314,142449964369610
27315,142449982451090
27316,142450007275572
27317,142450027171746
27318,142450047849299
27319,142450067680113
27320,142450087753373
27321,142450107241197
27322,142450127582859
27323,142450147133471
27324,142450167003648
27325,142450186706108
27326,142450207538271
27327,142450227141632
27328,142450246982108
27329,142450266642285
27330,142450288775169
27331,142450307310293
27332,142450327681326
27333,142450347265859
27334,142450366969079
27335,142450386820213
27336,142450407519240
27337,142450427243436
27338,142450447674592
27339,142450467129078
27340,142450487713852
27341,142450511169199
27342,142450531032486
27343,142450551109630
27344,142450571723021
27345,142450591248138
27346,142450611672089
27347,142450631126180
27348,142450651179055
27349,142450670746474
27350,142450691811023
27351,142450711168536
27352,142450731550823
27353,142450751201637
27354,142450770953138
27355,142450791261435
27356,142450812590586
27357,142450831383259
27358,142450851924496
27359,142450871152383
27360,142450891682020
27361,142450911539684
27362,142450930816848
27363,142450951786795
27364,142450971662778
27365,142450991255989
27366,142451015751788
27367,142451035388333
27368,142451055324542
27369,142451074539456
27370,142451095493090
27371,142451115053498
27372,142451134816738
27373,142451154360763
27374,142451175348599
27375,142451195022047
27376,142451215761986
27377,142451235100200
27378,142451254905233
27379,142451274509966
27380,142451296646405
27381,142451315078918
27382,142451334878627
27383,142451354504862
27384,142451375630711
27385,142451395069510
27386,142451414826997
27387,142451434495703
27388,142451455360209
27389,142451475132300
27390,142451495465032
27391,142451519045651
27392,142451540049518
27393,142451560045532
27394,142451579481309
27395,142451599100601
27396,142451618835352
27397,142451638529327
27398,142451659324500
27399,142451678979589
27400,142451698855257
27401,142451718426435
27402,142451739409639
27403,142451758997337
27404,142451779327872
27405,142451800380287
27406,142451819049162
27407,142451838471370
27408,142451859194162
27409,142451879035197
27410,142451898866407
27411,142451918423774
27412,142451939357108
27413,142451959934876
27414,142451978845093
27415,142451998631655
27416,142452023891540
27417,142452044599050
27418,142452063545660
27419,142452083048033
27420,142452102933398
27421,142452122554843
27422,142452143586889
27423,142452163112587
27424,142452182864493
27425,142452202560468
27426,142452222859955
27427,142452242655599
27428,142452263471155
27429,142452283128891
27430,142452304306295
27431,142452324207908
27432,142452343663726
27433,142452363156666
27434,142452383137396
27435,142452402525429
27436,142452422825580
27437,142452442519205
27438,142452463220777
27439,142452483148870
27440,142452505884743
27441,142452554572277
27442,142452579773379
27443,142452603962292
27444,142452629868925
27445,142452655403335
27446,142452681289444
27447,142452706946910
27448,142452731866476
27449,142452757533762
27450,142452783417066
27451,142452808927981
27452,142452834282737
27453,142452858846827
27454,142452884490170
27455,142452906434395
27456,142452928028302
27457,142452954113042
27458,142452980534167
27459,142453006066671
27460,142453022177846
27461,142453037722709
27462,142453053764796
27463,142453069445731
27464,142453084852947
27465,142453099925523
27466,142453115627229
27467,142453131102074
27468,142453149583095
27469,142453169152320
27470,142453188957596
27471,142453208710962
27472,142453229407929
27473,142453249166060
27474,142453269534526
27475,142453289197891
27476,142453309445573
27477,142453329000846
27478,142453349634647
27479,142453369626584
27480,142453389110888
27481,142453408743301
27482,142453429551382
27483,142453449259008
27484,142453469050905
27485,142453488807927
27486,142453509572944
27487,142453534866895
27488,142453556835667
27489,142453574164258
27490,142453593446096
27491,142453612752567
27492,142453633535139
27493,142453653482505
27494,142453673071201
27495,142453693007349
27496,142453713544599
27497,142453733281518
27498,142453753294580
27499,142453772777859
27500,142453794331198
27501,142453814281135
27502,142453834946470
27503,142453854298024
27504,142453874079269
27505,142453893933175
27506,142453914645460
27507,142453934348234
27508,142453955025081
27509,142453974260242
27510,142453993634610
27511,142454014652624
27512,142454039116532
27513,142454059819420
27514,142454080050453
27515,142454099751972
27516,142454119007679
27517,142454138701839
27518,142454159020859
27519,142454178586634
27520,142454199067446
27521,142454218627825
27522,142454239417944
27523,142454259219862
27524,142454278888352
27525,142454299579712
27526,142454321125381
27527,142454339071976
27528,142454359401544
27529,142454379308494
27530,142454398909671
27531,142454418485691
27532,142454439481733
27533,142454459054229
27534,142454478933624
27535,142454498600802
27536,142454519438983
27537,142454543028189
27538,142454563771177
27539,142454582608049
27540,142454603459371
27541,142454623128808
27542,142454643592352
27543,142454663204563
27544,142454683156166
27545,142454702818176
27546,142454723616343
27547,142454743211828
27548,142454762926490
27549,142454782955596
27550,142454804117880
27551,142454822954153
27552,142454842951292
27553,142454862848152
27554,142454883068890
27555,142454902914867
27556,142454923116716
27557,142454942932613
27558,142454962970984
27559,142454982844970
27560,142455003255629
27561,142455022795547
27562,142455047079900
27563,142455067305365
27564,142455087072665
27565,142455106749326
27566,142455126997774
27567,142455147175223
27568,142455167111729
27569,142455186751714
27570,142455207111688
27571,142455226729880
27572,142455247529913
27573,142455267299486
27574,142455287100647
27575,142455307588338
27576,142455328229370
27577,142455347465891
27578,142455367149692
27579,142455386859331
27580,142455407844410
27581,142455427264023
27582,142455447055305
27583,142455466728784
27584,142455487534941
27585,142455507350970
27586,142455527588874
27587,142455551876808
27588,142455571001306
27589,142455590537047
27590,142455611215360
27591,142455631092641
27592,142455650938138
27593,142455670364965
27594,142455691411937
27595,142455711000334
27596,142455730895880
27597,142455750666526
27598,142455771242381
27599,142455790965211
27600,142455812264199
27601,142455831187823
27602,142455851012498
27603,142455870751032
27604,142455891489424
27605,142455911167087
27606,142455931052092
27607,142455951856296
27608,142455971537807
27609,142455991268254
27610,142456011045493
27611,142456030807388
27612,142456057403800
27613,142456077111274
27614,142456095547253
27615,142456115125347
27616,142456134834907
27617,142456154488256
27618,142456175370850
27619,142456195034392
27620,142456214883714
27621,142456234486231
27622,142456255314179
27623,142456275012119
27624,142456294847394
27625,142456315362127
27626,142456335452839
27627,142456355205668
27628,142456375550877
27629,142456395136172
27630,142456415056492
27631,142456434632160
27632,142456455379363
27633,142456475058286
27634,142456494941938
27635,142456514583407
27636,142456539458701
27637,142456559944866
27638,142456579112843
27639,142456598798957
27640,142456619440363
27641,142456639343046
27642,142456658955957
27643,142456678709710
27644,142456699005800
27645,142456718709597
27646,142456738975111
27647,142456758757807
27648,142456778850909
27649,142456798513693
27650,142456820387945
27651,142456838773856
27652,142456859754022
27653,142456879144526
27654,142456900626190
27655,142456918459368
27656,142456939361437
27657,142456960185098
27658,142456979458966
27659,142456999172397
27660,142457018911819
27661,142457042449171
27662,142457065032116
27663,142457083160474
27664,142457103896729
27665,142457123244016
27666,142457142855334
27667,142457162886156
27668,142457183466263
27669,142457203180778
27670,142457223495919
27671,142457243111063
27672,142457263093698
27673,142457282758508
27674,142457303575493
27675,142457323432085
27676,142457343555276
27677,142457363198804
27678,142457383647757
27679,142457403257330
27680,142457423051189
27681,142457442590669
27682,142457463527200
27683,142457483195541
27684,142457503472144
27685,142457523216710
27686,142457543052665
27687,142457567420278
27688,142457587577853
27689,142457607338817
27690,142457627448178
27691,142457647195880
27692,142457666849304
27693,142457686696401
27694,142457707469605
27695,142457727246970
27696,142457747483889
27697,142457767166842
27698,142457787544163
27699,142457807875135
27700,142457827011439
27701,142457846674775
27702,142457867382544
27703,142457887102556
27704,142457906896431
27705,142457926517741
27706,142457948181052
27707,142457967200184
27708,142457987363728
27709,142458007578688
27710,142458026856144
27711,142458050540548
27712,142458073032407
27713,142458091009523
27714,142458111221929
27715,142458131003648
27716,142458151320564
27717,142458171196546
27718,142458190816374
27719,142458210414846
27720,142458231325501
27721,142458251024314
27722,142458271642420
27723,142458290971527
27724,142458311754018
27725,142458331018436
27726,142458351467224
27727,142458371284686
27728,142458391349839
27729,142458411184983
27730,142458430764626
27731,142458450352885
27732,142458471431310
27733,142458490966797
27734,142458511337687
27735,142458531233747
27736,142458555280456
27737,142458575544670
27738,142458594918852
27739,142458614613177
27740,142458635409980
27741,142458655179243
27742,142458675647609
27743,142458695262176
27744,142458714923242
27745,142458734551919
27746,142458755432629
27747,142458775232293
27748,142458795526407
27749,142458815680863
27750,142458835570945
27751,142458855201762
27752,142458875038741
27753,142458894615972
27754,142458915423472
27755,142458935080310
27756,142458956286194
27757,142458975194677
27758,142458995291563
27759,142459015110598
27760,142459034793189
27761,142459058387938
27762,142459079435029
27763,142459099014734
27764,142459119481325
27765,142459139118373
27766,142459158847646
27767,142459178526699
27768,142459199473204
27769,142459219160553
27770,142459239688815
27771,142459259087902
27772,142459279455484
27773,142459299010267
27774,142459319475774
27775,142459341245411
27776,142459361020041
27777,142459379091792
27778,142459399537207
27779,142459419178686
27780,142459439465997
27781,142459459135282
27782,142459478879825
27783,142459498556637
27784,142459519475859
27785,142459539218277
27786,142459564119350
27787,142459583099663
27788,142459602991441
27789,142459622561687
27790,142459643411791
27791,142459663207275
27792,142459683371006
27793,142459703170156
27794,142459722847080
27795,142459742629506
27796,142459763486617
27797,142459783081243
27798,142459803543140
27799,142459824217705
27800,142459843826352
27801,142459863200501
27802,142459883009288
27803,142459902439468
27804,142459923549460
27805,142459943179592
27806,142459963387865
27807,142459983129648
27808,142460003159421
27809,142460022777105
27810,142460043314052
27811,142460068775736
27812,142460087906098
27813,142460107112222
27814,142460127037152
27815,142460146478627
27816,142460167381029
27817,142460187072674
27818,142460207330200
27819,142460227242300
27820,142460247294530
27821,142460266986417
27822,142460286966086
27823,142460306476965
27824,142460328303874
27825,142460347134955
27826,142460367490044
27827,142460387304393
27828,142460407300774
27829,142460427095396
27830,142460447367716
27831,142460466911292
27832,142460487321617
27833,142460506908236
27834,142460527451482
27835,142460547064391
27836,142460572109837
27837,142460591890691
27838,142460611360781
27839,142460630941057
27840,142460650869210
27841,142460670383331
27842,142460691349957
27843,142460711003288
27844,142460731397554
27845,142460750994375
27846,142460770817213
27847,142460790382547
27848,142460811345472
27849,142460834273878
27850,142460852046289
27851,142460870985914
27852,142460891388627
27853,142460911026754
27854,142460930841856
27855,142460951101558
27856,142460971408658
27857,142460990987157
27858,142461016921583
27859,142461043251249
27860,142461068873207
27861,142461094221952
27862,142461120417053
27863,142461142493515
27864,142461165084916
27865,142461190116776
27866,142461217067614
27867,142461243123428
27868,142461270869159
27869,142461290799614
27870,142461309408072
27871,142461330618436
27872,142461350627124
27873,142461376742407
27874,142461397018165
27875,142461414294452
27876,142461431904605
27877,142461449300474
27878,142461467371347
27879,142461484325488
27880,142461501314013
27881,142461518463814
27882,142461534976925
27883,142461550299654
27884,142461565944880
27885,142461582094274
27886,142461597452683
27887,142461617101334
27888,142461637496300
27889,142461657054273
27890,142461677430213
27891,142461697313609
27892,142461717345274
27893,142461736737747
27894,142461756799057
27895,142461777089836
27896,142461797385515
27897,142461817087604
27898,142461838056701
27899,142461856775574
27900,142461877018095
27901,142461897328377
27902,142461917328709
27903,142461937117016
27904,142461959683819
27905,142461976763159
27906,142461996993889
27907,142462017580093
27908,142462037783277
27909,142462057299058
27910,142462083956966
27911,142462103278341
27912,142462123605193
27913,142462142551951
27914,142462161447899
27915,142462181106737
27916,142462201627281
27917,142462220671369
27918,142462241046240
27919,142462261123329
27920,142462282828470
27921,142462302397944
27922,142462321974229
27923,142462340783977
27924,142462362160986
27925,142462382698581
27926,142462401503629
27927,142462421423934
27928,142462441526329
27929,142462460732278
27930,142462480981833
27931,142462501437503
27932,142462522979241
27933,142462543193860
27934,142462563350599
27935,142462587164307
27936,142462607457421
27937,142462627147518
27938,142462647513949
27939,142462667045672
27940,142462687637995
27941,142462707054376
27942,142462727500214
27943,142462747208103
27944,142462767449993
27945,142462787209602
27946,142462807291761
27947,142462827425206
27948,142462847706292
27949,142462867175433
27950,142462887720864
27951,142462907004684
27952,142462927268339
27953,142462946902814
27954,142462966828907
27955,142462987081062
27956,142463007792411
27957,142463027074686
27958,142463047423359
27959,142463066568425
27960,142463091269763
27961,142463111213541
27962,142463131408116
27963,142463151498670
27964,142463171462570
27965,142463190535412
27966,142463211505416
27967,142463231860081
27968,142463251451273
27969,142463271070761
27970,142463291452953
27971,142463311033466
27972,142463331550116
27973,142463350889677
27974,142463371040839
27975,142463391551390
27976,142463411519329
27977,142463431212267
27978,142463451650985
27979,142463470552818
27980,142463490956647
27981,142463511160304
27982,142463531607131
27983,142463551250821
27984,142463571526618
27985,142463595039757
27986,142463615037227
27987,142463635381162
27988,142463655604066
27989,142463675238559
27990,142463695821398
27991,142463715106448
27992,142463735590469
27993,142463754865623
27994,142463774926223
27995,142463795406096
27996,142463815565423
27997,142463835513127
27998,142463855999011
27999,142463874783219
28000,142463895099244
28001,142463915281832
28002,142463935572796
28003,142463955226392
28004,142463975076051
28005,142463995347578
28006,142464015537356
28007,142464035507592
28008,142464055634088
28009,142464074620907
28010,142464099279670
28011,142464119440906
28012,142464139826218
28013,142464158893729
28014,142464179000341
28015,142464198842710
28016,142464218932140
28017,142464239079585
28018,142464259614359
28019,142464279228605
28020,142464299289991
28021,142464318582999
28022,142464340132479
28023,142464359718585
28024,142464382996089
28025,142464399994619
28026,142464418858734
28027,142464439241376
28028,142464459626796
28029,142464478662889
28030,142464499047615
28031,142464519312042
28032,142464539610826
28033,142464559196911
28034,142464579689759
28035,142464602703933
28036,142464622988376
28037,142464642955386
28038,142464663445904
28039,142464682575461
28040,142464702757469
28041,142464723133317
28042,142464743516724
28043,142464762454977
28044,142464782906156
28045,142464803041120
28046,142464823471024
28047,142464845308920
28048,142464863470329
28049,142464882567221
28050,142464902896677
28051,142464923036841
28052,142464943815453
28053,142464962636477
28054,142464982956128
28055,142465003229719
28056,142465023524341
28057,142465042680594
28058,142465063059779
28059,142465083900368
28060,142465108175196
28061,142465127179201
28062,142465147440241
28063,142465166518854
28064,142465186894661
28065,142465207009053
28066,142465227420866
28067,142465246483388
28068,142465266894883
28069,142465287094606
28070,142465307445814
28071,142465326487442
28072,142465348420688
28073,142465367200698
28074,142465387858383
28075,142465407246597
28076,142465427377592
28077,142465446600269
28078,142465466906707
28079,142465487218282
28080,142465507736557
28081,142465526450407
28082,142465546857460
28083,142465567251271
28084,142465587745416
28085,142465610966344
28086,142465630967170
28087,142465651287510
28088,142465671502512
28089,142465691380021
28090,142465711732099
28091,142465730596395
28092,142465750959122
28093,142465770912763
28094,142465791378412
28095,142465810667277
28096,142465830824803
28097,142465852044687
28098,142465871804044
28099,142465890733338
28100,142465911081363
28101,142465931187959
28102,142465952203832
28103,142465971363876
28104,142465991647215
28105,142466010916207
28106,142466030945213
28107,142466051200576
28108,142466071648390
28109,142466090960820
28110,142466115202201
28111,142466135316802
28112,142466155726510
28113,142466174632524
28114,142466194972808
28115,142466215264631
28116,142466235341145
28117,142466255099421
28118,142466275326110
28119,142466294495590
28120,142466314943404
28121,142466335037603
28122,142466355565854
28123,142466374498789
28124,142466395081490
28125,142466415215731
28126,142466435344154
28127,142466454617089
28128,142466474836964
28129,142466495041249
28130,142466515540847
28131,142466535033866
28132,142466555421912
28133,142466574413693
28134,142466595381278
28135,142466619486829
28136,142466639605911
28137,142466658870604
28138,142466679003572
28139,142466699278382
28140,142466719630207
28141,142466738598584
28142,142466759048003
28143,142466779235066
28144,142466799535609
28145,142466819269651
28146,142466839807965
28147,142466858857685
28148,142466879022606
28149,142466899196578
28150,142466919751855
28151,142466938756350
28152,142466959161201
28153,142466979146050
28154,142466999628520
28155,142467018705113
28156,142467038833596
28157,142467059028128
28158,142467079356457
28159,142467099360573
28160,142467123851472
28161,142467142540776
28162,142467163508839
28163,142467183175024
28164,142467203628016
28165,142467223783881
28166,142467243542859
28167,142467262867006
28168,142467283012458
28169,142467303306290
28170,142467323760325
28171,142467343194856
28172,142467363255966
28173,142467383452572
28174,142467403594317
28175,142467423393408
28176,142467443615134
28177,142467462819059
28178,142467482993816
28179,142467503319934
28180,142467523679381
28181,142467542592413
28182,142467563048417
28183,142467583216263
28184,142467604840030
28185,142467626757386
28186,142467646771298
28187,142467667141225
28188,142467687540293
28189,142467707045834
28190,142467727546734
28191,142467746489392
28192,142467766956737
28193,142467787079360
28194,142467807364063
28195,142467826761255
28196,142467848159604
28197,142467867450167
28198,142467887467608
28199,142467906488675
28200,142467926932848
28201,142467948240584
28202,142467967937564
28203,142467987334191
28204,142468007945712
28205,142468026939053
28206,142468047116654
28207,142468067627755
28208,142468087582576
28209,142468109983756
28210,142468131816511
28211,142468151338078
28212,142468171951900
28213,142468190857860
28214,142468211065316
28215,142468231416953
28216,142468251554460
28217,142468271403158
28218,142468291586320
28219,142468310825915
28220,142468331177512
28221,142468353242521
28222,142468372077407
28223,142468390969426
28224,142468411005153
28225,142468431479070
28226,142468451672494
28227,142468470748597
28228,142468491000869
28229,142468511344187
28230,142468531853685
28231,142468551221407
28232,142468571904201
28233,142468591179669
28234,142468613232954
28235,142468634652359
28236,142468655042382
28237,142468675448096
28238,142468695853125
28239,142468715090752
28240,142468735550569
28241,142468754874053
28242,142468775197585
28243,142468795850891
28244,142468815909973
28245,142468834836889
28246,142468856992129
28247,142468875456904
28248,142468895868642
28249,142468915303871
28250,142468935813626
28251,142468955582775
28252,142468975076751
28253,142468995446754
28254,142469015802837
28255,142469034816574
28256,142469054987456
28257,142469075286785
28258,142469095546159
28259,142469115318242
28260,142469139098215
28261,142469159268461
28262,142469179632715
28263,142469199243250
28264,142469219693803
28265,142469238721421
28266,142469258977583
28267,142469279271380
28268,142469299715287
28269,142469318861185
28270,142469339106995
28271,142469359929828
28272,142469380167420
28273,142469400402212
28274,142469419165341
28275,142469439239486
28276,142469459774657
28277,142469479290723
28278,142469499657996
28279,142469518641055
28280,142469539127534
28281,142469559378042
28282,142469579564734
28283,142469600252526
28284,142469620208554
28285,142469643389667
28286,142469663826376
28287,142469683200879
28288,142469703794746
28289,142469722627720
28290,142469743011734
28291,142469763406789
28292,142469783469721
28293,142469803361883
28294,142469823571503
28295,142469843240721
28296,142469865590095
28297,142469882922645
28298,142469903145157
28299,142469923410890
28300,142469943809736
28301,142469963342772
28302,142469983675435
28303,142470002761364
28304,142470023534070
28305,142470043247631
28306,142470063563305
28307,142470082767515
28308,142470104142673
28309,142470123406570
28310,142470147613872
28311,142470167250180
28312,142470187752998
28313,142470206766725
28314,142470227045758
28315,142470247334243
28316,142470267651517
28317,142470286931602
28318,142470307060588
28319,142470327321626
28320,142470347828192
28321,142470369156265
28322,142470387675072
28323,142470406809362
28324,142470427058846
28325,142470447196306
28326,142470467621291
28327,142470487367927
28328,142470507682898
28329,142470527236052
28330,142470547584544
28331,142470566690421
28332,142470587045370
28333,142470608686330
28334,142470627910708
28335,142470650873201
28336,142470671041972
28337,142470691297555
28338,142470711610959
28339,142470730632148
28340,142470751138659
28341,142470771308800
28342,142470791770728
28343,142470811747131
28344,142470831537568
28345,142470851386783
28346,142470872934461
28347,142470890880415
28348,142470911005243
28349,142470931097631
28350,142470952402030
28351,142470970890823
28352,142470991281792
28353,142471011581312
28354,142471031803300
28355,142471050719462
28356,142471071064144
28357,142471091682271
28358,142471114498323
28359,142471133359576
28360,142471155813706
28361,142471175501173
28362,142471195874261
28363,142471214809163
28364,142471235080123
28365,142471255385726
28366,142471275856227
28367,142471294983390
28368,142471315381516
28369,142471339943925
28370,142471359436848
28371,142471377042454
28372,142471395519822
28373,142471415506355
28374,142471435767339
28375,142471455307908
28376,142471475625551
28377,142471494945664
28378,142471515288965
28379,142471535440873
28380,142471555641875
28381,142471574818624
28382,142471595314499
28383,142471617550302
28384,142471635841252
28385,142471658803695
28386,142471679091364
28387,142471699455922
28388,142471719647673
28389,142471739405141
28390,142471759739682
28391,142471778805539
28392,142471799136075
28393,142471819379311
28394,142471839939240
28395,142471861500747
28396,142471879836682
28397,142471899345215
28398,142471919507559
28399,142471938818108
28400,142471959653377
28401,142471979262615
28402,142471999669722
28403,142472019413905
28404,142472039646967
28405,142472058733823
28406,142472078977210
28407,142472099385039
28408,142472121589388
28409,142472138747922
28410,142472163047671
28411,142472183327295
28412,142472203676328
28413,142472222808197
28414,142472243040863
28415,142472263241762
28416,142472283549824
28417,142472303237948
28418,142472323622689
28419,142472342736955
28420,142472363920156
28421,142472383652167
28422,142472404127207
28423,142472422910561
28424,142472443232446
28425,142472463279293
28426,142472483698460
28427,142472502951849
28428,142472523145011
28429,142472543533336
28430,142472563674311
28431,142472583202596
28432,142472604922693
28433,142472624252518
28434,142472643740570
28435,142472667410288
28436,142472687685463
28437,142472706651168
28438,142472727118913
28439,142472747393022
28440,142472767702784
28441,142472786668585
28442,142472807048285
28443,142472827943722
28444,142472847877302
28445,142472868589806
28446,142472887893196
28447,142472906546849
28448,142472927484200
28449,142472948152927
28450,142472967872940
28451,142472986814013
28452,142473007206456
28453,142473027530135
28454,142473047876370
28455,142473066870092
28456,142473087041745
28457,142473107321692
28458,142473130131360
28459,142473147840118
28460,142473171634755
28461,142473190752786
28462,142473211062680
28463,142473231293428
28464,142473251679428
28465,142473270822219
28466,142473291115315
28467,142473311342402
28468,142473331816481
28469,142473350966348
28470,142473373262221
28471,142473391515373
28472,142473411680139
28473,142473431296095
28474,142473451822762
28475,142473470828826
28476,142473491073061
28477,142473511274881
28478,142473531792446
28479,142473550846755
28480,142473571081933
28481,142473591287511
28482,142473611511075
28483,142473630902217
28484,142473650915094
28485,142473675044818
28486,142473695633048
28487,142473715136787
28488,142473735345407
28489,142473754809386
28490,142473774877614
28491,142473795241351
28492,142473815565141
28493,142473834611747
28494,142473855050434
28495,142473876117038
28496,142473895507674
28497,142473914686403
28498,142473934911705
28499,142473956452331
28500,142473975566865
28501,142473995373695
28502,142474015671098
28503,142474034772331
28504,142474055040026
28505,142474075261619
28506,142474095767577
28507,142474116244694
28508,142474135141482
28509,142474155246760
28510,142474179380221
28511,142474198574254
28512,142474218925640
28513,142474239188596
28514,142474259515001
28515,142474279074260
28516,142474299515085
28517,142474318504774
28518,142474338897870
28519,142474359179627
28520,142474380279656
28521,142474402021575
28522,142474419195803
28523,142474439212362
28524,142474459633039
28525,142474478663335
28526,142474499043801
28527,142474519244026
28528,142474539680517
28529,142474559309280
28530,142474579708195
28531,142474598850389
28532,142474619879278
28533,142474639414555
28534,142474659876053
28535,142474682719165
28536,142474702966061
28537,142474723261805
28538,142474743574663
28539,142474762614538
28540,142474783116077
28541,142474803347531
28542,142474823610242
28543,142474843265076
28544,142474864281225
28545,142474882869099
28546,142474903152800
28547,142474923338075
28548,142474943789172
28549,142474962809130
28550,142474983016648
28551,142475003524893
28552,142475023861903
28553,142475042832292
28554,142475063189415
28555,142475083348842
28556,142475103721107
28557,142475125132180
28558,142475143879264
28559,142475163253197
28560,142475187107544
28561,142475207297364
28562,142475227963531
28563,142475246647892
28564,142475266909902
28565,142475287156890
28566,142475307810999
28567,142475326858094
28568,142475347165718
28569,142475367393868
28570,142475388172122
28571,142475407649999
28572,142475427607381
28573,142475446845825
28574,142475467097045
28575,142475487191149
28576,142475507642597
28577,142475528711147
28578,142475553800592
28579,142475578827976
28580,142475605601930
28581,142475626069317
28582,142475641653401
28583,142475657399871
28584,142475673144411
28585,142475689495968
28586,142475709580110
28587,142475728689836
28588,142475748963965
28589,142475769262713
28590,142475789545830
28591,142475808815990
28592,142475828953857
28593,142475849315150
28594,142475869745753
28595,142475888926453
28596,142475909213297
28597,142475929255405
28598,142475950063531
28599,142475969428030
28600,142475989424127
28601,142476009133313
28602,142476029027567
28603,142476050881012
28604,142476071987492
28605,142476089991955
28606,142476110724905
28607,142476130668207
28608,142476150927623
28609,142476170201904
28610,142476195026229
28611,142476214067596
28612,142476234734579
28613,142476253155406
28614,142476273821694
28615,142476293558730
28616,142476314045895
28617,142476333172256
28618,142476353199952
28619,142476375044761
28620,142476395632595
28621,142476414397483
28622,142476433037063
28623,142476453123400
28624,142476474964988
28625,142476493385015
28626,142476513113107
28627,142476533327541
28628,142476555030932
28629,142476575064551
28630,142476595492962
28631,142476615331895
28632,142476637075467
28633,142476654567655
28634,142476675018576
28635,142476699184467
28636,142476719606564
28637,142476738499728
28638,142476759113370
28639,142476779337079
28640,142476799323266
28641,142476818705347
28642,142476838816203
28643,142476859138993
28644,142476881135482
28645,142476899287624
28646,142476920575626
28647,142476939429809
28648,142476959973127
28649,142476979215781
28650,142476999601986
28651,142477018958753
28652,142477039010691
28653,142477059442312
28654,142477079632655
28655,142477098726370
28656,142477119543678
28657,142477140332543
28658,142477159692352
28659,142477179389022
28660,142477203643768
28661,142477222829845
28662,142477243146488
28663,142477263438496
28664,142477283601862
28665,142477302911642
28666,142477323162330
28667,142477343661701
28668,142477363734696
28669,142477383961525
28670,142477404190372
28671,142477422958937
28672,142477443368189
28673,142477463591208
28674,142477483826397
28675,142477503378665
28676,142477523847910
28677,142477543028927
28678,142477563379170
28679,142477583527407
28680,142477603747115
28681,142477622872384
28682,142477643806472
28683,142477663674592
28684,142477683658258
28685,142477707238795
28686,142477727777416
28687,142477746862040
28688,142477767073473
28689,142477787313696
28690,142477807615273
28691,142477827319450
28692,142477847852821
28693,142477867157260
28694,142477887622680
28695,142477907419092
28696,142477927888095
28697,142477947538165
28698,142477967244224
28699,142477987313241
28700,142478007726880
28701,142478027018956
28702,142478047335936
28703,142478067439154
28704,142478087768248
28705,142478107325843
28706,142478127882552
28707,142478147154011
28708,142478167276085
28709,142478187348775
28710,142478211621290
28711,142478230834698
28712,142478251123306
28713,142478271425535
28714,142478291836864
28715,142478310770650
28716,142478331060096
28717,142478351350629
28718,142478371673118
28719,142478391634021
28720,142478411677996
28721,142478430868547
28722,142478451097838
28723,142478471412956
28724,142478491631623
28725,142478510733371
28726,142478531053286
28727,142478551411522
28728,142478571841176
28729,142478590842736
28730,142478611073644
28731,142478632097460
28732,142478651835673
28733,142478671576640
28734,142478691953131
28735,142478714740227
28736,142478735149758
28737,142478755291009
28738,142478775958521
28739,142478795300231
28740,142478815204109
28741,142478835478403
28742,142478856264891
28743,142478876031883
28744,142478895974247
28745,142478915415731
28746,142478935827593
28747,142478956575304
28748,142478975872793
28749,142478994838970
28750,142479015100503
28751,142479035424682
28752,142479055803849
28753,142479075008990
28754,142479095280994
28755,142479115378075
28756,142479137462049
28757,142479155048101
28758,142479175526821
28759,142479195384166
28760,142479219707911
28761,142479239324896
28762,142479259640739
28763,142479278960363
28764,142479298964352
28765,142479319282090
28766,142479339508515
28767,142479358641766
28768,142479381079539
28769,142479400850755
28770,142479422632537
28771,142479439556771
28772,142479459167832
28773,142479479466173
28774,142479499627836
28775,142479519293472
28776,142479539701034
28777,142479558796620
28778,142479579112614
28779,142479599384376
28780,142479619882891
28781,142479640150674
28782,142479659442266
28783,142479679472106
28784,142479701140528
28785,142479722758390
28786,142479743070504
28787,142479763265225
28788,142479783861441
28789,142479803799261
28790,142479823809839
28791,142479843891660
28792,142479863419401
28793,142479883556859
28794,142479904113583
28795,142479922947470
28796,142479943221760
28797,142479964299575
28798,142479983527804
28799,142480002807441
28800,142480023123730
28801,142480043321376
28802,142480063854563
28803,142480083288157
28804,142480103702194
28805,142480124430691
28806,142480145103727
28807,142480163520266
28808,142480183720071
28809,142480202877430
28810,142480227098211
28811,142480247308979
28812,142480267665041
28813,142480286799311
28814,142480307103701
28815,142480327303280
28816,142480347782841
28817,142480367330192
28818,142480388342762
28819,142480407157514
28820,142480427211423
28821,142480447378018
28822,142480467593407
28823,142480486910845
28824,142480507206502
28825,142480527611912
28826,142480547763439
28827,142480566890080
28828,142480587235605
28829,142480607565382
28830,142480627890660
28831,142480648266984
28832,142480667213142
28833,142480686920851
28834,142480707240210
28835,142480731316731
28836,142480751784845
28837,142480770826157
28838,142480791184637
28839,142480811497899
28840,142480831727586
28841,142480850979247
28842,142480872126286
28843,142480892625550
28844,142480911966794
28845,142480930972463
28846,142480951553215
28847,142480970831876
28848,142480991164487
28849,142481011674848
28850,142481031863319
28851,142481050827785
28852,142481071159243
28853,142481091515044
28854,142481111750624
28855,142481131115635
28856,142481151579259
28857,142481170848621
28858,142481191285338
28859,142481211445480
28860,142481235858246
28861,142481255364381
28862,142481275761908
28863,142481294749858
28864,142481315144003
28865,142481335516857
28866,142481355710231
28867,142481374832830
28868,142481395406181
28869,142481415555130
28870,142481435870214
28871,142481454838437
28872,142481475105165
28873,142481495324144
28874,142481515671040
28875,142481535405046
28876,142481555662155
28877,142481574826169
28878,142481595228335
28879,142481615411113
28880,142481636187998
28881,142481655377867
28882,142481675378657
28883,142481695488785
28884,142481715665948
28885,142481738900565
28886,142481759158144
28887,142481779453223
28888,142481799608659
28889,142481819321421
28890,142481839895262
28891,142481858918216
28892,142481879117858
28893,142481899959797
28894,142481920298404
28895,142481939217707
28896,142481959383224
28897,142481979432315
28898,142481999736994
28899,142482026994229
28900,142482044391537
28901,142482062166716
28902,142482080357082
28903,142482099300591
28904,142482119653803
28905,142482138791949
28906,142482160447094
28907,142482179381158
28908,142482199894177
28909,142482218574652
28910,142482242992705
28911,142482263188971
28912,142482283502664
28913,142482302615314
28914,142482323082704
28915,142482343476489
28916,142482363626558
28917,142482383832579
28918,142482404242369
28919,142482423098292
28920,142482443088029
28921,142482463357437
28922,142482483492984
28923,142482502618888
28924,142482522944231
28925,142482543294061
28926,142482563708545
28927,142482582628943
28928,142482603001168
28929,142482623304910
28930,142482643649201
28931,142482663931768
28932,142482683675345
28933,142482702851369
28934,142482723058077
28935,142482747354903
28936,142482767816179
28937,142482786751549
28938,142482807068944
28939,142482827357149
28940,142482847782957
28941,142482866795332
28942,142482887072232
28943,142482908201332
28944,142482927701486
28945,142482947461629
28946,142482967256895
28947,142482987323446
28948,142483007811157
28949,142483026767347
28950,142483047157476
28951,142483066945485
28952,142483087126965
28953,142483107448120
28954,142483128340512
28955,142483148069157
28956,142483168571645
28957,142483186934609
28958,142483207071229
28959,142483227341427
28960,142483251588275
28961,142483270925638
28962,142483291133735
28963,142483311547841
28964,142483331568193
28965,142483350644057
28966,142483370995197
28967,142483391283327
28968,142483412161986
28969,142483431377208
28970,142483451590752
28971,142483470587990
28972,142483491007634
28973,142483511172330
28974,142483531552495
28975,142483550787737
28976,142483571054492
28977,142483591225307
28978,142483611514239
28979,142483630717853
28980,142483651160030
28981,142483671862011
28982,142483691893266
28983,142483711234508
28984,142483731716701
28985,142483754759677
28986,142483775251940
28987,142483795462329
28988,142483815671396
28989,142483834758494
28990,142483855225952
28991,142483875623917
28992,142483896448026
28993,142483916611570
28994,142483935313770
28995,142483955667471
28996,142483975741438
28997,142483994938886
28998,142484015126941
28999,142484035350382
29000,142484055832288
29001,142484074838916
29002,142484095254958
29003,142484114950935
29004,142484135375795
29005,142484156997953
29006,142484175889858
29007,142484195472455
29008,142484215856596
29009,142484234807669
29010,142484259067345
29011,142484279478888
29012,142484299890669
29013,142484318873209
29014,142484339106989
29015,142484359335832
29016,142484379709107
29017,142484399074480
29018,142484422416144
29019,142484440944913
29020,142484459697503
29021,142484478891664
29022,142484499346245
29023,142484518971816
29024,142484539362501
29025,142484559568897
29026,142484579837201
29027,142484598971665
29028,142484619230796
29029,142484640757573
29030,142484660875535
29031,142484679205069
29032,142484699347144
29033,142484719007340
29034,142484739237208
29035,142484762978764
29036,142484783205902
29037,142484802992431
29038,142484823403791
29039,142484842939720
29040,142484863251942
29041,142484882952805
29042,142484903561462
29043,142484923952951
29044,142484943428681
29045,142484962960810
29046,142484983232853
29047,142485002986736
29048,142485023419734
29049,142485042868399
29050,142485063260390
29051,142485083636015
29052,142485103927849
29053,142485123104540
29054,142485143319554
29055,142485164790008
29056,142485183498065
29057,142485203566739
29058,142485223780870
29059,142485242891162
29060,142485267246562
29061,142485287420494
29062,142485307887159
29063,142485326918580
29064,142485347153395
29065,142485366803071
29066,142485389011660
29067,142485408150713
29068,142485427965069
29069,142485447021212
29070,142485467234654
29071,142485487424145
29072,142485507889307
29073,142485527473892
29074,142485547860820
29075,142485566959136
29076,142485587195815
29077,142485606963253
29078,142485627223110
29079,142485647539256
29080,142485668175579
29081,142485687084416
29082,142485707257471
29083,142485727492957
29084,142485747956414
29085,142485770774098
29086,142485791225181
29087,142485810979582
29088,142485831245876
29089,142485851562256
29090,142485871838799
29091,142485890904598
29092,142485911573824
29093,142485931783651
29094,142485953236358
29095,142485971179694
29096,142485991252701
29097,142486010961807
29098,142486031220996
29099,142486051542841
29100,142486071843040
29101,142486090917398
29102,142486111171971
29103,142486131842305
29104,142486152183280
29105,142486172968634
29106,142486191248290
29107,142486211067811
29108,142486231160402
29109,142486251596306
29110,142486275828228
29111,142486295009567
29112,142486315342314
29113,142486335368763
29114,142486355967954
29115,142486374859799
29116,142486395220005
29117,142486416568072
29118,142486435674386
29119,142486455508917
29120,142486475885801
29121,142486494925007
29122,142486515361422
29123,142486535509820
29124,142486555949665
29125,142486574623762
29126,142486595160199
29127,142486615020746
29128,142486635236255
29129,142486655605215
29130,142486677254867
29131,142486695193158
29132,142486715420286
29133,142486734902314
29134,142486755317855
29135,142486779403159
29136,142486799871490
29137,142486818993173
29138,142486839280691
29139,142486859155884
29140,142486879278932
29141,142486901080043
29142,142486921336522
29143,142486939957556
29144,142486959694083
29145,142486979694143
29146,142486999812779
29147,142487019110779
29148,142487039223107
29149,142487059252063
29150,142487079366827
29151,142487099030865
29152,142487119370825
29153,142487138937722
29154,142487159315750
29155,142487181020109
29156,142487199909465
29157,142487219046965
29158,142487239212443
29159,142487259647103
29160,142487283652637
29161,142487303487626
29162,142487323092004
29163,142487342672464
29164,142487363131751
29165,142487383525689
29166,142487404117490
29167,142487423830760
29168,142487443195426
29169,142487463410667
29170,142487483821940
29171,142487502799158
29172,142487523095570
29173,142487542747270
29174,142487563165730
29175,142487583423901
29176,142487603788154
29177,142487622942229
29178,142487643829959
29179,142487663461314
29180,142487683834919
29181,142487703223281
29182,142487723616953
29183,142487742721589
29184,142487763068871
29185,142487787348920
29186,142487807701941
29187,142487826796208
29188,142487847012415
29189,142487867249061
29190,142487887714206
29191,142487906794927
29192,142487927982074
29193,142487948107406
29194,142487967477964
29195,142487987279052
29196,142488007652474
29197,142488027180012
29198,142488047478433
29199,142488066826858
29200,142488087408468
29201,142488107282518
29202,142488127726720
29203,142488146784808
29204,142488167738151
29205,142488187393228
29206,142488207723869
29207,142488226590103
29208,142488247023406
29209,142488267249202
29210,142488291432478
29211,142488311194959
29212,142488331535033
29213,142488350658062
29214,142488370994291
29215,142488391923509
29216,142488411686846
29217,142488432168123
29218,142488451914835
29219,142488470731331
29220,142488491031505
29221,142488511363389
29222,142488531683108
29223,142488551285880
29224,142488571682919
29225,142488590752752
29226,142488611023496
29227,142488631315296
29228,142488651739359
29229,142488672194766
29230,142488691882203
29231,142488711354621
29232,142488731685617
29233,142488750733674
29234,142488771049608
29235,142488795227989
29236,142488815486564
29237,142488835274802
29238,142488855658215
29239,142488874699696
29240,142488895068833
29241,142488915312378
29242,142488936751622
29243,142488955957921
29244,142488975544874
29245,142488994516058
29246,142489015421607
29247,142489035298195
29248,142489055594212
29249,142489079607669
29250,142489097385395
29251,142489115186230
29252,142489135634623
29253,142489155068961
29254,142489175820032
29255,142489195428093
29256,142489215683666
29257,142489234671232
29258,142489255014800
29259,142489275193646
29260,142489299408321
29261,142489318624733
29262,142489339013196
29263,142489359195885
29264,142489379488550
29265,142489399218086
29266,142489419602320
29267,142489440226261
29268,142489461464785
29269,142489478987491
29270,142489499507567
29271,142489519198847
29272,142489539516709
29273,142489558674292
29274,142489579005585
29275,142489599258510
29276,142489619520999
29277,142489638616778
29278,142489658965085
29279,142489680174151
29280,142489700036480
29281,142489719254959
29282,142489739574398
29283,142489758832051
29284,142489779111843
29285,142489803264202
29286,142489823649993
29287,142489842742282
29288,142489863081985
29289,142489883359410
29290,142489904474723
29291,142489923489554
29292,142489943292864
29293,142489963240284
29294,142489983488219
29295,142490003222745
29296,142490023575327
29297,142490043074961
29298,142490063494813
29299,142490082484962
29300,142490103019961
29301,142490123105744
29302,142490143445724
29303,142490162680160
29304,142490183265262
29305,142490203266130
29306,142490223682639
29307,142490242632996
29308,142490262946144
29309,142490283165843
29310,142490307480232
29311,142490327148830
29312,142490347497245
29313,142490367215246
29314,142490387441910
29315,142490406878500
29316,142490428076821
29317,142490447461201
29318,142490467622275
29319,142490486751902
29320,142490507057834
29321,142490527366674
29322,142490547668549
29323,142490566695239
29324,142490587031079
29325,142490607249890
29326,142490627705886
29327,142490647768918
29328,142490667763850
29329,142490687284349
29330,142490707136442
29331,142490727273062
29332,142490747644795
29333,142490767405690
29334,142490787616467
29335,142490810714359
29336,142490831138771
29337,142490851365293
29338,142490871677008
29339,142490890892170
29340,142490911060063
29341,142490932440875
29342,142490952653599
29343,142490971196720
29344,142490991551928
29345,142491010621131
29346,142491031026851
29347,142491051118463
29348,142491071502985
29349,142491090591689
29350,142491110941132
29351,142491131272566
29352,142491151528666
29353,142491170894679
29354,142491193275072
29355,142491218208069
29356,142491241012520
29357,142491261325906
29358,142491279213265
29359,142491296075631
29360,142491314887670
29361,142491335114288
29362,142491355537000
29363,142491374522014
29364,142491395287177
29365,142491415912808
29366,142491435919404
29367,142491454833029
29368,142491475125772
29369,142491495268081
29370,142491515671626
29371,142491535281421
29372,142491555691830
29373,142491574818249
29374,142491595081632
29375,142491615273787
29376,142491635683940
29377,142491654819409
29378,142491675105467
29379,142491695574653
29380,142491715658726
29381,142491735264003
29382,142491755615328
29383,142491774704565
29384,142491795109261
29385,142491819240450
29386,142491839717571
29387,142491859311127
29388,142491879642586
29389,142491898708780
29390,142491919026697
29391,142491939656104
29392,142491960727378
29393,142491979405663
29394,142491999838445
29395,142492018779856
29396,142492039121428
29397,142492059348620
29398,142492079946757
29399,142492099310117
29400,142492119672197
29401,142492138683623
29402,142492159427018
29403,142492179584833
29404,142492199639735
29405,142492219343087
29406,142492239797655
29407,142492259254626
29408,142492279584118
29409,142492298678165
29410,142492323049141
29411,142492343283175
29412,142492363830398
29413,142492383279459
29414,142492403618642
29415,142492422867633
29416,142492443831053
29417,142492463334920
29418,142492483624650
29419,142492503352362
29420,142492523687605
29421,142492542693386
29422,142492563015597
29423,142492583375278
29424,142492603720778
29425,142492623283968
29426,142492643568009
29427,142492663261735
29428,142492683928985
29429,142492702684688
29430,142492723180576
29431,142492743362444
29432,142492763666665
29433,142492783294925
29434,142492803786455
29435,142492826697064
29436,142492847087297
29437,142492867308497
29438,142492887696954
29439,142492906753724
29440,142492927084313
29441,142492949015519
29442,142492967661597
29443,142492987195375
29444,142493007680113
29445,142493026552482
29446,142493047051477
29447,142493067208878
29448,142493087467438
29449,142493106700859
29450,142493127039794
29451,142493147693649
29452,142493167845991
29453,142493187589018
29454,142493207356496
29455,142493227338510
29456,142493247633076
29457,142493267341120
29458,142493287645857
29459,142493306727159
29460,142493330988857
29461,142493351230713
29462,142493371649657
29463,142493390624778
29464,142493411325604
29465,142493431216181
29466,142493453313765
29467,142493471067035
29468,142493491228407
29469,142493511531758
29470,142493531933335
29471,142493551062600
29472,142493571203241
29473,142493591038799
29474,142493611322018
29475,142493631016154
29476,142493653135135
29477,142493671267799
29478,142493692800175
29479,142493711204991
29480,142493731348001
29481,142493751024642
29482,142493771236191
29483,142493790989281
29484,142493811328868
29485,142493835520202
29486,142493856115646
29487,142493874897128
29488,142493895302746
29489,142493915437460
29490,142493935974564
29491,142493956723522
29492,142493975278135
29493,142493995475934
29494,142494017133103
29495,142494034988086
29496,142494055347308
29497,142494074939278
29498,142494095191627
29499,142494115463839
29500,142494136033338
29501,142494155139936
29502,142494175336271
29503,142494196516606
29504,142494215239478
29505,142494235277660
29506,142494255557362
29507,142494275104611
29508,142494295509920
29509,142494315018175
29510,142494339373202
29511,142494359191603
29512,142494379375076
29513,142494399630889
29514,142494420400820
29515,142494439876733
29516,142494461005435
29517,142494479458666
29518,142494499388196
29519,142494518901651
29520,142494539096430
29521,142494558955202
29522,142494579150359
29523,142494599046855
29524,142494619318885
29525,142494638785139
29526,142494659115838
29527,142494679263426
29528,142494700252505
29529,142494718888098
29530,142494739130162
29531,142494759042260
29532,142494779057024
29533,142494798750728
29534,142494819112608
29535,142494843277951
29536,142494863933255
29537,142494882860849
29538,142494903286168
29539,142494922963236
29540,142494943909637
29541,142494963170336
29542,142494983142552
29543,142495003106920
29544,142495023161424
29545,142495042974632
29546,142495063255630
29547,142495082831640
29548,142495103298232
29549,142495122812071
29550,142495143098925
29551,142495163729735
29552,142495183989688
29553,142495204550655
29554,142495223233761
29555,142495242831586
29556,142495263246924
29557,142495283092162
29558,142495303880407
29559,142495322712658
29560,142495347106243
29561,142495367381204
29562,142495387519979
29563,142495407428433
29564,142495427780931
29565,142495448566158
29566,142495467952788
29567,142495486598989
29568,142495507177535
29569,142495527274347
29570,142495547692148
29571,142495567315682
29572,142495587585651
29573,142495606940400
29574,142495626969113
29575,142495647193544
29576,142495667665840
29577,142495687405086
29578,142495709023574
29579,142495726794730
29580,142495747013920
29581,142495767354506
29582,142495787610953
29583,142495807328196
29584,142495827498992
29585,142495851397997
29586,142495871358908
29587,142495890755910
29588,142495912873605
29589,142495931233479
29590,142495952717941
29591,142495971559816
29592,142495991711020
29593,142496011076573
29594,142496031304734
29595,142496051319413
29596,142496071950027
29597,142496091379810
29598,142496111845335
29599,142496131280688
29600,142496151593805
29601,142496171642971
29602,142496191589768
29603,142496211603005
29604,142496231723810
29605,142496251328779
29606,142496271744628
29607,142496291287588
29608,142496311827522
29609,142496331195300
29610,142496355516346
29611,142496375116113
29612,142496395577209
29613,142496415550237
29614,142496435454177
29615,142496454980497
29616,142496474992207
29617,142496495231564
29618,142496515698542
29619,142496535123961
29620,142496555431977
29621,142496575081719
29622,142496595510025
29623,142496615329880
29624,142496635520920
29625,142496655365651
29626,142496675743179
29627,142496695633275
29628,142496715718606
29629,142496735340253
29630,142496755659225
29631,142496775022416
29632,142496795531623
29633,142496815338109
29634,142496835554021
29635,142496859372100
29636,142496879588850
29637,142496899318702
29638,142496919935853
29639,142496939322505
29640,142496960253020
29641,142496979200190
29642,142496999721204
29643,142497020089513
29644,142497039758019
29645,142497058765219
29646,142497079149090
29647,142497099331708
29648,142497119788267
29649,142497139263432
29650,142497159711945
29651,142497178758141
29652,142497199208494
29653,142497219309108
29654,142497239908386
29655,142497259276424
29656,142497279522327
29657,142497298748796
29658,142497318970640
29659,142497339280976
29660,142497363569126
29661,142497382669270
29662,142497403112774
29663,142497423446797
29664,142497443773572
29665,142497464149640
29666,142497483050025
29667,142497503237827
29668,142497523551942
29669,142497543232325
29670,142497563517050
29671,142497582887205
29672,142497603140757
29673,142497623320453
29674,142497643727153
29675,142497662829011
29676,142497683116333
29677,142497704925732
29678,142497723663722
29679,142497742771252
29680,142497763065567
29681,142497783217421
29682,142497803695224
29683,142497823230664
29684,142497843681171
29685,142497867228967
29686,142497887639062
29687,142497906712888
29688,142497927204262
29689,142497948625897
29690,142497969093969
29691,142497986962090
29692,142498007216356
29693,142498027430730
29694,142498047798483
29695,142498066827216
29696,142498087124064
29697,142498107467632
29698,142498127817231
29699,142498147398994
29700,142498169207259
29701,142498186759078
29702,142498208345384
29703,142498227562875
29704,142498247776223
29705,142498266703589
29706,142498287083786
29707,142498307248283
29708,142498327669878
29709,142498346753798
29710,142498371088673
29711,142498391230144
29712,142498411610739
29713,142498431161113
29714,142498451701261
29715,142498471222117
29716,142498491106313
29717,142498511221690
29718,142498531634198
29719,142498550688876
29720,142498571007381
29721,142498591210038
29722,142498611535658
29723,142498630700090
29724,142498651006184
29725,142498671256415
29726,142498691581181
29727,142498712644949
29728,142498731871720
29729,142498750714740
29730,142498771167816
29731,142498791389871
29732,142498811633043
29733,142498830762178
