frame_index,read_ok,t_before_read_ns,t_after_read_ns
0,1,17530939617084,17530958242574
1,1,17530958251470,17530978605129
2,1,17530978611638,17530997514329
3,1,17530997519274,17531018503778
4,1,17531018507862,17531039722412
5,1,17531039727813,17531058244564
6,1,17531058248915,17531077835955
7,1,17531077840528,17531097670238
8,1,17531097676299,17531117641021
9,1,17531117647092,17531137798669
10,1,17531137803927,17531157682829
11,1,17531157688388,17531177687090
12,1,17531177693092,17531197769846
13,1,17531197775419,17531217629766
14,1,17531217655242,17531237792829
15,1,17531237798452,17531257247949
16,1,17531257253129,17531277795446
17,1,17531277802431,17531301825604
18,1,17531301831253,17531321795977
19,1,17531321801517,17531341685105
20,1,17531341691265,17531361883321
21,1,17531361888733,17531381544889
22,1,17531381551195,17531401890680
23,1,17531401896534,17531421584656
24,1,17531421590668,17531441773544
25,1,17531441779525,17531461640510
26,1,17531461646495,17531483317831
27,1,17531483322048,17531501680927
28,1,17531501686923,17531521816148
29,1,17531521821676,17531541637958
30,1,17531541643820,17531561607659
31,1,17531561613150,17531581725706
32,1,17531581732107,17531601522104
33,1,17531601528197,17531621739067
34,1,17531621744538,17531641776910
35,1,17531641782594,17531661401910
36,1,17531661406951,17531681628763
37,1,17531681634655,17531701538098
38,1,17531701542764,17531722020739
39,1,17531722036332,17531741833026
40,1,17531741838860,17531761773308
41,1,17531761779953,17531781872401
42,1,17531781878297,17531801626467
43,1,17531801631775,17531821460077
44,1,17531821466263,17531841485297
45,1,17531841505666,17531861667068
46,1,17531861671921,17531881646491
47,1,17531881651815,17531901767639
48,1,17531901772562,17531921765897
49,1,17531921771811,17531941982982
50,1,17531941989695,17531961844232
51,1,17531961849357,17531981534794
52,1,17531981539192,17532001836142
53,1,17532001842595,17532021519702
54,1,17532021525001,17532041653894
55,1,17532041659056,17532065753198
56,1,17532065758844,17532085764475
57,1,17532085770201,17532106164961
58,1,17532106177613,17532125805056
59,1,17532125810107,17532145687050
60,1,17532145693086,17532165673906
61,1,17532165679796,17532185684932
62,1,17532185690996,17532205843126
63,1,17532205848809,17532225649036
64,1,17532225654558,17532245961709
65,1,17532245968042,17532265679075
66,1,17532265686273,17532285821541
67,1,17532285827171,17532305676588
68,1,17532305681966,17532325706108
69,1,17532325712814,17532345634890
70,1,17532345641217,17532365640099
71,1,17532365644827,17532385706972
72,1,17532385713732,17532405888633
73,1,17532405894097,17532425662612
74,1,17532425668465,17532445775006
75,1,17532445780336,17532465714583
76,1,17532465722249,17532485626262
77,1,17532485633545,17532505749676
78,1,17532505772415,17532525663992
79,1,17532525669958,17532545506691
80,1,17532545511159,17532565739407
81,1,17532565744919,17532585344402
82,1,17532585350472,17532605931049
83,1,17532605937933,17532625733937
84,1,17532625739938,17532645728591
85,1,17532645734068,17532665479984
86,1,17532665485917,17532685833770
87,1,17532685839063,17532705727502
88,1,17532705734266,17532725700903
89,1,17532725706758,17532745474722
90,1,17532745479727,17532765756055
91,1,17532765763615,17532785740718
92,1,17532785746368,17532805653861
93,1,17532805660405,17532829617354
94,1,17532829622823,17532849731941
95,1,17532849755062,17532869720299
96,1,17532869725847,17532890410903
97,1,17532890415176,17532909721888
98,1,17532909728079,17532929764139
99,1,17532929769745,17532949435110
100,1,17532949439608,17532969765544
101,1,17532969771329,17532989604450
102,1,17532989610304,17533009639838
103,1,17533009645069,17533029715204
104,1,17533029730747,17533049726220
105,1,17533049731717,17533069817905
106,1,17533069823872,17533089680253
107,1,17533089685696,17533110494970
108,1,17533110499828,17533129790343
109,1,17533129798594,17533149608198
110,1,17533149614173,17533169907345
111,1,17533169912766,17533189626820
112,1,17533189631941,17533209682207
113,1,17533209687606,17533229657416
114,1,17533229662962,17533249611934
115,1,17533249616884,17533269771075
116,1,17533269777163,17533289382211
117,1,17533289387339,17533309654077
118,1,17533309660001,17533329678799
119,1,17533329683980,17533349667662
120,1,17533349673947,17533369982312
121,1,17533369987301,17533389965082
122,1,17533389971086,17533409681987
123,1,17533409687526,17533429696458
124,1,17533429701481,17533449859167
125,1,17533449865096,17533469610990
126,1,17533469616466,17533490056313
127,1,17533490061459,17533509963407
128,1,17533509969018,17533529749056
129,1,17533529755486,17533549665910
130,1,17533549671956,17533573967816
131,1,17533573973530,17533593563034
132,1,17533593567751,17533614923926
133,1,17533614929462,17533633604078
134,1,17533633609612,17533653763281
135,1,17533653768730,17533673582825
136,1,17533673588901,17533693798799
137,1,17533693803835,17533713548461
138,1,17533713553642,17533733675614
139,1,17533733687367,17533753659179
140,1,17533753665268,17533773857227
141,1,17533773862506,17533793668482
142,1,17533793691435,17533813625573
143,1,17533813631431,17533833564057
144,1,17533833586197,17533853798831
145,1,17533853804433,17533873350944
146,1,17533873370803,17533893699199
147,1,17533893704872,17533913512248
148,1,17533913517018,17533933777276
149,1,17533933784278,17533953712479
150,1,17533953718022,17533973854374
151,1,17533973859929,17533993642936
152,1,17533993648972,17534014120259
153,1,17534014124958,17534033747807
154,1,17534033753385,17534053744616
155,1,17534053750170,17534073800126
156,1,17534073806273,17534093763733
157,1,17534093769335,17534114319235
158,1,17534114325060,17534133824343
159,1,17534133830097,17534153750735
160,1,17534153756383,17534173875271
161,1,17534173880756,17534193674797
162,1,17534193680428,17534213609914
163,1,17534213615149,17534234377790
164,1,17534234384045,17534253701944
165,1,17534253707948,17534273745123
166,1,17534273750830,17534293656680
167,1,17534293661725,17534313645893
168,1,17534313651935,17534337586106
169,1,17534337591329,17534357695834
170,1,17534357701460,17534377759314
171,1,17534377764728,17534397640744
172,1,17534397646466,17534417724127
173,1,17534417730700,17534437923535
174,1,17534437928909,17534457625396
175,1,17534457630910,17534477854676
176,1,17534477860008,17534497589981
177,1,17534497595466,17534517860060
178,1,17534517865415,17534537674129
179,1,17534537679946,17534557886651
180,1,17534557892257,17534577778573
181,1,17534577784487,17534597840114
182,1,17534597845399,17534618283280
183,1,17534618289371,17534638026765
184,1,17534638032050,17534657575917
185,1,17534657581547,17534677864418
186,1,17534677869768,17534697573628
187,1,17534697579049,17534717796453
188,1,17534717801996,17534737645090
189,1,17534737650827,17534757788013
190,1,17534757793476,17534777722552
191,1,17534777728452,17534797816945
192,1,17534797822104,17534817649834
193,1,17534817655369,17534837838473
194,1,17534837843625,17534857742089
195,1,17534857747240,17534878143330
196,1,17534878148435,17534897763107
197,1,17534897785982,17534917993952
198,1,17534917999178,17534937787326
199,1,17534937793170,17534958160430
200,1,17534958164830,17534977917904
201,1,17534977924433,17534997886984
202,1,17534997892953,17535017897460
203,1,17535017903212,17535037817585
204,1,17535037823214,17535057681637
205,1,17535057703835,17535081717155
206,1,17535081722842,17535101748679
207,1,17535101755340,17535121797955
208,1,17535121803654,17535141824332
209,1,17535141830288,17535161858428
210,1,17535161864410,17535181712051
211,1,17535181717639,17535201739733
212,1,17535201747252,17535221755720
213,1,17535221761275,17535241676110
214,1,17535241681915,17535261661626
215,1,17535261667261,17535281719436
216,1,17535281725075,17535301809376
217,1,17535301814823,17535321750489
218,1,17535321756398,17535341663221
219,1,17535341668645,17535361705088
220,1,17535361711094,17535381767588
221,1,17535381773407,17535401798121
222,1,17535401803503,17535421767353
223,1,17535421773062,17535441793180
224,1,17535441798930,17535461714019
225,1,17535461719450,17535481683911
226,1,17535481689690,17535501797412
227,1,17535501803024,17535521756784
228,1,17535521762650,17535541692846
229,1,17535541698333,17535561725611
230,1,17535561731722,17535581710857
231,1,17535581716718,17535601712782
232,1,17535601718583,17535622761814
233,1,17535622769370,17535641929443
234,1,17535641935307,17535661765469
235,1,17535661771241,17535681801886
236,1,17535681807397,17535701697875
237,1,17535701703392,17535721797402
238,1,17535721803536,17535741541799
239,1,17535741547274,17535761910153
240,1,17535761915766,17535781865169
241,1,17535781870616,17535801857681
242,1,17535801863104,17535821822695
243,1,17535821829668,17535845812561
244,1,17535845818054,17535865746096
245,1,17535865752727,17535886104421
246,1,17535886109776,17535905818047
247,1,17535905824062,17535925653783
248,1,17535925658927,17535945958047
249,1,17535945981579,17535965907240
250,1,17535965913254,17535985765310
251,1,17535985770677,17536005844709
252,1,17536005850480,17536025788582
253,1,17536025793575,17536045900940
254,1,17536045906684,17536065750797
255,1,17536065756572,17536085783165
256,1,17536085788318,17536105783365
257,1,17536105789897,17536126014279
258,1,17536126019275,17536145713681
259,1,17536145719799,17536165771655
260,1,17536165777922,17536185725704
261,1,17536185731608,17536205610621
262,1,17536205616891,17536225637748
263,1,17536225643754,17536245723255
264,1,17536245729534,17536265770464
265,1,17536265802417,17536285834466
266,1,17536285841083,17536305665895
267,1,17536305671635,17536325967087
268,1,17536325972325,17536345718131
269,1,17536345725448,17536365935182
270,1,17536365941074,17536385894588
271,1,17536385900829,17536405999816
272,1,17536406006015,17536425666894
273,1,17536425672708,17536445817388
274,1,17536445824020,17536465723339
275,1,17536465729815,17536486514299
276,1,17536486519521,17536505744260
277,1,17536505749939,17536525958180
278,1,17536525964200,17536545711819
279,1,17536545717632,17536565824709
280,1,17536565830547,17536585788874
281,1,17536585796095,17536609828221
282,1,17536609834442,17536629380274
283,1,17536629385612,17536649848474
284,1,17536649854541,17536669609785
285,1,17536669615778,17536689861359
286,1,17536689869243,17536709669082
287,1,17536709675390,17536729810667
288,1,17536729817206,17536749751907
289,1,17536749757984,17536769796542
290,1,17536769803314,17536789621221
291,1,17536789627193,17536809862490
292,1,17536809869042,17536829719512
293,1,17536829725537,17536849808110
294,1,17536849814284,17536869705204
295,1,17536869711456,17536889775339
296,1,17536889781360,17536909785044
297,1,17536909791343,17536929795619
298,1,17536929801991,17536949623912
299,1,17536949643745,17536969820028
300,1,17536969825485,17536989768956
301,1,17536989774622,17537009827623
302,1,17537009833424,17537029680554
303,1,17537029686504,17537049832103
304,1,17537049838107,17537069784464
305,1,17537069792306,17537089921040
306,1,17537089927320,17537109804859
307,1,17537109810539,17537129996026
308,1,17537130001377,17537149956177
309,1,17537149963719,17537169799534
310,1,17537169805194,17537189820964
311,1,17537189826847,17537209768874
312,1,17537209775168,17537229733593
313,1,17537229739540,17537250053633
314,1,17537250061191,17537269996041
315,1,17537270001746,17537289779412
316,1,17537289785365,17537309830438
317,1,17537309836513,17537329771074
318,1,17537329777047,17537353745177
319,1,17537353761515,17537374055551
320,1,17537374061521,17537393732521
321,1,17537393738419,17537413806708
322,1,17537413813365,17537433702515
323,1,17537433708703,17537453698026
324,1,17537453704486,17537473682393
325,1,17537473688569,17537494146582
326,1,17537494151382,17537513852582
327,1,17537513858636,17537533751749
328,1,17537533757901,17537553670809
329,1,17537553677419,17537573714724
330,1,17537573720819,17537593712769
331,1,17537593720894,17537613750069
332,1,17537613755985,17537633488018
333,1,17537633493392,17537653644830
334,1,17537653650945,17537673745623
335,1,17537673751644,17537693586992
336,1,17537693593192,17537713806943
337,1,17537713813032,17537733656486
338,1,17537733662509,17537753753250
339,1,17537753759631,17537773682257
340,1,17537773688509,17537793672279
341,1,17537793678356,17537813793940
342,1,17537813800316,17537833735879
343,1,17537833741307,17537853726265
344,1,17537853733034,17537873678648
345,1,17537873684752,17537895842422
346,1,17537895848365,17537913890630
347,1,17537913896511,17537933690030
348,1,17537933695728,17537953718821
349,1,17537953725023,17537973674386
350,1,17537973707295,17537993606122
351,1,17537993611730,17538013763008
352,1,17538013769093,17538033793156
353,1,17538033800285,17538053721084
354,1,17538053727804,17538073808578
355,1,17538073815274,17538093735342
356,1,17538093741797,17538117707649
357,1,17538117713689,17538137725930
358,1,17538137732147,17538157919568
359,1,17538157926155,17538177750591
360,1,17538177756698,17538197767806
361,1,17538197773903,17538217650527
362,1,17538217657289,17538237726745
363,1,17538237733100,17538257727650
364,1,17538257734302,17538277732924
365,1,17538277738800,17538297769298
366,1,17538297775368,17538317697731
367,1,17538317703435,17538337637810
368,1,17538337644112,17538357740930
369,1,17538357747054,17538378152626
370,1,17538378161941,17538397743699
371,1,17538397749370,17538417774471
372,1,17538417780527,17538437733580
373,1,17538437739931,17538457752039
374,1,17538457758515,17538477725547
375,1,17538477731553,17538497744122
376,1,17538497750558,17538517832245
377,1,17538517838464,17538537746370
378,1,17538537752728,17538557807524
379,1,17538557813737,17538577810878
380,1,17538577818956,17538597869665
381,1,17538597875868,17538617841610
382,1,17538617848304,17538637528868
383,1,17538637534126,17538657781904
384,1,17538657788540,17538677730788
385,1,17538677736942,17538697518898
386,1,17538697524951,17538717781467
387,1,17538717787442,17538738255025
388,1,17538738263154,17538757735070
389,1,17538757741029,17538777747971
390,1,17538777754159,17538797489760
391,1,17538797495349,17538817685992
392,1,17538817709734,17538837566352
393,1,17538837571873,17538857550205
394,1,17538857556148,17538882253632
395,1,17538882260006,17538901758717
396,1,17538901765269,17538921634488
397,1,17538921640346,17538941705396
398,1,17538941712063,17538961617271
399,1,17538961622454,17538981734413
400,1,17538981740753,17539001737983
401,1,17539001763208,17539021707063
402,1,17539021713111,17539041669693
403,1,17539041675394,17539061627209
404,1,17539061633441,17539081680767
405,1,17539081686622,17539101758452
406,1,17539101764530,17539121744196
407,1,17539121750201,17539141747430
408,1,17539141753587,17539161856998
409,1,17539161863106,17539181714088
410,1,17539181721225,17539201684310
411,1,17539201690174,17539221976783
412,1,17539221983588,17539241739352
413,1,17539241745310,17539261771773
414,1,17539261778320,17539281731812
415,1,17539281737827,17539301710375
416,1,17539301717152,17539321566162
417,1,17539321571054,17539341668330
418,1,17539341674917,17539361646593
419,1,17539361652586,17539382254759
420,1,17539382261157,17539401814362
421,1,17539401821079,17539421855058
422,1,17539421861328,17539441743633
423,1,17539441750070,17539461758807
424,1,17539461765624,17539481726710
425,1,17539481733105,17539501667215
426,1,17539501672688,17539521798796
427,1,17539521805087,17539541692078
428,1,17539541698222,17539561773187
429,1,17539561779640,17539581837758
430,1,17539581844342,17539601689244
431,1,17539601694801,17539625698162
432,1,17539625704829,17539645678775
433,1,17539645683850,17539665692009
434,1,17539665698278,17539685608901
435,1,17539685632525,17539705659549
436,1,17539705665703,17539725658308
437,1,17539725664536,17539745599351
438,1,17539745604922,17539765592040
439,1,17539765598063,17539785664091
440,1,17539785670288,17539805683247
441,1,17539805689608,17539825657756
442,1,17539825663774,17539845751739
443,1,17539845757541,17539865652177
444,1,17539865658271,17539886300850
445,1,17539886307314,17539905659386
446,1,17539905665400,17539925684595
447,1,17539925690292,17539946092451
448,1,17539946098322,17539965781411
449,1,17539965788026,17539985820230
450,1,17539985827189,17540006170945
451,1,17540006176983,17540025548355
452,1,17540025554094,17540045755467
453,1,17540045782166,17540065724484
454,1,17540065730877,17540085661617
455,1,17540085667897,17540105701753
456,1,17540105708171,17540125810027
457,1,17540125816641,17540145712452
458,1,17540145718684,17540165900696
459,1,17540165906644,17540185841059
460,1,17540185847607,17540205781051
461,1,17540205786849,17540225765353
462,1,17540225771417,17540245957084
463,1,17540245962341,17540265955785
464,1,17540265962531,17540285799449
465,1,17540285804987,17540305791187
466,1,17540305797831,17540325778804
467,1,17540325784995,17540345768226
468,1,17540345774502,17540365977015
469,1,17540365982903,17540389924357
470,1,17540389929207,17540410018580
471,1,17540410024280,17540429827466
472,1,17540429833711,17540449798477
473,1,17540449804634,17540469828502
474,1,17540469834318,17540489676173
475,1,17540489681992,17540509734698
476,1,17540509740775,17540529724456
477,1,17540529730405,17540549817418
478,1,17540549823451,17540569856186
479,1,17540569861853,17540589811482
480,1,17540589817148,17540609812589
481,1,17540609818487,17540629875975
482,1,17540629881981,17540649983947
483,1,17540649988805,17540669926648
484,1,17540669932982,17540689724172
485,1,17540689730074,17540709798897
486,1,17540709804972,17540729776426
487,1,17540729782618,17540749800044
488,1,17540749806301,17540769762402
489,1,17540769768559,17540789692337
490,1,17540789698373,17540809797931
491,1,17540809803716,17540829796208
492,1,17540829802286,17540849905478
493,1,17540849911904,17540869717762
494,1,17540869723822,17540890235805
495,1,17540890241009,17540909937002
496,1,17540909943447,17540929877846
497,1,17540929883796,17540950644541
498,1,17540950649475,17540969939357
499,1,17540969944981,17540989894724
500,1,17540989901901,17541009760282
501,1,17541009766235,17541029816755
502,1,17541029823265,17541049883209
503,1,17541049913953,17541069771808
504,1,17541069777981,17541089824491
505,1,17541089830253,17541109833655
506,1,17541109840131,17541129827249
507,1,17541129833131,17541153861889
508,1,17541153868172,17541173815642
509,1,17541173821915,17541193698440
510,1,17541193704038,17541213678955
511,1,17541213684999,17541233665170
512,1,17541233671388,17541253714682
513,1,17541253720701,17541273822108
514,1,17541273828112,17541293858947
515,1,17541293864717,17541313765525
516,1,17541313771637,17541333758023
517,1,17541333764005,17541353847425
518,1,17541353853715,17541373836422
519,1,17541373842022,17541394146235
520,1,17541394168328,17541413795635
521,1,17541413802952,17541433825109
522,1,17541433832035,17541453868835
523,1,17541453874922,17541473736409
524,1,17541473743006,17541493898375
525,1,17541493904019,17541513676609
526,1,17541513682509,17541533845860
527,1,17541533852331,17541553740931
528,1,17541553747297,17541573872462
529,1,17541573878245,17541593672378
530,1,17541593678240,17541613699251
531,1,17541613704493,17541633593425
532,1,17541633599418,17541653987485
533,1,17541653992820,17541674191905
534,1,17541674198264,17541693646761
535,1,17541693652226,17541713865415
536,1,17541713871329,17541733519141
537,1,17541733524224,17541753679955
538,1,17541753686997,17541773836815
539,1,17541773842691,17541793804024
540,1,17541793812314,17541813616867
541,1,17541813622431,17541833621493
542,1,17541833628294,17541853713536
543,1,17541853719025,17541873585002
544,1,17541873590129,17541897663463
545,1,17541897668981,17541917780889
546,1,17541917787022,17541937759585
547,1,17541937766283,17541957547293
548,1,17541957553733,17541977533550
549,1,17541977538769,17541997600577
550,1,17541997606078,17542017536423
551,1,17542017541274,17542037607704
552,1,17542037613780,17542057784069
553,1,17542057790344,17542077920487
554,1,17542077945987,17542097747093
555,1,17542097752770,17542117633421
556,1,17542117638806,17542138162471
557,1,17542138171088,17542157537883
558,1,17542157543201,17542178011091
559,1,17542178016820,17542197531338
560,1,17542197536602,17542217418973
561,1,17542217424471,17542237587868
562,1,17542237611080,17542257587099
563,1,17542257592466,17542277686181
564,1,17542277691238,17542297891669
565,1,17542297897092,17542317652257
566,1,17542317657918,17542337484477
567,1,17542337489807,17542357910242
568,1,17542358021663,17542377982697
569,1,17542377988357,17542398182559
570,1,17542398188091,17542417596623
571,1,17542417602129,17542437759406
572,1,17542437764757,17542457564549
573,1,17542457569572,17542477805408
574,1,17542477810175,17542497943994
575,1,17542497949357,17542517582611
576,1,17542517588114,17542538360407
577,1,17542538367847,17542557804018
578,1,17542557810149,17542577923435
579,1,17542577928880,17542597794616
580,1,17542597801215,17542617905286
581,1,17542617911966,17542637594399
582,1,17542637599915,17542661753635
583,1,17542661758890,17542681968214
584,1,17542681973688,17542701547651
585,1,17542701553341,17542721636752
586,1,17542721642973,17542741585024
587,1,17542741590972,17542761988038
588,1,17542761993490,17542781788709
589,1,17542781793652,17542801694304
590,1,17542801699528,17542822008472
591,1,17542822014356,17542842377578
592,1,17542842384417,17542862134331
593,1,17542862140589,17542881811477
594,1,17542881817191,17542901676457
595,1,17542901681463,17542923825190
596,1,17542923830906,17542941515418
597,1,17542941522314,17542961831252
598,1,17542961835898,17542981813851
599,1,17542981819119,17543001779530
600,1,17543001786068,17543024419741
601,1,17543024427302,17543043797470
602,1,17543043802541,17543062371616
603,1,17543062376803,17543082016236
604,1,17543082024321,17543101650283
605,1,17543101669948,17543121835207
606,1,17543121856611,17543142177799
607,1,17543142185372,17543162112319
608,1,17543162117484,17543182053525
609,1,17543182059964,17543201728017
610,1,17543201733269,17543221930543
611,1,17543221936226,17543241828218
612,1,17543241836788,17543262649267
613,1,17543262653859,17543281799055
614,1,17543281804387,17543301737736
615,1,17543301743003,17543321792942
616,1,17543321798934,17543341841083
617,1,17543341847227,17543361949565
618,1,17543361955728,17543381568465
619,1,17543381574408,17543401588406
620,1,17543401593573,17543425855251
621,1,17543425862013,17543445769704
622,1,17543445776325,17543465843278
623,1,17543465849278,17543485722955
624,1,17543485729319,17543505751423
625,1,17543505757855,17543525767665
626,1,17543525774031,17543545816753
627,1,17543545823138,17543565689242
628,1,17543565695455,17543585711102
629,1,17543585717446,17543605666995
630,1,17543605672887,17543625828296
631,1,17543625834945,17543645850669
632,1,17543645858255,17543665645013
633,1,17543665650728,17543685829280
634,1,17543685835512,17543705710012
635,1,17543705716039,17543725865348
636,1,17543725871946,17543745756816
637,1,17543745763169,17543765768836
638,1,17543765776085,17543785860487
639,1,17543785867419,17543805641837
640,1,17543805648353,17543825775200
641,1,17543825781287,17543845830574
642,1,17543845836285,17543865694733
643,1,17543865700372,17543885630810
644,1,17543885636781,17543905166247
645,1,17543905171843,17543925812106
646,1,17543925818393,17543945969358
647,1,17543945975560,17543965546684
648,1,17543965551831,17543985745268
649,1,17543985751247,17544005390826
650,1,17544005396283,17544025960477
651,1,17544025966311,17544045643712
652,1,17544045650310,17544065598853
653,1,17544065603801,17544085563449
654,1,17544085569864,17544105677300
655,1,17544105683036,17544125719068
656,1,17544125725674,17544145615285
657,1,17544145620790,17544169671349
658,1,17544169692235,17544189789847
659,1,17544189795937,17544209663258
660,1,17544209669726,17544229539913
661,1,17544229545264,17544249739569
662,1,17544249745891,17544269625372
663,1,17544269630529,17544289704544
664,1,17544289710790,17544309713378
665,1,17544309719787,17544329691604
666,1,17544329697644,17544349808516
667,1,17544349814508,17544369579240
668,1,17544369584438,17544389592844
669,1,17544389597892,17544409432823
670,1,17544409438310,17544429629525
671,1,17544429634492,17544449508412
672,1,17544449514771,17544469546067
673,1,17544469551872,17544489682803
674,1,17544489688967,17544509582544
675,1,17544509587608,17544529589442
676,1,17544529596215,17544549551453
677,1,17544549556762,17544569466772
678,1,17544569473119,17544589349881
679,1,17544589355370,17544609579536
680,1,17544609584548,17544629440304
681,1,17544629446090,17544650648722
682,1,17544650654944,17544678455046
683,1,17544678461343,17544695165058
684,1,17544695172167,17544712191886
685,1,17544712198887,17544730703217
686,1,17544730709089,17544750080139
687,1,17544750086900,17544769944935
688,1,17544769951783,17544793784202
689,1,17544793791851,17544812275462
690,1,17544812319316,17544832064086
691,1,17544832069790,17544850434090
692,1,17544850440379,17544869913121
693,1,17544869918975,17544889463407
694,1,17544889469476,17544910422203
695,1,17544910427894,17544933267240
696,1,17544933273035,17544953595335
697,1,17544953601449,17544973761748
698,1,17544973768134,17544993598464
699,1,17544993603873,17545013393190
700,1,17545013400327,17545033432661
701,1,17545033439256,17545053422157
702,1,17545053428906,17545073744395
703,1,17545073749599,17545093567972
704,1,17545093573762,17545113640410
705,1,17545113645814,17545133451577
706,1,17545133458267,17545153440775
707,1,17545153448887,17545173998558
708,1,17545174022776,17545193661547
709,1,17545193667337,17545216480960
710,1,17545216487501,17545236432146
711,1,17545236438634,17545256544360
712,1,17545256550855,17545276483651
713,1,17545276489894,17545296368228
714,1,17545296375339,17545316466551
715,1,17545316473197,17545336512172
716,1,17545336518413,17545356349489
717,1,17545356356014,17545376187795
718,1,17545376196731,17545397076409
719,1,17545397085285,17545414237646
720,1,17545414243310,17545437140057
721,1,17545437149073,17545456929016
722,1,17545456936353,17545476926355
723,1,17545476933318,17545497422808
724,1,17545497430085,17545518313031
725,1,17545518319746,17545536620281
726,1,17545536625524,17545555479452
727,1,17545555485212,17545579530106
728,1,17545579539608,17545598400220
729,1,17545598407799,17545619229609
730,1,17545619237472,17545636607127
731,1,17545636615738,17545654806180
732,1,17545654825716,17545676491405
733,1,17545676510088,17545700088558
734,1,17545700097587,17545719795357
735,1,17545719810765,17545738319232
736,1,17545738324639,17545757976438
737,1,17545757983998,17545779379418
738,1,17545779385584,17545800667531
739,1,17545800673230,17545820208757
740,1,17545820215866,17545838930286
741,1,17545838936732,17545860168774
742,1,17545860183540,17545882315164
743,1,17545882322323,17545901024702
744,1,17545901031756,17545920840742
745,1,17545920846819,17545942311499
746,1,17545942319420,17545960742286
747,1,17545960750415,17545978867579
748,1,17545978874063,17545998850381
749,1,17545998856721,17546021418111
750,1,17546021424169,17546040567404
751,1,17546040574173,17546062105195
752,1,17546062111488,17546080420835
753,1,17546080426676,17546101408313
754,1,17546101415015,17546121047294
755,1,17546121055234,17546138615572
756,1,17546138620694,17546160339743
757,1,17546160346857,17546179891395
758,1,17546179900084,17546200915614
759,1,17546200947922,17546219115759
760,1,17546219125976,17546238249429
761,1,17546238274297,17546259788299
762,1,17546259798577,17546278938497
763,1,17546278945557,17546300942910
764,1,17546300950702,17546319204100
765,1,17546319211503,17546338094358
766,1,17546338099969,17546357889153
767,1,17546357895605,17546378268111
768,1,17546378273495,17546398088098
769,1,17546398093512,17546418061287
770,1,17546418067186,17546441841333
771,1,17546441847474,17546461595324
772,1,17546461600743,17546481823946
773,1,17546481829971,17546501672116
774,1,17546501677546,17546521685787
775,1,17546521710363,17546541731544
776,1,17546541737671,17546561521329
777,1,17546561561779,17546581723724
778,1,17546581730019,17546601730141
779,1,17546601736829,17546621803701
780,1,17546621810576,17546641853650
781,1,17546641860319,17546665686323
782,1,17546665697271,17546684423766
783,1,17546684430025,17546703040772
784,1,17546703054036,17546721857842
785,1,17546721865916,17546742654123
786,1,17546742662343,17546762894909
787,1,17546762900489,17546783235548
788,1,17546783243517,17546802111612
789,1,17546802116999,17546822078086
790,1,17546822093327,17546843637882
791,1,17546843647258,17546863966257
792,1,17546863972237,17546884539345
793,1,17546884548644,17546903599751
794,1,17546903604912,17546923499076
795,1,17546923506766,17546942954838
796,1,17546942961946,17546965838153
797,1,17546965847152,17546984326781
798,1,17546984335005,17547003476030
799,1,17547003481279,17547022034162
800,1,17547022041081,17547041887657
801,1,17547041894968,17547061459306
802,1,17547061464524,17547081614340
803,1,17547081619989,17547101606807
804,1,17547101613193,17547121861019
805,1,17547121868244,17547141791001
806,1,17547141797816,17547161621549
807,1,17547161628013,17547181572833
808,1,17547181578522,17547205733508
809,1,17547205738819,17547225956646
810,1,17547225979798,17547245723202
811,1,17547245730519,17547265695860
812,1,17547265702328,17547285683306
813,1,17547285689449,17547305665424
814,1,17547305672129,17547325857100
815,1,17547325863079,17547345650989
816,1,17547345656325,17547365750152
817,1,17547365756485,17547385660532
818,1,17547385667046,17547405703741
819,1,17547405710291,17547425765590
820,1,17547425771930,17547445822702
821,1,17547445829121,17547465617468
822,1,17547465624033,17547485508439
823,1,17547485513576,17547505736575
824,1,17547505742128,17547525657057
825,1,17547525662657,17547545700204
826,1,17547545706742,17547565690400
827,1,17547565696797,17547585756986
828,1,17547585763523,17547605668170
829,1,17547605674743,17547625797311
830,1,17547625803766,17547645708940
831,1,17547645715867,17547667161231
832,1,17547667166417,17547685695719
833,1,17547685700799,17547705799673
834,1,17547705805830,17547725707081
835,1,17547725713495,17547745640627
836,1,17547745646656,17547765651402
837,1,17547765656808,17547785703125
838,1,17547785709515,17547805683856
839,1,17547805689950,17547825728708
840,1,17547825735357,17547845657748
841,1,17547845664158,17547867658949
842,1,17547867664999,17547885482125
843,1,17547885488325,17547905798046
844,1,17547905805060,17547925458671
845,1,17547925463846,17547946650775
846,1,17547946656119,17547969833129
847,1,17547969839817,17547989872426
848,1,17547989878652,17548009865400
849,1,17548009871841,17548029708051
850,1,17548029714593,17548049866264
851,1,17548049872706,17548069655617
852,1,17548069661990,17548089759416
853,1,17548089765711,17548109759914
854,1,17548109766091,17548129779429
855,1,17548129785809,17548149710609
856,1,17548149717130,17548170008534
857,1,17548170014448,17548189804769
858,1,17548189811556,17548209724733
859,1,17548209731377,17548229749535
860,1,17548229773626,17548249910609
861,1,17548249918049,17548269806187
862,1,17548269828192,17548289768367
863,1,17548289774273,17548309763379
864,1,17548309770084,17548329732525
865,1,17548329738862,17548349788591
866,1,17548349794513,17548369724352
867,1,17548369731116,17548389684223
868,1,17548389690796,17548409616406
869,1,17548409621338,17548429661600
870,1,17548429667002,17548449851612
871,1,17548449857867,17548469711726
872,1,17548469718086,17548489858092
873,1,17548489864134,17548510128330
874,1,17548510133407,17548529769653
875,1,17548529776273,17548549772966
876,1,17548549779146,17548569755783
877,1,17548569761745,17548589726465
878,1,17548589732573,17548609653205
879,1,17548609658705,17548629746056
880,1,17548629752477,17548649722734
881,1,17548649728938,17548670328009
882,1,17548670333884,17548689773251
883,1,17548689779522,17548713773875
884,1,17548713797118,17548733786593
885,1,17548733792881,17548753714079
886,1,17548753719987,17548773715290
887,1,17548773721346,17548793774867
888,1,17548793781469,17548813699619
889,1,17548813706046,17548833737307
890,1,17548833743867,17548853696523
891,1,17548853703084,17548873747139
892,1,17548873753494,17548893741093
893,1,17548893747411,17548913654032
894,1,17548913660291,17548933653388
895,1,17548933658917,17548953826248
896,1,17548953832495,17548973715233
897,1,17548973721730,17548993634159
898,1,17548993640112,17549013604503
899,1,17549013609435,17549033623707
900,1,17549033629388,17549053426049
901,1,17549053431642,17549073712835
902,1,17549073736499,17549093710751
903,1,17549093716950,17549113773416
904,1,17549113779188,17549133777700
905,1,17549133783270,17549153780091
906,1,17549153786390,17549173883090
907,1,17549173887817,17549193879471
908,1,17549193884751,17549213972395
909,1,17549213977934,17549233746329
910,1,17549233752207,17549253802395
911,1,17549253810766,17549273864906
912,1,17549273888933,17549293956623
913,1,17549293962866,17549313755004
914,1,17549313761075,17549333845078
915,1,17549333851269,17549353845959
916,1,17549353851818,17549373799649
917,1,17549373805877,17549393921438
918,1,17549393927605,17549413810942
919,1,17549413817088,17549433745135
920,1,17549433750328,17549453756240
921,1,17549453762785,17549477666025
922,1,17549477671728,17549497651274
923,1,17549497657422,17549517722603
924,1,17549517728948,17549537787175
925,1,17549537793291,17549557756653
926,1,17549557762839,17549577757263
927,1,17549577762529,17549597669397
928,1,17549597675905,17549617755090
929,1,17549617760952,17549637722997
930,1,17549637729651,17549657938933
931,1,17549657945218,17549677613129
932,1,17549677618479,17549697698414
933,1,17549697703652,17549717959853
934,1,17549717966251,17549737712477
935,1,17549737718843,17549757726188
936,1,17549757732165,17549777702429
937,1,17549777708362,17549797700553
938,1,17549797706558,17549817769873
939,1,17549817776312,17549837725179
940,1,17549837731633,17549857832622
941,1,17549857838535,17549877780859
942,1,17549877787460,17549897669124
943,1,17549897674351,17549917659607
944,1,17549917665290,17549938079761
945,1,17549938102260,17549957818111
946,1,17549957824418,17549977737994
947,1,17549977743879,17549997652284
948,1,17549997658836,17550018050497
949,1,17550018079887,17550037993033
950,1,17550037999001,17550057672692
951,1,17550057678399,17550077758943
952,1,17550077765288,17550097687966
953,1,17550097693363,17550117721432
954,1,17550117727507,17550137651739
955,1,17550137658077,17550157672741
956,1,17550157679183,17550178203692
957,1,17550178209274,17550197731323
958,1,17550197737976,17550217829768
959,1,17550217835368,17550241647082
960,1,17550241652556,17550261689935
961,1,17550261696407,17550281712442
962,1,17550281718696,17550301689700
963,1,17550301709880,17550321709299
964,1,17550321715427,17550341801195
965,1,17550341807181,17550361704666
966,1,17550361711533,17550381582722
967,1,17550381587961,17550401657888
968,1,17550401663431,17550421714255
969,1,17550421720246,17550441302754
970,1,17550441307842,17550461731004
971,1,17550461735958,17550481741135
972,1,17550481747735,17550501742266
973,1,17550501749825,17550521695828
974,1,17550521702039,17550541621620
975,1,17550541626304,17550561824727
976,1,17550561831307,17550581796497
977,1,17550581802431,17550601734176
978,1,17550601740369,17550621842759
979,1,17550621849106,17550641827162
980,1,17550641834086,17550661789815
981,1,17550661796274,17550681661465
982,1,17550681667036,17550701851626
983,1,17550701857674,17550721814859
984,1,17550721821033,17550741626006
985,1,17550741631529,17550762191131
986,1,17550762197620,17550781840340
987,1,17550781846973,17550801789902
988,1,17550801796435,17550821728041
989,1,17550821734333,17550841715577
990,1,17550841721871,17550861687609
991,1,17550861693350,17550881670823
992,1,17550881676993,17550901704198
993,1,17550901709767,17550921766522
994,1,17550921772728,17550941686328
995,1,17550941691382,17550961796776
996,1,17550961802686,17550985878704
997,1,17550985884833,17551005758008
998,1,17551005764607,17551025697745
999,1,17551025703933,17551045759856
1000,1,17551045766155,17551065737030
1001,1,17551065743045,17551085894650
1002,1,17551085901280,17551105839511
1003,1,17551105845458,17551125751826
1004,1,17551125758043,17551145804211
1005,1,17551145811508,17551165807803
1006,1,17551165814001,17551185498967
1007,1,17551185504388,17551205833246
1008,1,17551205839605,17551225639241
1009,1,17551225644950,17551245718663
1010,1,17551245725025,17551265845009
1011,1,17551265853063,17551285711798
1012,1,17551285717719,17551305719430
1013,1,17551305726158,17551325725168
1014,1,17551325748183,17551345715568
1015,1,17551345721794,17551365700866
1016,1,17551365706257,17551385652156
1017,1,17551385657692,17551405779609
1018,1,17551405786104,17551425913129
1019,1,17551425923442,17551445742120
1020,1,17551445748419,17551465734180
1021,1,17551465739601,17551485599597
1022,1,17551485605127,17551505701271
1023,1,17551505706789,17551525396283
1024,1,17551525401283,17551545543342
1025,1,17551545548775,17551565638435
1026,1,17551565643926,17551586080188
1027,1,17551586088597,17551605724987
1028,1,17551605730219,17551627078810
1029,1,17551627084032,17551645491861
1030,1,17551645513115,17551665717146
1031,1,17551665722758,17551685888348
1032,1,17551685893267,17551705758816
1033,1,17551705764096,17551725925440
1034,1,17551725932536,17551749840406
1035,1,17551749846404,17551769636091
1036,1,17551769641472,17551789725102
1037,1,17551789731551,17551809762474
1038,1,17551809768728,17551829841982
1039,1,17551829848309,17551849840190
1040,1,17551849846278,17551869870150
1041,1,17551869876700,17551889821615
1042,1,17551889827680,17551910268315
1043,1,17551910274192,17551930255132
1044,1,17551930263104,17551950808696
1045,1,17551950814119,17551969655191
1046,1,17551969660588,17551990196105
1047,1,17551990201555,17552010004421
1048,1,17552010009333,17552029684370
1049,1,17552029689786,17552049665441
1050,1,17552049670924,17552069871606
1051,1,17552069878594,17552089599113
1052,1,17552089604907,17552110019247
1053,1,17552110024222,17552129637277
1054,1,17552129642876,17552149454315
1055,1,17552149459850,17552169781963
1056,1,17552169788040,17552189800085
1057,1,17552189806340,17552210078353
1058,1,17552210084096,17552230117758
1059,1,17552230125617,17552249555318
1060,1,17552249561549,17552269669855
1061,1,17552269675066,17552290113265
1062,1,17552290119776,17552310035661
1063,1,17552310041209,17552330011275
1064,1,17552330017759,17552349877056
1065,1,17552349883658,17552369970670
1066,1,17552369995712,17552389877908
1067,1,17552389883903,17552409932011
1068,1,17552409938803,17552429911055
1069,1,17552429919670,17552450217950
1070,1,17552450225385,17552470539047
1071,1,17552470544996,17552490291628
1072,1,17552490312275,17552513800242
1073,1,17552513807371,17552533946357
1074,1,17552533952501,17552554397730
1075,1,17552554404989,17552574469795
1076,1,17552574476191,17552594208676
1077,1,17552594214719,17552613662376
1078,1,17552613667842,17552633755257
1079,1,17552633761581,17552653662393
1080,1,17552653668106,17552673726661
1081,1,17552673732077,17552693841812
1082,1,17552693848081,17552713853255
1083,1,17552713859573,17552734042430
1084,1,17552734048671,17552753764393
1085,1,17552753770594,17552773753340
1086,1,17552773759738,17552793773447
1087,1,17552793779693,17552813636912
1088,1,17552813642306,17552833739008
1089,1,17552833744654,17552853756642
1090,1,17552853762802,17552875526041
1091,1,17552875531834,17552894043414
1092,1,17552894048841,17552913694649
1093,1,17552913700127,17552933550098
1094,1,17552933555328,17552955332608
1095,1,17552955338450,17552974124120
1096,1,17552974129616,17552993790747
1097,1,17552993796233,17553014422243
1098,1,17553014427441,17553033743053
1099,1,17553033748887,17553059969462
1100,1,17553059976256,17553081655505
1101,1,17553081663984,17553098088807
1102,1,17553098107746,17553116749821
1103,1,17553116758555,17553137772579
1104,1,17553137777840,17553154577323
1105,1,17553154582846,17553174075480
1106,1,17553174081443,17553194184517
1107,1,17553194191956,17553214072196
1108,1,17553214077969,17553233885381
1109,1,17553233892332,17553257823057
1110,1,17553257829646,17553277957283
1111,1,17553277964123,17553297768760
1112,1,17553297775392,17553317986560
1113,1,17553317992723,17553337765859
1114,1,17553337772321,17553357700555
1115,1,17553357720867,17553377674601
1116,1,17553377692663,17553397776283
1117,1,17553397782526,17553417885819
1118,1,17553417892956,17553438261421
1119,1,17553438267884,17553457790066
1120,1,17553457796185,17553477935577
1121,1,17553477943044,17553499872627
1122,1,17553499877747,17553519495432
1123,1,17553519501268,17553538761017
1124,1,17553538766391,17553557741091
1125,1,17553557746490,17553578160175
1126,1,17553578168231,17553598025202
1127,1,17553598031351,17553618701902
1128,1,17553618707422,17553637566804
1129,1,17553637572207,17553658027778
1130,1,17553658034271,17553677773079
1131,1,17553677779473,17553697612236
1132,1,17553697617724,17553718010376
1133,1,17553718016594,17553737737042
1134,1,17553737743978,17553757700916
1135,1,17553757706937,17553777891393
1136,1,17553777898890,17553798048396
1137,1,17553798054210,17553817845083
1138,1,17553817851836,17553837746170
1139,1,17553837752379,17553857639912
1140,1,17553857645427,17553877742092
1141,1,17553877747389,17553897785047
1142,1,17553897791607,17553917761725
1143,1,17553917768376,17553937875411
1144,1,17553937880874,17553957975520
1145,1,17553957981691,17553979190249
1146,1,17553979196069,17553997926965
1147,1,17553997932943,17554022816914
1148,1,17554022822890,17554043766595
1149,1,17554043774107,17554061783233
1150,1,17554061788743,17554081444252
1151,1,17554081449552,17554102088331
1152,1,17554102093357,17554123047756
1153,1,17554123053125,17554142060540
1154,1,17554142065624,17554161394050
1155,1,17554161399563,17554181819160
1156,1,17554181825803,17554202380706
1157,1,17554202386236,17554222102858
1158,1,17554222110457,17554242317101
1159,1,17554242322229,17554261488187
1160,1,17554261507792,17554281762447
1161,1,17554281767849,17554301546037
1162,1,17554301552283,17554321591949
1163,1,17554321599395,17554341784995
1164,1,17554341791846,17554362874438
1165,1,17554362879306,17554383179546
1166,1,17554383186128,17554402307845
1167,1,17554402330161,17554422077173
1168,1,17554422084725,17554442269179
1169,1,17554442275302,17554461570946
1170,1,17554461576891,17554482922661
1171,1,17554482930376,17554502603296
1172,1,17554502608725,17554522438896
1173,1,17554522444627,17554541459593
1174,1,17554541464958,17554561583684
1175,1,17554561589121,17554582754799
1176,1,17554582761732,17554602697301
1177,1,17554602702625,17554622363438
1178,1,17554622368921,17554643368216
1179,1,17554643374077,17554662048632
1180,1,17554662053940,17554682344053
1181,1,17554682351488,17554702851806
1182,1,17554702856769,17554722396341
1183,1,17554722402137,17554741638329
1184,1,17554741643833,17554767893556
1185,1,17554767899878,17554786536934
1186,1,17554786542206,17554806728649
1187,1,17554806733733,17554825828755
1188,1,17554825834196,17554845784253
1189,1,17554845790346,17554866503654
1190,1,17554866509972,17554886851487
1191,1,17554886857166,17554907375788
1192,1,17554907381542,17554926117847
1193,1,17554926123455,17554946109395
1194,1,17554946115594,17554966399108
1195,1,17554966404995,17554985750828
1196,1,17554985756492,17555005674154
1197,1,17555005679829,17555025817970
1198,1,17555025824580,17555045831369
1199,1,17555045837748,17555065827709
1200,1,17555065853813,17555085497992
1201,1,17555085503849,17555105464953
1202,1,17555105470722,17555125656875
1203,1,17555125662307,17555145640573
1204,1,17555145645820,17555165724367
1205,1,17555165729644,17555185724428
1206,1,17555185730055,17555205758207
1207,1,17555205764392,17555225936560
1208,1,17555225943218,17555245783538
1209,1,17555245789680,17555266027457
1210,1,17555266035677,17555286758106
1211,1,17555286763728,17555306078104
1212,1,17555306083365,17555325886475
1213,1,17555325892276,17555345662626
1214,1,17555345668722,17555366867250
1215,1,17555366874056,17555387258036
1216,1,17555387263407,17555406245646
1217,1,17555406251482,17555425592786
1218,1,17555425613544,17555446301016
1219,1,17555446306976,17555466700715
1220,1,17555466706951,17555487235834
1221,1,17555487242236,17555507881489
1222,1,17555507886917,17555529902521
1223,1,17555529907735,17555549808661
1224,1,17555549814067,17555570910254
1225,1,17555570916428,17555589795685
1226,1,17555589801064,17555609933480
1227,1,17555609938376,17555629819155
1228,1,17555629824336,17555649985447
1229,1,17555649991034,17555671582330
1230,1,17555671589730,17555690313095
1231,1,17555690320628,17555710075197
1232,1,17555710081068,17555730638611
1233,1,17555730649199,17555750933809
1234,1,17555750939296,17555770488822
1235,1,17555770493866,17555789693552
1236,1,17555789698524,17555810144019
1237,1,17555810148836,17555829753559
1238,1,17555829758930,17555850808352
1239,1,17555850814425,17555871882361
1240,1,17555871888610,17555890243844
1241,1,17555890249414,17555910590947
1242,1,17555910612100,17555929594126
1243,1,17555929599362,17555950353515
1244,1,17555950359613,17555969963899
1245,1,17555969971060,17555990170122
1246,1,17555990175545,17556010039743
1247,1,17556010045609,17556029454558
1248,1,17556029460260,17556049817854
1249,1,17556049823098,17556069935481
1250,1,17556069941656,17556089422790
1251,1,17556089427815,17556109451760
1252,1,17556109457239,17556129694048
1253,1,17556129700236,17556149433753
1254,1,17556149438915,17556169543800
1255,1,17556169550569,17556189384500
1256,1,17556189390454,17556209662775
1257,1,17556209668148,17556229703227
1258,1,17556229709101,17556249550047
1259,1,17556249556738,17556269633771
1260,1,17556269678728,17556293735132
1261,1,17556293740508,17556313634041
1262,1,17556313639800,17556333692892
1263,1,17556333698277,17556356307146
1264,1,17556356312222,17556373766751
1265,1,17556373772530,17556394183170
1266,1,17556394193008,17556413971055
1267,1,17556413978194,17556434044565
1268,1,17556434049817,17556453951023
1269,1,17556453956163,17556473963998
1270,1,17556474028298,17556493755646
1271,1,17556493760805,17556514086904
1272,1,17556514093240,17556533877437
1273,1,17556533883920,17556553807373
1274,1,17556553812781,17556573833572
1275,1,17556573838768,17556593650198
1276,1,17556593655527,17556616019726
1277,1,17556616027079,17556633871232
1278,1,17556633876980,17556653744175
1279,1,17556653749709,17556674057833
1280,1,17556674063206,17556693555425
1281,1,17556693561794,17556713724103
1282,1,17556713729464,17556733764409
1283,1,17556733769621,17556753628311
1284,1,17556753634847,17556774701575
1285,1,17556774722224,17556795140638
1286,1,17556795147715,17556815762144
1287,1,17556815767226,17556833820282
1288,1,17556833826105,17556853830185
1289,1,17556853836180,17556874382701
1290,1,17556874387836,17556893741769
1291,1,17556893746843,17556913846669
1292,1,17556913851753,17556933954726
1293,1,17556933959895,17556954057222
1294,1,17556954063361,17556974204127
1295,1,17556974209092,17556994875347
1296,1,17556994880983,17557013492518
1297,1,17557013497746,17557037714474
1298,1,17557037720121,17557057916773
1299,1,17557057923086,17557077960733
1300,1,17557077967247,17557097843675
1301,1,17557097850105,17557117544352
1302,1,17557117550670,17557137842862
1303,1,17557137849339,17557158315490
1304,1,17557158323668,17557177760244
1305,1,17557177765615,17557198827720
1306,1,17557198833910,17557218317628
1307,1,17557218323229,17557237585225
1308,1,17557237590736,17557257465331
1309,1,17557257470710,17557278187741
1310,1,17557278196139,17557298699076
1311,1,17557298704608,17557318154895
1312,1,17557318160586,17557337539937
1313,1,17557337545545,17557357381231
1314,1,17557357386523,17557377780589
1315,1,17557377786976,17557398852859
1316,1,17557398858730,17557418015542
1317,1,17557418020442,17557437866540
1318,1,17557437872800,17557457281503
1319,1,17557457287104,17557477893944
1320,1,17557477919246,17557497784381
1321,1,17557497790092,17557517923712
1322,1,17557517929913,17557537853624
1323,1,17557537859971,17557557815523
1324,1,17557557821680,17557577658390
1325,1,17557577663394,17557597754255
1326,1,17557597760431,17557617820220
1327,1,17557617825430,17557637868822
1328,1,17557637875214,17557657431167
1329,1,17557657436498,17557677577080
1330,1,17557677583155,17557697758712
1331,1,17557697765816,17557717822544
1332,1,17557717827755,17557737530819
1333,1,17557737536169,17557757795553
1334,1,17557757801329,17557777499108
1335,1,17557777504339,17557801865904
1336,1,17557801871801,17557821751631
1337,1,17557821756585,17557841583480
1338,1,17557841589514,17557861864123
1339,1,17557861870121,17557881683142
1340,1,17557881688806,17557901603736
1341,1,17557901610291,17557921485846
1342,1,17557921492069,17557941819740
1343,1,17557941825522,17557961800983
1344,1,17557961806088,17557982854575
1345,1,17557982859834,17558001738380
1346,1,17558001744517,17558021753270
1347,1,17558021758724,17558041661576
1348,1,17558041666917,17558061782139
1349,1,17558061788633,17558081659216
1350,1,17558081664470,17558101753798
1351,1,17558101759205,17558121697500
1352,1,17558121703152,17558141734149
1353,1,17558141739438,17558161725153
1354,1,17558161730618,17558181714069
1355,1,17558181719032,17558202089460
1356,1,17558202094917,17558221714566
1357,1,17558221719656,17558241747068
1358,1,17558241752655,17558261611165
1359,1,17558261617037,17558281717326
1360,1,17558281722345,17558301730946
1361,1,17558301736485,17558323962002
1362,1,17558323967965,17558341548779
1363,1,17558341554765,17558361642638
1364,1,17558361647947,17558381708427
1365,1,17558381713645,17558401486393
1366,1,17558401493077,17558421586976
1367,1,17558421629664,17558441495031
1368,1,17558441500967,17558461745608
1369,1,17558461751437,17558481846518
1370,1,17558481867881,17558501786068
1371,1,17558501812180,17558521841549
1372,1,17558521848560,17558542896945
1373,1,17558542902777,17558566395511
1374,1,17558566410779,17558585655930
1375,1,17558585679724,17558605373047
1376,1,17558605378346,17558626591483
1377,1,17558626597114,17558647457022
1378,1,17558647462655,17558666106735
1379,1,17558666112074,17558687004548
1380,1,17558687009954,17558708132349
1381,1,17558708138425,17558727922001
1382,1,17558727928318,17558747490086
1383,1,17558747496131,17558766911598
1384,1,17558766916644,17558786171918
1385,1,17558786177841,17558807439064
1386,1,17558807444410,17558827320751
1387,1,17558827326916,17558845803274
1388,1,17558845808876,17558868413626
1389,1,17558868420119,17558885847551
1390,1,17558885853144,17558905714870
1391,1,17558905720087,17558925706524
1392,1,17558925712263,17558946270399
1393,1,17558946276591,17558965758629
1394,1,17558965763998,17558985895427
1395,1,17558985901798,17559005831744
1396,1,17559005845128,17559025454915
1397,1,17559025460615,17559045756038
1398,1,17559045761260,17559065485480
1399,1,17559065491411,17559085442916
1400,1,17559085448195,17559105535666
1401,1,17559105542059,17559127178866
1402,1,17559127185029,17559145802494
1403,1,17559145809491,17559165874593
1404,1,17559165880014,17559186660593
1405,1,17559186666859,17559206344970
1406,1,17559206350778,17559226110716
1407,1,17559226115663,17559246899624
1408,1,17559246904780,17559265848787
1409,1,17559265854503,17559285544530
1410,1,17559285549508,17559309803235
1411,1,17559309808490,17559331693551
1412,1,17559331714799,17559349981312
1413,1,17559349986299,17559369354389
1414,1,17559369359666,17559389715238
1415,1,17559389720266,17559409691833
1416,1,17559409697086,17559429687610
1417,1,17559429693052,17559449492244
1418,1,17559449498432,17559469671693
1419,1,17559469678101,17559489332740
1420,1,17559489337997,17559509675420
1421,1,17559509680836,17559529279864
1422,1,17559529300022,17559549621828
1423,1,17559549627845,17559569433861
1424,1,17559569442093,17559589558609
1425,1,17559589564469,17559609521353
1426,1,17559609527722,17559629282087
1427,1,17559629287436,17559649612116
1428,1,17559649618301,17559669457447
1429,1,17559669462180,17559689582302
1430,1,17559689588707,17559710157967
1431,1,17559710163116,17559729477578
1432,1,17559729483415,17559749204058
1433,1,17559749209136,17559769469865
1434,1,17559769476255,17559789305096
1435,1,17559789310075,17559810182939
1436,1,17559810187884,17559831760207
1437,1,17559831764816,17559849783964
1438,1,17559849789399,17559869928758
1439,1,17559869933816,17559889366088
1440,1,17559889371274,17559909572202
1441,1,17559909578356,17559929478636
1442,1,17559929484496,17559949414234
1443,1,17559949420540,17559969507565
1444,1,17559969513925,17559989346714
1445,1,17559989351772,17560009604587
1446,1,17560009611259,17560029511125
1447,1,17560029517670,17560049602534
1448,1,17560049609080,17560073420264
1449,1,17560073426196,17560093385954
1450,1,17560093392064,17560113551452
1451,1,17560113557716,17560133510921
1452,1,17560133517044,17560153496940
1453,1,17560153503107,17560173620936
1454,1,17560173626928,17560193714753
1455,1,17560193735515,17560213368734
1456,1,17560213374642,17560233716428
1457,1,17560233723186,17560253728222
1458,1,17560253733923,17560273689540
1459,1,17560273694889,17560293427378
1460,1,17560293434166,17560313530253
1461,1,17560313536474,17560334112686
1462,1,17560334118673,17560355084548
1463,1,17560355090818,17560373937357
1464,1,17560373942431,17560394327620
1465,1,17560394333727,17560415191955
1466,1,17560415197447,17560434927204
1467,1,17560434932383,17560453246873
1468,1,17560453251909,17560473302625
1469,1,17560473307925,17560494602903
1470,1,17560494609863,17560516452157
1471,1,17560516458914,17560533689378
1472,1,17560533694427,17560553327884
1473,1,17560553333421,17560573557404
1474,1,17560573580450,17560594432406
1475,1,17560594439201,17560613480559
1476,1,17560613486912,17560633448997
1477,1,17560633455213,17560653478555
1478,1,17560653485198,17560673537329
1479,1,17560673543987,17560693787495
1480,1,17560693793020,17560714100416
1481,1,17560714105299,17560733624029
1482,1,17560733630427,17560753558414
1483,1,17560753564863,17560773490812
1484,1,17560773497316,17560793508051
1485,1,17560793514427,17560813457409
1486,1,17560813465238,17560837436018
1487,1,17560837442699,17560857415116
1488,1,17560857421955,17560877391564
1489,1,17560877397642,17560897404843
1490,1,17560897411599,17560917403042
1491,1,17560917409433,17560937451419
1492,1,17560937457641,17560957543504
1493,1,17560957550042,17560977804990
1494,1,17560977810296,17560997557352
1495,1,17560997562442,17561017665072
1496,1,17561017670921,17561037604433
1497,1,17561037610720,17561057508775
1498,1,17561057514679,17561077556497
1499,1,17561077563013,17561097520319
1500,1,17561097526373,17561117602510
1501,1,17561117608608,17561137488513
1502,1,17561137495110,17561157727648
1503,1,17561157732628,17561177612303
1504,1,17561177619155,17561197577149
1505,1,17561197583361,17561217467350
1506,1,17561217472783,17561237740744
1507,1,17561237746184,17561257738030
1508,1,17561257743608,17561278140608
1509,1,17561278147239,17561297779045
1510,1,17561297784743,17561317646511
1511,1,17561317653387,17561337431047
1512,1,17561337437838,17561357547514
1513,1,17561357553483,17561377557287
1514,1,17561377563392,17561397646621
1515,1,17561397651953,17561417471056
1516,1,17561417478106,17561437678587
1517,1,17561437683894,17561457702555
1518,1,17561457708114,17561477825079
1519,1,17561477830595,17561497931126
1520,1,17561497937245,17561517811262
1521,1,17561517816780,17561537660945
1522,1,17561537667059,17561557940521
1523,1,17561557946568,17561581819153
1524,1,17561581853593,17561601781690
1525,1,17561601788576,17561621745683
1526,1,17561621751404,17561641809570
1527,1,17561641815030,17561661923892
1528,1,17561661930491,17561681750660
1529,1,17561681756054,17561701924284
1530,1,17561701930782,17561721361691
1531,1,17561721367087,17561741323367
1532,1,17561741329106,17561761461308
1533,1,17561761467956,17561781244127
1534,1,17561781249521,17561801661632
1535,1,17561801668799,17561821333852
1536,1,17561821340282,17561841744881
1537,1,17561841750287,17561861365175
1538,1,17561861371290,17561881556871
1539,1,17561881563472,17561901378523
1540,1,17561901399398,17561921680147
1541,1,17561921685449,17561942732332
1542,1,17561942740582,17561961547627
1543,1,17561961554228,17561982076726
1544,1,17561982081985,17562002498932
1545,1,17562002505090,17562021757985
1546,1,17562021763489,17562041326344
1547,1,17562041331070,17562061549988
1548,1,17562061556561,17562081492736
1549,1,17562081498933,17562101887206
1550,1,17562101892817,17562121514735
1551,1,17562121520831,17562141651074
1552,1,17562141657343,17562161644409
1553,1,17562161651880,17562181332959
1554,1,17562181338599,17562201212524
1555,1,17562201217576,17562221247737
1556,1,17562221253019,17562241710314
1557,1,17562241715594,17562261687262
1558,1,17562261692466,17562281676851
1559,1,17562281682213,17562301433360
1560,1,17562301439625,17562324048117
1561,1,17562324054001,17562346084899
1562,1,17562346090230,17562365584882
1563,1,17562365590402,17562385545124
1564,1,17562385551351,17562405647169
1565,1,17562405662244,17562425545615
1566,1,17562425550856,17562445833478
1567,1,17562445839137,17562465803577
1568,1,17562465811609,17562485707547
1569,1,17562485714134,17562505838917
1570,1,17562505844803,17562525862212
1571,1,17562525868702,17562545688113
1572,1,17562545693636,17562565896303
1573,1,17562565902173,17562585661385
1574,1,17562585666908,17562605619042
1575,1,17562605639977,17562625806284
1576,1,17562625811752,17562645852558
1577,1,17562645857960,17562665805948
1578,1,17562665811803,17562685615540
1579,1,17562685621704,17562705798644
1580,1,17562705806702,17562725488887
1581,1,17562725494429,17562745463508
1582,1,17562745483918,17562765640279
1583,1,17562765645953,17562785404597
1584,1,17562785410039,17562805631203
1585,1,17562805638465,17562825377719
1586,1,17562825383234,17562845468442
1587,1,17562845473923,17562865510372
1588,1,17562865516602,17562885429011
1589,1,17562885434113,17562905648659
1590,1,17562905654874,17562925741536
1591,1,17562925746789,17562946190863
1592,1,17562946196740,17562966014832
1593,1,17562966020596,17562987811633
1594,1,17562987817149,17563006043278
1595,1,17563006049620,17563025977268
1596,1,17563025985056,17563045766556
1597,1,17563045771903,17563067164229
1598,1,17563067170673,17563085890879
1599,1,17563085896802,17563109510133
1600,1,17563109515933,17563129758718
1601,1,17563129764129,17563149549512
1602,1,17563149555082,17563169792719
1603,1,17563169797849,17563189429358
1604,1,17563189435043,17563209721169
1605,1,17563209727292,17563229557085
1606,1,17563229562719,17563249674506
1607,1,17563249679749,17563269496899
1608,1,17563269503230,17563289462128
1609,1,17563289468273,17563309760992
1610,1,17563309767635,17563329645202
1611,1,17563329650545,17563350713676
1612,1,17563350719551,17563370118484
1613,1,17563370124233,17563389920041
1614,1,17563389926599,17563409789693
1615,1,17563409794612,17563429607236
1616,1,17563429613835,17563449496401
1617,1,17563449504811,17563470282835
1618,1,17563470302767,17563490256281
1619,1,17563490267645,17563511320875
1620,1,17563511327960,17563530499555
1621,1,17563530505094,17563549664112
1622,1,17563549669664,17563569605151
1623,1,17563569610401,17563589941630
1624,1,17563589947914,17563610681831
1625,1,17563610708076,17563630799323
1626,1,17563630819173,17563649454659
1627,1,17563649460229,17563669580524
1628,1,17563669585056,17563689811311
1629,1,17563689816281,17563709807743
1630,1,17563709813322,17563729588165
1631,1,17563729594621,17563749744780
1632,1,17563749750024,17563769834796
1633,1,17563769840268,17563789513930
1634,1,17563789519868,17563809585599
1635,1,17563809592143,17563829457760
1636,1,17563829463981,17563853451295
1637,1,17563853458030,17563873738341
1638,1,17563873743842,17563893532972
1639,1,17563893539389,17563913436062
1640,1,17563913441527,17563933501858
1641,1,17563933508366,17563953645382
1642,1,17563953651839,17563974133711
1643,1,17563974139847,17563993777401
1644,1,17563993782667,17564013390529
1645,1,17564013395891,17564033507429
1646,1,17564033513787,17564053679399
1647,1,17564053684872,17564073682485
1648,1,17564073688827,17564093601311
1649,1,17564093609081,17564113554247
1650,1,17564113560834,17564133613422
1651,1,17564133619670,17564153657962
1652,1,17564153664079,17564173745013
1653,1,17564173750018,17564193504305
1654,1,17564193510245,17564213386992
1655,1,17564213392076,17564233658204
1656,1,17564233664316,17564253759698
1657,1,17564253764826,17564273750314
1658,1,17564273755310,17564293810793
1659,1,17564293815674,17564313532619
1660,1,17564313539286,17564333467818
1661,1,17564333474083,17564353623129
1662,1,17564353629526,17564373588012
1663,1,17564373593984,17564393590256
1664,1,17564393596469,17564413565601
1665,1,17564413570667,17564433637370
1666,1,17564433643857,17564453627648
1667,1,17564453633916,17564474154260
1668,1,17564474160621,17564493712637
1669,1,17564493719374,17564513668324
1670,1,17564513705603,17564533509951
1671,1,17564533515745,17564553628951
1672,1,17564553635547,17564573513461
1673,1,17564573519565,17564593703506
1674,1,17564593709336,17564617602151
1675,1,17564617608479,17564637565771
1676,1,17564637572167,17564657777765
1677,1,17564657783013,17564677678005
1678,1,17564677696529,17564697688938
1679,1,17564697693970,17564717614120
1680,1,17564717620769,17564737644648
1681,1,17564737650854,17564757784615
1682,1,17564757789915,17564777713064
1683,1,17564777718417,17564797457050
1684,1,17564797463447,17564817567430
1685,1,17564817573453,17564837736180
1686,1,17564837741787,17564857747670
1687,1,17564857753007,17564877745641
1688,1,17564877751300,17564897704707
1689,1,17564897709757,17564917697522
1690,1,17564917703003,17564937530104
1691,1,17564937536716,17564957622407
1692,1,17564957628530,17564978356949
1693,1,17564978362541,17564997647352
1694,1,17564997653318,17565017713756
1695,1,17565017719249,17565037464615
1696,1,17565037469786,17565057729707
1697,1,17565057735072,17565077608811
1698,1,17565077615239,17565097544309
1699,1,17565097550186,17565117533318
1700,1,17565117539525,17565137549757
1701,1,17565137556132,17565157644009
1702,1,17565157650594,17565177603394
1703,1,17565177608924,17565197728487
1704,1,17565197734458,17565217673341
1705,1,17565217679391,17565237763633
1706,1,17565237768843,17565257694844
1707,1,17565257701242,17565277459978
1708,1,17565277466192,17565297475220
1709,1,17565297481971,17565317524926
1710,1,17565317548597,17565337551325
1711,1,17565337557044,17565357682069
1712,1,17565357687590,17565381593509
1713,1,17565381599949,17565401710126
1714,1,17565401715259,17565421641831
1715,1,17565421647530,17565441693492
1716,1,17565441698867,17565461676873
1717,1,17565461683020,17565482489115
1718,1,17565482495302,17565501579301
1719,1,17565501585909,17565521580722
1720,1,17565521586765,17565541682309
1721,1,17565541687789,17565561698023
1722,1,17565561703521,17565581640255
1723,1,17565581646759,17565601509906
1724,1,17565601516082,17565621550913
1725,1,17565621557057,17565641524974
1726,1,17565641531320,17565661515989
1727,1,17565661522460,17565681363707
1728,1,17565681385081,17565701379711
1729,1,17565701386023,17565721565715
1730,1,17565721572211,17565742383608
1731,1,17565742389044,17565763430850
1732,1,17565763436393,17565781583626
1733,1,17565781588993,17565801459131
1734,1,17565801465254,17565821496031
1735,1,17565821501920,17565841482552
1736,1,17565841488679,17565861541448
1737,1,17565861547608,17565881485382
1738,1,17565881491969,17565901429089
1739,1,17565901434941,17565922145957
1740,1,17565922156029,17565941851230
1741,1,17565941857644,17565961546494
1742,1,17565961552511,17565982511078
1743,1,17565982516250,17566001851054
1744,1,17566001856276,17566021431323
1745,1,17566021437418,17566041674723
1746,1,17566041681812,17566062217854
1747,1,17566062224195,17566083275485
1748,1,17566083280647,17566102836289
1749,1,17566102841302,17566126495705
1750,1,17566126501150,17566146007479
1751,1,17566146014915,17566166396775
1752,1,17566166416650,17566186105915
1753,1,17566186111447,17566206376056
1754,1,17566206383216,17566226410892
1755,1,17566226415423,17566246063810
1756,1,17566246069199,17566265207873
1757,1,17566265213090,17566285666473
1758,1,17566285672470,17566305571344
1759,1,17566305577047,17566325604759
1760,1,17566325611018,17566345781789
1761,1,17566345787263,17566365667350
1762,1,17566365673858,17566385706444
1763,1,17566385711800,17566405748367
1764,1,17566405753988,17566425547841
1765,1,17566425553716,17566445728709
1766,1,17566445736460,17566465707553
1767,1,17566465714190,17566485687678
1768,1,17566485693114,17566505722379
1769,1,17566505727791,17566525519141
1770,1,17566525525533,17566545815546
1771,1,17566545820981,17566565792352
1772,1,17566565797693,17566585580751
1773,1,17566585587141,17566605498695
1774,1,17566605505259,17566625530220
1775,1,17566625538009,17566645571946
1776,1,17566645578053,17566665612800
1777,1,17566665619331,17566685553592
1778,1,17566685560463,17566705568290
1779,1,17566705590934,17566725732880
1780,1,17566725738255,17566745843344
1781,1,17566745848642,17566765796679
1782,1,17566765803113,17566785636314
1783,1,17566785671685,17566805798960
1784,1,17566805805036,17566825723205
1785,1,17566825729272,17566845953203
1786,1,17566845959633,17566865819163
1787,1,17566865824345,17566889604113
1788,1,17566889610148,17566909605394
1789,1,17566909614038,17566929683398
1790,1,17566929689455,17566949773055
1791,1,17566949778276,17566969752299
1792,1,17566969757656,17566989436906
1793,1,17566989442505,17567009757793
1794,1,17567009763278,17567029651399
1795,1,17567029674155,17567049721597
1796,1,17567049727308,17567069724291
1797,1,17567069729555,17567089586268
1798,1,17567089592473,17567109695896
1799,1,17567109701601,17567129659191
1800,1,17567129665381,17567149620418
1801,1,17567149626675,17567169797063
1802,1,17567169802698,17567189759003
1803,1,17567189764054,17567209608860
1804,1,17567209614775,17567229778377
1805,1,17567229783611,17567249881962
1806,1,17567249888216,17567269810740
1807,1,17567269815710,17567289735065
1808,1,17567289740286,17567309704969
1809,1,17567309710845,17567329821600
1810,1,17567329827069,17567349585664
1811,1,17567349591681,17567369448419
1812,1,17567369453826,17567389697689
1813,1,17567389703546,17567409603555
1814,1,17567409609653,17567429632740
1815,1,17567429639159,17567449622591
1816,1,17567449628696,17567469680820
1817,1,17567469686519,17567489536214
1818,1,17567489541745,17567509669471
1819,1,17567509675683,17567529599459
1820,1,17567529605650,17567549550707
1821,1,17567549556800,17567569626062
1822,1,17567569632329,17567589459374
1823,1,17567589465266,17567609507457
1824,1,17567609513864,17567629580373
1825,1,17567629586521,17567653566068
1826,1,17567653572579,17567673658409
1827,1,17567673665392,17567693588543
1828,1,17567693594696,17567713548110
1829,1,17567713553984,17567733942313
1830,1,17567733967644,17567753638007
1831,1,17567753644674,17567773796355
1832,1,17567773801803,17567793519280
1833,1,17567793525211,17567813864680
1834,1,17567813870150,17567833621032
1835,1,17567833626926,17567855353903
1836,1,17567855359270,17567874327220
1837,1,17567874332668,17567894473972
1838,1,17567894479216,17567913644857
1839,1,17567913651149,17567933450660
1840,1,17567933457014,17567953589537
1841,1,17567953594999,17567973632644
1842,1,17567973638775,17567993284212
1843,1,17567993289572,17568015722524
1844,1,17568015799822,17568033889365
1845,1,17568033895512,17568053867785
1846,1,17568053873211,17568073811185
1847,1,17568073816497,17568093713145
1848,1,17568093719626,17568113787000
1849,1,17568113792400,17568133554845
1850,1,17568133561044,17568153631225
1851,1,17568153636971,17568173629647
1852,1,17568173636374,17568193599667
1853,1,17568193605537,17568213709407
1854,1,17568213715690,17568233965741
1855,1,17568233971707,17568255478443
1856,1,17568255484117,17568275649074
1857,1,17568275654210,17568293361150
1858,1,17568293366735,17568315811647
1859,1,17568315817357,17568333577842
1860,1,17568333583709,17568355086370
1861,1,17568355091664,17568374481934
1862,1,17568374487753,17568397515394
1863,1,17568397521211,17568417628280
1864,1,17568417633720,17568437592451
1865,1,17568437601591,17568457366194
1866,1,17568457371344,17568477552532
1867,1,17568477558407,17568497439939
1868,1,17568497445603,17568517628333
1869,1,17568517634983,17568537512457
1870,1,17568537518715,17568557498100
1871,1,17568557504109,17568577635001
1872,1,17568577641339,17568597589112
1873,1,17568597595510,17568617608589
1874,1,17568617614761,17568637299522
1875,1,17568637304786,17568657427809
1876,1,17568657433922,17568677730087
1877,1,17568677735155,17568697482251
1878,1,17568697488589,17568717555619
1879,1,17568717562251,17568737804928
1880,1,17568737830298,17568757405097
1881,1,17568757411060,17568777693140
1882,1,17568777764574,17568797562086
1883,1,17568797568276,17568817622533
1884,1,17568817628302,17568837596077
1885,1,17568837602228,17568857684390
1886,1,17568857691265,17568877261552
1887,1,17568877266962,17568897404737
1888,1,17568897410255,17568917587890
1889,1,17568917594252,17568937514997
1890,1,17568937521338,17568957566628
1891,1,17568957572893,17568977635593
1892,1,17568977642302,17568998988750
1893,1,17568998994636,17569019409797
1894,1,17569019416474,17569039696198
1895,1,17569039702590,17569057875733
1896,1,17569057881427,17569078169560
1897,1,17569078174408,17569099580952
1898,1,17569099586233,17569117201809
1899,1,17569117207328,17569138324969
1900,1,17569138330460,17569161384786
1901,1,17569161389802,17569182131951
1902,1,17569182138337,17569201686145
1903,1,17569201692157,17569221731148
1904,1,17569221736548,17569243203697
1905,1,17569243208899,17569261663257
1906,1,17569261669741,17569281667845
1907,1,17569281674589,17569301588600
1908,1,17569301595313,17569321686723
1909,1,17569321692628,17569341848322
1910,1,17569341853897,17569361712301
1911,1,17569361718961,17569381655654
1912,1,17569381661989,17569401641758
1913,1,17569401647627,17569421860158
1914,1,17569421865514,17569441766659
1915,1,17569441771840,17569461777782
1916,1,17569461783006,17569481773457
1917,1,17569481778831,17569501786438
1918,1,17569501792622,17569521644468
1919,1,17569521650610,17569542505303
1920,1,17569542510292,17569561650349
1921,1,17569561655546,17569581911724
1922,1,17569581935159,17569601638197
1923,1,17569601644214,17569621528904
1924,1,17569621535608,17569641549936
1925,1,17569641556284,17569661566199
1926,1,17569661572510,17569681520691
1927,1,17569681526013,17569701659421
1928,1,17569701665629,17569721660201
1929,1,17569721665641,17569741834285
1930,1,17569741839013,17569761542176
1931,1,17569761548238,17569781493557
1932,1,17569781513555,17569801503865
1933,1,17569801509943,17569821591213
1934,1,17569821597432,17569841553840
1935,1,17569841560081,17569861574959
1936,1,17569861580584,17569881570230
1937,1,17569881576847,17569901693112
1938,1,17569901700626,17569925757268
1939,1,17569925762751,17569946729231
1940,1,17569946735501,17569965685200
1941,1,17569965691679,17569985580241
1942,1,17569985586481,17570006563592
1943,1,17570006569633,17570026102378
1944,1,17570026110299,17570045415739
1945,1,17570045420717,17570065378983
1946,1,17570065384003,17570085480600
1947,1,17570085486577,17570105607709
1948,1,17570105613590,17570125760794
1949,1,17570125767163,17570145497311
1950,1,17570145503476,17570165431541
1951,1,17570165437962,17570185584373
1952,1,17570185591369,17570205621355
1953,1,17570205627432,17570225632888
1954,1,17570225638881,17570246448333
1955,1,17570246453542,17570265695168
1956,1,17570265702903,17570285399549
1957,1,17570285404803,17570305829633
1958,1,17570305835155,17570325746650
1959,1,17570325823286,17570345674810
1960,1,17570345681218,17570365618298
1961,1,17570365624763,17570385515000
1962,1,17570385521600,17570405611931
1963,1,17570405618386,17570425560284
1964,1,17570425566499,17570445524956
1965,1,17570445547389,17570465496477
1966,1,17570465502468,17570485418334
1967,1,17570485424595,17570505652421
1968,1,17570505658405,17570525549832
1969,1,17570525556699,17570545428689
1970,1,17570545434787,17570565511310
1971,1,17570565564539,17570585293996
1972,1,17570585299181,17570606247789
1973,1,17570606253280,17570625502277
1974,1,17570625507794,17570645568955
1975,1,17570645574273,17570670426395
1976,1,17570670431403,17570689328369
1977,1,17570689333602,17570709890713
1978,1,17570709897010,17570729738551
1979,1,17570729743994,17570749894120
1980,1,17570749899397,17570769727090
1981,1,17570769732994,17570789485505
1982,1,17570789492575,17570809596674
1983,1,17570809620516,17570829594292
1984,1,17570829600994,17570849352705
1985,1,17570849358908,17570869492599
1986,1,17570869499278,17570889648249
1987,1,17570889654139,17570909511798
1988,1,17570909518615,17570929548024
1989,1,17570929554235,17570949630889
1990,1,17570949636233,17570969671021
1991,1,17570969677312,17570989495528
1992,1,17570989501753,17571009613135
1993,1,17571009619014,17571029686639
1994,1,17571029692799,17571049668889
1995,1,17571049674842,17571069574546
1996,1,17571069581066,17571089429086
1997,1,17571089435188,17571109394380
1998,1,17571109400708,17571129417063
1999,1,17571129423512,17571149418466
2000,1,17571149425324,17571169411642
2001,1,17571169418567,17571189507323
2002,1,17571189513807,17571209696446
2003,1,17571209702815,17571229607191
2004,1,17571229613529,17571249466629
2005,1,17571249471713,17571269563657
2006,1,17571269570141,17571289738567
2007,1,17571289785131,17571309396744
2008,1,17571309402990,17571329783078
2009,1,17571329790489,17571349635738
2010,1,17571349642040,17571369370854
2011,1,17571369376460,17571389670978
2012,1,17571389677070,17571409355336
2013,1,17571409361040,17571433527345
2014,1,17571433533018,17571453539930
2015,1,17571453546078,17571473505161
2016,1,17571473511493,17571493765423
2017,1,17571493771724,17571513604367
2018,1,17571513610744,17571533643066
2019,1,17571533649328,17571553529203
2020,1,17571553535268,17571573530233
2021,1,17571573536390,17571593644364
2022,1,17571593650954,17571613480818
2023,1,17571613487248,17571633697977
2024,1,17571633704816,17571653483433
2025,1,17571653489871,17571673771326
2026,1,17571673777018,17571693614664
2027,1,17571693620951,17571713763617
2028,1,17571713769230,17571734901957
2029,1,17571734922890,17571755859418
2030,1,17571755864215,17571775080266
2031,1,17571775086337,17571793671329
2032,1,17571793676833,17571813857569
2033,1,17571813866109,17571833554620
2034,1,17571833574072,17571853914647
2035,1,17571853919545,17571873455745
2036,1,17571873461636,17571893828100
2037,1,17571893833419,17571913594624
2038,1,17571913600744,17571933761893
2039,1,17571933768087,17571953522431
2040,1,17571953528715,17571973482782
2041,1,17571973488693,17571993485203
2042,1,17571993491476,17572013497809
2043,1,17572013503992,17572033581626
2044,1,17572033587843,17572053560600
2045,1,17572053567018,17572073652259
2046,1,17572073658835,17572093535958
2047,1,17572093541740,17572113526486
2048,1,17572113532648,17572133710857
2049,1,17572133717271,17572153519050
2050,1,17572153544566,17572173526651
2051,1,17572173532333,17572197692622
2052,1,17572197699374,17572217656730
2053,1,17572217663727,17572237611328
2054,1,17572237617439,17572258179414
2055,1,17572258184827,17572277638818
2056,1,17572277644760,17572297699991
2057,1,17572297705143,17572317858230
2058,1,17572317863607,17572338419227
2059,1,17572338424742,17572358013338
2060,1,17572358018834,17572377643571
2061,1,17572377649784,17572397626530
2062,1,17572397632851,17572417686253
2063,1,17572417692527,17572437714593
2064,1,17572437721434,17572457630559
2065,1,17572457636765,17572477459487
2066,1,17572477466295,17572498384280
2067,1,17572498391565,17572518511838
2068,1,17572518519361,17572537433084
2069,1,17572537438431,17572557560582
2070,1,17572557566340,17572577753643
2071,1,17572577759586,17572597561741
2072,1,17572597569444,17572617454202
2073,1,17572617460212,17572640476180
2074,1,17572640482540,17572658005411
2075,1,17572658011303,17572680640042
2076,1,17572680645045,17572697967092
2077,1,17572697973532,17572717719904
2078,1,17572717725793,17572737206706
2079,1,17572737212534,17572760235251
2080,1,17572760241845,17572777310058
2081,1,17572777315370,17572797755849
2082,1,17572797761608,17572818063298
2083,1,17572818070201,17572837724473
2084,1,17572837729509,17572857287708
2085,1,17572857294183,17572877374146
2086,1,17572877390902,17572898310692
2087,1,17572898316734,17572920063892
2088,1,17572920070736,17572942944985
2089,1,17572942951863,17572963072631
2090,1,17572963079557,17572981422581
2091,1,17572981428795,17573001407946
2092,1,17573001429073,17573024422948
2093,1,17573024429230,17573043540531
2094,1,17573043546434,17573062416000
2095,1,17573062422199,17573084436253
2096,1,17573084443308,17573104552711
2097,1,17573104559042,17573131478394
2098,1,17573131484784,17573148679229
2099,1,17573148686632,17573165810722
2100,1,17573165821125,17573184069112
2101,1,17573184076314,17573203941774
2102,1,17573203947249,17573223589692
2103,1,17573223595434,17573243384020
2104,1,17573243391484,17573263065561
2105,1,17573263071932,17573284153780
2106,1,17573284159867,17573302689419
2107,1,17573302696326,17573323727066
2108,1,17573323733637,17573346481371
2109,1,17573346487974,17573364150986
2110,1,17573364158969,17573381988782
2111,1,17573381994588,17573402018654
2112,1,17573402024229,17573422058420
2113,1,17573422063979,17573442207540
2114,1,17573442213300,17573462754288
2115,1,17573462759851,17573481662320
2116,1,17573481668668,17573501652431
2117,1,17573501658310,17573521694697
2118,1,17573521700678,17573541421712
2119,1,17573541427313,17573561494074
2120,1,17573561500507,17573581382284
2121,1,17573581389254,17573601626212
2122,1,17573601632725,17573621348099
2123,1,17573621353951,17573642214276
2124,1,17573642219320,17573661652476
2125,1,17573661659018,17573681666920
2126,1,17573681673428,17573705665631
2127,1,17573705671644,17573725681171
2128,1,17573725687490,17573745799163
2129,1,17573745804723,17573765586878
2130,1,17573765593464,17573787727709
2131,1,17573787733834,17573806658886
2132,1,17573806665163,17573825489379
2133,1,17573825495423,17573845512413
2134,1,17573845518537,17573865473927
2135,1,17573865497256,17573885664828
2136,1,17573885687377,17573905461913
2137,1,17573905467990,17573925441869
2138,1,17573925448449,17573945888141
2139,1,17573945893338,17573965562966
2140,1,17573965569030,17573985504020
2141,1,17573985510611,17574005865711
2142,1,17574005871683,17574025790821
2143,1,17574025796058,17574045923300
2144,1,17574045928569,17574065713118
2145,1,17574065718842,17574085834050
2146,1,17574085839640,17574105360906
2147,1,17574105366183,17574125592925
2148,1,17574125599199,17574145605306
2149,1,17574145611597,17574165382389
2150,1,17574165387709,17574185598927
2151,1,17574185605427,17574205575547
2152,1,17574205581867,17574225600089
2153,1,17574225606399,17574245601469
2154,1,17574245607775,17574265268749
2155,1,17574265273916,17574285876752
2156,1,17574285882172,17574305595622
2157,1,17574305602073,17574325824264
2158,1,17574325829608,17574345616755
2159,1,17574345623111,17574365519153
2160,1,17574365525563,17574385573462
2161,1,17574385579344,17574405480523
2162,1,17574405487259,17574425519399
2163,1,17574425525780,17574445664173
2164,1,17574445670702,17574469576659
2165,1,17574469582997,17574489422921
2166,1,17574489428575,17574509929280
2167,1,17574509934384,17574529682287
2168,1,17574529689010,17574549784725
2169,1,17574549789885,17574569770686
2170,1,17574569776618,17574589485964
2171,1,17574589497619,17574609748074
2172,1,17574609754673,17574629512112
2173,1,17574629518289,17574649788453
2174,1,17574649794174,17574669533055
2175,1,17574669539285,17574689784352
2176,1,17574689789802,17574709647043
2177,1,17574709653149,17574729676057
2178,1,17574729682291,17574749656758
2179,1,17574749663340,17574769742197
2180,1,17574769748159,17574789630102
2181,1,17574789636167,17574809583026
2182,1,17574809589149,17574829655131
2183,1,17574829661069,17574849770717
2184,1,17574849776613,17574869752176
2185,1,17574869758245,17574889539434
2186,1,17574889545756,17574909522229
2187,1,17574909544195,17574929513561
2188,1,17574929519602,17574949706301
2189,1,17574949711668,17574969660109
2190,1,17574969666788,17574989576089
2191,1,17574989582492,17575009886762
2192,1,17575009893830,17575029625823
2193,1,17575029632155,17575049785869
2194,1,17575049791986,17575069565625
2195,1,17575069571560,17575089614074
2196,1,17575089620718,17575109591382
2197,1,17575109597575,17575129417060
2198,1,17575129423213,17575149327895
2199,1,17575149333266,17575170886973
2200,1,17575170895442,17575189766343
2201,1,17575189772026,17575213598234
2202,1,17575213604597,17575233559089
2203,1,17575233564628,17575253317143
2204,1,17575253322709,17575274038306
2205,1,17575274043735,17575293842823
2206,1,17575293849619,17575314627707
2207,1,17575314634465,17575334785912
2208,1,17575334792616,17575354602625
2209,1,17575354607838,17575374504309
2210,1,17575374511417,17575393880798
2211,1,17575393886774,17575414146301
2212,1,17575414156601,17575434489050
2213,1,17575434494309,17575454042248
2214,1,17575454047498,17575473980916
2215,1,17575473986425,17575493643467
2216,1,17575493648771,17575515549242
2217,1,17575515600841,17575535014871
2218,1,17575535038883,17575554386286
2219,1,17575554391506,17575573160996
2220,1,17575573181119,17575593407204
2221,1,17575593413614,17575613580861
2222,1,17575613586718,17575635487171
2223,1,17575635503238,17575654447124
2224,1,17575654452487,17575675425390
2225,1,17575675432329,17575696994586
2226,1,17575697000599,17575714888617
2227,1,17575714899882,17575734753412
2228,1,17575734760214,17575755455780
2229,1,17575755461432,17575773809016
2230,1,17575773814774,17575793369450
2231,1,17575793374621,17575813662592
2232,1,17575813669178,17575833569513
2233,1,17575833575942,17575854234929
2234,1,17575854240186,17575873868627
2235,1,17575873874439,17575893389775
2236,1,17575893395333,17575913970130
2237,1,17575913975066,17575935169090
2238,1,17575935200065,17575954393241
2239,1,17575954399047,17575977261103
2240,1,17575977266686,17575998120361
2241,1,17575998128769,17576019100002
2242,1,17576019106499,17576038229946
2243,1,17576038236137,17576057861940
2244,1,17576057867380,17576077779583
2245,1,17576077785850,17576098672424
2246,1,17576098679545,17576118958566
2247,1,17576118968360,17576138414304
2248,1,17576138420437,17576157701997
2249,1,17576157707365,17576177423044
2250,1,17576177429112,17576198201953
2251,1,17576198207784,17576219609315
2252,1,17576219616427,17576238853124
2253,1,17576238858684,17576258564491
2254,1,17576258569865,17576278279821
2255,1,17576278284825,17576298332479
2256,1,17576298343229,17576323896606
2257,1,17576323906814,17576337644373
2258,1,17576337651111,17576357979565
2259,1,17576357984678,17576377587674
2260,1,17576377597467,17576397719496
2261,1,17576397726118,17576419780220
2262,1,17576419804624,17576437263625
2263,1,17576437269128,17576458009416
2264,1,17576458014999,17576477741398
2265,1,17576477747965,17576498656194
2266,1,17576498664157,17576519125252
2267,1,17576519132208,17576538442069
2268,1,17576538447858,17576558095786
2269,1,17576558102072,17576577760849
2270,1,17576577766967,17576597656218
2271,1,17576597661846,17576618024194
2272,1,17576618030110,17576638475122
2273,1,17576638481206,17576658155987
2274,1,17576658162751,17576677316796
2275,1,17576677324663,17576697682588
2276,1,17576697688642,17576722002553
2277,1,17576722008040,17576743630911
2278,1,17576743636886,17576761455141
2279,1,17576761461664,17576781473349
2280,1,17576781479608,17576801253321
2281,1,17576801260758,17576821470579
2282,1,17576821477621,17576841636253
2283,1,17576841642931,17576861448369
2284,1,17576861455182,17576881544577
2285,1,17576881550786,17576901528072
2286,1,17576901534301,17576921685460
2287,1,17576921695257,17576941721757
2288,1,17576941729032,17576961493445
2289,1,17576961499389,17576981502840
2290,1,17576981526080,17577001503562
2291,1,17577001509291,17577021497451
2292,1,17577021502799,17577042480179
2293,1,17577042485929,17577061433679
2294,1,17577061439229,17577081601537
2295,1,17577081607585,17577101413995
2296,1,17577101420708,17577121466041
2297,1,17577121472038,17577142904169
2298,1,17577142916306,17577161596862
2299,1,17577161603030,17577181856356
2300,1,17577181861928,17577203410145
2301,1,17577203416081,17577222212724
2302,1,17577222218185,17577243077000
2303,1,17577243082781,17577261649253
2304,1,17577261655953,17577281968417
2305,1,17577281988576,17577301588188
2306,1,17577301594201,17577321606738
2307,1,17577321613378,17577341600045
2308,1,17577341606015,17577361441575
2309,1,17577361448160,17577381546401
2310,1,17577381552557,17577401603692
2311,1,17577401609649,17577421540921
2312,1,17577421547210,17577441585584
2313,1,17577441591552,17577461615611
2314,1,17577461621454,17577486144614
2315,1,17577486152709,17577505743352
2316,1,17577505749549,17577525595320
2317,1,17577525600705,17577545694976
2318,1,17577545700203,17577565484814
2319,1,17577565490985,17577585606245
2320,1,17577585612678,17577605539470
2321,1,17577605545310,17577625533920
2322,1,17577625540648,17577645615671
2323,1,17577645622080,17577665571859
2324,1,17577665577667,17577685537594
2325,1,17577685543582,17577705680941
2326,1,17577705687047,17577725608401
2327,1,17577725614206,17577745496983
2328,1,17577745502774,17577767640803
2329,1,17577767647112,17577787600464
2330,1,17577787605624,17577806303592
2331,1,17577806310567,17577826431017
2332,1,17577826436254,17577848128398
2333,1,17577848134884,17577868212543
2334,1,17577868219133,17577885499760
2335,1,17577885505716,17577905462727
2336,1,17577905468705,17577925435690
2337,1,17577925442297,17577945690798
2338,1,17577945696984,17577965545648
2339,1,17577965552071,17577985614761
2340,1,17577985644166,17578005524707
2341,1,17578005530630,17578025446217
2342,1,17578025451291,17578045588319
2343,1,17578045594015,17578065457077
2344,1,17578065462864,17578085546943
2345,1,17578085552953,17578105440484
2346,1,17578105447037,17578125526465
2347,1,17578125533082,17578145480658
2348,1,17578145486816,17578165572565
2349,1,17578165578733,17578185410685
2350,1,17578185416787,17578205507353
2351,1,17578205513613,17578225583417
2352,1,17578225589794,17578249551828
2353,1,17578249557943,17578269566943
2354,1,17578269574344,17578289570468
2355,1,17578289576268,17578309488941
2356,1,17578309495073,17578329585123
2357,1,17578329591498,17578349438704
2358,1,17578349445515,17578369560359
2359,1,17578369566727,17578389401823
2360,1,17578389408188,17578409377363
2361,1,17578409383888,17578429400999
2362,1,17578429407100,17578449497736
2363,1,17578449504119,17578469467069
2364,1,17578469473618,17578489463073
2365,1,17578489468780,17578509510639
2366,1,17578509517291,17578529268136
2367,1,17578529273243,17578549923974
2368,1,17578549929443,17578569488011
2369,1,17578569494692,17578589780669
2370,1,17578589786529,17578609491238
2371,1,17578609497461,17578629527135
2372,1,17578629533621,17578649462380
2373,1,17578649468502,17578669495930
2374,1,17578669502677,17578689571396
2375,1,17578689577826,17578709448101
2376,1,17578709454655,17578729643939
2377,1,17578729650134,17578749659097
2378,1,17578749665495,17578769621013
2379,1,17578769627493,17578790089428
2380,1,17578790094932,17578809297380
2381,1,17578809302310,17578829723358
2382,1,17578829729430,17578851368970
2383,1,17578851375592,17578871192033
2384,1,17578871200987,17578890258996
2385,1,17578890264783,17578909344576
2386,1,17578909349823,17578929835574
2387,1,17578929841405,17578950454749
2388,1,17578950460222,17578971351275
2389,1,17578971358698,17578993359498
2390,1,17578993379867,17579013803291
2391,1,17579013823825,17579033533703
2392,1,17579033539116,17579054467607
2393,1,17579054472686,17579073913379
2394,1,17579073918522,17579094108961
2395,1,17579094116212,17579113525892
2396,1,17579113531237,17579134078801
2397,1,17579134084205,17579153798889
2398,1,17579153804426,17579173651820
2399,1,17579173657709,17579193604598
2400,1,17579193610856,17579213587401
2401,1,17579213595358,17579233554379
2402,1,17579233560441,17579253514950
2403,1,17579253521130,17579273917234
2404,1,17579273922735,17579293578167
2405,1,17579293584123,17579313707661
2406,1,17579313713498,17579333757926
2407,1,17579333763863,17579353656790
2408,1,17579353663225,17579373707989
2409,1,17579373714125,17579393878102
2410,1,17579393883667,17579413751818
2411,1,17579413758531,17579433734150
2412,1,17579433740532,17579453672717
2413,1,17579453678916,17579473619041
2414,1,17579473625254,17579493711086
2415,1,17579493717433,17579514277417
2416,1,17579514283415,17579533788329
2417,1,17579533806646,17579553481678
2418,1,17579553487352,17579573573714
2419,1,17579573580119,17579593644543
2420,1,17579593650731,17579613564056
2421,1,17579613570267,17579633338521
2422,1,17579633344787,17579653421661
2423,1,17579653427645,17579673592328
2424,1,17579673598539,17579693544917
2425,1,17579693551028,17579713704617
2426,1,17579713710685,17579733657579
2427,1,17579733663787,17579757524461
2428,1,17579757530930,17579778305488
2429,1,17579778311638,17579797499001
2430,1,17579797504359,17579817657731
2431,1,17579817663785,17579837649502
2432,1,17579837673042,17579857537788
2433,1,17579857543908,17579877576925
2434,1,17579877583376,17579897388237
2435,1,17579897394752,17579917685059
2436,1,17579917691345,17579937586876
2437,1,17579937593506,17579957485159
2438,1,17579957491454,17579977476267
2439,1,17579977482441,17579997561065
2440,1,17579997567308,17580017431894
2441,1,17580017437161,17580038131420
2442,1,17580038156585,17580058246147
2443,1,17580058252188,17580077520208
2444,1,17580077526728,17580097566809
2445,1,17580097572753,17580117580889
2446,1,17580117586877,17580137538428
2447,1,17580137544757,17580157436435
2448,1,17580157442912,17580177517229
2449,1,17580177524255,17580197683557
2450,1,17580197690335,17580217542192
2451,1,17580217548601,17580237691247
2452,1,17580237697867,17580257699364
2453,1,17580257705384,17580278186229
2454,1,17580278192418,17580297835288
2455,1,17580297840195,17580317756766
2456,1,17580317763536,17580339210424
2457,1,17580339216794,17580357624107
2458,1,17580357630473,17580377775671
2459,1,17580377781115,17580397689208
2460,1,17580397695272,17580419109895
2461,1,17580419116026,17580438243961
2462,1,17580438248990,17580458158578
2463,1,17580458163877,17580478110427
2464,1,17580478115647,17580499523647
2465,1,17580499530237,17580521844440
2466,1,17580521850116,17580542625770
2467,1,17580542648117,17580562167212
2468,1,17580562172695,17580582264218
2469,1,17580582270793,17580603728666
2470,1,17580603737632,17580622979336
2471,1,17580622984613,17580642178814
2472,1,17580642185147,17580661682146
2473,1,17580661687678,17580682440925
2474,1,17580682447386,17580703661316
2475,1,17580703698239,17580722481276
2476,1,17580722486851,17580741948899
2477,1,17580741954779,17580761564763
2478,1,17580761570010,17580782206150
2479,1,17580782213346,17580802176017
2480,1,17580802186811,17580822263413
2481,1,17580822268998,17580843245395
2482,1,17580843250502,17580861492439
2483,1,17580861497758,17580882267226
2484,1,17580882273206,17580903468282
2485,1,17580903474147,17580922763380
2486,1,17580922769019,17580941855911
2487,1,17580941863799,17580961648424
2488,1,17580961653785,17580981717212
2489,1,17580981735080,17581001735521
2490,1,17581001741139,17581021426013
2491,1,17581021431318,17581041362460
2492,1,17581041367494,17581061678408
2493,1,17581061684978,17581081942486
2494,1,17581081963379,17581101936615
2495,1,17581101941923,17581121547309
2496,1,17581121552606,17581141589029
2497,1,17581141595361,17581161612724
2498,1,17581161618384,17581182074677
2499,1,17581182081627,17581202215769
2500,1,17581202222197,17581221332780
2501,1,17581221338180,17581241551596
2502,1,17581241558010,17581266289568
2503,1,17581266308298,17581286201930
2504,1,17581286207208,17581305193417
2505,1,17581305198452,17581325436685
2506,1,17581325443010,17581345766997
2507,1,17581345773950,17581365895786
2508,1,17581365901950,17581386069501
2509,1,17581386075297,17581405264033
2510,1,17581405269302,17581425559008
2511,1,17581425565405,17581445670774
2512,1,17581445676526,17581466439905
2513,1,17581466445674,17581485976375
2514,1,17581485981497,17581505265176
2515,1,17581505270561,17581525684055
2516,1,17581525690032,17581545961486
2517,1,17581545967269,17581565885384
2518,1,17581565890836,17581585443919
2519,1,17581585449182,17581605397538
2520,1,17581605403409,17581625623617
2521,1,17581625630582,17581645641848
2522,1,17581645648221,17581665594447
2523,1,17581665600262,17581685439644
2524,1,17581685445622,17581705472591
2525,1,17581705478950,17581725490245
2526,1,17581725496942,17581745550963
2527,1,17581745556918,17581765541124
2528,1,17581765547412,17581785944668
2529,1,17581785950043,17581805502843
2530,1,17581805509119,17581825573370
2531,1,17581825579276,17581845562747
2532,1,17581845569624,17581865505110
2533,1,17581865511514,17581885399071
2534,1,17581885405470,17581905494622
2535,1,17581905500589,17581925595012
2536,1,17581925601285,17581945805547
2537,1,17581945868305,17581965459594
2538,1,17581965465746,17581985320587
2539,1,17581985327096,17582005745977
2540,1,17582005754929,17582029585922
2541,1,17582029591983,17582050024406
2542,1,17582050031931,17582069796322
2543,1,17582069802041,17582089861828
2544,1,17582089880996,17582109654237
2545,1,17582109660160,17582129662691
2546,1,17582129668590,17582149686924
2547,1,17582149692430,17582169615960
2548,1,17582169622106,17582189694456
2549,1,17582189700365,17582209573717
2550,1,17582209580409,17582229734893
2551,1,17582229741040,17582249742911
2552,1,17582249749182,17582269625618
2553,1,17582269632165,17582289938587
2554,1,17582289944053,17582310257213
2555,1,17582310262737,17582329753595
2556,1,17582329760540,17582349828896
2557,1,17582349834116,17582369740449
2558,1,17582369746848,17582389801598
2559,1,17582389807556,17582409753177
2560,1,17582409776452,17582429928247
2561,1,17582429934674,17582450164347
2562,1,17582450170600,17582469861910
2563,1,17582469867288,17582490021122
2564,1,17582490027422,17582509755750
2565,1,17582509761681,17582529829986
2566,1,17582529836528,17582549644332
2567,1,17582549650213,17582569803555
2568,1,17582569810024,17582589671644
2569,1,17582589677628,17582609849750
2570,1,17582609855373,17582629729173
2571,1,17582629735768,17582649714333
2572,1,17582649720829,17582669529835
2573,1,17582669535926,17582689659430
2574,1,17582689665315,17582709573946
2575,1,17582709579954,17582729605946
2576,1,17582729612909,17582749559297
2577,1,17582749565167,17582769662928
2578,1,17582769669899,17582793359127
2579,1,17582793364166,17582813786788
2580,1,17582813793044,17582833510176
2581,1,17582833515601,17582853887024
2582,1,17582853892657,17582873650772
2583,1,17582873656867,17582893778281
2584,1,17582893784664,17582913691474
2585,1,17582913697555,17582933939700
2586,1,17582933946120,17582953647513
2587,1,17582953653525,17582974188858
2588,1,17582974195540,17582993979400
2589,1,17582993984791,17583013948438
2590,1,17583013954110,17583033769712
2591,1,17583033775587,17583053860472
2592,1,17583053867155,17583074351710
2593,1,17583074357637,17583094325775
2594,1,17583094331245,17583113649681
2595,1,17583113673656,17583133766115
2596,1,17583133772292,17583153589341
2597,1,17583153595702,17583173790959
2598,1,17583173797419,17583193621509
2599,1,17583193628101,17583213742730
2600,1,17583213749082,17583233708687
2601,1,17583233714443,17583254182755
2602,1,17583254200689,17583273786927
2603,1,17583273793061,17583294190581
2604,1,17583294195669,17583313778836
2605,1,17583313785447,17583333940365
2606,1,17583333945405,17583353635713
2607,1,17583353641795,17583373712704
2608,1,17583373719233,17583393607500
2609,1,17583393613625,17583413762363
2610,1,17583413768461,17583433686678
2611,1,17583433693181,17583453829339
2612,1,17583453835611,17583473656820
2613,1,17583473662858,17583493839167
2614,1,17583493845569,17583513654928
2615,1,17583513660832,17583537993021
2616,1,17583537999735,17583557975821
2617,1,17583557981166,17583578072465
2618,1,17583578077692,17583597719577
2619,1,17583597726122,17583617799117
2620,1,17583617805695,17583637832531
2621,1,17583637838181,17583658222371
2622,1,17583658227717,17583677693886
2623,1,17583677699244,17583698043931
2624,1,17583698050853,17583717868527
2625,1,17583717873843,17583737864309
2626,1,17583737869661,17583757756170
2627,1,17583757762063,17583777658509
2628,1,17583777664834,17583797542772
2629,1,17583797548278,17583817488093
2630,1,17583817493679,17583837444560
2631,1,17583837449738,17583857746788
2632,1,17583857752858,17583877535851
2633,1,17583877541993,17583897727329
2634,1,17583897733216,17583917538993
2635,1,17583917545091,17583937794479
2636,1,17583937800979,17583957542322
2637,1,17583957548833,17583977680078
2638,1,17583977685983,17583997601312
2639,1,17583997608013,17584017598329
2640,1,17584017605440,17584037436959
2641,1,17584037442330,17584057835550
2642,1,17584057841911,17584077579646
2643,1,17584077586055,17584097545343
2644,1,17584097551839,17584117494669
2645,1,17584117517179,17584137688407
2646,1,17584137709356,17584157496694
2647,1,17584157502946,17584177661373
2648,1,17584177668094,17584197628196
2649,1,17584197635269,17584217816430
2650,1,17584217823318,17584237417688
2651,1,17584237424350,17584257675943
2652,1,17584257681908,17584277451737
2653,1,17584277457853,17584301355641
2654,1,17584301361344,17584321658529
2655,1,17584321664663,17584341702155
2656,1,17584341708956,17584361573610
2657,1,17584361579959,17584381809740
2658,1,17584381816069,17584401571093
2659,1,17584401577233,17584421747165
2660,1,17584421753253,17584441582291
2661,1,17584441588737,17584461429647
2662,1,17584461434887,17584481781400
2663,1,17584481787532,17584501926100
2664,1,17584501931366,17584521718109
2665,1,17584521724694,17584541711157
2666,1,17584541717876,17584562378034
2667,1,17584562384781,17584581871286
2668,1,17584581876802,17584601647760
2669,1,17584601654230,17584621802227
2670,1,17584621808648,17584641912248
2671,1,17584641917681,17584661934218
2672,1,17584661984672,17584681677038
2673,1,17584681683321,17584701760102
2674,1,17584701766615,17584721559327
2675,1,17584721565695,17584741673142
2676,1,17584741679365,17584761559315
2677,1,17584761565237,17584781716272
2678,1,17584781722571,17584801700087
2679,1,17584801705670,17584821842158
2680,1,17584821848330,17584841603714
2681,1,17584841609717,17584861706470
2682,1,17584861712838,17584881547327
2683,1,17584881553360,17584901765896
2684,1,17584901772290,17584921592973
2685,1,17584921599183,17584941771524
2686,1,17584941778169,17584961659761
2687,1,17584961666054,17584981717040
2688,1,17584981723244,17585001685054
2689,1,17585001691117,17585021883167
2690,1,17585021927732,17585041557201
2691,1,17585041563509,17585065902307
2692,1,17585065907516,17585085710371
2693,1,17585085716508,17585105735328
2694,1,17585105741475,17585125725528
2695,1,17585125731956,17585145766055
2696,1,17585145772994,17585165503655
2697,1,17585165509292,17585185693458
2698,1,17585185714491,17585205637229
2699,1,17585205643001,17585225699086
2700,1,17585225705372,17585245738454
2701,1,17585245744353,17585265850853
2702,1,17585265857116,17585285703932
2703,1,17585285710011,17585305588142
2704,1,17585305593600,17585325436978
2705,1,17585325442134,17585346011122
2706,1,17585346016662,17585365663135
2707,1,17585365669292,17585385983018
2708,1,17585385989202,17585405747807
2709,1,17585405753757,17585425749393
2710,1,17585425755970,17585445791308
2711,1,17585445797214,17585465802025
2712,1,17585465808261,17585485586937
2713,1,17585485592205,17585505788345
2714,1,17585505794475,17585525654059
2715,1,17585525660303,17585545695921
2716,1,17585545701830,17585565895489
2717,1,17585565900254,17585586125279
2718,1,17585586131568,17585605746770
2719,1,17585605752700,17585625759536
2720,1,17585625765213,17585645586511
2721,1,17585645592361,17585665779269
2722,1,17585665785093,17585685708377
2723,1,17585685714644,17585705838299
2724,1,17585705844335,17585725703664
2725,1,17585725709997,17585745902277
2726,1,17585745907616,17585765938099
2727,1,17585765943245,17585786056068
2728,1,17585786062163,17585809809362
2729,1,17585809815548,17585830036347
2730,1,17585830059556,17585849722266
2731,1,17585849728062,17585869917993
2732,1,17585869923383,17585889680637
2733,1,17585889686726,17585909695172
2734,1,17585909701820,17585929646228
2735,1,17585929652471,17585949782894
2736,1,17585949788918,17585969636479
2737,1,17585969642651,17585989729411
2738,1,17585989735223,17586009607762
2739,1,17586009614646,17586029790392
2740,1,17586029796869,17586049804687
2741,1,17586049811756,17586069772540
2742,1,17586069778861,17586089871608
2743,1,17586089877838,17586109948248
2744,1,17586109953617,17586129652736
2745,1,17586129658999,17586149795367
2746,1,17586149801848,17586169606080
2747,1,17586169611933,17586189662743
2748,1,17586189686822,17586209615956
2749,1,17586209621548,17586229692627
2750,1,17586229699349,17586249490899
2751,1,17586249496945,17586269734462
2752,1,17586269740498,17586289629781
2753,1,17586289635983,17586309370355
2754,1,17586309375369,17586329730876
2755,1,17586329736879,17586349687804
2756,1,17586349693759,17586369542118
2757,1,17586369547749,17586389636010
2758,1,17586389641889,17586409528242
2759,1,17586409534190,17586429688772
2760,1,17586429695001,17586449319754
2761,1,17586449325736,17586469486651
2762,1,17586469492886,17586489428703
2763,1,17586489435068,17586509507150
2764,1,17586509513125,17586529378629
2765,1,17586529384967,17586549550280
2766,1,17586549556275,17586573659144
2767,1,17586573664984,17586593749824
2768,1,17586593756020,17586613574896
2769,1,17586613580712,17586633632134
2770,1,17586633637762,17586653580589
2771,1,17586653586501,17586673719441
2772,1,17586673740845,17586693406341
2773,1,17586693412391,17586713661257
2774,1,17586713668062,17586733296347
2775,1,17586733302114,17586753536689
2776,1,17586753542887,17586773432118
2777,1,17586773437973,17586793608869
2778,1,17586793614698,17586813405621
2779,1,17586813411739,17586838099161
2780,1,17586838105193,17586853646266
2781,1,17586853652394,17586873598565
2782,1,17586873604929,17586893516023
2783,1,17586893522589,17586913658346
2784,1,17586913664609,17586933559008
2785,1,17586933565277,17586953634902
2786,1,17586953641130,17586973500796
2787,1,17586973506867,17586993612448
2788,1,17586993619121,17587016385085
2789,1,17587016391871,17587036089872
2790,1,17587036096441,17587054019060
2791,1,17587054024025,17587073698170
2792,1,17587073704467,17587093659431
2793,1,17587093665654,17587113697552
2794,1,17587113704159,17587133624901
2795,1,17587133630975,17587153759254
2796,1,17587153765741,17587173510911
2797,1,17587173517665,17587193656270
2798,1,17587193663217,17587213569980
2799,1,17587213592920,17587233640007
2800,1,17587233646175,17587253502471
2801,1,17587253508461,17587273699647
2802,1,17587273705760,17587293540825
2803,1,17587293546819,17587313572789
2804,1,17587313578291,17587337760947
2805,1,17587337766349,17587357848794
2806,1,17587357855002,17587377648901
2807,1,17587377655045,17587397850865
2808,1,17587397857159,17587417642405
2809,1,17587417648149,17587437786896
2810,1,17587437793148,17587458168007
2811,1,17587458174639,17587477522891
2812,1,17587477528380,17587497817871
2813,1,17587497824119,17587518178248
2814,1,17587518184199,17587538059170
2815,1,17587538079357,17587558939981
2816,1,17587558945503,17587577614877
2817,1,17587577620153,17587597870790
2818,1,17587597877012,17587618758094
2819,1,17587618764368,17587638071131
2820,1,17587638077260,17587658478015
2821,1,17587658483751,17587677764322
2822,1,17587677769713,17587698342468
2823,1,17587698348500,17587717776353
2824,1,17587717782346,17587738183922
2825,1,17587738189223,17587757584933
2826,1,17587757590535,17587777722390
2827,1,17587777728740,17587798017871
2828,1,17587798023927,17587818679904
2829,1,17587818685037,17587837891564
2830,1,17587837896956,17587857575812
2831,1,17587857581622,17587877830369
2832,1,17587877836550,17587897556422
2833,1,17587897562488,17587917637646
2834,1,17587917643878,17587937457337
2835,1,17587937463298,17587957622458
2836,1,17587957628668,17587977708334
2837,1,17587977714271,17587997739280
2838,1,17587997745498,17588019745699
2839,1,17588019752329,17588038169139
2840,1,17588038174669,17588057717067
2841,1,17588057724612,17588081756721
2842,1,17588081762006,17588103333028
2843,1,17588103339286,17588124263923
2844,1,17588124270218,17588141762626
2845,1,17588141768710,17588161746390
2846,1,17588161751974,17588182269640
2847,1,17588182275779,17588203902382
2848,1,17588203938787,17588222141919
2849,1,17588222146701,17588241929526
2850,1,17588241955804,17588261379083
2851,1,17588261384923,17588282210575
2852,1,17588282216722,17588303528661
2853,1,17588303538497,17588322080430
2854,1,17588322085821,17588343836137
2855,1,17588343843614,17588362260286
2856,1,17588362267584,17588381553073
2857,1,17588381559460,17588401557842
2858,1,17588401563414,17588422222301
2859,1,17588422228019,17588442338878
2860,1,17588442344483,17588462322041
2861,1,17588462348310,17588482130426
2862,1,17588482135905,17588501415770
2863,1,17588501420914,17588521952767
2864,1,17588521958510,17588543073094
2865,1,17588543080561,17588562602693
2866,1,17588562607505,17588581374820
2867,1,17588581380563,17588601770735
2868,1,17588601811204,17588622300853
2869,1,17588622306692,17588643292947
2870,1,17588643306902,17588661906558
2871,1,17588661912087,17588681672649
2872,1,17588681678274,17588701533259
2873,1,17588701540097,17588722181854
2874,1,17588722187164,17588742796704
2875,1,17588742803784,17588762298629
2876,1,17588762303945,17588781531666
2877,1,17588781536996,17588802405354
2878,1,17588802411404,17588821901979
2879,1,17588821907124,17588845518115
2880,1,17588845523455,17588866637281
2881,1,17588866642980,17588885940653
2882,1,17588885945890,17588906268967
2883,1,17588906275697,17588927219330
2884,1,17588927226013,17588945968959
2885,1,17588945975376,17588966285429
2886,1,17588966293417,17588985746381
2887,1,17588985751871,17589006077818
2888,1,17589006085047,17589026527383
2889,1,17589026532915,17589045459092
2890,1,17589045464478,17589066395107
2891,1,17589066400675,17589085602249
2892,1,17589085608641,17589106627993
2893,1,17589106636427,17589125923902
2894,1,17589125929663,17589145912263
2895,1,17589145931072,17589165584823
2896,1,17589165590064,17589186271156
2897,1,17589186277816,17589205562807
2898,1,17589205589858,17589225299608
2899,1,17589225305085,17589246844709
2900,1,17589246868584,17589268280676
2901,1,17589268287816,17589285744711
2902,1,17589285790276,17589306065168
2903,1,17589306070482,17589326509014
2904,1,17589326514382,17589347534018
2905,1,17589347543203,17589365815476
2906,1,17589365827995,17589385780397
2907,1,17589385786754,17589405754855
2908,1,17589405761500,17589425711221
2909,1,17589425717599,17589445494687
2910,1,17589445500998,17589465606450
2911,1,17589465612655,17589485596122
2912,1,17589485602775,17589505699885
2913,1,17589505706516,17589525694866
2914,1,17589525701162,17589545694556
2915,1,17589545700951,17589566827788
2916,1,17589566833487,17589585789891
2917,1,17589585796232,17589609817316
2918,1,17589609823561,17589629628796
2919,1,17589629635312,17589649592367
2920,1,17589649598371,17589669516013
2921,1,17589669522327,17589689581262
2922,1,17589689587508,17589709601830
2923,1,17589709608420,17589729567694
2924,1,17589729574160,17589749674344
2925,1,17589749680673,17589769513008
2926,1,17589769519748,17589789616566
2927,1,17589789622716,17589809690443
2928,1,17589809696988,17589829638056
2929,1,17589829644470,17589849731234
2930,1,17589849737607,17589869451723
2931,1,17589869456941,17589889674685
2932,1,17589889681023,17589909628194
2933,1,17589909634615,17589929665937
2934,1,17589929672004,17589949541229
2935,1,17589949547761,17589969598458
2936,1,17589969605031,17589989482805
2937,1,17589989488734,17590009583743
2938,1,17590009590485,17590029560548
2939,1,17590029566671,17590049630378
2940,1,17590049636547,17590069789127
2941,1,17590069794715,17590089595597
2942,1,17590089619299,17590109737252
2943,1,17590109743665,17590129666176
2944,1,17590129672632,17590149555477
2945,1,17590149562192,17590169507161
2946,1,17590169513464,17590189514420
2947,1,17590189520872,17590209565622
2948,1,17590209572548,17590229689865
2949,1,17590229696721,17590249582885
2950,1,17590249589056,17590269604556
2951,1,17590269611553,17590289537952
2952,1,17590289561358,17590309706522
2953,1,17590309712737,17590329647150
2954,1,17590329653178,17590353884796
2955,1,17590353890529,17590373641464
2956,1,17590373647921,17590393729603
2957,1,17590393735312,17590413632970
2958,1,17590413639511,17590433754509
2959,1,17590433760874,17590453759316
2960,1,17590453765855,17590473672559
2961,1,17590473678816,17590493648263
2962,1,17590493654441,17590513692469
2963,1,17590513699213,17590533701860
2964,1,17590533708531,17590553667650
2965,1,17590553674021,17590573566239
2966,1,17590573571949,17590593696308
2967,1,17590593703372,17590613756491
2968,1,17590613763391,17590633710069
2969,1,17590633716528,17590653755048
2970,1,17590653761358,17590674873641
2971,1,17590674881639,17590694488605
2972,1,17590694494024,17590714109584
2973,1,17590714114651,17590734245854
2974,1,17590734252429,17590753620240
2975,1,17590753626862,17590775092613
2976,1,17590775151132,17590794516909
2977,1,17590794522489,17590814503541
2978,1,17590814508984,17590834005653
2979,1,17590834012271,17590854103608
2980,1,17590854110135,17590873718402
2981,1,17590873723981,17590895253956
2982,1,17590895262837,17590913698618
2983,1,17590913704287,17590934403942
2984,1,17590934409288,17590953378513
