frame_index,read_ok,t_before_read_ns,t_after_read_ns
0,1,18549419054764,18549439130124
1,1,18549439140980,18549461175601
2,1,18549461181605,18549479406216
3,1,18549479412116,18549499631908
4,1,18549499636776,18549519813566
5,1,18549519818713,18549539183035
6,1,18549539186687,18549559219731
7,1,18549559224284,18549579119217
8,1,18549579123138,18549599468266
9,1,18549599473931,18549619206217
10,1,18549619211020,18549639396719
11,1,18549639401880,18549659490596
12,1,18549659494486,18549679217351
13,1,18549679221924,18549699298275
14,1,18549699318674,18549719132552
15,1,18549719137445,18549739463638
16,1,18549739468203,18549763800477
17,1,18549763805218,18549783204608
18,1,18549783209047,18549803101968
19,1,18549803107110,18549823289293
20,1,18549823294255,18549843427623
21,1,18549843433225,18549863503049
22,1,18549863507101,18549883158683
23,1,18549883163569,18549903867038
24,1,18549903872993,18549923458249
25,1,18549923463498,18549943818250
26,1,18549943823132,18549963218157
27,1,18549963222294,18549983245683
28,1,18549983250531,18550003300037
29,1,18550003305252,18550023472138
30,1,18550023478633,18550043444951
31,1,18550043449297,18550064054612
32,1,18550064059097,18550083020043
33,1,18550083025152,18550103094301
34,1,18550103098239,18550123212883
35,1,18550123218124,18550143507536
36,1,18550143512691,18550163527277
37,1,18550163533494,18550183611303
38,1,18550183625864,18550203175329
39,1,18550203179851,18550223131756
40,1,18550223135819,18550243309810
41,1,18550243315213,18550263565224
42,1,18550263569374,18550283393705
43,1,18550283398309,18550304268429
44,1,18550304273276,18550324078363
45,1,18550324099029,18550344372022
46,1,18550344396423,18550363841141
47,1,18550363845470,18550383378980
48,1,18550383383664,18550403020530
49,1,18550403025571,18550423335095
50,1,18550423339216,18550443136012
51,1,18550443140664,18550463485621
52,1,18550463490124,18550482962055
53,1,18550482966999,18550503248027
54,1,18550503252540,18550527076434
55,1,18550527081659,18550547225552
56,1,18550547230350,18550569352643
57,1,18550569362706,18550586925579
58,1,18550586930201,18550607912705
59,1,18550607916601,18550627513296
60,1,18550627522447,18550648400134
61,1,18550648405042,18550670059972
62,1,18550670065162,18550686967791
63,1,18550686971833,18550707198034
64,1,18550707201733,18550727263645
65,1,18550727273691,18550748402778
66,1,18550748406807,18550767539750
67,1,18550767543862,18550786874484
68,1,18550786878766,18550807008748
69,1,18550807013320,18550827184081
70,1,18550827188921,18550848806713
71,1,18550848810805,18550867330939
72,1,18550867335137,18550887026432
73,1,18550887032211,18550907234575
74,1,18550907239205,18550927021953
75,1,18550927026375,18550947574085
76,1,18550947579318,18550967105691
77,1,18550967113084,18550987103548
78,1,18550987129555,18551006999053
79,1,18551007003986,18551027832871
80,1,18551027838465,18551048535750
81,1,18551048541146,18551067014550
82,1,18551067018959,18551087169049
83,1,18551087173921,18551106901851
84,1,18551106905822,18551127157510
85,1,18551127162522,18551147093038
86,1,18551147097631,18551167068075
87,1,18551167073158,18551186969858
88,1,18551186974504,18551207261076
89,1,18551207265982,18551232980327
90,1,18551232986279,18551254887586
91,1,18551254893807,18551278163648
92,1,18551278171210,18551298592707
93,1,18551298600113,18551332456987
94,1,18551332464263,18551363442795
95,1,18551363464462,18551373208950
96,1,18551373215423,18551383946922
97,1,18551383953435,18551419184515
98,1,18551419190956,18551439618333
99,1,18551439624674,18551449258452
100,1,18551449265310,18551459527696
101,1,18551459533546,18551478306094
102,1,18551478312053,18551495401794
103,1,18551495407518,18551526263671
104,1,18551526269314,18551537764619
105,1,18551537770730,18551560058009
106,1,18551560064191,18551574424714
107,1,18551574430210,18551595107714
108,1,18551595114480,18551613856849
109,1,18551613863956,18551634598788
110,1,18551634606103,18551652967583
111,1,18551652973412,18551673673149
112,1,18551673679823,18551691103358
113,1,18551691107579,18551711549163
114,1,18551711554304,18551732828872
115,1,18551732835401,18551752258403
116,1,18551752264502,18551774762193
117,1,18551774769041,18551791473295
118,1,18551791477716,18551814543615
119,1,18551814553213,18551834052019
120,1,18551834057999,18551854668530
121,1,18551854674085,18551875878079
122,1,18551875883950,18551894002462
123,1,18551894007678,18551917222777
124,1,18551917227368,18551931321721
125,1,18551931326088,18551950915455
126,1,18551950919404,18551971221905
127,1,18551971226476,18551992106730
128,1,18551992111502,18552011261311
129,1,18552011267126,18552035392405
130,1,18552035397933,18552057967270
131,1,18552057973578,18552078208358
132,1,18552078214896,18552097955813
133,1,18552097962348,18552115863329
134,1,18552115868198,18552135086120
135,1,18552135092228,18552155255318
136,1,18552155259688,18552174961882
137,1,18552174967102,18552196092275
138,1,18552196097448,18552214941462
139,1,18552214946153,18552235006028
140,1,18552235010938,18552255052150
141,1,18552255057712,18552275079652
142,1,18552275110125,18552295137519
143,1,18552295142537,18552315131248
144,1,18552315136257,18552335134497
145,1,18552335138853,18552355685057
146,1,18552355702589,18552375119476
147,1,18552375124127,18552395080684
148,1,18552395085054,18552415444055
149,1,18552415450559,18552434882958
150,1,18552434887568,18552454794754
151,1,18552454799341,18552475217425
152,1,18552475223433,18552495148090
153,1,18552495154887,18552516604499
154,1,18552516610758,18552537305599
155,1,18552537311111,18552555284153
156,1,18552555289600,18552575258781
157,1,18552575263970,18552595068009
158,1,18552595072846,18552615100347
159,1,18552615105580,18552635058298
160,1,18552635063264,18552654953582
161,1,18552654958430,18552674951114
162,1,18552674955972,18552694983678
163,1,18552694988785,18552714981435
164,1,18552714986139,18552735050176
165,1,18552735055197,18552755070497
166,1,18552755074900,18552774892527
167,1,18552774897489,18552799139195
168,1,18552799143636,18552819039017
169,1,18552819043979,18552839015881
170,1,18552839020430,18552859378268
171,1,18552859382610,18552879125837
172,1,18552879130241,18552899204630
173,1,18552899210684,18552919144913
174,1,18552919150148,18552939997638
175,1,18552940018517,18552959716605
176,1,18552959720548,18552979800802
177,1,18552979805107,18552999061365
178,1,18552999067211,18553018799821
179,1,18553018804347,18553041683732
180,1,18553041688468,18553059952098
181,1,18553059956858,18553080337685
182,1,18553080342372,18553101296215
183,1,18553101301115,18553119998359
184,1,18553120022892,18553139112731
185,1,18553139117152,18553159069440
186,1,18553159073583,18553178945304
187,1,18553178950538,18553199144875
188,1,18553199148921,18553219004151
189,1,18553219009424,18553239997186
190,1,18553240020857,18553259827219
191,1,18553259831768,18553279359423
192,1,18553279363834,18553299004228
193,1,18553299008690,18553318960607
194,1,18553318964887,18553339230574
195,1,18553339234394,18553360182447
196,1,18553360186582,18553380177902
197,1,18553380196566,18553398938420
198,1,18553398942860,18553419051746
199,1,18553419056049,18553439053210
200,1,18553439058720,18553459585431
201,1,18553459591967,18553480835181
202,1,18553480839499,18553499123840
203,1,18553499127948,18553519358878
204,1,18553519363344,18553543488644
205,1,18553543507942,18553564143056
206,1,18553564149908,18553582812877
207,1,18553582818256,18553602945248
208,1,18553602949601,18553624307002
209,1,18553624311921,18553643813475
210,1,18553643817842,18553663358831
211,1,18553663363244,18553682853525
212,1,18553682857923,18553702971330
213,1,18553702975703,18553724312918
214,1,18553724317893,18553744742396
215,1,18553744746386,18553763792410
216,1,18553763796897,18553784496204
217,1,18553784500425,18553802945959
218,1,18553802949800,18553823171829
219,1,18553823178704,18553843195238
220,1,18553843199588,18553863247824
221,1,18553863252022,18553883199494
222,1,18553883204679,18553902957477
223,1,18553902962731,18553923062928
224,1,18553923067822,18553943372547
225,1,18553943378247,18553962937406
226,1,18553962942236,18553982804952
227,1,18553982810124,18554003182354
228,1,18554003187482,18554023130001
229,1,18554023135475,18554042971652
230,1,18554042976044,18554062989269
231,1,18554062994151,18554090553324
232,1,18554090558922,18554106035819
233,1,18554106049835,18554125932925
234,1,18554125937392,18554145140734
235,1,18554145146305,18554164961690
236,1,18554164966387,18554184245484
237,1,18554184250339,18554203475250
238,1,18554203479674,18554224822805
239,1,18554224827871,18554245084972
240,1,18554245090299,18554269707294
241,1,18554269712930,18554284386737
242,1,18554284391505,18554307148430
243,1,18554307155606,18554328052905
244,1,18554328057853,18554347718061
245,1,18554347722786,18554367372976
246,1,18554367377509,18554386877559
247,1,18554386882738,18554406990445
248,1,18554406998015,18554427501588
249,1,18554427537539,18554447289232
250,1,18554447293688,18554467334200
251,1,18554467338955,18554486924052
252,1,18554486928353,18554507095231
253,1,18554507099560,18554527071129
254,1,18554527076317,18554547054051
255,1,18554547058954,18554567150178
256,1,18554567154473,18554587027006
257,1,18554587033092,18554607188258
258,1,18554607193785,18554626960414
259,1,18554626965978,18554647067488
260,1,18554647072967,18554667113025
261,1,18554667118649,18554686987987
262,1,18554686993674,18554706987605
263,1,18554706993388,18554726939626
264,1,18554726944782,18554747031438
265,1,18554747054347,18554767045831
266,1,18554767052521,18554787721649
267,1,18554787726705,18554807114760
268,1,18554807119562,18554826995602
269,1,18554827001440,18554847244801
270,1,18554847250181,18554867356249
271,1,18554867364226,18554887432117
272,1,18554887437189,18554909331334
273,1,18554909336764,18554927148055
274,1,18554927152377,18554947924762
275,1,18554947929847,18554967051786
276,1,18554967076881,18554987466972
277,1,18554987472181,18555007584414
278,1,18555007591583,18555027445052
279,1,18555027449845,18555046861895
280,1,18555046866028,18555071099148
281,1,18555071104756,18555091559786
282,1,18555091566705,18555111961125
283,1,18555111966429,18555131149671
284,1,18555131154652,18555151148224
285,1,18555151153351,18555171064967
286,1,18555171069914,18555190951122
287,1,18555190957459,18555210916809
288,1,18555210922053,18555230960396
289,1,18555230966319,18555250785423
290,1,18555250790014,18555271044615
291,1,18555271049954,18555291025291
292,1,18555291030382,18555310968415
293,1,18555310972658,18555330945546
294,1,18555330949837,18555351253985
295,1,18555351258784,18555370959589
296,1,18555370963866,18555391067190
297,1,18555391072061,18555410842343
298,1,18555410847073,18555430990773
299,1,18555431014055,18555451375096
300,1,18555451379452,18555471476608
301,1,18555471481647,18555491361915
302,1,18555491366483,18555510918957
303,1,18555510923646,18555531260396
304,1,18555531265959,18555550975629
305,1,18555550980962,18555571151890
306,1,18555571156901,18555591114862
307,1,18555591119999,18555611021484
308,1,18555611026398,18555631067535
309,1,18555631072969,18555651560689
310,1,18555651565611,18555671123891
311,1,18555671129306,18555691388133
312,1,18555691392852,18555711154381
313,1,18555711162921,18555731396585
314,1,18555731401394,18555751118270
315,1,18555751123913,18555771438485
316,1,18555771443434,18555791100258
317,1,18555791105813,18555815241115
318,1,18555815246275,18555834985761
319,1,18555834991118,18555855249900
320,1,18555855255050,18555875369549
321,1,18555875375759,18555895441750
322,1,18555895446425,18555915196381
323,1,18555915202056,18555935287748
324,1,18555935293771,18555955002906
325,1,18555955008898,18555975279311
326,1,18555975284779,18555995203575
327,1,18555995208579,18556016590769
328,1,18556016635088,18556035539720
329,1,18556035544267,18556055482817
330,1,18556055488070,18556075073626
331,1,18556075078733,18556095422963
332,1,18556095428338,18556115353905
333,1,18556115359772,18556135375790
334,1,18556135383852,18556155198588
335,1,18556155204081,18556183034548
336,1,18556183042898,18556201098976
337,1,18556201106764,18556219501622
338,1,18556219512251,18556235592179
339,1,18556235597925,18556256371940
340,1,18556256377925,18556276509027
341,1,18556276515635,18556297596973
342,1,18556297602035,18556316701819
343,1,18556316707527,18556336474707
344,1,18556336479452,18556355227130
345,1,18556355233378,18556376139157
346,1,18556376144951,18556396558970
347,1,18556396567579,18556415712332
348,1,18556415717103,18556435549781
349,1,18556435554410,18556456078379
350,1,18556456104167,18556475199826
351,1,18556475205034,18556495411196
352,1,18556495416208,18556515050093
353,1,18556515057140,18556535173518
354,1,18556535178659,18556555009613
355,1,18556555014862,18556578883921
356,1,18556578888380,18556599132037
357,1,18556599137978,18556619306513
358,1,18556619311585,18556640570595
359,1,18556640575505,18556661187050
360,1,18556661192885,18556679582890
361,1,18556679587981,18556699050320
362,1,18556699055688,18556718975052
363,1,18556718980819,18556739155050
364,1,18556739160725,18556758997723
365,1,18556759002785,18556779074344
366,1,18556779079284,18556798712192
367,1,18556798717014,18556819208016
368,1,18556819213474,18556839033419
369,1,18556839038390,18556859276570
370,1,18556859281336,18556878836503
371,1,18556878841620,18556899226018
372,1,18556899230925,18556919100625
373,1,18556919105921,18556939775136
374,1,18556939780343,18556959249096
375,1,18556959254621,18556979145515
376,1,18556979172436,18556999041552
377,1,18556999046954,18557019094692
378,1,18557019099688,18557039458335
379,1,18557039465892,18557059302218
380,1,18557059306950,18557079141400
381,1,18557079146817,18557099254426
382,1,18557099259375,18557120642417
383,1,18557120647993,18557139894395
384,1,18557139900669,18557159476817
385,1,18557159481124,18557179262996
386,1,18557179268397,18557198922697
387,1,18557198927628,18557219167844
388,1,18557219172588,18557238972529
389,1,18557238977962,18557259200640
390,1,18557259206098,18557279068158
391,1,18557279073086,18557299085297
392,1,18557299108026,18557319098686
393,1,18557319103980,18557343132566
394,1,18557343137379,18557363610633
395,1,18557363615975,18557383584358
396,1,18557383589467,18557403171499
397,1,18557403177012,18557423217046
398,1,18557423222933,18557443095200
399,1,18557443100610,18557463247894
400,1,18557463253432,18557483059485
401,1,18557483082496,18557503150321
402,1,18557503155697,18557523032609
403,1,18557523038307,18557543173988
404,1,18557543179414,18557563076071
405,1,18557563081012,18557583094391
406,1,18557583099197,18557603064263
407,1,18557603069813,18557623548439
408,1,18557623552814,18557643242256
409,1,18557643247650,18557663233517
410,1,18557663238641,18557683014213
411,1,18557683019881,18557703142970
412,1,18557703148183,18557723084902
413,1,18557723090465,18557743148797
414,1,18557743155061,18557762900656
415,1,18557762905634,18557782999766
416,1,18557783004757,18557802937673
417,1,18557802942994,18557823184761
418,1,18557823189062,18557843058453
419,1,18557843063407,18557864174036
420,1,18557864180417,18557885488055
421,1,18557885495483,18557906287143
422,1,18557906314997,18557925798227
423,1,18557925805432,18557947134479
424,1,18557947140415,18557968106799
425,1,18557968113140,18557987977694
426,1,18557987984001,18558012227795
427,1,18558012234670,18558024932132
428,1,18558024939041,18558051369370
429,1,18558051375578,18558067547168
430,1,18558067566299,18558091914570
431,1,18558091920046,18558111309378
432,1,18558111315012,18558127897651
433,1,18558127902466,18558146971100
434,1,18558146976362,18558167056520
435,1,18558167085349,18558187658922
436,1,18558187664715,18558207176010
437,1,18558207181442,18558227032800
438,1,18558227037965,18558246905144
439,1,18558246910672,18558267006260
440,1,18558267012429,18558287021874
441,1,18558287028488,18558309410819
442,1,18558309416223,18558329172664
443,1,18558329177897,18558349231933
444,1,18558349236669,18558369197951
445,1,18558369202856,18558387057831
446,1,18558387063110,18558406950429
447,1,18558406954644,18558426919309
448,1,18558426923425,18558446775943
449,1,18558446810283,18558466894888
450,1,18558466898662,18558487057966
451,1,18558487064228,18558507495479
452,1,18558507500679,18558527201155
453,1,18558527221242,18558546904291
454,1,18558546908797,18558571888154
455,1,18558571892574,18558587417129
456,1,18558587422523,18558608362673
457,1,18558608369659,18558631539993
458,1,18558631547466,18558647569597
459,1,18558647574332,18558666871837
460,1,18558666876924,18558687215260
461,1,18558687220255,18558707084721
462,1,18558707089605,18558727124993
463,1,18558727130160,18558747042453
464,1,18558747047156,18558766983162
465,1,18558766988652,18558787069532
466,1,18558787074404,18558807094425
467,1,18558807099378,18558827159333
468,1,18558827164539,18558851026183
469,1,18558851031969,18558871251063
470,1,18558871257297,18558891019751
471,1,18558891025156,18558911229222
472,1,18558911234569,18558931109529
473,1,18558931115534,18558951162306
474,1,18558951167626,18558971270418
475,1,18558971276537,18558991139393
476,1,18558991144643,18559011141695
477,1,18559011146596,18559031110791
478,1,18559031115362,18559051153735
479,1,18559051158971,18559071119082
480,1,18559071124340,18559091142700
481,1,18559091149861,18559111118706
482,1,18559111123772,18559131673228
483,1,18559131679414,18559151414313
484,1,18559151424601,18559171860464
485,1,18559171866201,18559191788519
486,1,18559191793302,18559211168789
487,1,18559211173474,18559230962554
488,1,18559230966794,18559251261140
489,1,18559251270003,18559271024528
490,1,18559271029040,18559291051015
491,1,18559291058207,18559311433551
492,1,18559311438031,18559331416813
493,1,18559331421515,18559351203312
494,1,18559351207904,18559371116740
495,1,18559371121596,18559391222703
496,1,18559391227823,18559411163007
497,1,18559411168498,18559430955461
498,1,18559430959349,18559451200424
499,1,18559451205417,18559471051821
500,1,18559471056671,18559490937329
501,1,18559490943247,18559510994586
502,1,18559511000164,18559530990684
503,1,18559531021013,18559551218483
504,1,18559551224159,18559570862802
505,1,18559570868474,18559591080100
506,1,18559591086072,18559614978096
507,1,18559614983311,18559635968840
508,1,18559635975036,18559655153884
509,1,18559655158945,18559675164806
510,1,18559675170395,18559695057135
511,1,18559695061679,18559715098698
512,1,18559715103562,18559734960771
513,1,18559734965417,18559755190223
514,1,18559755195598,18559775041050
515,1,18559775046713,18559795172331
516,1,18559795177997,18559814915938
517,1,18559814920969,18559841630492
518,1,18559841636656,18559857494902
519,1,18559857502822,18559877106078
520,1,18559877176917,18559895809141
521,1,18559895816545,18559916282143
522,1,18559916288289,18559937266686
523,1,18559937272513,18559957095029
524,1,18559957100144,18559977420118
525,1,18559977425119,18559995469571
526,1,18559995474379,18560015730131
527,1,18560015736336,18560035980610
528,1,18560035987372,18560057146632
529,1,18560057151229,18560075016645
530,1,18560075021740,18560094875563
531,1,18560094880756,18560115073968
532,1,18560115079226,18560135235101
533,1,18560135239752,18560155337026
534,1,18560155342109,18560175020648
535,1,18560175025634,18560195171578
536,1,18560195177147,18560214956039
537,1,18560214961261,18560235089972
538,1,18560235095241,18560255037707
539,1,18560255042808,18560275172462
540,1,18560275177663,18560295089484
541,1,18560295095528,18560315198606
542,1,18560315203662,18560335025065
543,1,18560335030970,18560359068623
544,1,18560359101658,18560379293855
545,1,18560379297903,18560399199739
546,1,18560399204649,18560419133924
547,1,18560419139022,18560439077907
548,1,18560439082762,18560459013020
549,1,18560459034664,18560479230032
550,1,18560479235577,18560499033888
551,1,18560499038939,18560519006806
552,1,18560519011885,18560539030016
553,1,18560539035551,18560559179989
554,1,18560559201825,18560579169987
555,1,18560579175319,18560600085598
556,1,18560600091283,18560619487355
557,1,18560619499464,18560641486093
558,1,18560641491337,18560661337283
559,1,18560661341699,18560679419121
560,1,18560679423374,18560699045169
561,1,18560699050625,18560719876377
562,1,18560719901017,18560739666887
563,1,18560739671672,18560759323554
564,1,18560759328105,18560778951704
565,1,18560778956236,18560799089738
566,1,18560799094654,18560819239914
567,1,18560819245495,18560839991112
568,1,18560840120862,18560859441925
569,1,18560859446964,18560879310481
570,1,18560879321136,18560899099311
571,1,18560899104275,18560919444532
572,1,18560919449619,18560939798835
573,1,18560939804424,18560958806365
574,1,18560958810789,18560979068789
575,1,18560979075881,18560999500642
576,1,18560999507069,18561022069805
577,1,18561022075830,18561040291889
578,1,18561040297055,18561058855523
579,1,18561058860331,18561078985340
580,1,18561078990301,18561099166843
581,1,18561099172099,18561123553502
582,1,18561123558324,18561143062330
583,1,18561143066697,18561163195389
584,1,18561163200491,18561183035883
585,1,18561183040127,18561203247469
586,1,18561203252269,18561222967456
587,1,18561222971968,18561243061872
588,1,18561243066973,18561263009476
589,1,18561263014728,18561283056224
590,1,18561283061351,18561303025061
591,1,18561303030545,18561323071068
592,1,18561323076673,18561342973803
593,1,18561342979942,18561363125264
594,1,18561363132035,18561383456905
595,1,18561383463218,18561403278401
596,1,18561403284133,18561423221489
597,1,18561423226604,18561442785528
598,1,18561442789845,18561462970911
599,1,18561462976382,18561483274515
600,1,18561483279504,18561503235644
601,1,18561503240562,18561523180959
602,1,18561523186550,18561543021890
603,1,18561543027084,18561563056859
604,1,18561563062357,18561583077043
605,1,18561583100230,18561603220067
606,1,18561603240350,18561651227881
607,1,18561651235512,18561665643777
608,1,18561665650756,18561675864160
609,1,18561675869739,18561683380200
610,1,18561683387261,18561712112714
611,1,18561712118900,18561727441447
612,1,18561727455206,18561751291375
613,1,18561751301338,18561770527423
614,1,18561770532975,18561787299438
615,1,18561787306579,18561809658971
616,1,18561809667274,18561830636068
617,1,18561830643170,18561851891422
618,1,18561851897997,18561872254576
619,1,18561872273239,18561891446413
620,1,18561891452570,18561908087797
621,1,18561908093187,18561928181636
622,1,18561928186513,18561948061198
623,1,18561948066371,18561967236896
624,1,18561967242169,18561987264233
625,1,18561987269353,18562007049181
626,1,18562007054439,18562027179701
627,1,18562027185335,18562047171144
628,1,18562047176952,18562066988325
629,1,18562066993757,18562087215160
630,1,18562087220356,18562107065049
631,1,18562107069995,18562127121307
632,1,18562127126278,18562146911604
633,1,18562146916500,18562167213872
634,1,18562167219710,18562187066038
635,1,18562187070947,18562207062645
636,1,18562207068418,18562227016116
637,1,18562227021272,18562247092213
638,1,18562247097341,18562267080011
639,1,18562267085713,18562287143168
640,1,18562287148355,18562307126878
641,1,18562307131796,18562327218783
642,1,18562327224823,18562347073497
643,1,18562347079102,18562367224840
644,1,18562367229685,18562386953937
645,1,18562386959678,18562407203843
646,1,18562407208762,18562427531275
647,1,18562427535868,18562447224450
648,1,18562447229188,18562467857709
649,1,18562467864607,18562489194457
650,1,18562489199168,18562509755529
651,1,18562509767759,18562528688348
652,1,18562528693525,18562547253659
653,1,18562547258504,18562568808286
654,1,18562568812649,18562590092602
655,1,18562590101633,18562607457337
656,1,18562607462013,18562633313778
657,1,18562633320367,18562653374409
658,1,18562653403792,18562672845658
659,1,18562672850254,18562691383640
660,1,18562691389497,18562710842332
661,1,18562710846878,18562730921213
662,1,18562730925741,18562751196376
663,1,18562751201981,18562771073150
664,1,18562771077709,18562790892966
665,1,18562790898122,18562810964571
666,1,18562810969610,18562831088254
667,1,18562831093766,18562851346466
668,1,18562851357738,18562872226369
669,1,18562872231710,18562892933699
670,1,18562892939126,18562911571262
671,1,18562911576491,18562930956010
672,1,18562930963213,18562952892442
673,1,18562952899330,18562973851139
674,1,18562973865577,18562991972104
675,1,18562991977206,18563011376330
676,1,18563011380810,18563032735593
677,1,18563032743720,18563052803975
678,1,18563052810105,18563072795012
679,1,18563072799587,18563091717740
680,1,18563091723110,18563110806926
681,1,18563110811495,18563131260319
682,1,18563131265710,18563150880291
683,1,18563150885029,18563171192033
684,1,18563171197677,18563190915501
685,1,18563190920842,18563211131387
686,1,18563211136751,18563231380795
687,1,18563231385565,18563252069221
688,1,18563252075768,18563273477344
689,1,18563273498048,18563292249383
690,1,18563292272160,18563312151683
691,1,18563312156494,18563331269427
692,1,18563331279888,18563352059583
693,1,18563352065316,18563372020838
694,1,18563372026494,18563395526513
695,1,18563395531411,18563415245967
696,1,18563415250906,18563436556898
697,1,18563436561493,18563456431588
698,1,18563456436440,18563474891168
699,1,18563474895436,18563494990477
700,1,18563494994812,18563514848938
701,1,18563514853666,18563536330932
702,1,18563536336107,18563558490277
703,1,18563558504994,18563575818273
704,1,18563575823059,18563595051714
705,1,18563595056929,18563615278091
706,1,18563615285358,18563634939802
707,1,18563634944792,18563655021914
708,1,18563655041719,18563674947260
709,1,18563674951873,18563694955087
710,1,18563694959865,18563714984118
711,1,18563714989703,18563735253700
712,1,18563735258560,18563754947920
713,1,18563754952344,18563774937330
714,1,18563774941839,18563795117771
715,1,18563795122442,18563815262627
716,1,18563815268573,18563836210509
717,1,18563836215594,18563855083838
718,1,18563855088421,18563874903524
719,1,18563874907980,18563895989472
720,1,18563895994408,18563915097760
721,1,18563915102486,18563935213108
722,1,18563935218140,18563955100556
723,1,18563955105961,18563975176183
724,1,18563975181814,18563995090966
725,1,18563995096131,18564015171820
726,1,18564015177236,18564035140066
727,1,18564035145156,18564055159389
728,1,18564055164385,18564075094717
729,1,18564075099605,18564095086252
730,1,18564095091282,18564115008289
731,1,18564115013339,18564138845381
732,1,18564138865644,18564159042537
733,1,18564159047522,18564179155083
734,1,18564179160733,18564199142362
735,1,18564199149861,18564219118868
736,1,18564219124100,18564239104117
737,1,18564239109289,18564259185994
738,1,18564259191028,18564279031172
739,1,18564279036043,18564302467517
740,1,18564302473262,18564323451288
741,1,18564323460967,18564341858367
742,1,18564341863535,18564360108568
743,1,18564360113765,18564381647165
744,1,18564381654351,18564401194967
745,1,18564401202313,18564423311416
746,1,18564423324868,18564441981577
747,1,18564441986688,18564460369245
748,1,18564460375955,18564479705767
749,1,18564479710955,18564501333463
750,1,18564501340106,18564521760329
751,1,18564521765727,18564541737608
752,1,18564541743493,18564560610140
753,1,18564560619591,18564578989582
754,1,18564578994520,18564600158009
755,1,18564600162827,18564619690493
756,1,18564619696102,18564642199093
757,1,18564642211480,18564659040320
758,1,18564659045359,18564679074499
759,1,18564679095983,18564699238301
760,1,18564699246378,18564719062672
761,1,18564719068961,18564739175800
762,1,18564739180551,18564759026002
763,1,18564759031033,18564779231598
764,1,18564779236375,18564799078667
765,1,18564799086788,18564819711467
766,1,18564819715652,18564839101477
767,1,18564839106712,18564863079289
768,1,18564863087663,18564884152543
769,1,18564884169787,18564903424319
770,1,18564903428576,18564923074603
771,1,18564923079543,18564943521246
772,1,18564943526064,18564962973481
773,1,18564962978832,18564983167262
774,1,18564983171803,18565006865437
775,1,18565006911038,18565027114551
776,1,18565027120644,18565047115104
777,1,18565047118942,18565067046896
778,1,18565067051415,18565086715078
779,1,18565086722495,18565105885657
780,1,18565105889841,18565123076213
781,1,18565123081479,18565143199197
782,1,18565143203591,18565163192705
783,1,18565163197653,18565183405130
784,1,18565183410165,18565203092038
785,1,18565203096998,18565223214966
786,1,18565223219829,18565243080801
787,1,18565243085570,18565263246794
788,1,18565263251070,18565283060896
789,1,18565283065764,18565303265941
790,1,18565303270772,18565323151764
791,1,18565323156422,18565344253920
792,1,18565344258296,18565363089444
793,1,18565363093958,18565383253922
794,1,18565383258443,18565403698203
795,1,18565403704197,18565423304878
796,1,18565423309754,18565443306272
797,1,18565443311064,18565463245869
798,1,18565463250910,18565483096401
799,1,18565483101237,18565503273523
800,1,18565503278434,18565523113461
801,1,18565523118760,18565543081981
802,1,18565543087119,18565563033439
803,1,18565563038426,18565583157809
804,1,18565583162991,18565603053542
805,1,18565603058494,18565623112761
806,1,18565623117752,18565643009272
807,1,18565643014196,18565668017664
808,1,18565668024330,18565688764692
809,1,18565688769389,18565707121023
810,1,18565707141317,18565727238408
811,1,18565727243475,18565750349580
812,1,18565750355738,18565768283331
813,1,18565768288616,18565789475118
814,1,18565789484115,18565809749347
815,1,18565809757111,18565827134129
816,1,18565827139045,18565847382074
817,1,18565847387877,18565867446735
818,1,18565867451296,18565887225726
819,1,18565887230470,18565907587350
820,1,18565907593130,18565929642091
821,1,18565929649270,18565949756925
822,1,18565949762998,18565969544318
823,1,18565969550352,18565989516581
824,1,18565989523246,18566009624433
825,1,18566009630305,18566030386643
826,1,18566030403395,18566049782926
827,1,18566049789990,18566069526499
828,1,18566069532277,18566089037658
829,1,18566089044926,18566109570559
830,1,18566109577438,18566131500117
831,1,18566131508397,18566147682501
832,1,18566147688063,18566169266090
833,1,18566169271692,18566189406469
834,1,18566189411913,18566209316579
835,1,18566209322259,18566229834420
836,1,18566229840557,18566249678970
837,1,18566249686026,18566269316652
838,1,18566269322835,18566287149671
839,1,18566287154436,18566307160060
840,1,18566307164493,18566326967528
841,1,18566326972832,18566347250877
842,1,18566347256896,18566367265929
843,1,18566367270572,18566388762886
844,1,18566388768049,18566413514680
845,1,18566413522060,18566434012690
846,1,18566434019396,18566453654543
847,1,18566453663542,18566473431926
848,1,18566473439305,18566494312243
849,1,18566494318909,18566517109659
850,1,18566517116301,18566533966335
851,1,18566533973815,18566558524548
852,1,18566558531502,18566575992548
853,1,18566575999442,18566594172690
854,1,18566594180207,18566615054036
855,1,18566615061275,18566635843177
856,1,18566635859565,18566655446775
857,1,18566655453260,18566674091043
858,1,18566674098194,18566694916177
859,1,18566694926655,18566720133460
860,1,18566720152332,18566735468277
861,1,18566735476358,18566756583155
862,1,18566760233107,18566774742515
863,1,18566774749390,18566794874173
864,1,18566794887880,18566814065514
865,1,18566814071998,18566833447901
866,1,18566833454497,18566855382949
867,1,18566855388769,18566874527921
868,1,18566874534377,18566891991259
869,1,18566891996853,18566913218909
870,1,18566913226920,18566933000637
871,1,18566933008323,18566952961202
872,1,18566952967791,18566971881767
873,1,18566971886943,18566991888997
874,1,18566991897378,18567011097730
875,1,18567011107578,18567035039836
876,1,18567035050790,18567053734329
877,1,18567053740045,18567072164381
878,1,18567072183200,18567093060279
879,1,18567093067385,18567114535828
880,1,18567114542043,18567134607034
881,1,18567134620602,18567152429366
882,1,18567152435340,18567176845277
883,1,18567176851171,18567196107453
884,1,18567196114625,18567218817914
885,1,18567218824653,18567237621764
886,1,18567237627522,18567258825700
887,1,18567258859296,18567277386548
888,1,18567277392516,18567296763928
889,1,18567296770515,18567318119941
890,1,18567318126908,18567337912445
891,1,18567337918875,18567358085039
892,1,18567358091738,18567375298808
893,1,18567375303993,18567395011523
894,1,18567395018788,18567417695482
895,1,18567417701478,18567438426939
896,1,18567438433378,18567455192400
897,1,18567455197407,18567475179786
898,1,18567475184293,18567495172166
899,1,18567495176994,18567515749238
900,1,18567515755003,18567536952665
901,1,18567536959191,18567559157036
902,1,18567559174925,18567580142351
903,1,18567580149237,18567596804119
904,1,18567596810108,18567616031556
905,1,18567616037816,18567635103019
906,1,18567635107848,18567655103559
907,1,18567655108303,18567675919689
908,1,18567675924975,18567697798515
909,1,18567697803631,18567716087449
910,1,18567716092793,18567738095544
911,1,18567738104277,18567754905868
912,1,18567754925811,18567774975847
913,1,18567774980133,18567794954163
914,1,18567794960941,18567815615479
915,1,18567815620559,18567836071100
916,1,18567836076895,18567854932071
917,1,18567854936932,18567875209988
918,1,18567875215007,18567895508364
919,1,18567895512692,18567915390705
920,1,18567915395116,18567939037513
921,1,18567939042710,18567961949636
922,1,18567961954310,18567979179626
923,1,18567979185090,18567999304610
924,1,18567999310530,18568019059440
925,1,18568019065993,18568039268870
926,1,18568039273849,18568059032981
927,1,18568059037961,18568079053250
928,1,18568079058034,18568101468953
929,1,18568101473398,18568119097861
930,1,18568119102862,18568138950625
931,1,18568138955420,18568159132367
932,1,18568159137075,18568179079392
933,1,18568179084419,18568199078745
934,1,18568199086316,18568219121834
935,1,18568219126702,18568239085236
936,1,18568239090315,18568259116721
937,1,18568259121530,18568279019484
938,1,18568279024330,18568298985379
939,1,18568298993667,18568319014552
940,1,18568319018863,18568339750953
941,1,18568339758319,18568359112402
942,1,18568359117693,18568379141287
943,1,18568379146202,18568399059318
944,1,18568399066335,18568418933562
945,1,18568418953971,18568439083979
946,1,18568439088741,18568459207003
947,1,18568459211894,18568479065688
948,1,18568479071035,18568499097143
949,1,18568499105224,18568519027741
950,1,18568519033239,18568539094201
951,1,18568539099243,18568558897403
952,1,18568558902582,18568579188017
953,1,18568579192913,18568602169822
954,1,18568602175643,18568619010132
955,1,18568619015390,18568639247973
956,1,18568639253263,18568659053842
957,1,18568659059208,18568684714518
958,1,18568684721740,18568703112572
959,1,18568703117345,18568723249467
960,1,18568723254114,18568742971963
961,1,18568742977728,18568763292653
962,1,18568763296850,18568785391061
963,1,18568785429335,18568802904148
964,1,18568802908715,18568823164076
965,1,18568823168716,18568844383432
966,1,18568844392569,18568863740605
967,1,18568863744948,18568884952943
968,1,18568884957932,18568903415602
969,1,18568903420550,18568922999544
970,1,18568923004239,18568943390192
971,1,18568943397635,18568963159913
972,1,18568963165592,18568982905358
973,1,18568982911621,18569003128323
974,1,18569003133452,18569023044260
975,1,18569023049945,18569042964823
976,1,18569042970404,18569063249029
977,1,18569063256128,18569083041554
978,1,18569083046498,18569103650773
979,1,18569103655296,18569122890846
980,1,18569122895688,18569143331744
981,1,18569143337669,18569163325733
982,1,18569163330957,18569183451872
983,1,18569183456639,18569203453240
984,1,18569203457976,18569223455676
985,1,18569223460776,18569243164032
986,1,18569243169132,18569263212149
987,1,18569263217222,18569283024420
988,1,18569283028709,18569303142446
989,1,18569303148755,18569323238131
990,1,18569323243298,18569343326496
991,1,18569343335105,18569363333153
992,1,18569363338505,18569382953339
993,1,18569382958650,18569403309721
994,1,18569403315667,18569423016324
995,1,18569423021544,18569447317380
996,1,18569447322186,18569467080165
997,1,18569467085045,18569487165989
998,1,18569487171340,18569506968515
999,1,18569506974083,18569527183484
1000,1,18569527188390,18569547058266
1001,1,18569547063317,18569567085543
1002,1,18569567090795,18569587015029
1003,1,18569587020113,18569607566991
1004,1,18569607571740,18569627105367
1005,1,18569627110829,18569647239020
1006,1,18569647243202,18569668603212
1007,1,18569668608671,18569688318667
1008,1,18569688323701,18569707267750
1009,1,18569707272503,18569727094229
1010,1,18569727099577,18569746977325
1011,1,18569746982274,18569766939248
1012,1,18569766944582,18569787106620
1013,1,18569787112188,18569807043790
1014,1,18569807067458,18569827412950
1015,1,18569827419130,18569851153785
1016,1,18569851163367,18569867593024
1017,1,18569867598134,18569887133332
1018,1,18569887138466,18569907116322
1019,1,18569907121219,18569928359222
1020,1,18569928366885,18569947620901
1021,1,18569947629344,18569967256526
1022,1,18569967261655,18569987094140
1023,1,18569987099379,18570006980526
1024,1,18570006984850,18570027224673
1025,1,18570027230252,18570047059560
1026,1,18570047065032,18570067946856
1027,1,18570067951896,18570087033718
1028,1,18570087039184,18570108574774
1029,1,18570108581284,18570127316540
1030,1,18570127337989,18570146982450
1031,1,18570146987384,18570166924403
1032,1,18570166928870,18570187111440
1033,1,18570187115685,18570211164661
1034,1,18570211169860,18570231079000
1035,1,18570231084233,18570251234552
1036,1,18570251239965,18570271098783
1037,1,18570271104408,18570291192362
1038,1,18570291197160,18570311271325
1039,1,18570311275793,18570331198262
1040,1,18570331203612,18570352541864
1041,1,18570352546687,18570371126562
1042,1,18570371131541,18570393365560
1043,1,18570393370695,18570411583725
1044,1,18570411589278,18570431265128
1045,1,18570431270189,18570451181943
1046,1,18570451187099,18570471034758
1047,1,18570471040576,18570491008237
1048,1,18570491013307,18570511143150
1049,1,18570511148415,18570531197213
1050,1,18570531201963,18570550961369
1051,1,18570550966154,18570571131704
1052,1,18570571136595,18570591360180
1053,1,18570591365696,18570611270214
1054,1,18570611274954,18570631046607
1055,1,18570631051915,18570651292955
1056,1,18570651303591,18570670921684
1057,1,18570670926088,18570691306585
1058,1,18570691311238,18570711102707
1059,1,18570711107370,18570731075147
1060,1,18570731079541,18570751137656
1061,1,18570751142798,18570771059938
1062,1,18570771064755,18570790871651
1063,1,18570790876026,18570811063444
1064,1,18570811067942,18570831141282
1065,1,18570831146518,18570854081005
1066,1,18570854103439,18570870933313
1067,1,18570870937337,18570891222630
1068,1,18570891227474,18570911125906
1069,1,18570911130757,18570931143693
1070,1,18570931148825,18570954987613
1071,1,18570954991964,18570975117922
1072,1,18570975148066,18570994780649
1073,1,18570994785499,18571015129920
1074,1,18571015134984,18571035079978
1075,1,18571035085208,18571054911427
1076,1,18571054916180,18571075053638
1077,1,18571075058695,18571095712886
1078,1,18571095722123,18571115049118
1079,1,18571115054152,18571135128475
1080,1,18571135133313,18571154851376
1081,1,18571154856458,18571175162775
1082,1,18571175167816,18571195163670
1083,1,18571195168931,18571215250404
1084,1,18571215255705,18571235107293
1085,1,18571235112105,18571255431305
1086,1,18571255436059,18571275088636
1087,1,18571275093519,18571295018472
1088,1,18571295024093,18571315346596
1089,1,18571315352378,18571335346279
1090,1,18571335352657,18571357703951
1091,1,18571357709982,18571377641562
1092,1,18571377647802,18571397560793
1093,1,18571397567143,18571417617021
1094,1,18571417622565,18571437709197
1095,1,18571437716163,18571457793623
1096,1,18571457799594,18571477797391
1097,1,18571477812565,18571496873007
1098,1,18571496878463,18571518067879
1099,1,18571518074675,18571535891050
1100,1,18571535895876,18571554852936
1101,1,18571554859971,18571575065204
1102,1,18571575070378,18571595556016
1103,1,18571595574581,18571615133863
1104,1,18571615138938,18571635539945
1105,1,18571635545461,18571655078922
1106,1,18571655083281,18571674952465
1107,1,18571674957576,18571695734596
1108,1,18571695740078,18571719163444
1109,1,18571719169293,18571741003674
1110,1,18571741008766,18571758989997
1111,1,18571758995208,18571779069462
1112,1,18571779074488,18571798952993
1113,1,18571798957654,18571819005829
1114,1,18571819010670,18571839034180
1115,1,18571839057415,18571858759968
1116,1,18571858777483,18571878979578
1117,1,18571878984796,18571898985435
1118,1,18571898991031,18571918928322
1119,1,18571918933278,18571938962129
1120,1,18571938966839,18571959218679
1121,1,18571959223860,18571979554278
1122,1,18571979558721,18571998801406
1123,1,18571998806385,18572018769981
1124,1,18572018774878,18572038939168
1125,1,18572038944026,18572059256408
1126,1,18572059261262,18572079090453
1127,1,18572079094996,18572100967052
1128,1,18572100972325,18572118996592
1129,1,18572119002430,18572139212925
1130,1,18572139219527,18572159908723
1131,1,18572159913764,18572179345442
1132,1,18572179349732,18572199011337
1133,1,18572199015719,18572219120119
1134,1,18572219124786,18572239259684
1135,1,18572239264262,18572260274868
1136,1,18572260281162,18572280551080
1137,1,18572280555671,18572299153246
1138,1,18572299159360,18572319164027
1139,1,18572319168618,18572339375411
1140,1,18572339380483,18572359273899
1141,1,18572359279048,18572380803146
1142,1,18572380809583,18572401699354
1143,1,18572401705726,18572419374871
1144,1,18572419379679,18572439187184
1145,1,18572439192411,18572459270839
1146,1,18572459276536,18572483625414
1147,1,18572483630074,18572503179085
1148,1,18572503184657,18572522919732
1149,1,18572522925674,18572544208568
1150,1,18572544212940,18572563291839
1151,1,18572563297425,18572583549298
1152,1,18572583553636,18572605799220
1153,1,18572605804461,18572623175805
1154,1,18572623183943,18572643919139
1155,1,18572643923411,18572663090864
1156,1,18572663095710,18572683238251
1157,1,18572683242891,18572702964889
1158,1,18572702969885,18572723071361
1159,1,18572723075993,18572744133846
1160,1,18572744149038,18572762968365
1161,1,18572762973369,18572782939389
1162,1,18572782944194,18572803664227
1163,1,18572803670815,18572824874343
1164,1,18572824880844,18572843039732
1165,1,18572843044506,18572864451553
1166,1,18572864458790,18572882832550
1167,1,18572882851925,18572902916456
1168,1,18572902921341,18572925398664
1169,1,18572925406410,18572947685225
1170,1,18572947692209,18572969302327
1171,1,18572969310435,18572985079970
1172,1,18572985086482,18573003256961
1173,1,18573003262132,18573026040242
1174,1,18573026046439,18573045579788
1175,1,18573045587448,18573065491699
1176,1,18573065496601,18573084057460
1177,1,18573084062170,18573104329925
1178,1,18573104335916,18573124839416
1179,1,18573124847667,18573144450049
1180,1,18573144456383,18573163530461
1181,1,18573163535066,18573183352211
1182,1,18573183356932,18573202968939
1183,1,18573202974095,18573228272226
1184,1,18573228278261,18573250685506
1185,1,18573250691766,18573270895559
1186,1,18573270901624,18573290445401
1187,1,18573290453541,18573309163077
1188,1,18573309169929,18573330698792
1189,1,18573330705048,18573348643938
1190,1,18573348651191,18573369458273
1191,1,18573369464679,18573394064849
1192,1,18573394071908,18573408820866
1193,1,18573408826944,18573431352254
1194,1,18573431360691,18573450547070
1195,1,18573450571356,18573467332139
1196,1,18573467337631,18573487718547
1197,1,18573487749299,18573509811149
1198,1,18573509818114,18573529811744
1199,1,18573529817450,18573547115570
1200,1,18573547134972,18573570775210
1201,1,18573570781245,18573590303891
1202,1,18573590312026,18573608153805
1203,1,18573608158926,18573631644458
1204,1,18573631651200,18573649474775
1205,1,18573649481427,18573671676489
1206,1,18573671682881,18573689355194
1207,1,18573689363253,18573709833940
1208,1,18573709841170,18573727211994
1209,1,18573727216930,18573750482776
1210,1,18573750506064,18573766890142
1211,1,18573766895060,18573787323024
1212,1,18573787328772,18573807380272
1213,1,18573807387372,18573827335820
1214,1,18573827342091,18573847285965
1215,1,18573847290289,18573867916713
1216,1,18573867921511,18573886983223
1217,1,18573886988158,18573907039470
1218,1,18573907058897,18573927119475
1219,1,18573927124470,18573947258259
1220,1,18573947262951,18573967588194
1221,1,18573967592870,18573990963985
1222,1,18573990969772,18574011421005
1223,1,18574011428281,18574031076262
1224,1,18574031081327,18574050930841
1225,1,18574050935553,18574070963515
1226,1,18574070968239,18574090971309
1227,1,18574090977527,18574111206292
1228,1,18574111211547,18574131094113
1229,1,18574131101265,18574151062795
1230,1,18574151067323,18574171048880
1231,1,18574171053763,18574191149689
1232,1,18574191154494,18574212881998
1233,1,18574212888519,18574231139077
1234,1,18574231144623,18574251237632
1235,1,18574251243438,18574271046538
1236,1,18574271051574,18574291140092
1237,1,18574291145741,18574311154346
1238,1,18574311158539,18574331060993
1239,1,18574331066292,18574351185202
1240,1,18574351190316,18574370990729
1241,1,18574370995709,18574390968612
1242,1,18574390991634,18574411187931
1243,1,18574411194393,18574431246635
1244,1,18574431251613,18574451294601
1245,1,18574451301021,18574473907110
1246,1,18574473911758,18574491068138
1247,1,18574491073089,18574511257074
1248,1,18574511262089,18574530977321
1249,1,18574530983051,18574551283084
1250,1,18574551287873,18574571280679
1251,1,18574571286139,18574591236714
1252,1,18574591242405,18574611277773
1253,1,18574611283040,18574631113228
1254,1,18574631118742,18574651496857
1255,1,18574651501705,18574671420383
1256,1,18574671425125,18574691079434
1257,1,18574691084812,18574713631485
1258,1,18574713636640,18574731390152
1259,1,18574731394946,18574757013494
1260,1,18574757020500,18574778665532
1261,1,18574778670867,18574796411244
1262,1,18574796416029,18574817065012
1263,1,18574817072034,18574838268134
1264,1,18574838283377,18574856172847
1265,1,18574856179549,18574877926837
1266,1,18574877934313,18574897887609
1267,1,18574897894179,18574917896951
1268,1,18574917902683,18574938684321
1269,1,18574938692038,18574958020957
1270,1,18574958177577,18574978594258
1271,1,18574978616333,18574997708329
1272,1,18574997715195,18575015820752
1273,1,18575015827920,18575038335659
1274,1,18575038343466,18575055951202
1275,1,18575055959169,18575077380662
1276,1,18575077384951,18575095332173
1277,1,18575095337152,18575115140919
1278,1,18575115145863,18575138466498
1279,1,18575138475089,18575157503549
1280,1,18575157508768,18575176153052
1281,1,18575176158075,18575196298476
1282,1,18575196304362,18575217722026
1283,1,18575217727972,18575237952609
1284,1,18575237958571,18575256328087
1285,1,18575256353069,18575275439055
1286,1,18575275443842,18575299040951
1287,1,18575299047946,18575317077500
1288,1,18575317084219,18575338136125
1289,1,18575338142999,18575356142256
1290,1,18575356148819,18575378681883
1291,1,18575378688082,18575397855592
1292,1,18575397862195,18575417172660
1293,1,18575417178856,18575436409721
1294,1,18575436414935,18575455287608
1295,1,18575455292005,18575476962711
1296,1,18575476969735,18575500513716
1297,1,18575500518186,18575519279119
1298,1,18575519284940,18575539692642
1299,1,18575539700113,18575559280823
1300,1,18575559286213,18575579417888
1301,1,18575579426891,18575600530924
1302,1,18575600535520,18575618905009
1303,1,18575618910209,18575641936436
1304,1,18575641942514,18575660055259
1305,1,18575660061102,18575680174508
1306,1,18575680179317,18575698884866
1307,1,18575698890760,18575718945567
1308,1,18575718950281,18575739252901
1309,1,18575739257520,18575759357713
1310,1,18575759362393,18575778883541
1311,1,18575778888437,18575799161093
1312,1,18575799165979,18575818863582
1313,1,18575818867866,18575839346671
1314,1,18575839352273,18575859120752
1315,1,18575859125532,18575879271487
1316,1,18575879277493,18575899239913
1317,1,18575899249218,18575919920990
1318,1,18575919928051,18575939169427
1319,1,18575939174013,18575959681041
1320,1,18575959711556,18575979125331
1321,1,18575979130770,18575999465050
1322,1,18575999469940,18576019053144
1323,1,18576019058906,18576039278206
1324,1,18576039283089,18576059074560
1325,1,18576059079775,18576079256002
1326,1,18576079261209,18576098986532
1327,1,18576098991599,18576119160338
1328,1,18576119165368,18576139019514
1329,1,18576139024807,18576159032492
1330,1,18576159036872,18576180790709
1331,1,18576180795882,18576199486751
1332,1,18576199491861,18576218923365
1333,1,18576218928234,18576239269806
1334,1,18576239275368,18576263307996
1335,1,18576263312919,18576283391946
1336,1,18576283396953,18576303206596
1337,1,18576303212077,18576323114817
1338,1,18576323120423,18576342906829
1339,1,18576342911436,18576365421096
1340,1,18576365427065,18576382945956
1341,1,18576382951878,18576403346305
1342,1,18576403351479,18576425102468
1343,1,18576425109018,18576443185740
1344,1,18576443190445,18576463964058
1345,1,18576463968844,18576483267801
1346,1,18576483273010,18576502959802
1347,1,18576502965493,18576523194753
1348,1,18576523199481,18576543027056
1349,1,18576543031962,18576563590769
1350,1,18576563596411,18576583147958
1351,1,18576583153023,18576603419184
1352,1,18576603424524,18576623872065
1353,1,18576623878641,18576644234304
1354,1,18576644239314,18576663047394
1355,1,18576663051647,18576683374656
1356,1,18576683380188,18576703371064
1357,1,18576703377286,18576723324569
1358,1,18576723328874,18576744221047
1359,1,18576744226275,18576763127973
1360,1,18576763132749,18576782795227
1361,1,18576782800023,18576803568945
1362,1,18576803575391,18576823334569
1363,1,18576823338903,18576843648826
1364,1,18576843653053,18576863056731
1365,1,18576863061290,18576883394358
1366,1,18576883399637,18576903635912
1367,1,18576903641983,18576925908469
1368,1,18576925914516,18576944482874
1369,1,18576944487906,18576963523507
1370,1,18576963549209,18576983097070
1371,1,18576983115774,18577003193735
1372,1,18577003199573,18577026904132
1373,1,18577026908313,18577047324931
1374,1,18577047329448,18577067105655
1375,1,18577067110654,18577087811235
1376,1,18577087817124,18577108114049
1377,1,18577108119112,18577127205015
1378,1,18577127209302,18577147065040
1379,1,18577147069595,18577167391770
1380,1,18577167396614,18577187921932
1381,1,18577187926435,18577207269117
1382,1,18577207273846,18577227240911
1383,1,18577227245734,18577247391707
1384,1,18577247396682,18577267168729
1385,1,18577267173514,18577287269569
1386,1,18577287274555,18577307058523
1387,1,18577307063545,18577327116520
1388,1,18577327121775,18577347000638
1389,1,18577347005597,18577367313623
1390,1,18577367319116,18577387197983
1391,1,18577387202930,18577407137213
1392,1,18577407142957,18577430246225
1393,1,18577430252161,18577447282617
1394,1,18577447287975,18577467336875
1395,1,18577467381177,18577487648134
1396,1,18577487652926,18577507498333
1397,1,18577507503323,18577527381295
1398,1,18577527387279,18577546948700
1399,1,18577546953705,18577567451446
1400,1,18577567456744,18577587224561
1401,1,18577587230187,18577607249139
1402,1,18577607253799,18577627163021
1403,1,18577627167871,18577647282014
1404,1,18577647286837,18577667226909
1405,1,18577667237597,18577687133388
1406,1,18577687138594,18577707016824
1407,1,18577707021994,18577727293624
1408,1,18577727298979,18577747097373
1409,1,18577747102568,18577771347153
1410,1,18577771351790,18577790988607
1411,1,18577790993003,18577811225900
1412,1,18577811249172,18577831071185
1413,1,18577831076214,18577851255431
1414,1,18577851260372,18577871083783
1415,1,18577871088859,18577890976907
1416,1,18577890981302,18577911120663
1417,1,18577911126204,18577932460991
1418,1,18577932466861,18577951377611
1419,1,18577951383403,18577971512383
1420,1,18577971516958,18577991242618
1421,1,18577991247451,18578012373928
1422,1,18578012392748,18578031161151
1423,1,18578031166897,18578051165376
1424,1,18578051169987,18578072137489
1425,1,18578072143560,18578091136396
1426,1,18578091141176,18578111067932
1427,1,18578111073112,18578131133053
1428,1,18578131138166,18578150991795
1429,1,18578150996842,18578172152153
1430,1,18578172158482,18578191071709
1431,1,18578191076564,18578211184792
1432,1,18578211190506,18578231022977
1433,1,18578231028060,18578251210889
1434,1,18578251215883,18578270905748
1435,1,18578270910882,18578291132844
1436,1,18578291137820,18578311250535
1437,1,18578311255834,18578330931930
1438,1,18578330936615,18578351490317
1439,1,18578351496943,18578372201962
1440,1,18578372206546,18578391095849
1441,1,18578391100746,18578412314422
1442,1,18578412319501,18578433858202
1443,1,18578433863463,18578451728020
1444,1,18578451735520,18578472148054
1445,1,18578472152876,18578491726562
1446,1,18578491731337,18578511182684
1447,1,18578511187950,18578535232037
1448,1,18578535236611,18578554957064
1449,1,18578554962023,18578575232379
1450,1,18578575237998,18578595177472
1451,1,18578595182774,18578615204152
1452,1,18578615209626,18578635038941
1453,1,18578635043987,18578655343364
1454,1,18578655348634,18578677839877
1455,1,18578677864693,18578695228203
1456,1,18578695233409,18578714901597
1457,1,18578714906506,18578735307775
1458,1,18578735312627,18578754951621
1459,1,18578754956668,18578775200546
1460,1,18578775205365,18578795188738
1461,1,18578795194291,18578815021905
1462,1,18578815027021,18578835206269
1463,1,18578835211593,18578855110718
1464,1,18578855115833,18578875238491
1465,1,18578875243130,18578895069936
1466,1,18578895075310,18578915120622
1467,1,18578915125409,18578936756880
1468,1,18578936763892,18578955068641
1469,1,18578955073019,18578975767078
1470,1,18578975771786,18578995108582
1471,1,18578995113885,18579017234355
1472,1,18579017240779,18579038190859
1473,1,18579038196833,18579055637356
1474,1,18579055661180,18579074919890
1475,1,18579074924726,18579094939129
1476,1,18579094943679,18579115118299
1477,1,18579115123049,18579135334208
1478,1,18579135340506,18579156433513
1479,1,18579156439919,18579177696117
1480,1,18579177701763,18579195480748
1481,1,18579195485773,18579214985590
1482,1,18579214990266,18579235233759
1483,1,18579235238700,18579255104224
1484,1,18579255108699,18579274834365
1485,1,18579274838778,18579299133754
1486,1,18579299141190,18579319152535
1487,1,18579319159093,18579339342799
1488,1,18579339347706,18579359035694
1489,1,18579359040209,18579379071328
1490,1,18579379076645,18579399079406
1491,1,18579399085696,18579419373359
1492,1,18579419377862,18579439864291
1493,1,18579439869867,18579458876167
1494,1,18579458880661,18579479104873
1495,1,18579479109804,18579499190795
1496,1,18579499195420,18579519001610
1497,1,18579519005955,18579538956631
1498,1,18579538961471,18579558988075
1499,1,18579558993700,18579579167577
1500,1,18579579173648,18579599036086
1501,1,18579599041387,18579619206903
1502,1,18579619212400,18579639136046
1503,1,18579639141488,18579659163268
1504,1,18579659168266,18579681564369
1505,1,18579681570074,18579699273192
1506,1,18579699278676,18579719286801
1507,1,18579719292244,18579739377295
1508,1,18579739382448,18579759190679
1509,1,18579759196472,18579779236009
1510,1,18579779241189,18579799508473
1511,1,18579799513898,18579819080382
1512,1,18579819085351,18579839378055
1513,1,18579839382972,18579859144052
1514,1,18579859149055,18579879098839
1515,1,18579879103806,18579898938560
1516,1,18579898943304,18579919054829
1517,1,18579919061043,18579941296435
1518,1,18579941300858,18579958995387
1519,1,18579959000082,18579979258141
1520,1,18579979262765,18579999095736
1521,1,18579999103650,18580019157007
1522,1,18580019162209,18580043012135
1523,1,18580043016992,18580063191298
1524,1,18580063213756,18580083040020
1525,1,18580083044964,18580103082732
1526,1,18580103088015,18580123016378
1527,1,18580123021024,18580143079902
1528,1,18580143085036,18580163212812
1529,1,18580163217911,18580187494135
1530,1,18580187500448,18580205441824
1531,1,18580205449413,18580224336686
1532,1,18580224344027,18580244301294
1533,1,18580244306400,18580263929210
1534,1,18580263934624,18580282872608
1535,1,18580282878354,18580303400195
1536,1,18580303404774,18580322907496
1537,1,18580322912447,18580343824399
1538,1,18580343828643,18580363191104
1539,1,18580363198678,18580383103794
1540,1,18580383127636,18580403095094
1541,1,18580403099987,18580424065266
1542,1,18580424071881,18580443758456
1543,1,18580443763085,18580463776611
1544,1,18580463782654,18580485144624
1545,1,18580485151298,18580504139190
1546,1,18580504144015,18580524456787
1547,1,18580524461780,18580546110363
1548,1,18580546116186,18580566722053
1549,1,18580566728818,18580587065565
1550,1,18580587073342,18580606253281
1551,1,18580606258877,18580627920807
1552,1,18580627927601,18580644638285
1553,1,18580644645814,18580663980936
1554,1,18580663986571,18580683585442
1555,1,18580683592784,18580706593799
1556,1,18580706599416,18580726086016
1557,1,18580726092865,18580742861054
1558,1,18580742866234,18580765191382
1559,1,18580765206281,18580785785983
1560,1,18580785812211,18580808987727
1561,1,18580808993719,18580830071853
1562,1,18580830077756,18580848793816
1563,1,18580848800275,18580869809276
1564,1,18580869814547,18580887111688
1565,1,18580887116815,18580907947785
1566,1,18580907952655,18580927227317
1567,1,18580927232204,18580947868397
1568,1,18580947874336,18580967007780
1569,1,18580967013624,18580991728062
1570,1,18580991735105,18581010832961
1571,1,18581010839610,18581030529198
1572,1,18581030535461,18581051646093
1573,1,18581051654637,18581066981373
1574,1,18581066986544,18581088901179
1575,1,18581088923682,18581106959476
1576,1,18581106964275,18581127189364
1577,1,18581127196578,18581147008941
1578,1,18581147013436,18581168063328
1579,1,18581168068712,18581187712585
1580,1,18581187717436,18581206938977
1581,1,18581206943610,18581228193456
1582,1,18581228220284,18581246981766
1583,1,18581246986043,18581267358969
1584,1,18581267364101,18581288416938
1585,1,18581288422047,18581306884574
1586,1,18581306889578,18581327886067
1587,1,18581327891509,18581346831130
1588,1,18581346836035,18581367522809
1589,1,18581367530158,18581389360693
1590,1,18581389367168,18581408570186
1591,1,18581408577338,18581428135393
1592,1,18581428140949,18581447714311
1593,1,18581447722518,18581468841267
1594,1,18581468846017,18581487890816
1595,1,18581487895692,18581506931059
1596,1,18581506935194,18581527288970
1597,1,18581527293715,18581547086326
1598,1,18581547091096,18581573251559
1599,1,18581573259380,18581591131208
1600,1,18581591136149,18581611150883
1601,1,18581611156201,18581631250039
1602,1,18581631257768,18581651909666
1603,1,18581651914878,18581671016272
1604,1,18581671021409,18581690755704
1605,1,18581690760294,18581711104701
1606,1,18581711109436,18581731904021
1607,1,18581731911818,18581752601457
1608,1,18581752606325,18581773256785
1609,1,18581773263132,18581791213841
1610,1,18581791218811,18581811045056
1611,1,18581811049755,18581830706858
1612,1,18581830711621,18581852604580
1613,1,18581852609127,18581871166237
1614,1,18581871170882,18581891126443
1615,1,18581891130844,18581912905432
1616,1,18581912927876,18581931221528
1617,1,18581931237699,18581953126370
1618,1,18581953133732,18581973994687
1619,1,18581974008545,18581992064569
1620,1,18581992073447,18582011549718
1621,1,18582011554391,18582031779595
1622,1,18582031786005,18582052869780
1623,1,18582052878851,18582074155210
1624,1,18582074161897,18582092139074
1625,1,18582092162454,18582110950229
1626,1,18582110970914,18582130873247
1627,1,18582130877707,18582151890746
1628,1,18582151895717,18582171303047
1629,1,18582171307956,18582190892577
1630,1,18582190897760,18582210956337
1631,1,18582210961009,18582231462889
1632,1,18582231471935,18582251041117
1633,1,18582251046303,18582270993460
1634,1,18582270999048,18582291321114
1635,1,18582291326380,18582315314777
1636,1,18582315319349,18582337498478
1637,1,18582337504278,18582355289691
1638,1,18582355294113,18582374863247
1639,1,18582374867674,18582394768545
1640,1,18582394773027,18582414902404
1641,1,18582414907042,18582436504703
1642,1,18582436510168,18582455199363
1643,1,18582455203856,18582475052994
1644,1,18582475057479,18582494821323
1645,1,18582494825775,18582515070109
1646,1,18582515076055,18582535048180
1647,1,18582535053160,18582554762744
1648,1,18582554768000,18582576836200
1649,1,18582576841689,18582595053570
1650,1,18582595058610,18582614930222
1651,1,18582614934981,18582635104288
1652,1,18582635108768,18582654932990
1653,1,18582654937565,18582675047102
1654,1,18582675052486,18582694926189
1655,1,18582694931581,18582714833011
1656,1,18582714837890,18582735452336
1657,1,18582735458519,18582754866715
1658,1,18582754871711,18582775005497
1659,1,18582775010514,18582794947178
1660,1,18582794951640,18582814900035
1661,1,18582814904935,18582834900898
1662,1,18582834906056,18582854802400
1663,1,18582854807959,18582874902655
1664,1,18582874906906,18582894826486
1665,1,18582894831799,18582915254425
1666,1,18582915259779,18582935070717
1667,1,18582935077108,18582955105752
1668,1,18582955110544,18582974987480
1669,1,18582974992451,18582994699636
1670,1,18582994705075,18583015041554
1671,1,18583015046646,18583035118851
1672,1,18583035123650,18583056577696
1673,1,18583056584605,18583081487019
1674,1,18583081493667,18583101653565
1675,1,18583101660556,18583121531519
1676,1,18583121537673,18583141812651
1677,1,18583141819822,18583161785895
1678,1,18583161813217,18583181642947
1679,1,18583181649839,18583201602263
1680,1,18583201608697,18583219797610
1681,1,18583219803355,18583241902919
1682,1,18583241908636,18583262145573
1683,1,18583262151619,18583280243388
1684,1,18583280248078,18583298714449
1685,1,18583298719084,18583318950810
1686,1,18583318956040,18583338991450
1687,1,18583338996995,18583359089766
1688,1,18583359095193,18583379137222
1689,1,18583379142391,18583399093674
1690,1,18583399102232,18583418797736
1691,1,18583418802242,18583438872252
1692,1,18583438877404,18583459092036
1693,1,18583459097330,18583479017268
1694,1,18583479022646,18583500428849
1695,1,18583500434741,18583523796224
1696,1,18583523802384,18583541711045
1697,1,18583541717831,18583561133503
1698,1,18583561138226,18583581013225
1699,1,18583581020298,18583601474839
1700,1,18583601481921,18583621726444
1701,1,18583621755129,18583641872416
1702,1,18583641898599,18583662283095
1703,1,18583662290889,18583684084589
1704,1,18583684091731,18583702728429
1705,1,18583702736861,18583724575894
1706,1,18583724583704,18583743268551
1707,1,18583743275075,18583761172676
1708,1,18583761179833,18583784618042
1709,1,18583784626031,18583802387049
1710,1,18583802408344,18583826356544
1711,1,18583826362506,18583846695548
1712,1,18583846701970,18583885110476
1713,1,18583885117295,18583896055210
1714,1,18583896073116,18583912199548
1715,1,18583912208583,18583929304572
1716,1,18583929321839,18583947005744
1717,1,18583947014356,18583972046981
1718,1,18583972053629,18583989209101
1719,1,18583989215201,18584005794923
1720,1,18584005801678,18584026998512
1721,1,18584027005551,18584050308665
1722,1,18584050315372,18584069216454
1723,1,18584069223157,18584086608013
1724,1,18584086614385,18584106570607
1725,1,18584106576940,18584125996379
1726,1,18584126003097,18584145957616
1727,1,18584145964390,18584167649800
1728,1,18584167713920,18584188328185
1729,1,18584188335993,18584206074853
1730,1,18584206081468,18584225676553
1731,1,18584225682655,18584247145365
1732,1,18584247151563,18584267297554
1733,1,18584267303525,18584286440132
1734,1,18584286447329,18584306385545
1735,1,18584306391923,18584327504928
1736,1,18584327518076,18584346454183
1737,1,18584346459733,18584365943360
1738,1,18584365949129,18584385616890
1739,1,18584385623592,18584407009421
1740,1,18584407015289,18584427374082
1741,1,18584427388013,18584446139775
1742,1,18584446150108,18584469095531
1743,1,18584469101864,18584485082613
1744,1,18584485088583,18584505970732
1745,1,18584505977195,18584531018384
1746,1,18584531033232,18584546257398
1747,1,18584546265945,18584566885416
1748,1,18584566892601,18584588700203
1749,1,18584588706069,18584609839071
1750,1,18584609845261,18584634605272
1751,1,18584634611624,18584653119886
1752,1,18584653171040,18584670108452
1753,1,18584670114965,18584689976833
1754,1,18584689983708,18584709453632
1755,1,18584709459847,18584732210715
1756,1,18584732238658,18584750997079
1757,1,18584751003106,18584770357186
1758,1,18584770363119,18584790256813
1759,1,18584790262881,18584813928816
1760,1,18584813947201,18584831755618
1761,1,18584831763118,18584850341606
1762,1,18584850348102,18584873475563
1763,1,18584873481637,18584890605523
1764,1,18584890612011,18584916357750
1765,1,18584916363929,18584930222236
1766,1,18584930253678,18584951939200
1767,1,18584951945576,18584975418926
1768,1,18584975424960,18584992900655
1769,1,18584992907447,18585009388941
1770,1,18585009395222,18585030999153
1771,1,18585031007536,18585050558788
1772,1,18585050565084,18585070068583
1773,1,18585070075469,18585089716895
1774,1,18585089723712,18585109886065
1775,1,18585109892951,18585130665238
1776,1,18585130671655,18585151048520
1777,1,18585151056576,18585173359766
1778,1,18585173366560,18585197920144
1779,1,18585197944438,18585220576119
1780,1,18585220582890,18585230779283
1781,1,18585230785934,18585252462909
1782,1,18585252468396,18585269812407
1783,1,18585269820581,18585288700467
1784,1,18585288706949,18585308480665
1785,1,18585308487439,18585329684763
1786,1,18585329721817,18585353207915
1787,1,18585353215184,18585373311979
1788,1,18585373317313,18585395667835
1789,1,18585395676262,18585415475196
1790,1,18585415482725,18585435428496
1791,1,18585435436122,18585459814784
1792,1,18585459822587,18585476175066
1793,1,18585476192432,18585494126217
1794,1,18585494136598,18585514485218
1795,1,18585514509006,18585534287020
1796,1,18585534294103,18585556167977
1797,1,18585556182342,18585574634771
1798,1,18585574643362,18585593140596
1799,1,18585593155017,18585614430625
1800,1,18585614437667,18585634408902
1801,1,18585634416266,18585654071923
1802,1,18585654078111,18585676124023
1803,1,18585676130813,18585694125168
1804,1,18585694131847,18585715975900
1805,1,18585715982760,18585736814934
1806,1,18585736823812,18585755381661
1807,1,18585755388795,18585773531675
1808,1,18585773537692,18585791279519
1809,1,18585791286556,18585812054491
1810,1,18585812061104,18585833479626
1811,1,18585833485354,18585852176644
1812,1,18585852182711,18585875558164
1813,1,18585875564336,18585895593682
1814,1,18585895600044,18585914110003
1815,1,18585914117054,18585935065506
1816,1,18585935072972,18585954465699
1817,1,18585954471038,18585974232713
1818,1,18585974239385,18585994358765
1819,1,18585994366224,18586014983760
1820,1,18586014990512,18586037146427
1821,1,18586037152827,18586054317817
1822,1,18586054323859,18586076611491
1823,1,18586076619260,18586099888767
1824,1,18586099896000,18586121233928
1825,1,18586121240942,18586139407924
1826,1,18586139414201,18586158610819
1827,1,18586158620017,18586178575762
1828,1,18586178584116,18586203963176
1829,1,18586203968568,18586222272009
1830,1,18586222291082,18586243999900
1831,1,18586244073008,18586266799765
1832,1,18586266806214,18586288618734
1833,1,18586288625530,18586307471734
1834,1,18586307477948,18586323424916
1835,1,18586323432189,18586354701906
1836,1,18586354708203,18586370209883
1837,1,18586370216279,18586383651828
1838,1,18586383658194,18586406739795
1839,1,18586406747896,18586423042293
1840,1,18586423049795,18586440218735
1841,1,18586440225975,18586461238000
1842,1,18586461245420,18586479156094
1843,1,18586479163863,18586505470596
1844,1,18586505477598,18586520390729
1845,1,18586520771484,18586545947891
1846,1,18586545955033,18586563161496
1847,1,18586563168169,18586578908357
1848,1,18586578914576,18586599046754
1849,1,18586599054057,18586618820776
1850,1,18586618828114,18586637836140
1851,1,18586637842155,18586659048015
1852,1,18586659059265,18586678011753
1853,1,18586678018582,18586711001838
1854,1,18586711009415,18586726726332
1855,1,18586726733672,18586741454249
1856,1,18586741460559,18586758495600
1857,1,18586758501662,18586780954653
1858,1,18586780963022,18586798516913
1859,1,18586798523330,18586820355455
1860,1,18586820363805,18586844510177
1861,1,18586844517454,18586864257184
1862,1,18586864267705,18586882811743
1863,1,18586882827718,18586903330926
1864,1,18586903340775,18586922748808
1865,1,18586922757298,18586941314248
1866,1,18586941320811,18586963047378
1867,1,18586963054398,18586984110165
1868,1,18586984132396,18587003619201
1869,1,18587003629786,18587022289535
1870,1,18587022296970,18587040602313
1871,1,18587040609983,18587065156208
1872,1,18587065162880,18587084838587
1873,1,18587084845835,18587103005991
1874,1,18587103014182,18587120973082
1875,1,18587120979278,18587142918693
1876,1,18587142935699,18587163673810
1877,1,18587163680415,18587181905013
1878,1,18587181910507,18587202662708
1879,1,18587202670402,18587225284247
1880,1,18587225310663,18587246115128
1881,1,18587246121723,18587265543432
1882,1,18587265568792,18587282641741
1883,1,18587282648268,18587303104326
1884,1,18587303111181,18587323145517
1885,1,18587323152102,18587343602026
1886,1,18587343609816,18587362853891
1887,1,18587362871181,18587384767783
1888,1,18587384775029,18587402409718
1889,1,18587402431400,18587420942782
1890,1,18587420949888,18587441861608
1891,1,18587441869217,18587464959410
1892,1,18587464966131,18587481851062
1893,1,18587481857791,18587502054953
1894,1,18587502061891,18587522037605
1895,1,18587522045306,18587543226454
1896,1,18587543235552,18587562601109
1897,1,18587562607180,18587582205372
1898,1,18587582211586,18587602958313
1899,1,18587602986244,18587624944445
1900,1,18587624951808,18587646480873
1901,1,18587646492249,18587667602386
1902,1,18587667621166,18587686302091
1903,1,18587686309840,18587706444859
1904,1,18587706451919,18587726611891
1905,1,18587726618884,18587746382262
1906,1,18587746390293,18587768602807
1907,1,18587768612638,18587786666115
1908,1,18587786673065,18587807983273
1909,1,18587807993973,18587826568463
1910,1,18587826576854,18587847224976
1911,1,18587847231518,18587866034312
1912,1,18587866041935,18587886009129
1913,1,18587886016773,18587905581248
1914,1,18587905589096,18587926640727
1915,1,18587926648244,18587947678981
1916,1,18587947687572,18587965001124
1917,1,18587965008291,18587985866927
1918,1,18587985875270,18588007239155
1919,1,18588007250960,18588029513470
1920,1,18588029520672,18588046552094
1921,1,18588046558284,18588066808673
1922,1,18588066838668,18588084438540
1923,1,18588084445231,18588106742377
1924,1,18588106748533,18588128639811
1925,1,18588128657897,18588145892025
1926,1,18588145899077,18588168443030
1927,1,18588168449792,18588190715724
1928,1,18588190726387,18588205401581
1929,1,18588205408847,18588229544601
1930,1,18588229552716,18588246803298
1931,1,18588246809984,18588266081446
1932,1,18588266106759,18588286463408
1933,1,18588286469970,18588306640239
1934,1,18588306647460,18588326776818
1935,1,18588326786191,18588347285879
1936,1,18588347296870,18588370928161
1937,1,18588370934704,18588391040638
1938,1,18588391046907,18588411807712
1939,1,18588411814089,18588431481846
1940,1,18588431488745,18588450667786
1941,1,18588450698587,18588470815697
1942,1,18588470822920,18588490349680
1943,1,18588490357276,18588514536077
1944,1,18588514543071,18588531945222
1945,1,18588531953040,18588554296578
1946,1,18588554322371,18588569187199
1947,1,18588569193230,18588589593704
1948,1,18588589600575,18588610409599
1949,1,18588610426297,18588630615826
1950,1,18588630622369,18588650788222
1951,1,18588650795109,18588670201380
1952,1,18588670208565,18588689356506
1953,1,18588689362312,18588709576366
1954,1,18588709583887,18588730469152
1955,1,18588730475580,18588750569755
1956,1,18588750576583,18588770176870
1957,1,18588770183557,18588790737868
1958,1,18588790745312,18588809771600
1959,1,18588809777421,18588830706766
1960,1,18588830733173,18588851509540
1961,1,18588851518163,18588873033385
1962,1,18588873043052,18588890499122
1963,1,18588890507139,18588911774506
1964,1,18588911786589,18588930292875
1965,1,18588930313591,18588950616954
1966,1,18588950624793,18588971118255
1967,1,18588971125675,18588990861281
1968,1,18588990870641,18589010501633
1969,1,18589010507295,18589031297540
1970,1,18589031305232,18589050264350
1971,1,18589050352110,18589069999425
1972,1,18589070005577,18589091217672
1973,1,18589091226148,18589111260883
1974,1,18589111268526,18589133892327
1975,1,18589133898430,18589153635610
1976,1,18589153643476,18589173595432
1977,1,18589173603070,18589195704061
1978,1,18589195710699,18589214819815
1979,1,18589214826078,18589241567654
1980,1,18589241580276,18589264740926
1981,1,18589264763316,18589289593867
1982,1,18589289608362,18589307462124
1983,1,18589307596972,18589320201723
1984,1,18589320210108,18589344590186
1985,1,18589344611364,18589365089217
1986,1,18589365100453,18589382144204
1987,1,18589382151628,18589398166404
1988,1,18589398172041,18589417908802
1989,1,18589417914836,18589434154460
1990,1,18589434161811,18589459040726
1991,1,18589459048425,18589477553004
1992,1,18589477561962,18589495861820
1993,1,18589495870499,18589516816332
1994,1,18589516825960,18589540727483
1995,1,18589540737129,18589557182281
1996,1,18589557191757,18589580038666
1997,1,18589580046364,18589595236409
1998,1,18589595242446,18589614314918
1999,1,18589614320570,18589634753461
2000,1,18589634759975,18589655046840
2001,1,18589655068602,18589674073385
2002,1,18589674088787,18589694882246
2003,1,18589694888456,18589714720436
2004,1,18589714727394,18589735317885
2005,1,18589735324029,18589755639075
2006,1,18589755645778,18589774704429
2007,1,18589774715219,18589796888923
2008,1,18589796895167,18589816691375
2009,1,18589816698190,18589835117079
2010,1,18589835123203,18589855966527
2011,1,18589855973182,18589881196404
2012,1,18589881202979,18589898463135
2013,1,18589898470110,18589918266167
2014,1,18589918272580,18589939170221
2015,1,18589939176882,18589958496435
2016,1,18589958504028,18589983021868
2017,1,18589983030699,18590004964237
2018,1,18590004970623,18590022328065
2019,1,18590022335648,18590038550986
2020,1,18590038557327,18590059903213
2021,1,18590059909871,18590079369513
2022,1,18590079375769,18590098991675
2023,1,18590098997630,18590118171425
2024,1,18590118178230,18590139123387
2025,1,18590139132932,18590158280397
2026,1,18590158286409,18590178068948
2027,1,18590178075155,18590198224948
2028,1,18590198232238,18590218339690
2029,1,18590218348437,18590238988464
2030,1,18590238999200,18590260867544
2031,1,18590260874384,18590278600268
2032,1,18590278607421,18590301163258
2033,1,18590301170256,18590317753203
2034,1,18590317777362,18590338368760
2035,1,18590338376822,18590358347235
2036,1,18590358355231,18590378014870
2037,1,18590378021699,18590398135387
2038,1,18590398140262,18590417450345
2039,1,18590417460331,18590438076335
2040,1,18590438082945,18590458721833
2041,1,18590458750021,18590478123299
2042,1,18590478130018,18590500256016
2043,1,18590500263511,18590518610357
2044,1,18590518618576,18590536216147
2045,1,18590536223461,18590557593321
2046,1,18590557609999,18590579119783
2047,1,18590579126717,18590598677441
2048,1,18590598685358,18590618374311
2049,1,18590618380232,18590642413931
2050,1,18590642441914,18590662672639
2051,1,18590662679776,18590682171779
2052,1,18590682177912,18590702147410
2053,1,18590702154931,18590722294461
2054,1,18590722302585,18590739206903
2055,1,18590739222164,18590762028075
2056,1,18590762033502,18590782137754
2057,1,18590782144953,18590801132815
2058,1,18590801139213,18590820842130
2059,1,18590820847610,18590844685237
2060,1,18590844691815,18590862888886
2061,1,18590862895177,18590883102314
2062,1,18590883110403,18590901959752
2063,1,18590901965776,18590921289440
2064,1,18590921295383,18590941841392
2065,1,18590941850750,18590963617342
2066,1,18590963623379,18590983014865
2067,1,18590983022404,18591001549077
2068,1,18591001554304,18591022533546
2069,1,18591022543425,18591042090023
2070,1,18591042110333,18591062535109
2071,1,18591062542214,18591081369747
2072,1,18591081376871,18591100094720
2073,1,18591100101033,18591122092601
2074,1,18591122104747,18591143180797
2075,1,18591143210580,18591161906515
2076,1,18591161912462,18591183848672
2077,1,18591183854751,18591201094236
2078,1,18591201099438,18591222065792
2079,1,18591222076058,18591243138166
2080,1,18591243144529,18591262735595
2081,1,18591262741601,18591282126071
2082,1,18591282132793,18591301805473
2083,1,18591301811908,18591322494991
2084,1,18591322501968,18591340476240
2085,1,18591340483962,18591362848851
2086,1,18591362871974,18591381847561
2087,1,18591381854194,18591406761901
2088,1,18591406767258,18591423867889
2089,1,18591423895802,18591446442996
2090,1,18591446449762,18591466047291
2091,1,18591466052838,18591485053919
2092,1,18591485079922,18591504094036
2093,1,18591504099554,18591523631162
2094,1,18591523637264,18591545609448
2095,1,18591545617062,18591567111771
2096,1,18591567119822,18591586043987
2097,1,18591586051958,18591606832692
2098,1,18591606839253,18591627348647
2099,1,18591627374248,18591646556891
2100,1,18591646563301,18591666617962
2101,1,18591666624941,18591686743022
2102,1,18591686748909,18591706732449
2103,1,18591706740188,18591726438028
2104,1,18591726444511,18591746961382
2105,1,18591746970176,18591766433501
2106,1,18591766439208,18591786202150
2107,1,18591786207605,18591806762501
2108,1,18591806768582,18591825970175
2109,1,18591825977292,18591846976703
2110,1,18591846986758,18591866578273
2111,1,18591866586801,18591885803708
2112,1,18591885809432,18591903619867
2113,1,18591903625430,18591926954325
2114,1,18591926963177,18591946685285
2115,1,18591946693049,18591967287265
2116,1,18591967295568,18591986849357
2117,1,18591986855738,18592008358154
2118,1,18592008365682,18592026805332
2119,1,18592026814804,18592048758367
2120,1,18592048765493,18592067074871
2121,1,18592067081528,18592086480108
2122,1,18592086487241,18592107720247
2123,1,18592107745625,18592126854886
2124,1,18592126862525,18592148243641
2125,1,18592148251728,18592170194298
2126,1,18592170200422,18592190399882
2127,1,18592190405636,18592211332952
2128,1,18592211342359,18592230678867
2129,1,18592230687781,18592249953788
2130,1,18592249960134,18592270727295
2131,1,18592270734346,18592290793569
2132,1,18592290814025,18592310434394
2133,1,18592310441126,18592331003912
2134,1,18592331011301,18592350786932
2135,1,18592350806687,18592368672494
2136,1,18592368691803,18592389467529
2137,1,18592390389997,18592411039406
2138,1,18592411048526,18592430904592
2139,1,18592430912854,18592454368255
2140,1,18592454385095,18592481071732
2141,1,18592481080918,18592489360433
2142,1,18592489366575,18592513722076
2143,1,18592513728757,18592534540650
2144,1,18592534591987,18592550719151
2145,1,18592550726508,18592574886527
2146,1,18592574917664,18592597114801
2147,1,18592597121908,18592611649090
2148,1,18592611673801,18592633193285
2149,1,18592633200747,18592650964668
2150,1,18592650970951,18592670261715
2151,1,18592670269852,18592689108917
2152,1,18592689114928,18592709320336
2153,1,18592709325603,18592729168927
2154,1,18592729175258,18592748582154
2155,1,18592748589585,18592772419193
2156,1,18592772428673,18592792319790
2157,1,18592792326265,18592811292067
2158,1,18592811298483,18592830655917
2159,1,18592830661321,18592848327729
2160,1,18592848338091,18592870876585
2161,1,18592870893308,18592891682495
2162,1,18592891689993,18592913517005
2163,1,18592913521920,18592932648125
2164,1,18592932653081,18592951634446
2165,1,18592951639402,18592972124599
2166,1,18592972132204,18592996075611
2167,1,18592996083203,18593015168052
2168,1,18593015174153,18593041446482
2169,1,18593041453472,18593055339387
2170,1,18593055346240,18593075056670
2171,1,18593075064160,18593096567305
2172,1,18593096576150,18593116135843
2173,1,18593116143179,18593134195188
2174,1,18593134201734,18593160126345
2175,1,18593160135539,18593175833074
2176,1,18593175844943,18593195892883
2177,1,18593195900508,18593215085212
2178,1,18593215091447,18593233281741
2179,1,18593233286612,18593251959047
2180,1,18593251964596,18593281009105
2181,1,18593281019237,18593297358933
2182,1,18593297365563,18593316742175
2183,1,18593316748908,18593334767194
2184,1,18593334775106,18593354920113
2185,1,18593354928411,18593375340750
2186,1,18593375347654,18593395673077
2187,1,18593395695312,18593417329673
2188,1,18593417336744,18593435003636
2189,1,18593435011066,18593455376153
2190,1,18593455414915,18593473507373
2191,1,18593473514155,18593493410654
2192,1,18593493418863,18593513321071
2193,1,18593513328080,18593532829793
2194,1,18593532836688,18593554733157
2195,1,18593554740537,18593572160007
2196,1,18593572167494,18593594906438
2197,1,18593594918859,18593616171511
2198,1,18593616181040,18593634174202
2199,1,18593634180485,18593653167007
2200,1,18593653184840,18593677990932
2201,1,18593677998347,18593698908670
2202,1,18593698916019,18593721505732
2203,1,18593721515977,18593740250522
2204,1,18593740263718,18593759921607
2205,1,18593759928898,18593779316868
2206,1,18593779323621,18593798668907
2207,1,18593798675512,18593818437755
2208,1,18593818444381,18593841318743
2209,1,18593841325974,18593861521541
2210,1,18593861528026,18593878828597
2211,1,18593878835254,18593897797284
2212,1,18593897802514,18593918250257
2213,1,18593918256920,18593938259373
2214,1,18593938267235,18593957808006
2215,1,18593957831581,18593979816761
2216,1,18593979822774,18593999590578
2217,1,18593999596145,18594019208054
2218,1,18594019218276,18594039845981
2219,1,18594039877466,18594058913572
2220,1,18594058939007,18594079178395
2221,1,18594079200834,18594100135331
2222,1,18594100142746,18594115689623
2223,1,18594115694621,18594137704178
2224,1,18594137710580,18594157054747
2225,1,18594157061350,18594178483977
2226,1,18594178498741,18594197982998
2227,1,18594197989516,18594221065047
2228,1,18594221071886,18594240337949
2229,1,18594240343828,18594259402567
2230,1,18594259408551,18594278874177
2231,1,18594278882738,18594298323540
2232,1,18594298329882,18594318570339
2233,1,18594318578562,18594340367963
2234,1,18594340374856,18594361681209
2235,1,18594361689882,18594378772680
2236,1,18594378782207,18594399976340
2237,1,18594399985311,18594423245674
2238,1,18594423264352,18594444530919
2239,1,18594444538777,18594467780959
2240,1,18594467801511,18594486107609
2241,1,18594486115298,18594502888176
2242,1,18594502905373,18594525300000
2243,1,18594525307145,18594545496951
2244,1,18594545503743,18594562804511
2245,1,18594562812303,18594582102842
2246,1,18594582109973,18594603088194
2247,1,18594603104835,18594624529452
2248,1,18594624535748,18594644948221
2249,1,18594644955096,18594662927378
2250,1,18594662935063,18594682701310
2251,1,18594682709492,18594703418219
2252,1,18594703425318,18594723378815
2253,1,18594723389918,18594746019261
2254,1,18594746025972,18594762885808
2255,1,18594762892344,18594783428735
2256,1,18594783435712,18594804081952
2257,1,18594804088716,18594825491184
2258,1,18594825497969,18594843390059
2259,1,18594843411673,18594864709132
2260,1,18594864719023,18594886435880
2261,1,18594886453620,18594903179461
2262,1,18594903227933,18594924351872
2263,1,18594924359723,18594944204758
2264,1,18594944215157,18594964725015
2265,1,18594964732468,18594982382665
2266,1,18594982389727,18595002023212
2267,1,18595002036702,18595022330252
2268,1,18595022339272,18595044129065
2269,1,18595044137176,18595069725420
2270,1,18595069732514,18595082105598
2271,1,18595082112459,18595106277641
2272,1,18595106284622,18595125186162
2273,1,18595125194052,18595148178866
2274,1,18595148188747,18595164474459
2275,1,18595164480999,18595186979534
2276,1,18595186988520,18595211682151
2277,1,18595211689172,18595229997049
2278,1,18595230004647,18595249279828
2279,1,18595249287707,18595268471301
2280,1,18595268482624,18595287717439
2281,1,18595287735133,18595308622350
2282,1,18595308631055,18595331260090
2283,1,18595331266638,18595351422105
2284,1,18595351433614,18595367040091
2285,1,18595367048406,18595387984516
2286,1,18595387992054,18595408082162
2287,1,18595408089111,18595430751530
2288,1,18595430757412,18595449671621
2289,1,18595449684060,18595469760122
2290,1,18595469781418,18595486751210
2291,1,18595486757001,18595513388445
2292,1,18595513395197,18595535491570
2293,1,18595535498047,18595555775470
2294,1,18595555782223,18595581741146
2295,1,18595581748172,18595600471583
2296,1,18595600477827,18595615016633
2297,1,18595615041823,18595630128947
2298,1,18595630135667,18595651415735
2299,1,18595651428640,18595666118148
2300,1,18595666124266,18595684316745
2301,1,18595684322741,18595705401522
2302,1,18595705406390,18595724952295
2303,1,18595724970625,18595744673439
2304,1,18595744678097,18595763115731
2305,1,18595763135741,18595783068339
2306,1,18595783073256,18595803219514
2307,1,18595803223813,18595822719225
2308,1,18595822723528,18595842768850
2309,1,18595842773900,18595864211875
2310,1,18595864216692,18595882899669
2311,1,18595882904644,18595903103366
2312,1,18595903108089,18595923469856
2313,1,18595923474504,18595947693836
2314,1,18595947698778,18595967086221
2315,1,18595967090884,18595987184208
2316,1,18595987189533,18596008773758
2317,1,18596008778520,18596026890233
2318,1,18596026894676,18596047030436
2319,1,18596047035553,18596067105189
2320,1,18596067110564,18596087013136
2321,1,18596087017739,18596107118268
2322,1,18596107122864,18596127158880
2323,1,18596127163956,18596147068022
2324,1,18596147073284,18596167135619
2325,1,18596167140449,18596187442953
2326,1,18596187448379,18596209666773
2327,1,18596209672195,18596227036547
2328,1,18596227041254,18596247213734
2329,1,18596247218626,18596267353277
2330,1,18596267362665,18596287969838
2331,1,18596287974998,18596309915974
2332,1,18596309921125,18596327776979
2333,1,18596327781732,18596347324955
2334,1,18596347329820,18596367114438
2335,1,18596367121633,18596389076118
2336,1,18596389082483,18596411040703
2337,1,18596411053032,18596429197171
2338,1,18596429202504,18596447437271
2339,1,18596447441807,18596468910519
2340,1,18596468933542,18596487366531
2341,1,18596487371435,18596507200297
2342,1,18596507204599,18596526938279
2343,1,18596526943311,18596547129138
2344,1,18596547134428,18596567220341
2345,1,18596567225662,18596587196383
2346,1,18596587201895,18596607017205
2347,1,18596607022629,18596627129799
2348,1,18596627133945,18596647084685
2349,1,18596647089735,18596666836662
2350,1,18596666841465,18596687104801
2351,1,18596687110028,18596711293891
2352,1,18596711299012,18596730926876
2353,1,18596730931982,18596751085177
2354,1,18596751089404,18596770836822
2355,1,18596770842663,18596790833523
2356,1,18596790838709,18596810943534
2357,1,18596810948322,18596831029249
2358,1,18596831036537,18596852191154
2359,1,18596852196195,18596871098361
2360,1,18596871103437,18596890980625
2361,1,18596890985458,18596911089775
2362,1,18596911094162,18596931707218
2363,1,18596931712508,18596950650798
2364,1,18596950655519,18596970779323
2365,1,18596970784752,18596990741493
2366,1,18596990746731,18597010735041
2367,1,18597010739756,18597030883338
2368,1,18597030887780,18597050641318
2369,1,18597050646395,18597070721314
2370,1,18597070726399,18597090607747
2371,1,18597090613092,18597110960252
2372,1,18597110964929,18597130679789
2373,1,18597130684677,18597151083923
2374,1,18597151088219,18597170852292
2375,1,18597170857531,18597190881157
2376,1,18597190885852,18597210857858
2377,1,18597210862426,18597230913528
2378,1,18597230918991,18597251070349
2379,1,18597251075439,18597270994005
2380,1,18597270999336,18597290837114
2381,1,18597290842773,18597310958719
2382,1,18597310963567,18597330582356
2383,1,18597330587955,18597350842090
2384,1,18597350847611,18597370552351
2385,1,18597370558160,18597390595984
2386,1,18597390602214,18597410942442
2387,1,18597410947427,18597430898929
2388,1,18597430903774,18597454792542
2389,1,18597454797883,18597475128132
2390,1,18597475153549,18597494825832
2391,1,18597494849034,18597514794542
2392,1,18597514799314,18597534943041
2393,1,18597534987261,18597554678120
2394,1,18597554682978,18597575124850
2395,1,18597575131343,18597595109182
2396,1,18597595114237,18597614749843
2397,1,18597614755083,18597635105297
2398,1,18597635110333,18597655618811
2399,1,18597655624086,18597676440261
2400,1,18597676446018,18597694977013
2401,1,18597694981309,18597715126370
2402,1,18597715131016,18597735070285
2403,1,18597735076366,18597755078824
2404,1,18597755083340,18597774992247
2405,1,18597774997841,18597794986813
2406,1,18597794992014,18597816727057
2407,1,18597816731876,18597835003089
2408,1,18597835047097,18597855403498
2409,1,18597855408131,18597875485370
2410,1,18597875490645,18597894970145
2411,1,18597894975860,18597914856656
2412,1,18597914861866,18597935688168
2413,1,18597935702655,18597955499952
2414,1,18597955504879,18597975315604
2415,1,18597975320633,18597994833725
2416,1,18597994838472,18598015073545
2417,1,18598015078492,18598035939586
2418,1,18598035947446,18598055820023
2419,1,18598055826953,18598074749150
2420,1,18598074753842,18598095046194
2421,1,18598095051591,18598114739776
2422,1,18598114744579,18598135117830
2423,1,18598135122148,18598154950291
2424,1,18598154954706,18598175340520
2425,1,18598175345417,18598195135319
2426,1,18598195139896,18598219018516
2427,1,18598219023186,18598239940551
2428,1,18598239945970,18598258956472
2429,1,18598258961157,18598279263148
2430,1,18598279268003,18598300109750
2431,1,18598300118246,18598320580814
2432,1,18598320600264,18598340875667
2433,1,18598340884512,18598359162539
2434,1,18598359166803,18598378890319
2435,1,18598378895246,18598399538741
2436,1,18598399557179,18598419998051
2437,1,18598420029202,18598441058171
2438,1,18598441062526,18598458746913
2439,1,18598458751959,18598478774740
2440,1,18598478779560,18598498925711
2441,1,18598498932320,18598519855329
2442,1,18598519875065,18598538951243
2443,1,18598538956055,18598558985769
2444,1,18598558990534,18598578868191
2445,1,18598578872975,18598599525034
2446,1,18598599530319,18598619507448
2447,1,18598619512583,18598639402691
2448,1,18598639407934,18598660562542
2449,1,18598660567577,18598679383974
2450,1,18598679390797,18598699925961
2451,1,18598699952078,18598721554999
2452,1,18598721561277,18598741535501
2453,1,18598741540438,18598759515140
2454,1,18598759519881,18598781816272
2455,1,18598781826811,18598802789524
2456,1,18598802797286,18598820915861
2457,1,18598820922382,18598841683447
2458,1,18598841688316,18598860560384
2459,1,18598860565392,18598879870888
2460,1,18598879875454,18598899660732
2461,1,18598899667581,18598920303036
2462,1,18598920307736,18598939362727
2463,1,18598939368024,18598958915988
2464,1,18598958920633,18598982962943
2465,1,18598982967798,18599004388913
2466,1,18599004393865,18599023702803
2467,1,18599023709412,18599042627497
2468,1,18599042632374,18599063107264
2469,1,18599063111877,18599083075180
2470,1,18599083079762,18599103005793
2471,1,18599103010710,18599122977196
2472,1,18599122983216,18599143383690
2473,1,18599143388258,18599163001952
2474,1,18599163006500,18599184974521
2475,1,18599185000190,18599203845584
2476,1,18599203850425,18599223246076
2477,1,18599223250833,18599242985983
2478,1,18599242992888,18599263123250
2479,1,18599263127948,18599284725212
2480,1,18599284731186,18599303243607
2481,1,18599303248613,18599323200388
2482,1,18599323204587,18599342911628
2483,1,18599342916719,18599363214798
2484,1,18599363219979,18599383056571
2485,1,18599383061702,18599403227540
2486,1,18599403232653,18599423153668
2487,1,18599423158591,18599443137058
2488,1,18599443141931,18599463222827
2489,1,18599463227578,18599483033682
2490,1,18599483038686,18599502778140
2491,1,18599502782897,18599522989040
2492,1,18599522994373,18599542990088
2493,1,18599542994748,18599563116613
2494,1,18599563140831,18599583105347
2495,1,18599583110733,18599603345228
2496,1,18599603350192,18599623179803
2497,1,18599623185606,18599643191978
2498,1,18599643197109,18599662856920
2499,1,18599662861901,18599683120321
2500,1,18599683126527,18599702938077
2501,1,18599702943065,18599727188405
2502,1,18599727192723,18599747001186
2503,1,18599747006048,18599767141908
2504,1,18599767147098,18599787105454
2505,1,18599787110877,18599807166152
2506,1,18599807171316,18599827089864
2507,1,18599827095273,18599847044427
2508,1,18599847049725,18599866942496
2509,1,18599866948054,18599887264226
2510,1,18599887268909,18599907079267
2511,1,18599907085436,18599927111683
2512,1,18599927116495,18599947417011
2513,1,18599947422282,18599967279216
2514,1,18599967284585,18599986809783
2515,1,18599986814302,18600007798587
2516,1,18600007804550,18600027051523
2517,1,18600027056662,18600047061761
2518,1,18600047066116,18600067132947
2519,1,18600067137592,18600087006127
2520,1,18600087011408,18600107122166
2521,1,18600107126620,18600127104845
2522,1,18600127109281,18600147045537
2523,1,18600147090601,18600166741608
2524,1,18600166746434,18600187665981
2525,1,18600187670839,18600206963865
2526,1,18600206969769,18600227161233
2527,1,18600227166410,18600246932140
2528,1,18600246937965,18600267023981
2529,1,18600267028619,18600287838394
2530,1,18600287843247,18600306962545
2531,1,18600306967315,18600327224958
2532,1,18600327230722,18600346835072
2533,1,18600346840454,18600366806462
2534,1,18600366811980,18600386678812
2535,1,18600386683702,18600406817359
2536,1,18600406822257,18600426805585
2537,1,18600426810989,18600446782478
2538,1,18600446787204,18600466856155
2539,1,18600466861652,18600492914797
2540,1,18600492920678,18600511404213
2541,1,18600511409355,18600531149357
2542,1,18600531154418,18600550847456
2543,1,18600550852893,18600570893432
2544,1,18600570923797,18600590808665
2545,1,18600590813465,18600611297290
2546,1,18600611302642,18600630861850
2547,1,18600630866651,18600651114331
2548,1,18600651118596,18600670999710
2549,1,18600671007771,18600691472082
2550,1,18600691476702,18600710936473
2551,1,18600710944427,18600730867777
2552,1,18600730873054,18600750777537
2553,1,18600750782573,18600770783886
2554,1,18600770788755,18600790848927
2555,1,18600790854364,18600810801915
2556,1,18600810806682,18600830636021
2557,1,18600830641934,18600850725957
2558,1,18600850730722,18600870713126
2559,1,18600870718625,18600890732618
2560,1,18600890756617,18600910877815
2561,1,18600910885492,18600930919257
2562,1,18600930924062,18600950878870
2563,1,18600950883722,18600970823608
2564,1,18600970828904,18600991128461
2565,1,18600991132983,18601011270032
2566,1,18601011275275,18601031258711
2567,1,18601031263517,18601051321756
2568,1,18601051326400,18601070975847
2569,1,18601070981221,18601090815127
2570,1,18601090820162,18601110870690
2571,1,18601110875667,18601131152894
2572,1,18601131159191,18601150908005
2573,1,18601150913024,18601170845464
2574,1,18601170850513,18601191129020
2575,1,18601191133507,18601210939146
2576,1,18601210944288,18601230914899
2577,1,18601230920461,18601254939189
2578,1,18601254943889,18601274949612
2579,1,18601274954843,18601294772078
2580,1,18601294777517,18601314944291
2581,1,18601314949397,18601335241774
2582,1,18601335246095,18601354788023
2583,1,18601354792465,18601375173879
2584,1,18601375178817,18601395067809
2585,1,18601395072553,18601415516185
2586,1,18601415521774,18601435209957
2587,1,18601435214538,18601455122596
2588,1,18601455127353,18601474888287
2589,1,18601474893465,18601494792603
2590,1,18601494797329,18601514643833
2591,1,18601514648836,18601535212894
2592,1,18601535217021,18601555036435
2593,1,18601555040698,18601575029309
2594,1,18601575033569,18601594800238
2595,1,18601594822792,18601615037272
2596,1,18601615042791,18601635131755
2597,1,18601635136716,18601655022372
2598,1,18601655027034,18601675096269
2599,1,18601675100999,18601695855072
2600,1,18601695860007,18601716059889
2601,1,18601716065437,18601735363271
2602,1,18601735387403,18601755177412
2603,1,18601755182345,18601774975384
2604,1,18601774980665,18601794863391
2605,1,18601794868695,18601814858416
2606,1,18601814863207,18601835146708
2607,1,18601835151102,18601856440719
2608,1,18601856446159,18601875042544
2609,1,18601875047474,18601894800738
2610,1,18601894805123,18601914834021
2611,1,18601914839038,18601935024745
2612,1,18601935029721,18601954787974
2613,1,18601954793339,18601974880683
2614,1,18601974885097,18601998886684
2615,1,18601998892018,18602018832818
2616,1,18602018837163,18602039106584
2617,1,18602039111434,18602058957997
2618,1,18602058962983,18602079210614
2619,1,18602079215213,18602099833768
2620,1,18602099838670,18602119129675
2621,1,18602119135411,18602139229031
2622,1,18602139234118,18602158866688
2623,1,18602158872511,18602178827809
2624,1,18602178832789,18602199032269
2625,1,18602199038022,18602219181695
2626,1,18602219185973,18602239726354
2627,1,18602239733043,18602259858838
2628,1,18602259863386,18602279109127
2629,1,18602279114138,18602299208472
2630,1,18602299215376,18602318952712
2631,1,18602318957688,18602339126831
2632,1,18602339132106,18602359080442
2633,1,18602359085483,18602378996099
2634,1,18602379000984,18602399126844
2635,1,18602399134347,18602419224880
2636,1,18602419229928,18602439200643
2637,1,18602439206162,18602459424326
2638,1,18602459429042,18602479250925
2639,1,18602479255483,18602498961892
2640,1,18602498967201,18602518991909
2641,1,18602518996706,18602539140150
2642,1,18602539145423,18602558828011
2643,1,18602558833375,18602579016962
2644,1,18602579021905,18602599073176
2645,1,18602599101590,18602619241162
2646,1,18602619263345,18602639160819
2647,1,18602639165240,18602658854003
2648,1,18602658858278,18602678781801
2649,1,18602678787222,18602699969419
2650,1,18602699974897,18602718855953
2651,1,18602718860633,18602739198240
2652,1,18602739203813,18602763065101
2653,1,18602763069346,18602783138819
2654,1,18602783144279,18602805568663
2655,1,18602805576005,18602827812248
2656,1,18602827819069,18602848658797
2657,1,18602848666608,18602865822671
2658,1,18602865827625,18602884345034
2659,1,18602884349760,18602903471055
2660,1,18602903475989,18602923774844
2661,1,18602923779589,18602943983983
2662,1,18602943990757,18602963075261
2663,1,18602963080327,18602983433459
2664,1,18602983437973,18603003857708
2665,1,18603003863799,18603023430777
2666,1,18603023436307,18603043189624
2667,1,18603043196148,18603063763936
2668,1,18603063769889,18603083078562
2669,1,18603083083361,18603103016750
2670,1,18603103021683,18603123452342
2671,1,18603123457428,18603143493873
2672,1,18603143668864,18603163490997
2673,1,18603163495909,18603183092289
2674,1,18603183097360,18603203263618
2675,1,18603203268319,18603223218072
2676,1,18603223223243,18603243078209
2677,1,18603243083071,18603263154904
2678,1,18603263160053,18603282992994
2679,1,18603282998213,18603303071259
2680,1,18603303075622,18603323065759
2681,1,18603323071365,18603343095813
2682,1,18603343101209,18603363045598
2683,1,18603363051351,18603382913356
2684,1,18603382918283,18603403374419
2685,1,18603403381702,18603423315781
2686,1,18603423320359,18603443262463
2687,1,18603443293095,18603463278612
2688,1,18603463283610,18603483510134
2689,1,18603483515275,18603503009233
2690,1,18603503014471,18603527027181
2691,1,18603527032593,18603547114103
2692,1,18603547118215,18603566710531
2693,1,18603566715487,18603587185187
2694,1,18603587189711,18603606894853
2695,1,18603606899518,18603627102120
2696,1,18603627107458,18603646909039
2697,1,18603646914140,18603667088112
2698,1,18603667112064,18603686808839
2699,1,18603686813457,18603706885397
2700,1,18603706889651,18603726970427
2701,1,18603726974805,18603747160038
2702,1,18603747164971,18603766944093
2703,1,18603766949774,18603786994131
2704,1,18603786998813,18603807078144
2705,1,18603807083574,18603827203636
2706,1,18603827208493,18603847111690
2707,1,18603847116988,18603867158245
2708,1,18603867163449,18603887033579
2709,1,18603887038047,18603906924016
2710,1,18603906929375,18603927045716
2711,1,18603927050469,18603947517416
2712,1,18603947523713,18603967194419
2713,1,18603967199319,18603987298656
2714,1,18603987303605,18604007727708
2715,1,18604007733564,18604027046298
2716,1,18604027051251,18604046970628
2717,1,18604046976639,18604066933499
2718,1,18604066939373,18604086914261
2719,1,18604086919717,18604107137929
2720,1,18604107143956,18604127477837
2721,1,18604127482885,18604147238937
2722,1,18604147244069,18604167395865
2723,1,18604167400939,18604187409090
2724,1,18604187413669,18604207256477
2725,1,18604207262481,18604227185488
2726,1,18604227189631,18604247344581
2727,1,18604247349555,18604271251065
2728,1,18604271256973,18604290950739
2729,1,18604290955610,18604311358962
2730,1,18604311381878,18604331194511
2731,1,18604331199824,18604351152884
2732,1,18604351159355,18604370878894
2733,1,18604370884036,18604391126092
2734,1,18604391130853,18604411249319
2735,1,18604411254649,18604431211954
2736,1,18604431217640,18604451583385
2737,1,18604451589646,18604471222882
2738,1,18604471228166,18604491364609
2739,1,18604491369782,18604511355325
2740,1,18604511360134,18604531112053
2741,1,18604531117097,18604551380253
2742,1,18604551385584,18604571242363
2743,1,18604571247349,18604590986699
2744,1,18604590991671,18604611386087
2745,1,18604611390467,18604631160735
2746,1,18604631166205,18604651153515
2747,1,18604651158314,18604671053533
2748,1,18604671073435,18604691006160
2749,1,18604691011527,18604710995813
2750,1,18604711015486,18604731039463
2751,1,18604731044518,18604751218670
2752,1,18604751224224,18604770975232
2753,1,18604770980544,18604791186938
2754,1,18604791192086,18604810994976
2755,1,18604811000428,18604831187967
2756,1,18604831193058,18604851274251
2757,1,18604851279885,18604871049520
2758,1,18604871054398,18604891012488
2759,1,18604891017769,18604911156638
2760,1,18604911163176,18604931299284
2761,1,18604931304025,18604951159353
2762,1,18604951165004,18604971107474
2763,1,18604971111693,18604991128729
2764,1,18604991133265,18605011090688
2765,1,18605011098849,18605035119901
2766,1,18605035124444,18605054954066
2767,1,18605054959003,18605074981297
2768,1,18605074986325,18605095847400
2769,1,18605095857618,18605116136501
2770,1,18605116141556,18605137315911
2771,1,18605137321763,18605155853735
2772,1,18605155881361,18605175058555
2773,1,18605175064741,18605196154798
2774,1,18605196160350,18605218415884
2775,1,18605218421022,18605236266304
2776,1,18605236273564,18605255636420
2777,1,18605255641013,18605275331013
2778,1,18605275337563,18605296628675
2779,1,18605296635384,18605318609013
2780,1,18605318632554,18605336030002
2781,1,18605336036706,18605355787530
2782,1,18605355791732,18605375159201
2783,1,18605375165017,18605396757811
2784,1,18605396763336,18605416436835
2785,1,18605416441876,18605435259242
2786,1,18605435264130,18605455368198
2787,1,18605455374552,18605475406178
2788,1,18605475411216,18605495369516
2789,1,18605495374318,18605515774276
2790,1,18605515778757,18605538141597
2791,1,18605538147568,18605558231446
2792,1,18605558237461,18605575669270
2793,1,18605575674700,18605595177875
2794,1,18605595182337,18605615184794
2795,1,18605615189720,18605635062846
2796,1,18605635067267,18605655136562
2797,1,18605655141041,18605675282563
2798,1,18605675287106,18605695143626
2799,1,18605695166228,18605715235803
2800,1,18605715241140,18605735054264
2801,1,18605735058557,18605755427135
2802,1,18605755433286,18605779266397
2803,1,18605779271698,18605799217076
2804,1,18605799221581,18605819098950
2805,1,18605819103329,18605838878830
2806,1,18605838883277,18605859108918
2807,1,18605859115036,18605880225182
2808,1,18605880230505,18605899255723
2809,1,18605899260172,18605919132445
2810,1,18605919136920,18605939117719
2811,1,18605939122081,18605959614139
2812,1,18605959620287,18605979299030
2813,1,18605979303787,18605999397025
2814,1,18605999403328,18606019156332
2815,1,18606019179520,18606039306101
2816,1,18606039310822,18606059115302
2817,1,18606059121232,18606079110226
2818,1,18606079116410,18606098961357
2819,1,18606098966386,18606119108523
2820,1,18606119112740,18606139348495
2821,1,18606139355551,18606158882167
2822,1,18606158886560,18606178949480
2823,1,18606178954609,18606198959260
2824,1,18606198964149,18606227297152
2825,1,18606227304580,18606242520910
2826,1,18606242531139,18606261618440
2827,1,18606261623906,18606282185724
2828,1,18606282191610,18606301531976
2829,1,18606301536944,18606320640717
2830,1,18606320645373,18606339522862
2831,1,18606339527525,18606359552935
2832,1,18606359575431,18606381173084
2833,1,18606381186706,18606401417804
2834,1,18606401424644,18606419627176
2835,1,18606419633437,18606440032109
2836,1,18606440037511,18606459915461
2837,1,18606459921507,18606479259377
2838,1,18606479263974,18606499065720
2839,1,18606499071160,18606519177511
2840,1,18606519182944,18606543121619
2841,1,18606543126735,18606562989318
2842,1,18606562994709,18606582996234
2843,1,18606583001548,18606602862138
2844,1,18606602866873,18606623039058
2845,1,18606623043363,18606643088480
2846,1,18606643093282,18606663172089
2847,1,18606663176867,18606683073552
2848,1,18606683078073,18606702931152
2849,1,18606702936102,18606723011216
2850,1,18606723034578,18606742996423
2851,1,18606743002104,18606763127767
2852,1,18606763132189,18606783068146
2853,1,18606783072305,18606803052586
2854,1,18606803058446,18606822825880
2855,1,18606822830978,18606842949740
2856,1,18606842954832,18606863115094
2857,1,18606863119961,18606882920660
2858,1,18606882926030,18606903004280
2859,1,18606903008865,18606922737903
2860,1,18606922743173,18606944085566
2861,1,18606944093700,18606963392070
2862,1,18606963396640,18606983175768
2863,1,18606983180703,18607003024987
2864,1,18607003030104,18607024271521
2865,1,18607024279595,18607044488456
2866,1,18607044493506,18607066967315
2867,1,18607066972526,18607083878865
2868,1,18607083884276,18607103375705
2869,1,18607103380667,18607123365426
2870,1,18607123373099,18607144538384
2871,1,18607144544068,18607166070944
2872,1,18607166076260,18607185475472
2873,1,18607185481603,18607203842021
2874,1,18607203846636,18607223549839
2875,1,18607223554732,18607244243604
2876,1,18607244249990,18607265289462
2877,1,18607265295486,18607285514780
2878,1,18607285520465,18607307095462
2879,1,18607307099789,18607327401565
2880,1,18607327406897,18607347172739
2881,1,18607347177718,18607367213411
2882,1,18607367217591,18607387141455
2883,1,18607387145957,18607407158500
2884,1,18607407163296,18607427115898
2885,1,18607427121676,18607447193668
2886,1,18607447198285,18607469000117
2887,1,18607469004890,18607487459734
2888,1,18607487465092,18607507149997
2889,1,18607507155521,18607527210715
2890,1,18607527215707,18607546818459
2891,1,18607546823103,18607567134421
2892,1,18607567138818,18607587137193
2893,1,18607587142077,18607607011212
2894,1,18607607016696,18607626969409
2895,1,18607626974790,18607647114587
2896,1,18607647119028,18607667088240
2897,1,18607667092942,18607687210398
2898,1,18607687215016,18607708362834
2899,1,18607708371047,18607729249030
2900,1,18607729275929,18607749503610
2901,1,18607749510846,18607768533238
2902,1,18607768554058,18607787402990
2903,1,18607787407393,18607808222800
2904,1,18607808230553,18607828686073
2905,1,18607828692137,18607852603030
2906,1,18607852610000,18607874009376
2907,1,18607874015917,18607890568787
2908,1,18607890578787,18607914395862
2909,1,18607914402096,18607931006966
2910,1,18607931013224,18607951504425
2911,1,18607951511621,18607971774331
2912,1,18607971783691,18607989756251
2913,1,18607989766394,18608010587280
2914,1,18608010601131,18608036196523
2915,1,18608036202876,18608054186774
2916,1,18608054194629,18608075618180
2917,1,18608075652737,18608097080921
2918,1,18608097089454,18608121436776
2919,1,18608121455146,18608135767870
2920,1,18608135775350,18608157233445
2921,1,18608157251280,18608176153906
2922,1,18608176173513,18608194857788
2923,1,18608194868815,18608215996277
2924,1,18608216023434,18608237206122
2925,1,18608237234835,18608254643849
2926,1,18608254668095,18608272287863
2927,1,18608272295596,18608292102709
2928,1,18608292110046,18608313497513
2929,1,18608313504836,18608334694978
2930,1,18608334702201,18608352431441
2931,1,18608352436430,18608375341843
2932,1,18608375348591,18608398500184
2933,1,18608398507394,18608415284767
2934,1,18608415297962,18608435876398
2935,1,18608435883055,18608454071712
2936,1,18608454077519,18608473978618
2937,1,18608473985272,18608495057325
2938,1,18608495064430,18608516464589
2939,1,18608516472214,18608535434209
2940,1,18608535444839,18608552541376
2941,1,18608552548252,18608581254136
2942,1,18608581279006,18608598106503
2943,1,18608598112948,18608617139946
2944,1,18608617146207,18608635354017
2945,1,18608635360065,18608654636366
2946,1,18608654644016,18608676967144
2947,1,18608676975091,18608695060744
2948,1,18608695067446,18608715441625
2949,1,18608715448889,18608735343432
2950,1,18608735350612,18608754064799
2951,1,18608754071805,18608774165376
2952,1,18608774184700,18608794466761
2953,1,18608794473503,18608817458211
2954,1,18608817466018,18608838169014
2955,1,18608838175414,18608864333661
2956,1,18608864342142,18608884063878
2957,1,18608884070593,18608897989180
2958,1,18608897995435,18608916938138
2959,1,18608916944929,18608938291889
2960,1,18608938298984,18608959118630
2961,1,18608959124201,18608980897745
2962,1,18608980904801,18609000247722
2963,1,18609000258122,18609018225329
2964,1,18609018231023,18609036567944
2965,1,18609036572938,18609059267056
2966,1,18609059274208,18609077595075
2967,1,18609077604372,18609099124323
2968,1,18609099130841,18609118785794
2969,1,18609118793694,18609137590505
2970,1,18609137594596,18609155182191
2971,1,18609155188062,18609177388074
2972,1,18609177395485,18609198191366
2973,1,18609198204313,18609215470161
2974,1,18609215474931,18609236074121
2975,1,18609236079994,18609255893786
2976,1,18609255947271,18609276837412
2977,1,18609276843083,18609298588849
2978,1,18609298593685,18609316918044
2979,1,18609316923354,18609335191054
2980,1,18609335195528,18609356351700
2981,1,18609356358857,18609377833824
2982,1,18609377854310,18609397960298
2983,1,18609397965776,18609415430463
2984,1,18609415435055,18609437811695
2985,1,18609437838778,18609455552766
2986,1,18609455569754,18609478562812
2987,1,18609478568518,18609499056465
2988,1,18609499062853,18609518274353
2989,1,18609518280370,18609536435406
2990,1,18609536442656,18609556894218
2991,1,18609556901165,18609581975621
2992,1,18609581980364,18609601911773
2993,1,18609601918763,18609623225387
2994,1,18609623233528,18609642038859
2995,1,18609642047484,18609663886012
2996,1,18609663896614,18609681390166
2997,1,18609681395571,18609701944910
2998,1,18609701958196,18609722682804
2999,1,18609722690076,18609742549349
3000,1,18609742555827,18609761736562
3001,1,18609761743384,18609783016409
3002,1,18609783023876,18609802164575
3003,1,18609802222928,18609823183506
3004,1,18609823191122,18609843869388
3005,1,18609843879043,18609863398477
3006,1,18609863403530,18609883724165
3007,1,18609883729311,18609902453036
3008,1,18609902459558,18609925626940
3009,1,18609925634169,18609943607023
3010,1,18609943613243,18609964424351
3011,1,18609964432276,18609983880302
3012,1,18609983886661,18610003496059
3013,1,18610003503649,18610023077369
3014,1,18610023092131,18610043298524
3015,1,18610043305648,18610064508356
3016,1,18610064514562,18610084395576
3017,1,18610084401787,18610103114855
3018,1,18610103121634,18610124453261
3019,1,18610124472959,18610143805031
3020,1,18610143818542,18610162861049
3021,1,18610162868070,18610182607445
3022,1,18610182614086,18610204181223
3023,1,18610204192314,18610223313217
3024,1,18610223319919,18610244971974
3025,1,18610244981054,18610262908759
3026,1,18610262915061,18610282556426
3027,1,18610282562791,18610302743966
3028,1,18610302751409,18610327774628
3029,1,18610327782052,18610346442378
3030,1,18610346448026,18610365739740
3031,1,18610365747592,18610385963143
3032,1,18610385968742,18610406064024
3033,1,18610406072398,18610424817218
3034,1,18610424824128,18610447534011
3035,1,18610447540454,18610467336674
3036,1,18610467344606,18610486619866
3037,1,18610486626957,18610507879758
3038,1,18610507885872,18610528182156
3039,1,18610528189069,18610546059059
3040,1,18610546067545,18610565827800
3041,1,18610565832816,18610585190950
3042,1,18610585196674,18610604195445
3043,1,18610604201597,18610626026329
3044,1,18610626040669,18610646482472
3045,1,18610646488921,18610662875296
3046,1,18610662879915,18610683224415
3047,1,18610683229241,18610702881786
3048,1,18610702886293,18610724772248
3049,1,18610724778409,18610748310025
3050,1,18610748314991,18610764211421
3051,1,18610764216512,18610785481797
3052,1,18610785487421,18610803312387
3053,1,18610803318429,18610826903755
3054,1,18610826982841,18610847509847
3055,1,18610847515252,18610867659723
3056,1,18610867664281,18610883750002
3057,1,18610883754509,18610903081447
3058,1,18610903089658,18610925290919
3059,1,18610925298205,18610945766800
3060,1,18610945771780,18610964231554
3061,1,18610964236654,18610985291311
3062,1,18610985295978,18611007571799
3063,1,18611007578034,18611025239483
3064,1,18611025250046,18611047234745
3065,1,18611047242278,18611066370249
3066,1,18611066376485,18611088184607
3067,1,18611088193310,18611111981853
3068,1,18611111990753,18611132676019
3069,1,18611132681012,18611149101466
3070,1,18611149124897,18611171165308
3071,1,18611171183928,18611191397395
3072,1,18611191404014,18611209538746
3073,1,18611209548399,18611230887818
3074,1,18611230893019,18611250324654
3075,1,18611250330503,18611275822717
3076,1,18611275830234,18611292298357
3077,1,18611292306683,18611310694291
3078,1,18611310701626,18611332302767
3079,1,18611332309659,18611349018274
3080,1,18611349024173,18611367122167
3081,1,18611367127289,18611390390941
3082,1,18611390397228,18611413181465
3083,1,18611413189445,18611432030995
3084,1,18611432041505,18611449760552
3085,1,18611449768323,18611467136847
3086,1,18611467141681,18611488185215
3087,1,18611488200179,18611509774351
3088,1,18611509782195,18611529393071
3089,1,18611529403129,18611548133654
3090,1,18611548138407,18611568185976
3091,1,18611568191912,18611587896422
3092,1,18611587906058,18611610277554
3093,1,18611610519752,18611628991882
3094,1,18611628996310,18611647414042
3095,1,18611647418653,18611667719489
3096,1,18611667724550,18611687732865
3097,1,18611687741348,18611710252564
3098,1,18611710273375,18611732183884
3099,1,18611732189155,18611748427378
3100,1,18611748432199,18611768424607
3101,1,18611768430151,18611788025358
3102,1,18611788035336,18611809359039
3103,1,18611809364313,18611830327487
3104,1,18611830331811,18611853859093
3105,1,18611853876224,18611873307863
3106,1,18611873334154,18611893691691
3107,1,18611893698229,18611914895993
3108,1,18611914903657,18611931675678
3109,1,18611931680712,18611951061696
3110,1,18611951066509,18611973215743
3111,1,18611973222637,18611995246216
3112,1,18611995269244,18612014126283
3113,1,18612014131327,18612031420016
3114,1,18612031424491,18612051064956
3115,1,18612051069503,18612073139724
3116,1,18612073145369,18612094423257
3117,1,18612094464235,18612117778233
3118,1,18612117784282,18612134078780
3119,1,18612134083466,18612153154961
3120,1,18612153166126,18612172939527
3121,1,18612172945543,18612195500198
3122,1,18612195510515,18612213041890
3123,1,18612213046982,18612231729974
3124,1,18612231736804,18612251196854
3125,1,18612251201653,18612272905014
3126,1,18612272911728,18612294706726
3127,1,18612294712377,18612313888406
3128,1,18612313893576,18612331376340
3129,1,18612331381220,18612351090191
3130,1,18612351095049,18612373268321
3131,1,18612373276126,18612394603176
3132,1,18612394608899,18612411931981
3133,1,18612411937144,18612431525285
3134,1,18612431529652,18612451168363
3135,1,18612451173156,18612473160361
3136,1,18612473166101,18612495559998
3137,1,18612495564849,18612514668417
3138,1,18612514673261,18612531657337
3139,1,18612531662223,18612551125340
3140,1,18612551129810,18612572955976
3141,1,18612572963230,18612596865856
3142,1,18612596870106,18612615948646
3143,1,18612615953367,18612643051334
3144,1,18612643058003,18612659790488
3145,1,18612659798911,18612678122008
3146,1,18612678126908,18612695496027
3147,1,18612695500864,18612715234644
3148,1,18612715239221,18612735195987
3149,1,18612735203844,18612757685437
3150,1,18612757693733,18612778446530
3151,1,18612778452917,18612798157504
3152,1,18612798161881,18612817204643
3153,1,18612817209432,18612836540608
3154,1,18612836559083,18612861179433
3155,1,18612861206783,18612878715371
3156,1,18612878738358,18612897507327
3157,1,18612897513143,18612916062983
3158,1,18612916083448,18612936457428
3159,1,18612936466711,18612958319080
3160,1,18612958328825,18612979074679
3161,1,18612979079350,18612995842330
3162,1,18612995846601,18613015251640
3163,1,18613015256033,18613035979635
3164,1,18613036038079,18613057129998
3165,1,18613057138550,18613078456015
3166,1,18613078464987,18613095197952
3167,1,18613095202395,18613115865651
3168,1,18613115870551,18613136483631
3169,1,18613136492735,18613159427783
3170,1,18613159436252,18613179624172
3171,1,18613179630097,18613196139650
3172,1,18613196145433,18613215259841
3173,1,18613215264466,18613236461393
3174,1,18613236468739,18613259138907
3175,1,18613259144255,18613278140726
3176,1,18613278147041,18613298637508
3177,1,18613298643282,18613320051304
3178,1,18613320058715,18613336347296
3179,1,18613336371186,18613362756424
3180,1,18613362762364,18613380166201
3181,1,18613380171216,18613399841835
3182,1,18613399849033,18613421608077
3183,1,18613421617022,18613443282183
3184,1,18613443289043,18613462680629
3185,1,18613462687274,18613480655966
3186,1,18613480662228,18613499912154
3187,1,18613499919068,18613522345584
3188,1,18613522351304,18613544558093
3189,1,18613544566313,18613563497687
3190,1,18613563505876,18613581643521
3191,1,18613581662056,18613599656773
3192,1,18613599661755,18613620219356
3193,1,18613620254502,18613643779893
3194,1,18613643788125,18613662464306
3195,1,18613662468973,18613680081430
3196,1,18613680086603,18613699754312
3197,1,18613699758737,18613721326533
3198,1,18613721348870,18613742921490
3199,1,18613742937438,18613762086724
3200,1,18613762091086,18613781809452
3201,1,18613781814033,18613802844381
3202,1,18613802850178,18613821338180
3203,1,18613821344936,18613843417726
3204,1,18613843423140,18613861864898
3205,1,18613861869649,18613880138831
3206,1,18613880143771,18613899256241
3207,1,18613899283529,18613921552433
3208,1,18613921559718,18613943042189
3209,1,18613943049447,18613961103806
3210,1,18613961109119,18613980901388
3211,1,18613980906500,18613999062904
3212,1,18613999068038,18614023121528
3213,1,18614023130095,18614044100235
3214,1,18614044107170,18614061537915
3215,1,18614061544702,18614080501184
3216,1,18614080506753,18614098913569
3217,1,18614098917805,18614125912684
3218,1,18614125920976,18614144354299
3219,1,18614144365030,18614163337345
3220,1,18614163341389,18614182920901
3221,1,18614182925774,18614206161949
3222,1,18614206170093,18614224764864
3223,1,18614224770566,18614245882050
3224,1,18614245888041,18614263879081
3225,1,18614263887378,18614283561091
3226,1,18614283569326,18614305077023
3227,1,18614305083652,18614327544614
3228,1,18614327552808,18614345939467
3229,1,18614345944526,18614364225243
3230,1,18614364230868,18614383044234
3231,1,18614383048476,18614405159688
3232,1,18614405165518,18614425006848
3233,1,18614425011639,18614446472360
3234,1,18614446477528,18614465763150
3235,1,18614465768129,18614483429647
3236,1,18614483435349,18614505496099
3237,1,18614505502824,18614525843721
3238,1,18614525848671,18614545375836
3239,1,18614545380738,18614563416521
3240,1,18614563452943,18614583717977
3241,1,18614583727288,18614607665794
3242,1,18614607670982,18614625298778
3243,1,18614625314132,18614644526305
3244,1,18614644532242,18614663172503
3245,1,18614663177050,18614683736004
3246,1,18614683749242,18614705369274
3247,1,18614705377661,18614725669802
3248,1,18614725678011,18614744738866
3249,1,18614744744751,18614763294893
3250,1,18614763299790,18614783136588
3251,1,18614783142984,18614804988781
3252,1,18614804994688,18614826659499
3253,1,18614826666606,18614845069333
3254,1,18614845074836,18614868487119
3255,1,18614868500179,18614891213316
3256,1,18614891219703,18614910322189
3257,1,18614910326771,18614927900584
3258,1,18614927922787,18614948584086
3259,1,18614948591942,18614968644384
3260,1,18614968650695,18614990199270
3261,1,18614990205496,18615010646375
3262,1,18615010651640,18615028458893
3263,1,18615028463893,18615047371000
3264,1,18615047375595,18615068413561
3265,1,18615068420933,18615091040449
3266,1,18615091054023,18615110518319
3267,1,18615110525493,18615128085151
3268,1,18615128090198,18615147781545
3269,1,18615147785898,18615168115234
3270,1,18615168127073,18615189920632
3271,1,18615189925933,18615210301698
3272,1,18615210306208,18615228862318
3273,1,18615228867343,18615247505201
3274,1,18615247510093,18615268363060
3275,1,18615268371041,18615291129784
3276,1,18615291135511,18615309844063
3277,1,18615309848814,18615327833150
3278,1,18615327839590,18615348718551
3279,1,18615348723361,18615371648509
3280,1,18615371673762,18615390394478
3281,1,18615390406370,18615410743331
3282,1,18615410763818,18615427521382
3283,1,18615427525774,18615447072732
3284,1,18615447077704,18615467970989
3285,1,18615467986721,18615490097920
3286,1,18615490106042,18615509897688
3287,1,18615509902003,18615527814487
3288,1,18615527819183,18615547008152
3289,1,18615547013242,18615567944082
3290,1,18615567960790,18615590426011
3291,1,18615590431046,18615612104595
3292,1,18615612109181,18615634038073
3293,1,18615634046284,18615653213684
3294,1,18615653219855,18615673245091
3295,1,18615673250668,18615696546944
3296,1,18615696553510,18615712244926
3297,1,18615712249866,18615731462255
3298,1,18615731466630,18615754201386
3299,1,18615754213215,18615777338439
3300,1,18615777346090,18615795310247
3301,1,18615795316174,18615813482166
3302,1,18615813489039,18615830864894
3303,1,18615830869518,18615853146706
3304,1,18615853154155,18615873510595
3305,1,18615873515997,18615895899953
3306,1,18615895905765,18615912033003
3307,1,18615912041680,18615931336850
3308,1,18615931341786,18615953158380
3309,1,18615953167139,18615974213632
3310,1,18615974283726,18615993179347
3311,1,18615993184212,18616014317507
3312,1,18616014322889,18616036263349
3313,1,18616036273636,18616052832041
3314,1,18616052840329,18616074969288
3315,1,18616074974683,18616092038448
3316,1,18616092044309,18616112179890
3317,1,18616112185085,18616131185427
3318,1,18616131189955,18616152853425
3319,1,18616152860895,18616174690194
3320,1,18616174695469,18616193153475
3321,1,18616193158959,18616213466371
3322,1,18616213470613,18616233770620
3323,1,18616233777519,18616253083994
3324,1,18616253090213,18616273574064
3325,1,18616273595363,18616292611640
3326,1,18616292616803,18616311922892
3327,1,18616311927802,18616331176444
3328,1,18616331181080,18616352851952
3329,1,18616352859771,18616373781038
3330,1,18616373786500,18616395062101
3331,1,18616395066453,18616416514322
3332,1,18616416522968,18616440268361
3333,1,18616440274514,18616458018758
3334,1,18616458023653,18616477667656
3335,1,18616477672501,18616495899346
3336,1,18616495905309,18616515054219
3337,1,18616515061919,18616537687129
3338,1,18616537694754,18616560289979
3339,1,18616560294726,18616576949303
3340,1,18616576954510,18616595037682
3341,1,18616595042457,18616616230005
3342,1,18616616236503,18616637949577
3343,1,18616637954797,18616657994870
3344,1,18616658000372,18616678158083
3345,1,18616678164973,18616700234078
3346,1,18616700241333,18616715482217
3347,1,18616715493201,18616739550009
3348,1,18616739563745,18616757345872
3349,1,18616757350914,18616776064666
3350,1,18616776069420,18616795323233
3351,1,18616795327878,18616815496728
3352,1,18616815517007,18616839296652
3353,1,18616839301993,18616857193396
3354,1,18616857198269,18616877098671
3355,1,18616877103996,18616894958524
3356,1,18616894962837,18616914918834
3357,1,18616914923794,18616942575841
3358,1,18616942582038,18616958405289
3359,1,18616958412083,18616977017378
3360,1,18616977038083,18616995010213
3361,1,18616995014890,18617016199174
3362,1,18617016206162,18617039439149
3363,1,18617039447247,18617057271945
3364,1,18617057277066,18617076896440
3365,1,18617076901384,18617096393972
3366,1,18617096398669,18617116157464
3367,1,18617116190962,18617141968768
3368,1,18617141975479,18617161111282
3369,1,18617161116353,18617179124952
3370,1,18617179129433,18617199987022
3371,1,18617199994649,18617222278792
3372,1,18617222285683,18617240569008
3373,1,18617240664503,18617259138774
3374,1,18617259144028,18617279045524
3375,1,18617279050603,18617301535483
3376,1,18617301541490,18617321137065
3377,1,18617321142960,18617341913739
3378,1,18617341918078,18617360858151
3379,1,18617360863448,18617379168798
3380,1,18617379173846,18617399991622
3381,1,18617399998389,18617422118362
3382,1,18617422123339,18617442309991
3383,1,18617442314578,18617460251331
3384,1,18617460256352,18617481145264
3385,1,18617481153500,18617503170814
3386,1,18617503177400,18617521483566
3387,1,18617521489645,18617543551640
3388,1,18617543556192,18617559178509
3389,1,18617559183359,18617579058226
3390,1,18617579062654,18617599983659
3391,1,18617600086235,18617623131480
3392,1,18617623142825,18617641783260
3393,1,18617641791457,18617659973001
3394,1,18617659979095,18617679527789
3395,1,18617679532896,18617701727612
3396,1,18617701734557,18617722573923
3397,1,18617722581541,18617746087100
3398,1,18617746094949,18617764842652
3399,1,18617764856526,18617780642190
3400,1,18617780662144,18617801905226
3401,1,18617801910890,18617822789487
3402,1,18617822796585,18617841807324
3403,1,18617841812022,18617861582805
3404,1,18617861587684,18617879216392
3405,1,18617879221783,18617907613616
3406,1,18617907620100,18617925495498
3407,1,18617925502025,18617944866579
3408,1,18617944872036,18617963973632
3409,1,18617963989152,18617986547569
3410,1,18617986575635,18618011820328
3411,1,18618011864239,18618027858870
3412,1,18618027865509,18618050708887
3413,1,18618050716270,18618072201120
3414,1,18618072208751,18618088767481
3415,1,18618088776796,18618106609363
3416,1,18618106625698,18618123763941
3417,1,18618123769043,18618143800464
3418,1,18618143804987,18618163029074
3419,1,18618163035506,18618185356361
3420,1,18618185362047,18618207997497
3421,1,18618208019997,18618224346948
3422,1,18618224352706,18618243211245
3423,1,18618243216146,18618263368840
3424,1,18618263375468,18618285831654
3425,1,18618285838452,18618305220414
3426,1,18618305225159,18618323956363
3427,1,18618323961432,18618343312608
3428,1,18618343317085,18618363054871
3429,1,18618363061969,18618384752920
3430,1,18618384759817,18618405494610
3431,1,18618405500446,18618424278362
3432,1,18618424283116,18618443470968
3433,1,18618443475542,18618463172663
3434,1,18618463177153,18618485344217
3435,1,18618485350209,18618506998496
3436,1,18618507004133,18618526239246
3437,1,18618526244876,18618546686210
3438,1,18618546705257,18618563633589
3439,1,18618563645441,18618585130445
3440,1,18618585136594,18618606639048
3441,1,18618606643868,18618624501368
3442,1,18618624505850,18618643050286
3443,1,18618643055394,18618671596764
3444,1,18618671605367,18618689329013
3445,1,18618689334853,18618709016092
3446,1,18618709021558,18618727046447
3447,1,18618727051723,18618748407514
3448,1,18618748415736,18618770561818
3449,1,18618770566851,18618790329512
3450,1,18618790335323,18618810492441
3451,1,18618810499290,18618827942947
3452,1,18618827962840,18618848095834
3453,1,18618848102339,18618870293030
3454,1,18618870309776,18618890150855
3455,1,18618890155669,18618907966128
3456,1,18618907971147,18618927270738
3457,1,18618927275592,18618948041911
3458,1,18618948047576,18618970050476
3459,1,18618970054899,18618990600246
3460,1,18618990605061,18619008649777
3461,1,18619008654583,18619027660071
3462,1,18619027679348,18619048385639
3463,1,18619048394103,18619069522173
3464,1,18619069528418,18619089202488
3465,1,18619089214220,18619107471915
3466,1,18619107476776,18619127730711
3467,1,18619127736611,18619148023879
3468,1,18619148044519,18619169293213
3469,1,18619169298016,18619191101527
3470,1,18619191106398,18619209507413
3471,1,18619209512119,18619227076782
3472,1,18619227080998,18619247925755
3473,1,18619247933282,18619269659642
3474,1,18619269665539,18619289790365
3475,1,18619289795766,18619307614234
3476,1,18619307618495,18619330595663
3477,1,18619330601721,18619352191940
3478,1,18619352198171,18619369369995
3479,1,18619369375153,18619391375896
3480,1,18619391380803,18619411080442
3481,1,18619411084925,18619432791086
3482,1,18619432797309,18619453965548
3483,1,18619453972509,18619475893488
3484,1,18619475898217,18619491678225
3485,1,18619491684934,18619510958462
3486,1,18619510963958,18619532758564
3487,1,18619532765948,18619554709276
3488,1,18619554716131,18619573422435
3489,1,18619573428729,18619593679231
3490,1,18619593683740,18619615910415
3491,1,18619615917572,18619634418111
3492,1,18619634424207,18619655987946
3493,1,18619655994646,18619674744804
3494,1,18619674752378,18619692414021
3495,1,18619692434230,18619710970965
3496,1,18619710975322,18619733286354
3497,1,18619733292027,18619755075787
3498,1,18619755084763,18619773661711
3499,1,18619773668378,18619794261687
3500,1,18619794268375,18619815375872
3501,1,18619815385759,18619840475586
3502,1,18619840482585,18619854918992
3503,1,18619854928412,18619875395545
3504,1,18619875407569,18619892378521
3505,1,18619892383567,18619911138090
3506,1,18619911142489,18619932936659
3507,1,18619932944251,18619953831425
3508,1,18619953836371,18619971571626
3509,1,18619971576608,18619991846192
3510,1,18619991850961,18620011543329
3511,1,18620011550489,18620032587395
3512,1,18620032593664,18620054454589
3513,1,18620054459529,18620072638639
3514,1,18620072659604,18620091282496
3515,1,18620091287534,18620110898517
3516,1,18620110902997,18620132809428
3517,1,18620132816268,18620154461921
3518,1,18620154467058,18620174940550
3519,1,18620174945402,18620195004030
3520,1,18620195012141,18620218460887
3521,1,18620218483111,18620236778636
3522,1,18620236784682,18620256901389
3523,1,18620256906175,18620275762546
3524,1,18620275767403,18620295852441
3525,1,18620295870526,18620319883449
3526,1,18620319889118,18620337910180
3527,1,18620337921090,18620355928042
3528,1,18620355934435,18620375540319
3529,1,18620375545076,18620395156971
3530,1,18620395165220,18620419412832
3531,1,18620419422069,18620436776463
3532,1,18620436787955,18620457565937
3533,1,18620457571991,18620475345741
3534,1,18620475350606,18620495454152
3535,1,18620495521298,18620517068499
3536,1,18620517076135,18620539620492
3537,1,18620539631335,18620557794643
3538,1,18620557800669,18620577928747
3539,1,18620577935351,18620598874663
3540,1,18620598888522,18620619196433
3541,1,18620619207161,18620640596201
3542,1,18620640601985,18620658025478
3543,1,18620658031604,18620679421850
3544,1,18620679430772,18620700768612
3545,1,18620700775565,18620722886631
3546,1,18620722894221,18620740920903
3547,1,18620740930021,18620758431776
3548,1,18620758436442,18620775095113
3549,1,18620775101228,18620796047841
3550,1,18620796056023,18620818983689
3551,1,18620818988918,18620836739885
3552,1,18620836747128,18620856256620
3553,1,18620856264374,18620875200628
3554,1,18620875205210,18620896065166
3555,1,18620896073109,18620918889608
3556,1,18620918910105,18620941430351
3557,1,18620941435474,18620959324718
3558,1,18620959329150,18620981477361
3559,1,18620981484827,18621002783717
3560,1,18621002788998,18621021757087
3561,1,18621021761965,18621041631333
3562,1,18621041636156,18621062966892
3563,1,18621062974623,18621081396420
3564,1,18621081424226,18621102026062
3565,1,18621102031086,18621121623230
3566,1,18621121628182,18621139131687
3567,1,18621139136503,18621159216810
3568,1,18621159221259,18621181165371
3569,1,18621181176681,18621200920717
3570,1,18621200925826,18621222251327
3571,1,18621222256189,18621239599097
3572,1,18621239604138,18621259117738
3573,1,18621259122740,18621281097764
3574,1,18621281104030,18621302605252
3575,1,18621302646200,18621319923243
3576,1,18621319928646,18621339779539
3577,1,18621339784258,18621358970331
3578,1,18621358974987,18621381135969
3579,1,18621381141446,18621403547817
3580,1,18621403573256,18621422696240
3581,1,18621422701970,18621440606791
3582,1,18621440611611,18621458625095
3583,1,18621458630170,18621480723138
3584,1,18621480750347,18621502043287
3585,1,18621502048606,18621520848293
3586,1,18621520852841,18621542194535
3587,1,18621542199395,18621562551548
3588,1,18621562558521,18621580971921
3589,1,18621580979080,18621603030099
3590,1,18621603035601,18621621523809
3591,1,18621621529209,18621639912100
3592,1,18621639918356,18621658913761
3593,1,18621658918813,18621687415769
3594,1,18621687424715,18621704350308
3595,1,18621704354976,18621723005669
3596,1,18621723011490,18621742853153
3597,1,18621742857813,18621765096233
3598,1,18621765104614,18621785392224
3599,1,18621785397533,18621807035232
3600,1,18621807040088,18621825918101
3601,1,18621825925690,18621843308550
3602,1,18621843313789,18621865205173
3603,1,18621865213576,18621885883530
3604,1,18621885888817,18621904601716
3605,1,18621904606519,18621922765679
3606,1,18621922770534,18621942930225
3607,1,18621942935418,18621967968984
3608,1,18621967980056,18621985359439
3609,1,18621985367693,18622005459838
3610,1,18622005466175,18622024786991
3611,1,18622024792035,18622043356446
3612,1,18622043364500,18622065403992
3613,1,18622065410201,18622086932886
3614,1,18622086939391,18622104821569
3615,1,18622104864490,18622122757578
3616,1,18622122762478,18622142742016
3617,1,18622142748220,18622165430114
3618,1,18622165441458,18622185225851
3619,1,18622185230657,18622205049106
3620,1,18622205053893,18622223252366
3621,1,18622223257275,18622242905700
3622,1,18622242933169,18622264552093
3623,1,18622264558043,18622285521715
3624,1,18622285526865,18622304227818
3625,1,18622304232713,18622323100040
3626,1,18622323104195,18622343575713
3627,1,18622343584468,18622367366875
3628,1,18622367374896,18622384902761
3629,1,18622384912576,18622404696016
3630,1,18622404700846,18622423088943
3631,1,18622423095941,18622450001109
3632,1,18622450006088,18622470821992
3633,1,18622470827054,18622492220493
3634,1,18622492225496,18622507026493
3635,1,18622507031651,18622527951873
3636,1,18622527958480,18622550914369
3637,1,18622550919664,18622570214394
3638,1,18622570219319,18622587449492
3639,1,18622587454198,18622607818196
3640,1,18622607822999,18622627961782
3641,1,18622627976419,18622649878033
3642,1,18622649884114,18622669842183
3643,1,18622669847627,18622687777991
3644,1,18622687782903,18622707126714
3645,1,18622707131270,18622727992495
3646,1,18622728021127,18622751523627
3647,1,18622751529492,18622768470702
3648,1,18622768475062,18622787708996
3649,1,18622787713700,18622807915230
3650,1,18622807919793,18622827703936
3651,1,18622827713141,18622850549876
3652,1,18622850556546,18622869406823
3653,1,18622869411629,18622887553412
3654,1,18622887558440,18622907413297
3655,1,18622907418624,18622929504865
3656,1,18622929511178,18622950785751
3657,1,18622950795186,18622971707517
3658,1,18622971712141,18622987662135
3659,1,18622987666658,18623007197637
3660,1,18623007202392,18623029508477
3661,1,18623029515748,18623050299728
3662,1,18623050305079,18623069738407
3663,1,18623069743202,18623091218141
3664,1,18623091222998,18623110461414
3665,1,18623110486569,18623127737137
3666,1,18623127767824,18623150350701
3667,1,18623150355863,18623169055178
3668,1,18623169060294,18623187258353
3669,1,18623187262624,18623213008367
3670,1,18623213015167,18623233816326
3671,1,18623233821822,18623252500794
3672,1,18623252505467,18623272111728
3673,1,18623272117215,18623290837640
3674,1,18623290842047,18623312745410
3675,1,18623312751453,18623335209218
3676,1,18623335217638,18623353901424
3677,1,18623353906904,18623371261825
3678,1,18623371266688,18623391488381
3679,1,18623391495646,18623413163040
3680,1,18623413167933,18623434622955
3681,1,18623434629404,18623455442067
3682,1,18623455446796,18623471289701
3683,1,18623471294655,18623490927035
3684,1,18623490931386,18623516393879
3685,1,18623516401009,18623533695483
3686,1,18623533700362,18623557542424
3687,1,18623557547525,18623577292524
3688,1,18623577299569,18623591090230
3689,1,18623591095351,18623613473480
3690,1,18623613480746,18623633594544
3691,1,18623633599576,18623653129260
3692,1,18623653134352,18623671439339
3693,1,18623671445298,18623695507254
3694,1,18623695515326,18623715254737
3695,1,18623715299537,18623735144706
3696,1,18623735149694,18623754222511
3697,1,18623754227618,18623771924622
3698,1,18623771929363,18623790805984
3699,1,18623790810839,18623815065878
3700,1,18623815072458,18623835697660
3701,1,18623835720911,18623852491227
3702,1,18623852495530,18623871102693
3703,1,18623871107736,18623890855291
3704,1,18623890859828,18623913301875
3705,1,18623913309499,18623933185581
3706,1,18623933194223,18623960453982
3707,1,18623960464615,18623979306117
3708,1,18623979317023,18623996972155
3709,1,18623996995056,18624018187776
3710,1,18624018193005,18624035969366
3711,1,18624035974575,18624055810016
3712,1,18624055815336,18624074960809
3713,1,18624074969155,18624098747264
3714,1,18624098755576,18624116425405
3715,1,18624116433521,18624136241834
3716,1,18624136246674,18624155789744
3717,1,18624155795044,18624176330155
3718,1,18624176357848,18624198483959
3719,1,18624198491624,18624218390609
3720,1,18624218395611,18624237193749
3721,1,18624237199236,18624255227569
3722,1,18624255231759,18624275915210
3723,1,18624275923420,18624298918039
3724,1,18624298922764,18624318182679
3725,1,18624318189949,18624338093571
3726,1,18624338100023,18624364082099
3727,1,18624364089326,18624381733938
3728,1,18624381740378,18624399507879
3729,1,18624399513212,18624418009308
3730,1,18624418014431,18624435476093
3731,1,18624435481058,18624455408758
3732,1,18624455413525,18624476199833
3733,1,18624476206464,18624497794824
3734,1,18624497799750,18624518353702
3735,1,18624518359441,18624537111855
3736,1,18624537116872,18624555242922
3737,1,18624555248061,18624578031048
3738,1,18624578038524,18624599663829
3739,1,18624599672654,18624618856791
3740,1,18624618863423,18624638145369
3741,1,18624638152006,18624658879573
3742,1,18624658889438,18624678513202
3743,1,18624678519860,18624698622604
3744,1,18624698628378,18624722276417
3745,1,18624722283594,18624744139340
3746,1,18624744148851,18624762894220
3747,1,18624762902074,18624783373955
3748,1,18624783382142,18624802598295
3749,1,18624802604789,18624821896593
3750,1,18624821918466,18624842530475
3751,1,18624842536684,18624864299684
3752,1,18624864319822,18624882447938
3753,1,18624882454884,18624902527772
3754,1,18624902533993,18624922090826
3755,1,18624922097869,18624942446082
3756,1,18624942453727,18624962471039
3757,1,18624962477081,18624982980720
3758,1,18624982986964,18625002345396
3759,1,18625002352146,18625022312432
3760,1,18625022319067,18625044093654
3761,1,18625044100593,18625062426611
3762,1,18625062432825,18625082766331
3763,1,18625082776621,18625103034625
3764,1,18625103041187,18625122096478
3765,1,18625122102949,18625141998219
3766,1,18625142006408,18625160751124
3767,1,18625160757069,18625181891970
3768,1,18625181917019,18625203201011
3769,1,18625203206123,18625222914074
3770,1,18625222919014,18625239505989
3771,1,18625239510746,18625260844528
3772,1,18625260850101,18625281920027
3773,1,18625281926104,18625300823319
3774,1,18625300828305,18625319043380
3775,1,18625319048444,18625339373826
3776,1,18625339378188,18625360774541
3777,1,18625360782352,18625382008793
3778,1,18625382014293,18625401544739
3779,1,18625401549884,18625419942457
3780,1,18625419947116,18625439268071
3781,1,18625439272652,18625466470510
3782,1,18625466477689,18625486478806
3783,1,18625486484805,18625503410971
3784,1,18625503415389,18625523172353
3785,1,18625523177222,18625545086363
3786,1,18625545098126,18625565151323
3787,1,18625565160041,18625586660632
3788,1,18625586665716,18625603914296
3789,1,18625603919250,18625623108583
3790,1,18625623114246,18625644703148
3791,1,18625644733750,18625665619660
3792,1,18625665643096,18625684434513
3793,1,18625684439454,18625704279395
3794,1,18625704284641,18625725938037
3795,1,18625725971496,18625744938797
3796,1,18625744943925,18625765613480
3797,1,18625765618320,18625785993100
3798,1,18625786002926,18625804289763
3799,1,18625804298942,18625824349715
3800,1,18625824357967,18625845546721
3801,1,18625845552485,18625865602278
3802,1,18625865608719,18625885631862
3803,1,18625885636230,18625903109919
3804,1,18625903114329,18625923291922
3805,1,18625923303376,18625945362663
3806,1,18625945369523,18625964934912
3807,1,18625964940105,18625983347773
3808,1,18625983352669,18626003211804
3809,1,18626003216602,18626024618279
3810,1,18626024624530,18626046943463
3811,1,18626046962903,18626067388987
3812,1,18626067393900,18626086451738
3813,1,18626086459711,18626104239905
3814,1,18626104248593,18626124449131
3815,1,18626124457374,18626148197184
3816,1,18626148203885,18626166667155
3817,1,18626166673655,18626184989752
3818,1,18626184995615,18626204708168
3819,1,18626204726453,18626230032795
3820,1,18626230038037,18626251450530
3821,1,18626251454816,18626267485518
3822,1,18626267489447,18626286947575
3823,1,18626286952453,18626307635856
3824,1,18626307659981,18626330174194
3825,1,18626330181206,18626350608763
3826,1,18626350613098,18626367290146
3827,1,18626367294841,18626387093151
3828,1,18626387097709,18626407800078
3829,1,18626407808778,18626430616875
3830,1,18626430621744,18626448409652
3831,1,18626448414314,18626467817069
3832,1,18626467821752,18626486963506
3833,1,18626486968264,18626507665227
3834,1,18626507672232,18626530527329
3835,1,18626530567705,18626551736042
3836,1,18626551740066,18626568059983
3837,1,18626568065854,18626587617797
3838,1,18626587622438,18626609494437
3839,1,18626609502005,18626630499421
3840,1,18626630504807,18626650065128
3841,1,18626650069863,18626670070963
3842,1,18626670075695,18626690536771
3843,1,18626690543751,18626709110504
3844,1,18626709125614,18626730249406
3845,1,18626730270842,18626750811925
3846,1,18626750816786,18626767714401
3847,1,18626767718969,18626787012380
3848,1,18626787016758,18626807624149
3849,1,18626807639537,18626830066148
3850,1,18626830070988,18626849562388
3851,1,18626849567363,18626867942962
3852,1,18626867947997,18626887450474
3853,1,18626887455308,18626909475171
3854,1,18626909483087,18626931082794
3855,1,18626931104110,18626953903975
3856,1,18626953912290,18626967403003
3857,1,18626967407556,18626995815032
3858,1,18626995825553,18627013918173
3859,1,18627013923662,18627033645085
3860,1,18627033649822,18627051688815
3861,1,18627051693727,18627070958843
3862,1,18627070963698,18627092880486
3863,1,18627092892517,18627112795383
3864,1,18627112800435,18627133493290
3865,1,18627133498409,18627152247239
3866,1,18627152251863,18627170906157
3867,1,18627170910866,18627192976489
3868,1,18627192982755,18627214682148
3869,1,18627214696560,18627232725704
3870,1,18627232751119,18627251347589
3871,1,18627251352496,18627271822192
3872,1,18627271830061,18627293034089
3873,1,18627293041976,18627313021771
3874,1,18627313029771,18627334660565
3875,1,18627334666604,18627351621032
3876,1,18627351625574,18627371154924
3877,1,18627371162033,18627395327262
3878,1,18627395352513,18627415385484
3879,1,18627415390632,18627432774709
3880,1,18627432779256,18627451846904
3881,1,18627451851966,18627471434119
3882,1,18627471440689,18627495690091
3883,1,18627495696020,18627513792591
3884,1,18627513797516,18627532418306
3885,1,18627532423102,18627551371403
3886,1,18627551375986,18627571246895
3887,1,18627571251806,18627593460520
3888,1,18627593466983,18627615559207
3889,1,18627615564745,18627632208522
3890,1,18627632213777,18627651784718
3891,1,18627651789596,18627671170880
3892,1,18627671178199,18627693118265
3893,1,18627693127318,18627713760153
3894,1,18627713765098,18627736323411
3895,1,18627736328203,18627757301949
3896,1,18627757307742,18627777736399
3897,1,18627777752279,18627798297244
3898,1,18627798302187,18627815357085
3899,1,18627815361522,18627835361428
3900,1,18627835366578,18627857475693
3901,1,18627857482587,18627879057288
3902,1,18627879069728,18627897840512
3903,1,18627897845455,18627915542064
3904,1,18627915546415,18627935352338
3905,1,18627935357064,18627956846626
3906,1,18627956853442,18627977727818
3907,1,18627977733706,18628001273183
3908,1,18628001279233,18628025099834
3909,1,18628025107330,18628039462072
3910,1,18628039468188,18628055834712
3911,1,18628055842237,18628079025419
3912,1,18628079032065,18628098193109
3913,1,18628098198330,18628116124295
3914,1,18628116129203,18628135278061
3915,1,18628135283436,18628155835394
3916,1,18628155841179,18628177943953
3917,1,18628177948947,18628197893664
3918,1,18628197898750,18628215666426
3919,1,18628215671093,18628235375894
3920,1,18628235400645,18628257657334
3921,1,18628257665498,18628279274181
3922,1,18628279312140,18628297991541
3923,1,18628297997226,18628315572044
3924,1,18628315576825,18628335241801
3925,1,18628335246356,18628355874808
3926,1,18628355881315,18628377762135
3927,1,18628377767037,18628398139732
3928,1,18628398144487,18628416304944
3929,1,18628416309632,18628435227073
3930,1,18628435231397,18628456158384
3931,1,18628456165414,18628477937892
3932,1,18628477946197,18628499418702
3933,1,18628499423732,18628519197590
3934,1,18628519202542,18628540999700
3935,1,18628541007233,18628562152804
3936,1,18628562158509,18628580125082
3937,1,18628580130814,18628600132202
3938,1,18628600137905,18628619216564
3939,1,18628619223272,18628641081645
3940,1,18628641088157,18628662700103
3941,1,18628662710335,18628684186800
3942,1,18628684191523,18628699629748
3943,1,18628699634263,18628718971379
3944,1,18628718975944,18628741436082
3945,1,18628741445110,18628762163888
3946,1,18628762169930,18628782096810
3947,1,18628782102180,18628801566843
3948,1,18628801571299,18628822126603
3949,1,18628822132799,18628841652411
3950,1,18628841657815,18628863343355
3951,1,18628863348793,18628881351463
3952,1,18628881356434,18628899560757
3953,1,18628899565663,18628919579883
3954,1,18628919610998,18628941213686
3955,1,18628941221843,18628962816198
3956,1,18628962824338,18628980337094
3957,1,18628980341709,18629000636057
3958,1,18629000642261,18629019349503
3959,1,18629019354531,18629041653340
3960,1,18629041667114,18629062641178
3961,1,18629062650759,18629087301983
3962,1,18629087347170,18629099380421
3963,1,18629099386761,18629119004645
3964,1,18629119009423,18629141466931
3965,1,18629141479321,18629161112086
3966,1,18629161132191,18629182311904
3967,1,18629182317089,18629200420509
3968,1,18629200425431,18629218916373
3969,1,18629218921070,18629241035968
3970,1,18629241047243,18629264245424
3971,1,18629264250546,18629285205186
3972,1,18629285224738,18629307242715
3973,1,18629307251302,18629325294877
3974,1,18629325319182,18629347195279
3975,1,18629347200442,18629364889942
3976,1,18629364894940,18629383423699
3977,1,18629383428420,18629404394878
3978,1,18629404403332,18629428652953
3979,1,18629428667713,18629446208854
3980,1,18629446219537,18629463452092
3981,1,18629463458139,18629483771460
3982,1,18629483776192,18629503141611
3983,1,18629503156293,18629525230822
3984,1,18629525237430,18629546869379
3985,1,18629546875943,18629568120598
3986,1,18629568126502,18629583186363
3987,1,18629583191622,18629605976901
3988,1,18629605987230,18629625541002
3989,1,18629625548881,18629646102110
3990,1,18629646106941,18629664324010
3991,1,18629664328939,18629684345917
3992,1,18629684350733,18629704234385
3993,1,18629704241405,18629725181391
3994,1,18629725211731,18629746970425
3995,1,18629746975492,18629766411939
3996,1,18629766416582,18629783232101
3997,1,18629783238139,18629806491162
3998,1,18629806506358,18629825979720
3999,1,18629825985351,18629846767017
4000,1,18629846772530,18629865039247
4001,1,18629865045481,18629883140792
4002,1,18629883147017,18629904054926
4003,1,18629904064307,18629926595385
4004,1,18629926619634,18629946030642
4005,1,18629946051463,18629963578587
4006,1,18629963583700,18629983533723
4007,1,18629983538704,18630010890876
4008,1,18630010901112,18630030768626
4009,1,18630030773908,18630052331063
4010,1,18630052336512,18630070135479
4011,1,18630070152300,18630089533818
4012,1,18630089540232,18630110285105
4013,1,18630110291308,18630130263538
4014,1,18630130268810,18630147437682
4015,1,18630147442479,18630167161087
4016,1,18630167165454,18630189416228
4017,1,18630189423558,18630210060808
4018,1,18630210066392,18630228347187
4019,1,18630228352310,18630248155077
4020,1,18630248159550,18630267112642
4021,1,18630267117300,18630289449541
4022,1,18630289470371,18630310689232
4023,1,18630310715813,18630331485735
4024,1,18630331491794,18630348108292
4025,1,18630348113049,18630368298847
4026,1,18630368305367,18630389544169
4027,1,18630389550670,18630410604843
4028,1,18630410611536,18630429801860
4029,1,18630429806445,18630449230180
4030,1,18630449236205,18630467726396
4031,1,18630467731379,18630489463939
4032,1,18630489469748,18630511110774
4033,1,18630511116489,18630530164363
4034,1,18630530170768,18630547435225
4035,1,18630547440159,18630567298227
4036,1,18630567302691,18630589137307
4037,1,18630589149005,18630610226537
4038,1,18630610231693,18630629361966
4039,1,18630629367502,18630648900175
4040,1,18630648905389,18630667202636
4041,1,18630667207168,18630689032688
4042,1,18630689039453,18630709949731
4043,1,18630709975495,18630730851331
4044,1,18630730856198,18630747647400
4045,1,18630747652177,18630776521021
4046,1,18630776526358,18630794297247
4047,1,18630794309112,18630815748456
4048,1,18630815769433,18630834459206
4049,1,18630834465755,18630855707779
4050,1,18630855730223,18630874085045
4051,1,18630874091316,18630895798753
4052,1,18630895807208,18630913517522
4053,1,18630913524080,18630934468942
4054,1,18630934475432,18630954166766
4055,1,18630954173260,18630974153299
4056,1,18630974160088,18630993979891
4057,1,18630993986795,18631014226059
4058,1,18631014232838,18631033959257
4059,1,18631033966205,18631054780516
4060,1,18631054789504,18631073936663
4061,1,18631073943283,18631095591516
4062,1,18631095600144,18631113816757
4063,1,18631113823285,18631133930586
4064,1,18631133936970,18631153872426
4065,1,18631153878781,18631174855870
4066,1,18631174865599,18631194060268
4067,1,18631194067362,18631214161989
4068,1,18631214167775,18631232081325
4069,1,18631232087958,18631255190818
4070,1,18631255199530,18631274323201
4071,1,18631274348361,18631292754908
4072,1,18631292760338,18631312912668
4073,1,18631312917739,18631331285397
4074,1,18631332375697,18631351247994
4075,1,18631351254885,18631373399479
4076,1,18631373411263,18631395783015
4077,1,18631395794182,18631411743004
4078,1,18631411747644,18631431164882
4079,1,18631431169497,18631451197411
4080,1,18631451202366,18631473961559
4081,1,18631473966653,18631493974211
4082,1,18631493979184,18631512150525
4083,1,18631512157278,18631536374480
4084,1,18631536382363,18631558271429
4085,1,18631558277632,18631578110121
4086,1,18631578115133,18631595442872
4087,1,18631595447486,18631615658609
4088,1,18631615663579,18631636079982
4089,1,18631636086766,18631658237452
4090,1,18631658272210,18631678017904
4091,1,18631678022996,18631695491092
4092,1,18631695495403,18631715119036
4093,1,18631715124068,18631736358499
4094,1,18631736365639,18631758928836
4095,1,18631758935296,18631778909693
4096,1,18631778915549,18631795955642
4097,1,18631795960517,18631815402951
4098,1,18631815407865,18631835956019
4099,1,18631835963047,18631858967725
4100,1,18631858973440,18631878532514
4101,1,18631878538509,18631897544241
4102,1,18631897549765,18631915256521
4103,1,18631915261730,18631935718471
4104,1,18631935726249,18631958737828
4105,1,18631958743285,18631978893362
4106,1,18631978898055,18631997262045
4107,1,18631997267412,18632018045377
4108,1,18632018052153,18632038162937
4109,1,18632038170537,18632057557523
4110,1,18632057563481,18632078683135
4111,1,18632078689493,18632098102594
4112,1,18632098109692,18632118890169
4113,1,18632118921032,18632135928999
4114,1,18632135935667,18632159081092
4115,1,18632159093826,18632179944882
4116,1,18632179951148,18632197858499
4117,1,18632197864619,18632219102676
4118,1,18632219109213,18632238624461
4119,1,18632238631181,18632259451271
4120,1,18632259459260,18632282860913
4121,1,18632282866528,18632302324125
4122,1,18632302331090,18632322935147
4123,1,18632322943319,18632346557865
4124,1,18632346564741,18632362885348
4125,1,18632362892342,18632382351866
4126,1,18632382389226,18632402254197
4127,1,18632402279150,18632427561163
4128,1,18632427565751,18632441893042
4129,1,18632441898216,18632460770643
4130,1,18632460775676,18632479841713
4131,1,18632479847409,18632499482608
4132,1,18632499502871,18632521888351
4133,1,18632521896916,18632542233889
4134,1,18632542239673,18632560189790
4135,1,18632560196357,18632580092280
4136,1,18632580097485,18632599090854
4137,1,18632599096499,18632621225214
4138,1,18632621231955,18632643047980
4139,1,18632643053396,18632659419839
4140,1,18632659424417,18632679308639
4141,1,18632679313173,18632699288563
4142,1,18632699292713,18632720900259
4143,1,18632720908530,18632743607630
4144,1,18632743618128,18632760714036
4145,1,18632760727045,18632779731687
4146,1,18632779736102,18632799218598
4147,1,18632799223588,18632821366115
4148,1,18632821373157,18632843920539
4149,1,18632843927872,18632861577901
4150,1,18632861583148,18632879882627
4151,1,18632879887054,18632898902822
4152,1,18632898907430,18632920755700
4153,1,18632920762334,18632942889987
4154,1,18632942901499,18632960440285
4155,1,18632960445105,18632979271254
4156,1,18632979275527,18632999026437
4157,1,18632999030913,18633021225127
4158,1,18633021231836,18633043823211
4159,1,18633043828162,18633063948668
4160,1,18633063953645,18633086973306
4161,1,18633086980362,18633105774343
4162,1,18633105779468,18633125449567
4163,1,18633125457054,18633145132378
4164,1,18633145137091,18633163399843
4165,1,18633163404366,18633184069391
4166,1,18633184088073,18633205671569
4167,1,18633205678465,18633225774982
4168,1,18633225782135,18633244163990
4169,1,18633244169352,18633263431831
4170,1,18633263437098,18633284310637
4171,1,18633284318790,18633305245297
4172,1,18633305270520,18633324973617
4173,1,18633324980346,18633344087741
4174,1,18633344092652,18633363469192
4175,1,18633363489999,18633383581091
4176,1,18633383649955,18633405373649
4177,1,18633405382612,18633427273395
4178,1,18633427278196,18633444247695
4179,1,18633444253075,18633463890955
4180,1,18633463895795,18633484342914
4181,1,18633484353019,18633507174879
4182,1,18633507179736,18633525895095
4183,1,18633525900255,18633544141863
4184,1,18633544146842,18633564539931
4185,1,18633564544643,18633583698726
4186,1,18633583845019,18633606032864
4187,1,18633606039281,18633625001367
4188,1,18633625006710,18633644499624
4189,1,18633644504098,18633663232831
4190,1,18633663237527,18633684138283
4191,1,18633684165109,18633706410047
4192,1,18633706415014,18633725950576
4193,1,18633725956607,18633743958427
4194,1,18633743963598,18633763220995
4195,1,18633763226187,18633783931264
4196,1,18633783938268,18633810920385
4197,1,18633810925634,18633827915602
4198,1,18633827920221,18633848612195
4199,1,18633848617547,18633869292474
4200,1,18633869298592,18633890120592
4201,1,18633890126242,18633908826785
4202,1,18633908831262,18633928115818
4203,1,18633928122215,18633948141697
4204,1,18633948146728,18633969323067
4205,1,18633969330773,18633990144585
4206,1,18633990150068,18634010020530
4207,1,18634010025892,18634027947999
4208,1,18634027952605,18634047070442
4209,1,18634047074859,18634069643668
4210,1,18634069653961,18634090208281
4211,1,18634090214188,18634108143040
4212,1,18634108147971,18634127986835
4213,1,18634127992515,18634147273872
4214,1,18634147278781,18634168130122
4215,1,18634168162674,18634190291367
4216,1,18634190297123,18634210872246
4217,1,18634210877366,18634228947954
4218,1,18634228952656,18634247107431
4219,1,18634247112579,18634269525123
4220,1,18634269562124,18634290122780
4221,1,18634290127881,18634309454291
4222,1,18634309461129,18634327429356
4223,1,18634327433942,18634349650977
4224,1,18634349668483,18634369641715
4225,1,18634369670338,18634389835887
4226,1,18634389841750,18634413969091
4227,1,18634413990201,18634427386518
4228,1,18634427391244,18634447009027
4229,1,18634447013624,18634469312126
4230,1,18634469318426,18634490291104
4231,1,18634490295969,18634509243467
4232,1,18634509248510,18634527613763
4233,1,18634527618219,18634552781036
4234,1,18634552789290,18634573284110
4235,1,18634573288752,18634592552929
4236,1,18634592557338,18634611985461
4237,1,18634611990468,18634633127229
4238,1,18634633134628,18634654019379
4239,1,18634654024786,18634675725849
4240,1,18634675735102,18634691756220
4241,1,18634691760848,18634713395947
4242,1,18634713401139,18634730952375
4243,1,18634730959390,18634752980148
4244,1,18634752986785,18634775044311
4245,1,18634775056886,18634794547698
4246,1,18634794554405,18634812090003
4247,1,18634812095066,18634832812368
4248,1,18634832820221,18634853151497
4249,1,18634853179306,18634875362969
4250,1,18634875368800,18634893537080
4251,1,18634893542350,18634911902579
4252,1,18634911907007,18634932232604
4253,1,18634932250607,18634955296422
4254,1,18634955316306,18634974510298
4255,1,18634974515467,18634993548737
4256,1,18634993553397,18635012769305
4257,1,18635012775402,18635031557308
4258,1,18635031567348,18635053524445
4259,1,18635053531401,18635074565905
4260,1,18635074593688,18635092889853
4261,1,18635092895079,18635111254034
4262,1,18635111258367,18635132382937
4263,1,18635132390577,18635152889891
4264,1,18635152902709,18635173426834
4265,1,18635173431881,18635195732866
4266,1,18635195737408,18635214435175
4267,1,18635214441294,18635234070777
4268,1,18635234079853,18635255758303
4269,1,18635255763858,18635273938285
4270,1,18635273943803,18635291850490
4271,1,18635291855640,18635316108160
4272,1,18635316118519,18635339404362
4273,1,18635339415824,18635358995787
4274,1,18635359000423,18635375741801
4275,1,18635375748202,18635395136527
4276,1,18635395141029,18635415938100
4277,1,18635415945464,18635438650285
4278,1,18635438675351,18635461669671
4279,1,18635461674685,18635479962058
4280,1,18635479967672,18635496416060
4281,1,18635496422084,18635517621410
4282,1,18635517629702,18635538639827
4283,1,18635538646275,18635559290414
4284,1,18635559297578,18635578300287
4285,1,18635578306786,18635596121649
4286,1,18635596127973,18635622792280
4287,1,18635622802195,18635639721544
4288,1,18635639728443,18635658362900
4289,1,18635658369173,18635677643661
4290,1,18635677650589,18635696373154
4291,1,18635696378176,18635717991461
4292,1,18635718004971,18635738957558
4293,1,18635738963689,18635758258051
4294,1,18635758263366,18635775351230
4295,1,18635775357676,18635795550965
4296,1,18635795555714,18635815842026
4297,1,18635815855893,18635837454895
4298,1,18635837460196,18635858276334
4299,1,18635858281459,18635877064317
4300,1,18635877072454,18635896439049
4301,1,18635896445811,18635917520273
4302,1,18635917546474,18635938698045
4303,1,18635938703936,18635959098260
4304,1,18635959103938,18635976456070
4305,1,18635976460788,18635995989421
4306,1,18635995994305,18636018290152
4307,1,18636018296482,18636038319190
4308,1,18636038324599,18636057889968
4309,1,18636057895107,18636080040047
4310,1,18636080047663,18636101116971
4311,1,18636101123106,18636123704805
4312,1,18636123725411,18636143021596
4313,1,18636143026874,18636160416778
4314,1,18636160421727,18636179255318
4315,1,18636179260334,18636201356267
4316,1,18636201363879,18636222193094
4317,1,18636222198674,18636241656672
4318,1,18636241662254,18636261002701
4319,1,18636261007695,18636280443858
4320,1,18636280450352,18636301588877
4321,1,18636301595400,18636321894763
4322,1,18636321900157,18636341213970
4323,1,18636341219454,18636359875302
4324,1,18636359880400,18636379621140
4325,1,18636379627089,18636400988382
4326,1,18636400996094,18636422792314
4327,1,18636422797889,18636441627441
4328,1,18636441633303,18636459749554
4329,1,18636459756334,18636479652709
4330,1,18636479676466,18636501089942
4331,1,18636501098986,18636522134169
4332,1,18636522139571,18636543469963
4333,1,18636543475884,18636561700741
4334,1,18636561708080,18636584096569
4335,1,18636584103150,18636604270758
4336,1,18636604277072,18636623023991
4337,1,18636623030201,18636644441110
4338,1,18636644459294,18636664558513
4339,1,18636664565541,18636681732644
4340,1,18636681739491,18636701724123
4341,1,18636701731252,18636722520816
4342,1,18636722526133,18636743642813
4343,1,18636743649835,18636760852990
4344,1,18636760857414,18636781386113
4345,1,18636781409073,18636801302631
4346,1,18636801310254,18636825816460
4347,1,18636825823748,18636850507084
4348,1,18636850517572,18636867037092
4349,1,18636867046882,18636887622975
4350,1,18636887630181,18636907146360
4351,1,18636907153320,18636926439084
4352,1,18636926446327,18636944239589
4353,1,18636944244874,18636964698227
4354,1,18636964707012,18636985785506
4355,1,18636985792195,18637006930909
4356,1,18637006937071,18637024541926
4357,1,18637024547495,18637046087165
4358,1,18637046098203,18637067423039
4359,1,18637067431639,18637086093237
4360,1,18637086099962,18637107582780
4361,1,18637107588910,18637127676918
4362,1,18637127688434,18637145105330
4363,1,18637145112301,18637166006396
4364,1,18637166030844,18637186186436
4365,1,18637186195812,18637207086062
4366,1,18637207094525,18637223164137
4367,1,18637223168850,18637244409393
4368,1,18637244414917,18637265053644
4369,1,18637265167051,18637286964187
4370,1,18637286971638,18637308298932
4371,1,18637308306032,18637325951946
4372,1,18637325958189,18637346874635
4373,1,18637346883356,18637367249125
4374,1,18637367256700,18637388027791
4375,1,18637388034573,18637408414756
4376,1,18637408427391,18637428595649
4377,1,18637428604487,18637444776228
4378,1,18637444781233,18637463657868
4379,1,18637463663241,18637483213212
4380,1,18637483240581,18637506010596
4381,1,18637506016847,18637527311642
4382,1,18637527318969,18637543949557
4383,1,18637543955656,18637570925745
4384,1,18637570944483,18637591076693
4385,1,18637591083742,18637610266827
4386,1,18637610273039,18637632623210
4387,1,18637632629577,18637649565766
4388,1,18637649573783,18637672237648
4389,1,18637672244333,18637690668488
4390,1,18637690674407,18637708852212
4391,1,18637708857090,18637727530996
4392,1,18637727536154,18637748884524
4393,1,18637748890933,18637771455171
4394,1,18637771477405,18637790413510
4395,1,18637790419085,18637810971185
4396,1,18637810976976,18637833293582
4397,1,18637833301069,18637848802170
4398,1,18637848809905,18637868251453
4399,1,18637868256408,18637896088518
4400,1,18637896097542,18637911960133
4401,1,18637911968087,18637930652323
4402,1,18637930659867,18637949972757
4403,1,18637949979508,18637970953196
4404,1,18637970959898,18637991697718
4405,1,18637991703600,18638012163255
4406,1,18638012169706,18638030491941
4407,1,18638030500349,18638050336044
4408,1,18638050342212,18638070136255
4409,1,18638070143032,18638090380081
4410,1,18638090386793,18638111323868
4411,1,18638111330789,18638132385029
4412,1,18638132394862,18638151155275
4413,1,18638151162741,18638173028108
4414,1,18638173035172,18638191412470
4415,1,18638191419895,18638217316949
4416,1,18638217323320,18638231997444
4417,1,18638232026978,18638252396683
4418,1,18638252403312,18638272828578
4419,1,18638272844326,18638291738459
4420,1,18638291744593,18638313307000
4421,1,18638313315495,18638332643721
4422,1,18638332650736,18638356031283
4423,1,18638356038764,18638376561621
4424,1,18638376571135,18638397255847
4425,1,18638397264009,18638417728936
4426,1,18638417734974,18638435208977
4427,1,18638435215600,18638456420127
4428,1,18638456427017,18638478293349
4429,1,18638478302091,18638497176843
4430,1,18638497250121,18638517787448
4431,1,18638517812653,18638534615014
4432,1,18638534621283,18638553070248
4433,1,18638553077015,18638574285885
4434,1,18638574293870,18638593684939
4435,1,18638593692028,18638613990458
4436,1,18638613996992,18638634124347
4437,1,18638634132515,18638654781880
4438,1,18638654788112,18638674434726
4439,1,18638674441916,18638693662878
4440,1,18638693669131,18638715088124
4441,1,18638715094647,18638734926721
4442,1,18638734934610,18638758493526
4443,1,18638758501798,18638775981113
4444,1,18638775987250,18638794475900
4445,1,18638794484379,18638814874082
4446,1,18638814885817,18638834626524
4447,1,18638834634911,18638855004797
4448,1,18638855010720,18638873895571
4449,1,18638873907770,18638894738416
4450,1,18638894758102,18638913802127
4451,1,18638913807772,18638934314949
4452,1,18638934321200,18638954307819
4453,1,18638954314967,18638974523470
4454,1,18638974531393,18638995865163
4455,1,18638995884199,18639014400441
4456,1,18639014405410,18639034205505
4457,1,18639034211703,18639055207521
4458,1,18639055215733,18639074701018
4459,1,18639074707674,18639098747603
4460,1,18639098753630,18639118115983
4461,1,18639118122836,18639138393843
4462,1,18639138401379,18639158618829
4463,1,18639158626537,18639179208158
4464,1,18639179217745,18639197970045
4465,1,18639197978372,18639218761485
4466,1,18639218768712,18639239037139
4467,1,18639239043995,18639258521230
4468,1,18639258528333,18639279104407
4469,1,18639279110153,18639298324890
4470,1,18639298333909,18639320501154
4471,1,18639320507769,18639338552377
4472,1,18639338573196,18639358504792
4473,1,18639358510155,18639379202714
4474,1,18639379214044,18639398675827
4475,1,18639398687163,18639417886984
4476,1,18639417891869,18639438491824
4477,1,18639438498836,18639457800704
4478,1,18639457809960,18639477447198
4479,1,18639477461413,18639499520278
4480,1,18639499532186,18639517920575
4481,1,18639517927384,18639538181886
4482,1,18639538222033,18639558209771
4483,1,18639558216568,18639576972272
4484,1,18639576989911,18639599509377
4485,1,18639599516652,18639617975840
4486,1,18639617981141,18639638469006
4487,1,18639638476870,18639658409205
4488,1,18639658416008,18639676397464
4489,1,18639676405552,18639698028354
4490,1,18639698035186,18639717898921
4491,1,18639717905180,18639739007833
4492,1,18639739015173,18639757848094
4493,1,18639757854450,18639775835599
4494,1,18639775840444,18639797042939
4495,1,18639797049726,18639818135525
4496,1,18639818142341,18639838584876
4497,1,18639838591022,18639864169310
4498,1,18639864175438,18639883312773
4499,1,18639883318974,18639903928033
4500,1,18639903935240,18639923750374
4501,1,18639923758107,18639943265970
4502,1,18639943274432,18639969962154
4503,1,18639969969647,18639982981084
4504,1,18639982987642,18640004044746
4505,1,18640004051450,18640025738342
4506,1,18640025744834,18640045749340
4507,1,18640045781854,18640064628090
4508,1,18640064634650,18640083731788
4509,1,18640083738911,18640104263674
4510,1,18640104289212,18640125219715
4511,1,18640125225961,18640142426769
4512,1,18640142432472,18640163928934
4513,1,18640163939188,18640182656035
4514,1,18640182662911,18640203353684
4515,1,18640203386961,18640223216186
4516,1,18640223223037,18640242645816
4517,1,18640242653202,18640263911294
4518,1,18640263919018,18640282993280
4519,1,18640282999800,18640302361221
4520,1,18640302368365,18640322784613
4521,1,18640322792101,18640344192535
4522,1,18640344209124,18640363382346
4523,1,18640363388862,18640381974025
4524,1,18640381980536,18640402562800
4525,1,18640402569903,18640422849051
4526,1,18640422855193,18640440868904
4527,1,18640440873472,18640459042565
4528,1,18640459049785,18640481982865
4529,1,18640481992442,18640503009778
4530,1,18640503015507,18640521373360
4531,1,18640521378687,18640541776197
4532,1,18640541782228,18640563641197
4533,1,18640563648006,18640581179927
4534,1,18640581198739,18640602565837
4535,1,18640602572618,18640623812541
4536,1,18640623819468,18640644191067
4537,1,18640644198887,18640665546287
4538,1,18640665553874,18640687453796
4539,1,18640687461309,18640704189603
4540,1,18640704194952,18640723786451
4541,1,18640723791454,18640744282229
4542,1,18640744290817,18640765751458
4543,1,18640765760878,18640786925197
4544,1,18640786947764,18640807471765
4545,1,18640807479911,18640826460458
4546,1,18640826467965,18640844295158
4547,1,18640844302939,18640866010774
4548,1,18640866020321,18640886148452
4549,1,18640886153879,18640904142092
4550,1,18640904151998,18640923935465
4551,1,18640923942024,18640947064636
4552,1,18640947071489,18640965815338
4553,1,18640965821769,18640987052075
4554,1,18640987058223,18641005043700
4555,1,18641005048373,18641023172500
4556,1,18641023176709,18641043928742
4557,1,18641043935658,18641066003657
4558,1,18641066013890,18641086784864
4559,1,18641086790401,18641104145424
4560,1,18641104151920,18641123095424
4561,1,18641123100512,18641148812777
4562,1,18641148819727,18641167270292
4563,1,18641167276975,18641186687425
4564,1,18641186692862,18641204116886
4565,1,18641204121509,18641223340776
4566,1,18641223345120,18641243926306
4567,1,18641243933503,18641266383771
4568,1,18641266391388,18641287801428
4569,1,18641287805969,18641304281957
4570,1,18641304287093,18641322994927
4571,1,18641322999904,18641346313600
4572,1,18641346328521,18641368780114
4573,1,18641368785082,18641388118400
4574,1,18641388123122,18641406922503
4575,1,18641406927149,18641430662765
4576,1,18641430669230,18641451045777
4577,1,18641451053404,18641468573722
4578,1,18641468578036,18641487314302
4579,1,18641487320340,18641507108477
4580,1,18641507113207,18641529258995
4581,1,18641529266455,18641551300409
4582,1,18641551311309,18641571435102
4583,1,18641571440257,18641588281064
4584,1,18641588300430,18641610336561
4585,1,18641610344479,18641629400042
4586,1,18641629406902,18641650765716
4587,1,18641650771281,18641668912375
4588,1,18641668917157,18641690519781
4589,1,18641690527219,18641711952621
4590,1,18641711986676,18641729446466
4591,1,18641729453045,18641751554607
4592,1,18641751574579,18641769209065
4593,1,18641769214620,18641787732859
4594,1,18641787737975,18641807843836
4595,1,18641807851361,18641828820449
4596,1,18641828827105,18641849776740
4597,1,18641849804087,18641870425966
4598,1,18641870432124,18641890958909
4599,1,18641890968816,18641907368858
4600,1,18641907388923,18641930059714
4601,1,18641930068666,18641952490467
4602,1,18641952496711,18641971738891
4603,1,18641971745470,18641990605184
4604,1,18641990609790,18642007326598
4605,1,18642007331814,18642029235471
4606,1,18642029244065,18642049734738
4607,1,18642049739470,18642069001212
4608,1,18642069006723,18642088995380
4609,1,18642089000317,18642107294145
4610,1,18642107298841,18642134519388
4611,1,18642134525134,18642152951502
4612,1,18642152955752,18642171236180
4613,1,18642171240897,18642191151475
4614,1,18642191156096,18642213297460
4615,1,18642213303764,18642235583913
4616,1,18642235591075,18642253754333
4617,1,18642253759665,18642271159768
4618,1,18642271164423,18642291470002
4619,1,18642291482352,18642313101095
4620,1,18642313107038,18642335009277
4621,1,18642335022444,18642354129714
4622,1,18642354135328,18642374055045
4623,1,18642374063023,18642392223747
4624,1,18642392243497,18642414522795
4625,1,18642414548641,18642435083266
4626,1,18642435090258,18642453893990
4627,1,18642453902713,18642472797939
4628,1,18642472803204,18642495897731
4629,1,18642495903717,18642514711089
4630,1,18642514718083,18642533953589
4631,1,18642533958821,18642553016171
4632,1,18642553053892,18642572040099
4633,1,18642572045529,18642592722336
4634,1,18642592731382,18642614187640
4635,1,18642614212172,18642635960170
4636,1,18642635964953,18642654208941
4637,1,18642654214367,18642671355094
4638,1,18642671359808,18642692392482
4639,1,18642692399466,18642714957477
4640,1,18642714966640,18642734022243
4641,1,18642734028673,18642753832124
4642,1,18642753857152,18642778271247
4643,1,18642778279782,18642794579791
4644,1,18642794585512,18642815751933
4645,1,18642815766819,18642833646652
4646,1,18642833651201,18642851342116
4647,1,18642851346612,18642870889319
4648,1,18642870893752,18642898804899
4649,1,18642898819013,18642917586411
4650,1,18642917591404,18642935858437
4651,1,18642935863059,18642955354226
4652,1,18642955358587,18642976085937
4653,1,18642976092941,18642998620886
4654,1,18642998632017,18643021034521
4655,1,18643021040660,18643038698229
4656,1,18643038704369,18643058462890
4657,1,18643058469478,18643076200409
4658,1,18643076208333,18643099358361
4659,1,18643099366838,18643119466943
4660,1,18643119472507,18643135563012
4661,1,18643135567977,18643155914231
4662,1,18643155919119,18643177292520
4663,1,18643177301059,18643197696747
4664,1,18643197702006,18643219510552
4665,1,18643219516179,18643236182476
4666,1,18643236188662,18643255330749
4667,1,18643255335261,18643278371526
4668,1,18643278378708,18643299586342
4669,1,18643299592383,18643319659203
4670,1,18643319670741,18643335266338
4671,1,18643335270959,18643355609122
4672,1,18643355614066,18643376222538
4673,1,18643376230022,18643398274051
4674,1,18643398280261,18643419782550
4675,1,18643419787787,18643437331425
4676,1,18643437336922,18643455295587
4677,1,18643455300381,18643477980120
4678,1,18643477986996,18643498554687
4679,1,18643498562594,18643517811394
4680,1,18643517816040,18643536977776
4681,1,18643536982614,18643558708383
4682,1,18643558714613,18643579823691
4683,1,18643579831991,18643597594180
4684,1,18643597599224,18643618694502
4685,1,18643618743298,18643639246693
4686,1,18643639269260,18643661027030
4687,1,18643661033905,18643685261108
4688,1,18643685267021,18643701638762
4689,1,18643701643392,18643719622253
4690,1,18643719627093,18643739216351
4691,1,18643739222616,18643761997234
4692,1,18643762004535,18643783698971
4693,1,18643783705183,18643803557430
4694,1,18643803563596,18643824507779
4695,1,18643824516136,18643843490540
4696,1,18643843497078,18643862682757
4697,1,18643862688718,18643882664802
4698,1,18643882670633,18643901672121
4699,1,18643901676824,18643920519384
4700,1,18643920524363,18643940954768
4701,1,18643940963159,18643961463923
4702,1,18643961470277,18643983839787
4703,1,18643983846906,18644000494705
4704,1,18644000500578,18644022838170
4705,1,18644022846785,18644041109769
4706,1,18644041117693,18644062862590
4707,1,18644062868341,18644085173136
4708,1,18644085179146,18644103229834
4709,1,18644103236885,18644121663021
4710,1,18644121667960,18644139748664
4711,1,18644139758021,18644161279629
4712,1,18644161290039,18644182897840
4713,1,18644182902977,18644200223884
4714,1,18644200228473,18644220357680
4715,1,18644220362083,18644239816960
4716,1,18644239838811,18644261076760
4717,1,18644261083135,18644283446173
4718,1,18644283465954,18644300882446
4719,1,18644300886802,18644319631020
4720,1,18644319636082,18644340625289
4721,1,18644340632949,18644364212739
4722,1,18644364220568,18644383572722
4723,1,18644383583883,18644403454996
4724,1,18644403458929,18644424211026
4725,1,18644424218946,18644446362589
4726,1,18644446371350,18644466460504
4727,1,18644466465556,18644486468543
4728,1,18644486473216,18644503464722
4729,1,18644503469779,18644524092807
4730,1,18644524100354,18644545465226
4731,1,18644545470863,18644565430991
4732,1,18644565435561,18644584969395
4733,1,18644584974526,18644603371513
4734,1,18644603375988,18644626231375
4735,1,18644626237766,18644646994610
4736,1,18644647001113,18644664764308
4737,1,18644664768852,18644685498072
4738,1,18644685523254,18644703158187
4739,1,18644703162730,18644724028331
4740,1,18644724036323,18644747657943
4741,1,18644747671502,18644768977318
4742,1,18644768981832,18644784069876
4743,1,18644784075949,18644803147744
4744,1,18644803152518,18644824150608
4745,1,18644824159877,18644846846476
4746,1,18644846851395,18644867075158
4747,1,18644867083134,18644885231283
4748,1,18644885237922,18644908933126
4749,1,18644908975099,18644926155756
4750,1,18644926164211,18644950984410
4751,1,18644950993778,18644967117754
4752,1,18644967124086,18644985792134
4753,1,18644985856630,18645007370134
4754,1,18645007380214,18645027788264
4755,1,18645027795687,18645047741557
4756,1,18645047747972,18645066476285
4757,1,18645066480889,18645084785808
4758,1,18645084790636,18645103553237
4759,1,18645103558147,18645124081444
4760,1,18645124095123,18645145727596
4761,1,18645145733676,18645169982479
4762,1,18645169989560,18645188773039
4763,1,18645188789218,18645209191489
4764,1,18645209198602,18645231236904
4765,1,18645231242463,18645249944964
4766,1,18645249949515,18645267950192
4767,1,18645267955303,18645290144609
4768,1,18645290152465,18645309601248
4769,1,18645309609056,18645330408161
4770,1,18645330490636,18645351321209
4771,1,18645351335630,18645369033586
4772,1,18645369039620,18645387659225
4773,1,18645387683704,18645409742426
4774,1,18645409748956,18645431144567
4775,1,18645431228338,18645450415964
4776,1,18645450422005,18645468860458
4777,1,18645468864957,18645489861684
4778,1,18645489869490,18645509286356
4779,1,18645509293854,18645530580257
4780,1,18645530587473,18645550061962
4781,1,18645550069120,18645570426392
4782,1,18645570432690,18645590133520
4783,1,18645590140202,18645610406990
4784,1,18645610416193,18645632889106
4785,1,18645632896554,18645650635623
4786,1,18645650641803,18645670383537
4787,1,18645670391119,18645690294349
4788,1,18645690319550,18645710903768
4789,1,18645710910579,18645731266571
4790,1,18645731287610,18645750495304
4791,1,18645750501804,18645770027606
4792,1,18645770034496,18645791641194
4793,1,18645791649637,18645811066797
4794,1,18645811073941,18645831980421
4795,1,18645831989750,18645850041178
4796,1,18645850048363,18645871051209
4797,1,18645871056941,18645891666588
4798,1,18645891674697,18645915791902
4799,1,18645915799602,18645933989335
4800,1,18645933995142,18645954037549
4801,1,18645954045299,18645974880901
4802,1,18645974887023,18645994629398
4803,1,18645994638524,18646014578852
4804,1,18646014585656,18646034299769
4805,1,18646034306362,18646054063946
4806,1,18646054070724,18646075024157
4807,1,18646075032178,18646094188413
4808,1,18646094194147,18646117407977
4809,1,18646117414645,18646134944708
4810,1,18646134953850,18646158630953
4811,1,18646158637113,18646182162785
4812,1,18646182188081,18646202021899
4813,1,18646202031012,18646212865565
4814,1,18646212870997,18646231258252
4815,1,18646231263357,18646251425657
4816,1,18646251430243,18646271067242
4817,1,18646271072899,18646291193574
4818,1,18646291199490,18646311074627
4819,1,18646311079376,18646331342181
4820,1,18646331348346,18646351092364
4821,1,18646351097427,18646373390193
4822,1,18646373395397,18646391260275
4823,1,18646391264860,18646415239102
4824,1,18646415243876,18646431887618
4825,1,18646431895705,18646452107569
4826,1,18646452112578,18646471530123
4827,1,18646471536201,18646491498527
4828,1,18646491503517,18646511245177
4829,1,18646511270840,18646534067351
4830,1,18646534072724,18646552500133
4831,1,18646552505685,18646571485156
4832,1,18646571491014,18646591584911
4833,1,18646591590515,18646611207989
4834,1,18646611212757,18646631244282
4835,1,18646631249607,18646653707638
4836,1,18646653712716,18646678470430
4837,1,18646678476382,18646697798823
4838,1,18646697805100,18646717653161
4839,1,18646717678087,18646737858552
4840,1,18646737866889,18646757564902
4841,1,18646757571681,18646776071331
4842,1,18646776076100,18646795237731
4843,1,18646795243566,18646815287162
4844,1,18646815292494,18646836957963
4845,1,18646836964554,18646857946476
4846,1,18646857952783,18646876216138
4847,1,18646876221123,18646895589662
4848,1,18646895596171,18646917343836
4849,1,18646917349803,18646938126846
4850,1,18646938133008,18646957802193
4851,1,18646957810721,18646977623827
4852,1,18646977629684,18646997600707
4853,1,18646997606913,18647017461129
4854,1,18647017467215,18647037608039
4855,1,18647037631530,18647057874398
4856,1,18647057882179,18647077695260
4857,1,18647077701004,18647097936635
4858,1,18647097944395,18647117414236
4859,1,18647117420766,18647137753827
4860,1,18647137760738,18647157782767
4861,1,18647157789631,18647177891742
4862,1,18647177898949,18647204505690
4863,1,18647204512688,18647218061944
4864,1,18647218067851,18647239687105
4865,1,18647239694771,18647260167037
4866,1,18647260173912,18647278483639
4867,1,18647278490949,18647295108304
4868,1,18647295113092,18647318230664
4869,1,18647318238084,18647338418941
4870,1,18647338433324,18647357698826
4871,1,18647357706285,18647379128969
4872,1,18647379134955,18647396105502
4873,1,18647396110940,18647415767648
4874,1,18647415772836,18647442272952
4875,1,18647442280248,18647462254188
4876,1,18647462261680,18647481656734
4877,1,18647481663951,18647501912015
4878,1,18647501918072,18647521946822
4879,1,18647521953916,18647541714557
4880,1,18647541721094,18647561821856
4881,1,18647561828393,18647581942558
4882,1,18647581948287,18647601848865
4883,1,18647601854893,18647621795227
4884,1,18647621801384,18647641636158
4885,1,18647641642062,18647661702677
4886,1,18647661708862,18647681130096
4887,1,18647681137689,18647702544974
4888,1,18647702552472,18647722164854
4889,1,18647722171183,18647744831429
4890,1,18647744852552,18647759206644
4891,1,18647759212184,18647779160608
4892,1,18647779165861,18647799392677
4893,1,18647799399154,18647819748007
4894,1,18647819755246,18647841009926
4895,1,18647841016101,18647859812243
4896,1,18647859817546,18647879307304
4897,1,18647879312113,18647899417947
4898,1,18647899422473,18647919304061
4899,1,18647919308509,18647939283505
4900,1,18647939288924,18647959199111
4901,1,18647959203949,18647979268370
4902,1,18647979273133,18647999442684
4903,1,18647999447166,18648019290759
4904,1,18648019295564,18648039232482
4905,1,18648039237594,18648059223233
4906,1,18648059228757,18648079278909
4907,1,18648079284095,18648099272708
4908,1,18648099279812,18648119238521
4909,1,18648119243683,18648140687267
4910,1,18648140694123,18648160236178
4911,1,18648160241204,18648183150468
4912,1,18648183154873,18648203196421
4913,1,18648203201189,18648223147945
4914,1,18648223152880,18648243484443
4915,1,18648243489800,18648263325888
4916,1,18648263330344,18648283303733
4917,1,18648283308393,18648303110345
4918,1,18648303115178,18648323021263
4919,1,18648323026192,18648344223924
4920,1,18648344228042,18648363076590
4921,1,18648363081228,18648383240482
4922,1,18648383245262,18648403941505
4923,1,18648403948017,18648423225716
4924,1,18648423230318,18648443089371
4925,1,18648443093687,18648465233937
4926,1,18648465238303,18648483219812
4927,1,18648483225731,18648503555327
4928,1,18648503559862,18648524662637
4929,1,18648524676918,18648543590082
4930,1,18648543594359,18648563347776
4931,1,18648563352409,18648583276046
4932,1,18648583280970,18648605099381
4933,1,18648605129020,18648623128037
4934,1,18648623132322,18648644432297
4935,1,18648644438163,18648664300772
4936,1,18648664306034,18648683113064
4937,1,18648683117895,18648703533666
4938,1,18648703538201,18648725066211
4939,1,18648725079093,18648743556306
4940,1,18648743576815,18648763112511
4941,1,18648763117079,18648783188758
4942,1,18648783212480,18648804620488
4943,1,18648804636652,18648823132839
4944,1,18648823137662,18648842940834
4945,1,18648842945816,18648863266357
4946,1,18648863270752,18648883108096
4947,1,18648883113097,18648903521609
4948,1,18648903526068,18648924890369
4949,1,18648924900544,18648948607515
4950,1,18648948612452,18648968707541
4951,1,18648968712103,18648988114907
4952,1,18648988120866,18649008138678
4953,1,18649008143313,18649027003870
4954,1,18649027008101,18649047077123
4955,1,18649047082282,18649068418113
4956,1,18649068441124,18649088196533
4957,1,18649088201429,18649107146430
4958,1,18649107150986,18649127534097
4959,1,18649127539022,18649146928740
4960,1,18649146933389,18649167036509
4961,1,18649167042037,18649187816653
4962,1,18649187822445,18649207702283
4963,1,18649207706593,18649227014938
4964,1,18649227019337,18649247103890
4965,1,18649247109101,18649266997282
4966,1,18649267002021,18649287129615
4967,1,18649287133947,18649307306374
4968,1,18649307310963,18649327507069
4969,1,18649327512039,18649346974542
4970,1,18649346978993,18649367136989
4971,1,18649367142325,18649388214998
4972,1,18649388223707,18649408058760
4973,1,18649408063763,18649427058101
4974,1,18649427063063,18649447115302
4975,1,18649447120878,18649468252799
4976,1,18649468257335,18649487120666
4977,1,18649487125344,18649507238128
4978,1,18649507242961,18649527145868
4979,1,18649527150599,18649546980826
4980,1,18649546985926,18649567204218
4981,1,18649567209402,18649587158242
4982,1,18649587184407,18649607129206
4983,1,18649607134292,18649627194466
4984,1,18649627199195,18649647160930
4985,1,18649647166559,18649667215673
4986,1,18649667220838,18649687106665
4987,1,18649687112113,18649711179297
4988,1,18649711184224,18649731191516
4989,1,18649731197369,18649751348411
4990,1,18649751352484,18649771345713
4991,1,18649771350567,18649791128222
4992,1,18649791150964,18649811137786
4993,1,18649811143675,18649831254382
4994,1,18649831259801,18649851318571
4995,1,18649851323669,18649871359514
4996,1,18649871364060,18649891212598
4997,1,18649891218076,18649911223218
4998,1,18649911229068,18649931017326
4999,1,18649931022229,18649951019473
5000,1,18649951024338,18649971547696
5001,1,18649971552532,18649990988666
5002,1,18649990993312,18650011564197
5003,1,18650011568792,18650031124011
5004,1,18650031129153,18650051046729
5005,1,18650051051531,18650071184840
5006,1,18650071189959,18650091108824
5007,1,18650091113906,18650111203750
5008,1,18650111208358,18650131081273
5009,1,18650131086337,18650151084047
5010,1,18650151088497,18650171161463
5011,1,18650171167911,18650191078900
5012,1,18650191083828,18650211180575
5013,1,18650211185669,18650231093239
5014,1,18650231097800,18650251126019
5015,1,18650251131336,18650271240522
5016,1,18650271246200,18650291249441
5017,1,18650291254830,18650311301086
5018,1,18650311305879,18650331280338
5019,1,18650331285562,18650351189009
5020,1,18650351193681,18650371148048
5021,1,18650371153576,18650391283186
5022,1,18650391288496,18650411105813
5023,1,18650411110142,18650431112485
5024,1,18650431117779,18650455042598
5025,1,18650455065338,18650474904225
5026,1,18650474908931,18650495251888
5027,1,18650495257422,18650515150922
5028,1,18650515156195,18650535217846
5029,1,18650535223030,18650554906636
5030,1,18650554911470,18650574852146
5031,1,18650574856929,18650595139754
5032,1,18650595144632,18650615195114
5033,1,18650615200198,18650635039397
5034,1,18650635044098,18650655141696
5035,1,18650655146319,18650675252617
5036,1,18650675257869,18650695342077
5037,1,18650695347352,18650715386653
5038,1,18650715391465,18650735281776
5039,1,18650735286922,18650755073422
5040,1,18650755078661,18650775203525
5041,1,18650775208954,18650795246054
5042,1,18650795250852,18650815237290
5043,1,18650815260217,18650835148770
5044,1,18650835153963,18650855049215
5045,1,18650855054399,18650875101376
5046,1,18650875106178,18650895234073
5047,1,18650895239472,18650915277229
5048,1,18650915281912,18650935144628
5049,1,18650935149816,18650955203165
5050,1,18650955208123,18650975092033
5051,1,18650975096798,18650995338260
5052,1,18650995342404,18651015211302
5053,1,18651015216242,18651035227396
5054,1,18651035232398,18651055033925
5055,1,18651055039054,18651075239800
5056,1,18651075244298,18651095218741
5057,1,18651095224318,18651115297321
5058,1,18651115302129,18651135155841
5059,1,18651135160645,18651156030604
5060,1,18651156035371,18651175086824
5061,1,18651175091934,18651195103472
5062,1,18651195108226,18651219115489
5063,1,18651219120925,18651239145708
5064,1,18651239150345,18651259251331
5065,1,18651259256801,18651279155245
5066,1,18651279160439,18651299344124
5067,1,18651299349339,18651319715240
5068,1,18651319721689,18651339399169
5069,1,18651339403313,18651359398587
5070,1,18651359402694,18651379215076
5071,1,18651379220348,18651399183673
5072,1,18651399189696,18651419002973
5073,1,18651419008014,18651439157059
5074,1,18651439161839,18651459102484
5075,1,18651459108026,18651479128051
5076,1,18651479132916,18651499373722
5077,1,18651499377832,18651519201928
5078,1,18651519206916,18651539128744
5079,1,18651539133490,18651559225366
5080,1,18651559230540,18651579324047
5081,1,18651579358985,18651599147444
5082,1,18651599153850,18651619110939
5083,1,18651619116532,18651639241235
5084,1,18651639246570,18651658906527
5085,1,18651658911192,18651679179409
5086,1,18651679184372,18651699056419
5087,1,18651699062565,18651719211583
5088,1,18651719216395,18651739167257
5089,1,18651739172660,18651759247018
5090,1,18651759252351,18651779047405
5091,1,18651779052856,18651799110158
5092,1,18651799117855,18651819301458
5093,1,18651819349062,18651839239663
5094,1,18651839262294,18651859252719
5095,1,18651859257924,18651879302400
5096,1,18651879307113,18651898970015
5097,1,18651898975083,18651919280659
5098,1,18651919285890,18651939084475
5099,1,18651939089725,18651959119333
5100,1,18651959124695,18651983012115
5101,1,18651983016698,18652003056611
5102,1,18652003061477,18652022954067
5103,1,18652022959228,18652042930106
5104,1,18652042935628,18652063115518
5105,1,18652063120653,18652083197415
5106,1,18652083202122,18652103806141
5107,1,18652103810958,18652123110728
5108,1,18652123115763,18652143120384
5109,1,18652143126197,18652163101853
5110,1,18652163123834,18652183050095
5111,1,18652183054930,18652203461741
5112,1,18652203466502,18652223127011
5113,1,18652223132351,18652243148062
5114,1,18652243153512,18652263178435
5115,1,18652263183625,18652283134872
5116,1,18652283140094,18652303352435
5117,1,18652303357517,18652323095460
5118,1,18652323100213,18652343166248
5119,1,18652343171449,18652363220059
5120,1,18652363225048,18652383094980
5121,1,18652383100467,18652403062253
5122,1,18652403067211,18652423039601
5123,1,18652423045071,18652443395035
5124,1,18652443400119,18652463243330
5125,1,18652463248862,18652482901819
5126,1,18652482906613,18652503181322
5127,1,18652503186547,18652522998667
5128,1,18652523004405,18652543045551
5129,1,18652543050584,18652563122621
5130,1,18652563128053,18652583102623
5131,1,18652583107709,18652603064864
5132,1,18652603070743,18652623114467
5133,1,18652623119745,18652642868693
5134,1,18652642872960,18652663193262
5135,1,18652663198697,18652683220755
5136,1,18652683225732,18652703198235
5137,1,18652703203407,18652727574211
5138,1,18652727579833,18652747186204
5139,1,18652747191534,18652767151781
5140,1,18652767157034,18652787181513
5141,1,18652787186709,18652807257529
5142,1,18652807262831,18652827369933
5143,1,18652827374880,18652847289787
5144,1,18652847294810,18652867454104
5145,1,18652867459291,18652887308186
5146,1,18652887332563,18652907318782
5147,1,18652907324060,18652927403198
5148,1,18652927408372,18652948226223
5149,1,18652948232476,18652967292900
5150,1,18652967299170,18652986941959
5151,1,18652986946729,18653011389759
5152,1,18653011415328,18653027152888
5153,1,18653027159168,18653047120176
5154,1,18653047125080,18653069992808
5155,1,18653069999734,18653089811628
5156,1,18653089818177,18653109626269
5157,1,18653109638297,18653129572071
5158,1,18653129577798,18653149858948
5159,1,18653149865563,18653169816821
5160,1,18653169823532,18653189670988
5161,1,18653189677735,18653209792150
5162,1,18653209801742,18653229813586
5163,1,18653229820630,18653249774951
5164,1,18653249780343,18653267465261
5165,1,18653267470388,18653287118178
5166,1,18653287123426,18653307057990
5167,1,18653307063550,18653327138503
5168,1,18653327143482,18653347289758
5169,1,18653347294991,18653367301811
5170,1,18653367306988,18653387145322
5171,1,18653387150146,18653407152017
5172,1,18653407157933,18653427236870
5173,1,18653427241657,18653447139705
5174,1,18653447144503,18653466985034
5175,1,18653466990107,18653491105488
5176,1,18653491110549,18653511168575
5177,1,18653511173697,18653531117147
5178,1,18653531122507,18653551075299
5179,1,18653551080287,18653571219415
5180,1,18653571224614,18653591068969
5181,1,18653591073674,18653611379603
5182,1,18653611383977,18653631111617
5183,1,18653631117147,18653651306333
5184,1,18653651311514,18653670991982
5185,1,18653670997032,18653691099956
5186,1,18653691104764,18653711263486
5187,1,18653711268816,18653731774049
5188,1,18653731783351,18653751387285
5189,1,18653751392030,18653771327527
5190,1,18653771332598,18653791041982
5191,1,18653791047691,18653811181740
5192,1,18653811186640,18653831019855
5193,1,18653831024946,18653851066327
5194,1,18653851071684,18653871037650
5195,1,18653871060821,18653890960373
5196,1,18653890979455,18653911230325
5197,1,18653911235025,18653931076687
5198,1,18653931081477,18653951159224
5199,1,18653951164155,18653971201220
5200,1,18653971206592,18653990997307
5201,1,18653991002413,18654011184121
5202,1,18654011188849,18654031072136
5203,1,18654031078092,18654051078693
5204,1,18654051084005,18654071180343
5205,1,18654071185748,18654091162627
5206,1,18654091167501,18654111238196
5207,1,18654111242999,18654131164789
5208,1,18654131169944,18654152409594
5209,1,18654152414488,18654171127977
5210,1,18654171134736,18654191125020
5211,1,18654191130539,18654211155747
5212,1,18654211162516,18654231346587
5213,1,18654231351675,18654255063261
5214,1,18654255068233,18654275393920
5215,1,18654275398551,18654295124568
5216,1,18654295129972,18654315092722
5217,1,18654315098005,18654335244878
5218,1,18654335249831,18654354976185
5219,1,18654354980738,18654375196727
5220,1,18654375201772,18654395278072
5221,1,18654395283089,18654415221194
5222,1,18654415226018,18654435188609
5223,1,18654435193961,18654455087037
5224,1,18654455092416,18654475248706
5225,1,18654475253869,18654495311480
5226,1,18654495316199,18654515430659
5227,1,18654515435091,18654535251322
5228,1,18654535256342,18654555121296
5229,1,18654555127279,18654575417696
5230,1,18654575422391,18654595263642
5231,1,18654595269151,18654615335539
5232,1,18654615341359,18654635264947
5233,1,18654635270143,18654655218025
5234,1,18654655222588,18654675314078
5235,1,18654675319575,18654695230718
5236,1,18654695236620,18654715129899
5237,1,18654715135189,18654736110694
5238,1,18654736119505,18654755036752
5239,1,18654755041888,18654775343936
5240,1,18654775348846,18654795158213
5241,1,18654795163471,18654815174995
5242,1,18654815179721,18654835045621
5243,1,18654835050830,18654855119813
5244,1,18654855124770,18654875234991
5245,1,18654875240748,18654895148382
5246,1,18654895152916,18654915056517
5247,1,18654915077008,18654936628210
5248,1,18654936633990,18654954900630
5249,1,18654954905050,18654974990454
5250,1,18654974994667,18655001558276
5251,1,18655001566090,18655022376355
5252,1,18655022390778,18655039162520
5253,1,18655039167324,18655061506270
5254,1,18655061512216,18655079261371
5255,1,18655079266297,18655102411439
5256,1,18655102417352,18655120783839
5257,1,18655120788895,18655139105261
5258,1,18655139109796,18655159050793
5259,1,18655159055164,18655180850235
5260,1,18655180857333,18655199454969
5261,1,18655199459596,18655219202390
5262,1,18655219207312,18655239876552
5263,1,18655239881273,18655259200337
5264,1,18655259205781,18655279295376
5265,1,18655279300183,18655299057650
5266,1,18655299063654,18655319037371
5267,1,18655319042329,18655339041024
5268,1,18655339045992,18655358860348
5269,1,18655358866152,18655379168070
5270,1,18655379173379,18655399140131
5271,1,18655399147360,18655419192532
5272,1,18655419198576,18655438912840
5273,1,18655438917907,18655458899113
5274,1,18655458904519,18655479202573
5275,1,18655479208257,18655499093411
5276,1,18655499101251,18655518707660
5277,1,18655518712174,18655538943918
5278,1,18655538948935,18655558783632
5279,1,18655558789117,18655579127611
5280,1,18655579151782,18655604183616
5281,1,18655604189447,18655621979374
5282,1,18655621985619,18655641726521
5283,1,18655641737672,18655661437897
5284,1,18655661445559,18655681354629
5285,1,18655681360972,18655702823950
5286,1,18655702830894,18655722111839
5287,1,18655722117592,18655742941826
5288,1,18655742952321,18655766821652
5289,1,18655766831352,18655787456470
5290,1,18655787462981,18655808158336
5291,1,18655808169643,18655830389377
5292,1,18655830397094,18655849703317
5293,1,18655849710137,18655868177390
5294,1,18655868184276,18655887787827
5295,1,18655887795133,18655908439583
5296,1,18655908446284,18655926429114
5297,1,18655926435208,18655947529497
5298,1,18655947556732,18655970338936
5299,1,18655970346580,18655987569202
5300,1,18655987575115,18656008435586
5301,1,18656008442051,18656026390037
5302,1,18656026396363,18656045372537
5303,1,18656045378305,18656066447537
5304,1,18656066455191,18656086874301
5305,1,18656086880982,18656107444101
5306,1,18656107452201,18656127385256
5307,1,18656127392782,18656146307712
5308,1,18656146327749,18656166924689
5309,1,18656166931954,18656186616350
5310,1,18656186622959,18656205743449
5311,1,18656205750767,18656225992061
5312,1,18656225998568,18656246901705
5313,1,18656246908471,18656264693226
5314,1,18656264698450,18656283687707
5315,1,18656283694525,18656305746717
5316,1,18656305754979,18656322831541
5317,1,18656322836515,18656343002411
5318,1,18656343007104,18656364026904
5319,1,18656364033410,18656383039158
5320,1,18656383044136,18656404811050
5321,1,18656404822317,18656427581790
5322,1,18656427658849,18656444494986
5323,1,18656444501906,18656464912739
5324,1,18656464917686,18656486388657
5325,1,18656486394544,18656507747356
5326,1,18656507752017,18656527236659
5327,1,18656527242337,18656548623224
5328,1,18656548629216,18656570153581
5329,1,18656570160102,18656589583677
5330,1,18656589589566,18656607374551
5331,1,18656607379340,18656627088672
5332,1,18656627093107,18656648450258
5333,1,18656648462249,18656669704055
5334,1,18656669709392,18656687023538
5335,1,18656687028340,18656706963548
5336,1,18656706968416,18656727175989
5337,1,18656727182396,18656750806697
5338,1,18656750812016,18656769140051
5339,1,18656769149430,18656786955481
5340,1,18656786959774,18656806887605
5341,1,18656806892330,18656827376845
5342,1,18656827384264,18656848570959
5343,1,18656848589829,18656867969993
5344,1,18656867975206,18656887655436
5345,1,18656887660491,18656906880956
5346,1,18656906885753,18656927300550
5347,1,18656927307406,18656950275339
5348,1,18656950280643,18656969670407
5349,1,18656969675127,18656986687845
5350,1,18656986708405,18657007776999
5351,1,18657007783874,18657027397699
5352,1,18657027402737,18657048656566
5353,1,18657048662806,18657067748270
5354,1,18657067756137,18657086712288
5355,1,18657086716633,18657109003062
5356,1,18657109008573,18657127285655
5357,1,18657127290787,18657148980143
5358,1,18657148985175,18657169088213
5359,1,18657169099741,18657186787698
5360,1,18657186792523,18657206953635
5361,1,18657206958304,18657227427092
5362,1,18657227431725,18657251185556
5363,1,18657251190290,18657273207282
5364,1,18657273213401,18657290949820
5365,1,18657290969200,18657312307907
5366,1,18657312315297,18657331699130
5367,1,18657331704970,18657353741065
5368,1,18657353747456,18657373516523
5369,1,18657373525164,18657391610408
5370,1,18657391615061,18657412232239
5371,1,18657412240311,18657431828946
5372,1,18657431835811,18657453099610
5373,1,18657453104130,18657471700460
5374,1,18657471705567,18657492633065
5375,1,18657492637664,18657512057505
5376,1,18657512064401,18657532939518
5377,1,18657532950722,18657552442451
5378,1,18657552446574,18657571458337
5379,1,18657571463291,18657591627551
5380,1,18657591632614,18657611756306
5381,1,18657611764348,18657633598977
5382,1,18657633615274,18657652644476
5383,1,18657652649157,18657671334019
5384,1,18657671339802,18657691119464
5385,1,18657691124621,18657712163907
5386,1,18657712170446,18657732483585
5387,1,18657732496126,18657751870251
5388,1,18657751874965,18657770989700
5389,1,18657770996360,18657791334643
5390,1,18657791339689,18657812178603
5391,1,18657812185839,18657833741436
5392,1,18657833758866,18657851871270
5393,1,18657851875883,18657871542038
5394,1,18657871546929,18657890852227
5395,1,18657890856553,18657912071745
5396,1,18657912081364,18657932948652
5397,1,18657932957519,18657952255438
5398,1,18657952260261,18657971376222
5399,1,18657971380554,18657991132044
5400,1,18657991154983,18658012277425
5401,1,18658012304472,18658037540608
5402,1,18658037553071,18658055842260
5403,1,18658055848328,18658077861166
5404,1,18658077868970,18658096813406
5405,1,18658096819854,18658117701312
5406,1,18658117708079,18658138308763
5407,1,18658138323790,18658155794877
5408,1,18658155799812,18658175393457
5409,1,18658175397949,18658196765485
5410,1,18658196770638,18658216923994
5411,1,18658216930206,18658236626966
5412,1,18658236642456,18658256736236
5413,1,18658256741590,18658275334287
5414,1,18658275339102,18658296536364
5415,1,18658296540885,18658317853307
5416,1,18658317860803,18658337094795
5417,1,18658337108639,18658359600831
5418,1,18658359611165,18658380769996
5419,1,18658380777347,18658396905864
5420,1,18658396911577,18658417485759
5421,1,18658417492634,18658437923483
5422,1,18658437935773,18658455822876
5423,1,18658455827457,18658475669161
5424,1,18658475674261,18658496549514
5425,1,18658496555534,18658518301846
5426,1,18658518308322,18658536322353
5427,1,18658536332980,18658557468385
5428,1,18658557474281,18658576067466
5429,1,18658576074732,18658597040028
5430,1,18658597047508,18658617180926
5431,1,18658617186913,18658636183285
5432,1,18658636190266,18658658586138
5433,1,18658658592161,18658677258086
5434,1,18658677273065,18658697047702
5435,1,18658697055041,18658720337136
5436,1,18658720352959,18658736976624
5437,1,18658736981675,18658755608306
5438,1,18658755612718,18658780463565
5439,1,18658780470694,18658801037537
5440,1,18658801043842,18658819231398
5441,1,18658819236510,18658840550083
5442,1,18658840554606,18658859131733
5443,1,18658859137420,18658880695079
5444,1,18658880700765,18658900781106
5445,1,18658900785929,18658918903540
5446,1,18658918908172,18658939270723
5447,1,18658939275287,18658959335197
5448,1,18658959342584,18658981810358
5449,1,18658981816424,18659000157229
5450,1,18659000183108,18659019047225
5451,1,18659019066766,18659040621272
5452,1,18659040625372,18659059320315
5453,1,18659059325845,18659081208335
5454,1,18659081213178,18659100196887
5455,1,18659100201833,18659119050903
5456,1,18659119056224,18659139952985
5457,1,18659139958877,18659159207289
5458,1,18659159212386,18659181592355
5459,1,18659181597181,18659199885052
5460,1,18659199894576,18659218984786
5461,1,18659218989984,18659239069523
5462,1,18659239074872,18659259381029
5463,1,18659259386058,18659282070287
5464,1,18659282075726,18659300446125
5465,1,18659300453595,18659318933833
5466,1,18659318938645,18659339132817
5467,1,18659339138195,18659359104616
5468,1,18659359109210,18659381978043
5469,1,18659381983022,18659401912103
5470,1,18659401919845,18659418997508
5471,1,18659419002710,18659439174226
5472,1,18659439178848,18659459478114
5473,1,18659459485395,18659481162649
5474,1,18659481168364,18659500591655
5475,1,18659500596318,18659518873042
5476,1,18659518922965,18659545333356
5477,1,18659545340366,18659564784737
5478,1,18659564790549,18659585541442
5479,1,18659585548705,18659603273225
5480,1,18659603277500,18659622973528
5481,1,18659622979219,18659643730690
5482,1,18659643735971,18659665535149
5483,1,18659665540345,18659685595903
5484,1,18659685600969,18659703417929
5485,1,18659703422812,18659723308375
5486,1,18659723313690,18659745168939
5487,1,18659745175632,18659765962373
5488,1,18659765967705,18659783799456
5489,1,18659783804631,18659803571566
5490,1,18659803575640,18659823001920
5491,1,18659823007189,18659845113394
5492,1,18659845137942,18659865095039
5493,1,18659865100954,18659884032663
5494,1,18659884037458,18659903466586
5495,1,18659903471741,18659923348612
5496,1,18659923353774,18659945096235
5497,1,18659945102954,18659965130267
5498,1,18659965135000,18659983823686
5499,1,18659983828796,18660003735525
5500,1,18660003740308,18660023423108
5501,1,18660023428002,18660045993098
5502,1,18660046011663,18660064607255
5503,1,18660064612797,18660084851403
5504,1,18660084856545,18660103166938
5505,1,18660103172358,18660122793284
5506,1,18660122798149,18660144717555
5507,1,18660144722469,18660165146845
5508,1,18660165153677,18660184941547
5509,1,18660184946453,18660203495504
5510,1,18660203500212,18660223221754
5511,1,18660223227083,18660245086567
5512,1,18660245091465,18660266301266
5513,1,18660266318247,18660284680577
5514,1,18660284686645,18660307082332
5515,1,18660307087076,18660327553985
5516,1,18660327560538,18660348168863
5517,1,18660348173701,18660367635476
5518,1,18660367640446,18660387127578
5519,1,18660387132294,18660408505211
5520,1,18660408521377,18660428643270
5521,1,18660428649419,18660449354879
5522,1,18660449361222,18660469230470
5523,1,18660469244373,18660487367630
5524,1,18660487373781,18660507402004
5525,1,18660507411464,18660528470328
5526,1,18660528486624,18660549349651
5527,1,18660549355194,18660568299815
5528,1,18660568304298,18660587025391
5529,1,18660587029947,18660607281865
5530,1,18660607289328,18660627795517
5531,1,18660627803928,18660648984708
5532,1,18660648989242,18660668280969
5533,1,18660668286905,18660686868790
5534,1,18660686873573,18660707160489
5535,1,18660707193669,18660727734850
5536,1,18660727741577,18660749813016
5537,1,18660749820175,18660768858416
5538,1,18660768863578,18660787299698
5539,1,18660787304714,18660807410863
5540,1,18660807422818,18660827967577
5541,1,18660827974064,18660848641145
5542,1,18660848646021,18660867926462
5543,1,18660867933121,18660887591277
5544,1,18660887596165,18660907129507
5545,1,18660907137205,18660927756469
5546,1,18660927762371,18660948893018
5547,1,18660948897779,18660967916271
5548,1,18660967921042,18660987169596
5549,1,18660987174079,18661008932474
5550,1,18661008940269,18661028460798
5551,1,18661028468119,18661051117148
5552,1,18661051121818,18661071619184
5553,1,18661071623505,18661091788205
5554,1,18661091876605,18661113861399
5555,1,18661113871309,18661132758606
5556,1,18661132763520,18661151214084
5557,1,18661151218796,18661171424948
5558,1,18661171429834,18661191664771
5559,1,18661191671474,18661213667798
5560,1,18661213673117,18661233075948
5561,1,18661233081645,18661251223814
5562,1,18661251229788,18661272595096
5563,1,18661272601960,18661290973475
5564,1,18661290979649,18661313377972
5565,1,18661313383141,18661332429598
5566,1,18661332436427,18661350891738
5567,1,18661350896581,18661371376761
5568,1,18661371381161,18661391355969
5569,1,18661391362158,18661413044727
5570,1,18661413049316,18661433027325
5571,1,18661433043058,18661450980549
5572,1,18661450984886,18661471157567
5573,1,18661471162065,18661491188452
5574,1,18661491195534,18661513178313
5575,1,18661513183332,18661534036800
5576,1,18661534043111,18661552214616
5577,1,18661552219755,18661571084810
5578,1,18661571089684,18661591521732
5579,1,18661591527042,18661613755302
5580,1,18661613760060,18661632089515
5581,1,18661632094448,18661651118201
5582,1,18661651123167,18661670957108
5583,1,18661670961530,18661691610180
5584,1,18661691616468,18661713039445
5585,1,18661713044637,18661731751154
5586,1,18661731755506,18661751008134
5587,1,18661751012970,18661771840517
5588,1,18661771844795,18661794047066
5589,1,18661794054251,18661817994326
5590,1,18661818000268,18661835515785
5591,1,18661835520783,18661855336515
5592,1,18661855341605,18661876793445
5593,1,18661876800174,18661897840708
5594,1,18661897851274,18661917161803
5595,1,18661917166670,18661935868380
5596,1,18661935878158,18661954984218
5597,1,18661954989088,18661977929598
5598,1,18661977935327,18661998071833
5599,1,18661998082231,18662016370214
5600,1,18662016375474,18662035680314
5601,1,18662035684589,18662055050564
5602,1,18662055055059,18662077174812
5603,1,18662077180691,18662097586974
5604,1,18662097613918,18662117047898
5605,1,18662117052537,18662137320219
5606,1,18662137326821,18662155059592
5607,1,18662155064410,18662180183916
5608,1,18662180191331,18662198575872
5609,1,18662198585615,18662215690961
5610,1,18662215696471,18662236272817
5611,1,18662236278766,18662255548211
5612,1,18662255555319,18662276620032
5613,1,18662276627671,18662297410171
5614,1,18662297420065,18662315863610
5615,1,18662315868246,18662335992474
5616,1,18662335999958,18662354912732
5617,1,18662354917636,18662377208767
5618,1,18662377215862,18662395053935
5619,1,18662395059144,18662415099882
5620,1,18662415121950,18662439146997
5621,1,18662439155326,18662460492715
5622,1,18662460497748,18662477080261
5623,1,18662477086128,18662500632368
5624,1,18662500639021,18662517695127
5625,1,18662517700457,18662536802576
5626,1,18662536807248,18662556272261
5627,1,18662556290905,18662582692443
5628,1,18662582705050,18662601481679
5629,1,18662601486320,18662619696116
5630,1,18662619700207,18662640285727
5631,1,18662640294354,18662661257394
5632,1,18662661263066,18662680465144
5633,1,18662680470580,18662699317418
5634,1,18662699324080,18662720502460
5635,1,18662720507009,18662742126100
5636,1,18662742132557,18662760532731
5637,1,18662760536875,18662779778037
5638,1,18662779782708,18662799195474
5639,1,18662799203499,18662819225608
5640,1,18662819230650,18662839069956
5641,1,18662839075060,18662859118890
5642,1,18662859124378,18662879003273
5643,1,18662879008814,18662899276977
5644,1,18662899282508,18662918969829
5645,1,18662918975030,18662939156601
5646,1,18662939161819,18662959220597
5647,1,18662959226267,18662979445345
5648,1,18662979450157,18663002852851
5649,1,18663002857377,18663019129994
5650,1,18663019135454,18663039178056
5651,1,18663039183275,18663059157647
5652,1,18663059163261,18663079084071
5653,1,18663079089796,18663099421779
5654,1,18663099427718,18663119103719
5655,1,18663119125723,18663139177388
5656,1,18663139182526,18663159135341
5657,1,18663159140239,18663179232739
5658,1,18663179238400,18663199176976
5659,1,18663199182663,18663219240057
5660,1,18663219245281,18663239135660
5661,1,18663239141302,18663259258130
5662,1,18663259279849,18663279093905
5663,1,18663279098347,18663299409769
5664,1,18663299415279,18663323118858
5665,1,18663323123949,18663343277488
5666,1,18663343282467,18663363183961
5667,1,18663363188871,18663383219144
5668,1,18663383224271,18663403206216
5669,1,18663403211102,18663423199809
5670,1,18663423204809,18663443156840
5671,1,18663443162714,18663463350893
5672,1,18663463356677,18663483160993
5673,1,18663483166155,18663503248490
5674,1,18663503253834,18663523180805
5675,1,18663523187494,18663543121404
5676,1,18663543126445,18663563169358
5677,1,18663563175123,18663583236779
5678,1,18663583241877,18663602990202
5679,1,18663602995502,18663623133574
5680,1,18663623138436,18663643104319
5681,1,18663643110010,18663663079147
5682,1,18663663083976,18663683214653
5683,1,18663683220092,18663703203953
5684,1,18663703208996,18663723219150
5685,1,18663723226808,18663743243063
5686,1,18663743248513,18663763149919
5687,1,18663763154819,18663782867878
5688,1,18663782872664,18663803200603
5689,1,18663803205617,18663823173453
5690,1,18663823178384,18663843077640
5691,1,18663843083098,18663863333437
5692,1,18663863338401,18663883163148
5693,1,18663883168276,18663903522059
5694,1,18663903527431,18663928667405
5695,1,18663928672729,18663945847221
5696,1,18663945853063,18663965852510
5697,1,18663965859196,18663985852129
5698,1,18663985858497,18664006181127
5699,1,18664006187498,18664026419990
5700,1,18664026425612,18664045798797
5701,1,18664045804873,18664065764671
5702,1,18664065770310,18664089557588
5703,1,18664089564237,18664109889737
5704,1,18664109895982,18664129913420
5705,1,18664129991679,18664149481139
5706,1,18664149501403,18664168793307
5707,1,18664168801100,18664190118988
5708,1,18664190126728,18664210115590
5709,1,18664210121197,18664227323301
5710,1,18664227327953,18664247358545
5711,1,18664247363563,18664266932307
5712,1,18664266936799,18664287084617
5713,1,18664287089086,18664307213790
5714,1,18664307218785,18664327128207
5715,1,18664327133222,18664347173891
5716,1,18664347178903,18664367163202
5717,1,18664367168286,18664387144549
5718,1,18664387150185,18664407203501
5719,1,18664407209058,18664427308932
5720,1,18664427314115,18664447217814
5721,1,18664447222777,18664467121872
5722,1,18664467126524,18664487208741
5723,1,18664487213716,18664507166261
5724,1,18664507171791,18664527348995
5725,1,18664527355301,18664547192630
5726,1,18664547197671,18664567328485
5727,1,18664567333135,18664587376669
5728,1,18664587381409,18664607353012
5729,1,18664607357968,18664627399295
5730,1,18664627404539,18664647229964
5731,1,18664647234974,18664667321358
5732,1,18664667327031,18664687351955
5733,1,18664687357028,18664707404943
5734,1,18664707409792,18664727407965
5735,1,18664727456074,18664747400708
5736,1,18664747405888,18664767258851
5737,1,18664767263938,18664787113760
5738,1,18664787118255,18664807331189
5739,1,18664807336873,18664827372575
5740,1,18664827377604,18664856492003
5741,1,18664856498587,18664873529237
5742,1,18664873535099,18664893406607
5743,1,18664893413335,18664913524428
5744,1,18664913530270,18664933626100
5745,1,18664933631963,18664953898098
5746,1,18664953904288,18664973780975
5747,1,18664973787502,18664993606090
5748,1,18664993612656,18665013578768
5749,1,18665013585326,18665033832492
5750,1,18665033838973,18665053791126
5751,1,18665053798053,18665071700816
5752,1,18665071706552,18665093942974
5753,1,18665093948761,18665114150245
5754,1,18665114156005,18665131304825
5755,1,18665131310106,18665151355984
5756,1,18665151360945,18665171275965
5757,1,18665171280826,18665191196013
5758,1,18665191220040,18665211190857
5759,1,18665211195737,18665231257024
5760,1,18665231262403,18665251104135
5761,1,18665251109026,18665271233337
5762,1,18665271239223,18665291061002
5763,1,18665291065545,18665311306274
5764,1,18665311312116,18665331028477
5765,1,18665331033727,18665351141169
5766,1,18665351146481,18665371177301
5767,1,18665371182895,18665390854483
5768,1,18665390859294,18665411056560
5769,1,18665411061747,18665431070490
5770,1,18665431075780,18665451083883
5771,1,18665451089301,18665471191201
5772,1,18665471196580,18665491253180
5773,1,18665491258573,18665511448762
5774,1,18665511452975,18665531342150
5775,1,18665531349770,18665551251287
5776,1,18665551256097,18665571130211
5777,1,18665571135545,18665595239441
5778,1,18665595244222,18665615061480
5779,1,18665615066566,18665635258971
5780,1,18665635263993,18665655051506
5781,1,18665655055955,18665675599338
5782,1,18665675604027,18665695177177
5783,1,18665695182340,18665715296611
5784,1,18665715301906,18665735194015
5785,1,18665735201435,18665755088946
5786,1,18665755094017,18665775248585
5787,1,18665775253259,18665795206068
5788,1,18665795211104,18665815193582
5789,1,18665815198590,18665835332578
5790,1,18665835425649,18665855061061
5791,1,18665855066553,18665875340785
5792,1,18665875345764,18665895293069
5793,1,18665895297938,18665915495053
5794,1,18665915500077,18665935313368
5795,1,18665935318233,18665955030296
5796,1,18665955035890,18665975234147
5797,1,18665975239344,18665995088236
5798,1,18665995093111,18666015256998
5799,1,18666015262152,18666035848742
5800,1,18666035855526,18666055190063
5801,1,18666055195717,18666075461962
5802,1,18666075467203,18666095182826
5803,1,18666095187935,18666115284968
5804,1,18666115290097,18666135220996
5805,1,18666135226377,18666155065287
5806,1,18666155070170,18666175104711
5807,1,18666175109663,18666195150006
5808,1,18666195173675,18666215175815
5809,1,18666215181214,18666235347292
5810,1,18666235352225,18666255009153
5811,1,18666255014346,18666275211500
5812,1,18666275216648,18666294869793
5813,1,18666294874557,18666315177301
5814,1,18666315182559,18666335161505
5815,1,18666335166723,18666358953440
5816,1,18666358969787,18666379145740
5817,1,18666379151532,18666399224212
5818,1,18666399232725,18666419094304
5819,1,18666419099710,18666439104409
5820,1,18666439109692,18666459055589
5821,1,18666459061316,18666478964199
5822,1,18666478969634,18666499018418
5823,1,18666499024002,18666519189193
5824,1,18666519194487,18666539588123
5825,1,18666539593574,18666559206290
5826,1,18666559212141,18666579159790
5827,1,18666579165303,18666599030338
5828,1,18666599035391,18666619086781
5829,1,18666619092242,18666639326854
5830,1,18666639332295,18666659011234
5831,1,18666659015949,18666679281992
5832,1,18666679304469,18666699329249
5833,1,18666699334525,18666719239145
5834,1,18666719244075,18666739259685
5835,1,18666739265230,18666759241843
5836,1,18666759247076,18666779287499
5837,1,18666779292731,18666799328529
5838,1,18666799334029,18666819430996
5839,1,18666819435509,18666839502057
5840,1,18666839506563,18666859198818
5841,1,18666859204388,18666879186299
5842,1,18666879191460,18666899315764
5843,1,18666899321783,18666919422754
5844,1,18666919427034,18666939221200
5845,1,18666939226287,18666959341672
5846,1,18666959347936,18666979305837
5847,1,18666979311700,18666999320506
5848,1,18666999325986,18667019280148
5849,1,18667019285222,18667039634998
5850,1,18667039640616,18667059028980
5851,1,18667059033696,18667079114708
5852,1,18667079119659,18667099013750
5853,1,18667099020113,18667122971656
5854,1,18667122976274,18667144188359
5855,1,18667144194460,18667163164577
5856,1,18667163170233,18667183025212
5857,1,18667183030976,18667205367071
5858,1,18667205372360,18667223984099
5859,1,18667224018434,18667243318477
5860,1,18667243323927,18667263204743
5861,1,18667263209702,18667283165155
5862,1,18667283170331,18667303179239
5863,1,18667303184657,18667323257384
5864,1,18667323262273,18667343012606
5865,1,18667343018042,18667363203253
5866,1,18667363209077,18667383168102
5867,1,18667383173555,18667403262411
5868,1,18667403267716,18667423158573
5869,1,18667423163765,18667443360253
5870,1,18667443422609,18667462974291
5871,1,18667462980020,18667483039517
5872,1,18667483044550,18667503053923
5873,1,18667503058834,18667523329371
5874,1,18667523334772,18667544217476
5875,1,18667544237405,18667563319927
5876,1,18667563324733,18667583253665
5877,1,18667583259030,18667603235336
5878,1,18667603240300,18667623049461
5879,1,18667623054571,18667642996243
5880,1,18667643002239,18667663014272
5881,1,18667663019850,18667683130715
5882,1,18667683135564,18667703198857
5883,1,18667703204781,18667723312746
5884,1,18667723318384,18667743099310
5885,1,18667743103827,18667763324095
5886,1,18667763328843,18667783126022
5887,1,18667783131414,18667803297738
5888,1,18667803302678,18667823160440
5889,1,18667823166540,18667843191845
5890,1,18667843196884,18667867305549
5891,1,18667867310812,18667887253616
5892,1,18667887258564,18667907066051
5893,1,18667907071423,18667927116091
5894,1,18667927120924,18667947299262
5895,1,18667947304944,18667967134288
5896,1,18667967139293,18667987131377
5897,1,18667987136685,18668007948778
5898,1,18668007953389,18668027143691
5899,1,18668027149182,18668047207308
5900,1,18668047211566,18668067180688
5901,1,18668067185846,18668087051410
5902,1,18668087056579,18668107147173
5903,1,18668107153057,18668127140931
5904,1,18668127145971,18668147101411
5905,1,18668147106317,18668167080172
5906,1,18668167085749,18668189406357
5907,1,18668189411394,18668207102820
5908,1,18668207107575,18668227208159
5909,1,18668227213562,18668247307173
5910,1,18668247330143,18668267173657
5911,1,18668267179377,18668287260086
5912,1,18668287265130,18668307067928
5913,1,18668307072735,18668327280947
5914,1,18668327285631,18668347133938
5915,1,18668347139093,18668367135661
5916,1,18668367140579,18668387133093
5917,1,18668387137900,18668407267743
5918,1,18668407274261,18668427153540
5919,1,18668427158696,18668447269988
5920,1,18668447274937,18668467168074
5921,1,18668467172818,18668487230669
5922,1,18668487235536,18668507041829
5923,1,18668507046920,18668527161831
5924,1,18668527167005,18668548602844
5925,1,18668548608315,18668567436399
5926,1,18668567441556,18668587332368
5927,1,18668587338008,18668607884792
5928,1,18668607889731,18668631247683
5929,1,18668631252974,18668651213100
5930,1,18668651217895,18668671129355
5931,1,18668671135317,18668691080508
5932,1,18668691085581,18668711085158
5933,1,18668711090242,18668731189897
5934,1,18668731194724,18668751278461
5935,1,18668751286340,18668771196704
5936,1,18668771201798,18668791175034
5937,1,18668791180809,18668811130792
5938,1,18668811135740,18668831175954
5939,1,18668831180891,18668851185837
5940,1,18668851190522,18668871250548
5941,1,18668871255740,18668891183555
5942,1,18668891188800,18668911301220
5943,1,18668911306331,18668931301151
5944,1,18668931307057,18668951792985
5945,1,18668951797940,18668971412611
5946,1,18668971417605,18668991440783
5947,1,18668991445894,18669011367149
5948,1,18669011372377,18669031217729
5949,1,18669031223393,18669051403629
5950,1,18669051408522,18669071281755
5951,1,18669071287394,18669091231447
5952,1,18669091236333,18669111196559
5953,1,18669111201937,18669131185305
5954,1,18669131191515,18669151261179
5955,1,18669151266496,18669171351404
5956,1,18669171356492,18669191366961
5957,1,18669191372894,18669211249534
5958,1,18669211254627,18669231193447
5959,1,18669231199182,18669251134319
5960,1,18669251154543,18669271201548
5961,1,18669271206853,18669291237619
5962,1,18669291259388,18669311262224
5963,1,18669311267224,18669331423737
5964,1,18669331429111,18669351228914
5965,1,18669351234255,18669371381498
5966,1,18669371386922,18669395446148
5967,1,18669395451222,18669415456885
5968,1,18669415461701,18669435387253
5969,1,18669435392296,18669455110689
5970,1,18669455115894,18669475249959
5971,1,18669475254923,18669495279037
5972,1,18669495284440,18669515352274
5973,1,18669515357175,18669535342615
5974,1,18669535347471,18669555000046
5975,1,18669555004286,18669575270693
5976,1,18669575275430,18669595845655
5977,1,18669595851084,18669615378679
5978,1,18669615383371,18669635264712
5979,1,18669635269544,18669655262608
5980,1,18669655267716,18669675320579
5981,1,18669675325319,18669695295954
5982,1,18669695300668,18669715307420
5983,1,18669715312190,18669735329076
5984,1,18669735333716,18669755074508
5985,1,18669755079554,18669775272646
5986,1,18669775277382,18669795253144
5987,1,18669795258100,18669815397778
5988,1,18669815403861,18669835289554
5989,1,18669835294499,18669855005845
5990,1,18669855010636,18669875104819
5991,1,18669875110241,18669895090173
5992,1,18669895096215,18669915179150
5993,1,18669915184225,18669935207461
5994,1,18669935212130,18669955110283
5995,1,18669955115141,18669975286170
5996,1,18669975290852,18669995361373
5997,1,18669995366402,18670015356729
5998,1,18670015361548,18670035305446
5999,1,18670035310507,18670055399458
6000,1,18670055404392,18670075358357
6001,1,18670075363328,18670095460832
6002,1,18670095480364,18670115241202
6003,1,18670115246066,18670139372572
6004,1,18670139377187,18670159179754
6005,1,18670159185116,18670179274656
6006,1,18670179280211,18670199319366
6007,1,18670199324905,18670219270437
6008,1,18670219275703,18670239229247
6009,1,18670239234735,18670259201543
6010,1,18670259206738,18670279229527
6011,1,18670279234564,18670299531171
6012,1,18670299551804,18670319204040
6013,1,18670319209119,18670339390267
6014,1,18670339395432,18670359188418
6015,1,18670359193379,18670379240263
6016,1,18670379245153,18670399379711
6017,1,18670399384863,18670419229793
6018,1,18670419235370,18670439199003
6019,1,18670439204005,18670459097589
6020,1,18670459103392,18670479257483
6021,1,18670479262432,18670499391394
6022,1,18670499396163,18670519263557
6023,1,18670519268368,18670539187763
6024,1,18670539192421,18670559239674
6025,1,18670559244709,18670579503329
6026,1,18670579508096,18670599446268
6027,1,18670599451106,18670619268321
6028,1,18670619273850,18670639270217
6029,1,18670639275023,18670659356542
6030,1,18670659361891,18670679180206
6031,1,18670679185178,18670699351339
6032,1,18670699356151,18670719214965
6033,1,18670719220317,18670739296954
6034,1,18670739301555,18670759228915
6035,1,18670759234425,18670779280409
6036,1,18670779285336,18670799346289
6037,1,18670799351360,18670819176650
6038,1,18670819181432,18670839354926
6039,1,18670839359851,18670859915216
6040,1,18670859920507,18670879155335
6041,1,18670879160304,18670903050757
6042,1,18670903055369,18670923119953
6043,1,18670923124974,18670943426914
6044,1,18670943497681,18670963227228
6045,1,18670963249805,18670983235180
6046,1,18670983240329,18671003066090
6047,1,18671003071416,18671023148085
6048,1,18671023152890,18671043165402
6049,1,18671043170463,18671063211105
6050,1,18671063216044,18671083287866
6051,1,18671083292915,18671103349494
6052,1,18671103354154,18671123272365
6053,1,18671123277907,18671143357877
6054,1,18671143363058,18671163349131
6055,1,18671163353980,18671183294082
6056,1,18671183299570,18671203269952
6057,1,18671203274933,18671223316071
6058,1,18671223321599,18671243289755
6059,1,18671243295259,18671263257059
6060,1,18671263262587,18671283090900
6061,1,18671283096302,18671303504543
6062,1,18671303510061,18671323304421
6063,1,18671323324742,18671343535960
6064,1,18671343540446,18671363293781
6065,1,18671363298713,18671383377053
6066,1,18671383382900,18671403315536
6067,1,18671403320373,18671423127104
6068,1,18671423132296,18671443178851
6069,1,18671443183995,18671463354805
6070,1,18671463360171,18671483355802
6071,1,18671483360846,18671503222919
6072,1,18671503227726,18671523154421
6073,1,18671523159332,18671543235787
6074,1,18671543240888,18671563039309
6075,1,18671563044144,18671583507887
6076,1,18671583512201,18671603367482
6077,1,18671603372292,18671623203294
6078,1,18671623208168,18671643479386
6079,1,18671643484013,18671667233315
6080,1,18671667238014,18671687247701
6081,1,18671687252649,18671707223443
6082,1,18671707228019,18671727361197
6083,1,18671727366113,18671747337939
6084,1,18671747342860,18671767289635
6085,1,18671767294444,18671787364853
6086,1,18671787369414,18671807861364
6087,1,18671807866938,18671827513764
6088,1,18671827518225,18671847492669
6089,1,18671847496912,18671867391311
6090,1,18671867396327,18671887388738
6091,1,18671887393636,18671907361861
6092,1,18671907366299,18671927383879
6093,1,18671927388932,18671947757096
6094,1,18671947762148,18671967309630
6095,1,18671967314498,18671987358812
6096,1,18671987363902,18672007304766
6097,1,18672007310102,18672027351415
6098,1,18672027356197,18672047345258
6099,1,18672047350542,18672067350154
6100,1,18672067355061,18672087317733
6101,1,18672087322858,18672107126196
6102,1,18672107130978,18672127069264
6103,1,18672127074292,18672147167989
6104,1,18672147173284,18672167686190
6105,1,18672167691130,18672187333759
6106,1,18672187338578,18672207322272
6107,1,18672207327892,18672227292109
6108,1,18672227296810,18672247321351
6109,1,18672247326294,18672267154623
6110,1,18672267159316,18672287088709
6111,1,18672287093555,18672307525125
6112,1,18672307531375,18672327359505
6113,1,18672327364451,18672347337562
6114,1,18672347359994,18672367130284
6115,1,18672367134610,18672387367544
6116,1,18672387372738,18672411130458
6117,1,18672411136153,18672431208176
6118,1,18672431213104,18672451234084
6119,1,18672451239023,18672471190310
6120,1,18672471195698,18672491266872
6121,1,18672491272012,18672511265281
6122,1,18672511270333,18672531097941
6123,1,18672531103050,18672551123982
6124,1,18672551129196,18672573276128
6125,1,18672573282778,18672593785247
6126,1,18672593791172,18672611387885
6127,1,18672611393029,18672631370898
6128,1,18672631376121,18672651339031
6129,1,18672651343843,18672671281437
6130,1,18672671303881,18672691263894
6131,1,18672691268845,18672711392925
6132,1,18672711397816,18672733746353
6133,1,18672733762168,18672753073621
6134,1,18672753078409,18672771518096
6135,1,18672771522820,18672791530064
6136,1,18672791535038,18672812602752
6137,1,18672812607655,18672831332985
6138,1,18672831338214,18672851534474
6139,1,18672851539169,18672871266300
6140,1,18672871271542,18672891285122
6141,1,18672891290132,18672911199351
6142,1,18672911204248,18672931268815
6143,1,18672931274031,18672951408241
6144,1,18672951413090,18672971335862
6145,1,18672971341465,18672991301019
6146,1,18672991305771,18673011343566
6147,1,18673011348489,18673031316850
6148,1,18673031322148,18673051271507
6149,1,18673051276757,18673071230076
6150,1,18673071234867,18673091302737
6151,1,18673091307861,18673111536010
6152,1,18673111540756,18673131349451
6153,1,18673131354424,18673151325501
6154,1,18673151330923,18673175278581
6155,1,18673175283752,18673195470749
6156,1,18673195475950,18673215341996
6157,1,18673215346855,18673235357185
6158,1,18673235362243,18673255168094
6159,1,18673255173001,18673275324524
6160,1,18673275329693,18673295235324
6161,1,18673295240477,18673315453400
6162,1,18673315458158,18673335237875
6163,1,18673335242973,18673355137175
6164,1,18673355142239,18673375144863
6165,1,18673375149779,18673395048084
6166,1,18673395067710,18673415236421
6167,1,18673415241474,18673435176153
6168,1,18673435181136,18673455178300
6169,1,18673455183721,18673475193851
6170,1,18673475198599,18673495210192
6171,1,18673495215564,18673515225005
6172,1,18673515245591,18673535248458
6173,1,18673535253382,18673555008938
6174,1,18673555014328,18673575276031
6175,1,18673575281111,18673595666158
6176,1,18673595671298,18673615333449
6177,1,18673615387896,18673635343641
6178,1,18673635349828,18673655180345
6179,1,18673655185437,18673675372943
6180,1,18673675378669,18673695245379
6181,1,18673695251081,18673715178800
6182,1,18673715184381,18673735349309
6183,1,18673735353909,18673755108872
6184,1,18673755113804,18673775452484
6185,1,18673775457321,18673795148347
6186,1,18673795152522,18673816098533
6187,1,18673816104264,18673835550277
6188,1,18673835554699,18673855115917
6189,1,18673855120961,18673875360573
6190,1,18673875365227,18673895295439
6191,1,18673895301304,18673915219914
6192,1,18673915224958,18673939252192
6193,1,18673939257180,18673959167155
6194,1,18673959171958,18673979157670
6195,1,18673979162920,18673999135782
6196,1,18673999144858,18674022089334
6197,1,18674022095870,18674041902746
6198,1,18674041909725,18674059268303
6199,1,18674059273820,18674079320556
6200,1,18674079326212,18674099434868
6201,1,18674099440270,18674119023973
6202,1,18674119028647,18674139174190
6203,1,18674139180513,18674159229985
6204,1,18674159235230,18674179185321
6205,1,18674179190221,18674199233342
6206,1,18674199241032,18674219211339
6207,1,18674219216698,18674239180077
6208,1,18674239185277,18674259145586
6209,1,18674259150814,18674279235347
6210,1,18674279239981,18674299214966
6211,1,18674299224662,18674319329026
6212,1,18674319333417,18674339462597
6213,1,18674339467789,18674360051189
6214,1,18674360057292,18674379369362
6215,1,18674379391476,18674399360020
6216,1,18674399381756,18674419182623
6217,1,18674419187702,18674439339647
6218,1,18674439344495,18674459226973
6219,1,18674459232428,18674479316328
6220,1,18674479322270,18674499149517
6221,1,18674499157082,18674519216129
6222,1,18674519221576,18674539335518
6223,1,18674539340647,18674559116181
6224,1,18674559121162,18674579407951
6225,1,18674579413563,18674599545827
6226,1,18674599550548,18674619218950
6227,1,18674619223930,18674639382171
6228,1,18674639387773,18674659140885
6229,1,18674659145202,18674683231227
6230,1,18674683236053,18674703538151
6231,1,18674703543740,18674723206176
6232,1,18674723211524,18674743221094
6233,1,18674743226875,18674763156140
6234,1,18674763161013,18674783201184
6235,1,18674783206332,18674803311333
6236,1,18674803317004,18674823116487
6237,1,18674823121267,18674843298689
6238,1,18674843304172,18674863209978
6239,1,18674863215572,18674883321441
6240,1,18674883326339,18674903429794
6241,1,18674903435630,18674923310274
6242,1,18674923315468,18674943678037
6243,1,18674943683074,18674963451513
6244,1,18674963489311,18674983141004
6245,1,18674983145818,18675003323874
6246,1,18675003329272,18675023133309
6247,1,18675023138792,18675043191935
6248,1,18675043196886,18675063416521
6249,1,18675063421680,18675083316583
6250,1,18675083321402,18675103528673
6251,1,18675103533404,18675123311903
6252,1,18675123317147,18675143159095
6253,1,18675143164572,18675163221611
6254,1,18675163226259,18675183285872
6255,1,18675183290850,18675203326802
6256,1,18675203331993,18675223493163
6257,1,18675223498400,18675243524890
6258,1,18675243529281,18675263406567
6259,1,18675263411464,18675283454953
6260,1,18675283491400,18675303262494
6261,1,18675303268349,18675323169660
6262,1,18675323174418,18675343377498
6263,1,18675343383028,18675363709570
6264,1,18675363715257,18675383630462
6265,1,18675383636275,18675403416446
6266,1,18675403421897,18675423166307
6267,1,18675423189642,18675447281790
6268,1,18675447287739,18675466922087
6269,1,18675466926877,18675487189939
6270,1,18675487195615,18675507164535
6271,1,18675507169751,18675527299464
6272,1,18675527304687,18675547304577
6273,1,18675547309669,18675567203243
6274,1,18675567208305,18675587358805
6275,1,18675587364688,18675607312040
6276,1,18675607318019,18675627192069
6277,1,18675627196991,18675647204174
6278,1,18675647209278,18675667379226
6279,1,18675667384566,18675687539476
6280,1,18675687544199,18675707076075
6281,1,18675707081009,18675727204207
6282,1,18675727209110,18675747325021
6283,1,18675747330818,18675767361443
6284,1,18675767366756,18675787404272
6285,1,18675787409256,18675807322941
6286,1,18675807328381,18675827264750
6287,1,18675827269602,18675847442704
6288,1,18675847447540,18675867333245
6289,1,18675867338946,18675887241106
6290,1,18675887245948,18675907403801
6291,1,18675907409229,18675927285562
6292,1,18675927290859,18675947624581
6293,1,18675947629973,18675967365889
6294,1,18675967370927,18675987561076
6295,1,18675987565884,18676007372395
6296,1,18676007378798,18676027457165
6297,1,18676027462135,18676047371409
6298,1,18676047378193,18676067344809
6299,1,18676067350015,18676087380341
6300,1,18676087403775,18676107440279
6301,1,18676107445483,18676127369354
6302,1,18676127374114,18676147532788
6303,1,18676147537398,18676167202699
6304,1,18676167207578,18676187265415
6305,1,18676187270294,18676211755744
6306,1,18676211762382,18676231269822
6307,1,18676231274790,18676251169292
6308,1,18676251174176,18676271190357
6309,1,18676271195454,18676291257119
6310,1,18676291262622,18676311057065
6311,1,18676311062113,18676330935200
6312,1,18676330939312,18676351108070
6313,1,18676351113515,18676371194637
6314,1,18676371201033,18676391206672
6315,1,18676391211931,18676411133452
6316,1,18676411138454,18676431142670
6317,1,18676431147923,18676450981354
6318,1,18676451004565,18676471127076
6319,1,18676471132772,18676491228484
6320,1,18676491234047,18676511197220
6321,1,18676511202334,18676531034876
6322,1,18676531040004,18676551159854
6323,1,18676551164680,18676571428176
6324,1,18676571432876,18676591133083
6325,1,18676591137918,18676611713322
6326,1,18676611720302,18676632155312
6327,1,18676632160660,18676651282574
6328,1,18676651287545,18676671176922
6329,1,18676671183230,18676691280008
6330,1,18676691284240,18676711708649
6331,1,18676711714662,18676731528911
6332,1,18676731533760,18676751140752
6333,1,18676751145350,18676771044547
6334,1,18676771049429,18676791191484
6335,1,18676791196766,18676811486394
6336,1,18676811492533,18676832430903
6337,1,18676832435698,18676851073651
6338,1,18676851078059,18676871025644
6339,1,18676871030302,18676891429037
6340,1,18676891436025,18676911526751
6341,1,18676911532422,18676932139718
6342,1,18676932158299,18676955070599
6343,1,18676955075534,18676974940398
6344,1,18676974944759,18676995542871
6345,1,18676995547817,18677015307773
6346,1,18677015312394,18677035030613
6347,1,18677035035473,18677055084863
6348,1,18677055090063,18677075729649
6349,1,18677075736179,18677095674983
6350,1,18677095680655,18677116124335
6351,1,18677116129200,18677135076757
6352,1,18677135080905,18677155077997
6353,1,18677155082715,18677177205982
6354,1,18677177211855,18677195848313
6355,1,18677195853276,18677215693070
6356,1,18677215697278,18677235146463
6357,1,18677235150884,18677255322934
6358,1,18677255328019,18677275252245
6359,1,18677275257080,18677295281751
6360,1,18677295285968,18677316155960
6361,1,18677316161149,18677335229553
6362,1,18677335234334,18677355267870
6363,1,18677355272776,18677375260378
6364,1,18677375266015,18677395731407
6365,1,18677395736137,18677415389048
6366,1,18677415393266,18677435092970
6367,1,18677435097525,18677455519203
6368,1,18677455523298,18677475019309
6369,1,18677475023645,18677496063756
6370,1,18677496084974,18677515324287
6371,1,18677515328695,18677534979531
6372,1,18677534984082,18677554909807
6373,1,18677554914220,18677575408668
6374,1,18677575417732,18677595444089
6375,1,18677595449253,18677615964075
6376,1,18677615969646,18677634956825
6377,1,18677634961799,18677656361977
6378,1,18677656367958,18677675098109
6379,1,18677675102745,18677695878517
6380,1,18677695883064,18677719087559
6381,1,18677719091841,18677739128489
6382,1,18677739133971,18677759283413
6383,1,18677759288387,18677779581251
6384,1,18677779585899,18677799018922
6385,1,18677799038594,18677818976706
6386,1,18677818981748,18677839214464
6387,1,18677839219094,18677859399423
6388,1,18677859404534,18677879505699
6389,1,18677879510324,18677899232963
6390,1,18677899237681,18677919184593
6391,1,18677919190529,18677939348386
6392,1,18677939358372,18677959536264
6393,1,18677959540806,18677979179211
6394,1,18677979183856,18677999337230
6395,1,18677999342567,18678019188784
6396,1,18678019192972,18678039251805
6397,1,18678039256696,18678059152972
6398,1,18678059158366,18678079931873
6399,1,18678079937773,18678099197302
6400,1,18678099201737,18678119127617
6401,1,18678119132604,18678138957162
6402,1,18678138961834,18678159329223
6403,1,18678159334552,18678179352819
6404,1,18678179358113,18678198921212
6405,1,18678198925735,18678219096232
6406,1,18678219101315,18678239005265
6407,1,18678239010021,18678259556560
6408,1,18678259571082,18678279937249
6409,1,18678279942739,18678299016921
6410,1,18678299023246,18678319310417
6411,1,18678319315340,18678339112364
6412,1,18678339116721,18678359411949
6413,1,18678359417098,18678379307254
6414,1,18678379312382,18678399434922
6415,1,18678399440436,18678419310217
6416,1,18678419315670,18678439199236
6417,1,18678439205002,18678463371639
6418,1,18678463376875,18678483190873
6419,1,18678483196195,18678503259243
6420,1,18678503288948,18678523120515
6421,1,18678523125515,18678543216953
6422,1,18678543221820,18678563210855
6423,1,18678563216485,18678583960347
6424,1,18678583965655,18678603487706
6425,1,18678603492878,18678623329811
6426,1,18678623335190,18678643327460
6427,1,18678643332483,18678663282164
6428,1,18678663287140,18678683376118
6429,1,18678683381171,18678703323078
6430,1,18678703328018,18678723083935
6431,1,18678723089115,18678743213919
6432,1,18678743219132,18678763158021
6433,1,18678763163498,18678783207276
6434,1,18678783212156,18678803403765
6435,1,18678803409401,18678823817324
6436,1,18678823823281,18678844133092
6437,1,18678844139720,18678864239106
6438,1,18678864244873,18678884148608
6439,1,18678884153307,18678905527063
6440,1,18678905531823,18678923139983
6441,1,18678923144547,18678945891470
6442,1,18678945897688,18678965492846
6443,1,18678965498983,18678983507890
6444,1,18678983523520,18679008372940
6445,1,18679008392447,18679025018645
6446,1,18679025025340,18679047757633
6447,1,18679047762869,18679066848284
6448,1,18679066856507,18679085655323
6449,1,18679085660362,18679103044645
6450,1,18679103049298,18679126356032
6451,1,18679126371810,18679145927990
6452,1,18679145937759,18679165918343
6453,1,18679165925203,18679183311792
6454,1,18679183316467,18679204564995
6455,1,18679204570267,18679229495265
6456,1,18679229503682,18679249271172
6457,1,18679249292190,18679267195132
6458,1,18679267200217,18679287505390
6459,1,18679287509730,18679307399516
6460,1,18679307406071,18679328466089
6461,1,18679328471112,18679347328611
6462,1,18679347333342,18679369521116
6463,1,18679369526089,18679387482401
6464,1,18679387487112,18679407593672
6465,1,18679407600179,18679428485399
6466,1,18679428489842,18679448850856
6467,1,18679448858031,18679468907099
6468,1,18679468911748,18679487309273
6469,1,18679487314039,18679508141093
6470,1,18679508163354,18679528150869
6471,1,18679528169865,18679548464195
6472,1,18679548473081,18679567129754
6473,1,18679567134470,18679588443258
6474,1,18679588448305,18679607502958
6475,1,18679607512566,18679629533195
6476,1,18679629537982,18679648887208
6477,1,18679648892542,18679669513608
6478,1,18679669523454,18679687142658
6479,1,18679687169724,18679707336166
6480,1,18679707340986,18679728261018
6481,1,18679728268066,18679748908401
6482,1,18679748914842,18679767178470
6483,1,18679767183131,18679787942972
6484,1,18679787947925,18679810504010
6485,1,18679810510024,18679827531962
6486,1,18679827536339,18679850440964
6487,1,18679850447857,18679869935436
6488,1,18679869942184,18679889555126
6489,1,18679889561221,18679910268350
6490,1,18679910274566,18679931068514
6491,1,18679931075653,18679950305128
6492,1,18679950311153,18679967647336
6493,1,18679967652051,18679992814376
6494,1,18679992819821,18680014354202
6495,1,18680014359356,18680033658673
6496,1,18680033668656,18680051272338
6497,1,18680051276842,18680071150127
6498,1,18680071154858,18680092714730
6499,1,18680092720338,18680113979664
6500,1,18680113986881,18680131309826
6501,1,18680131314709,18680151205551
6502,1,18680151210188,18680171249150
6503,1,18680171254091,18680191174862
6504,1,18680191179687,18680211186695
6505,1,18680211192337,18680231090420
6506,1,18680231095729,18680251243436
6507,1,18680251248484,18680271212899
6508,1,18680271218001,18680291315861
6509,1,18680291320467,18680311327312
6510,1,18680311332008,18680331163189
6511,1,18680331168736,18680351375972
6512,1,18680351396112,18680371259224
6513,1,18680371264197,18680391234705
6514,1,18680391239367,18680411566817
6515,1,18680411571836,18680431171463
6516,1,18680431176270,18680451116650
6517,1,18680451121729,18680471121545
6518,1,18680471126666,18680491168159
6519,1,18680491173067,18680511329702
6520,1,18680511334981,18680531111304
6521,1,18680531116406,18680551162334
6522,1,18680551185862,18680571104006
6523,1,18680571109024,18680592596046
6524,1,18680592600739,18680611476317
6525,1,18680611481508,18680631010792
6526,1,18680631015211,18680651214623
6527,1,18680651219878,18680671380930
6528,1,18680671385930,18680691391198
6529,1,18680691396508,18680711374297
6530,1,18680711378908,18680735424770
6531,1,18680735430480,18680755393438
6532,1,18680755398142,18680775537745
6533,1,18680775542574,18680795198411
6534,1,18680795203569,18680815206808
6535,1,18680815212224,18680835615217
6536,1,18680835619641,18680855326673
6537,1,18680855331709,18680875529063
6538,1,18680875534245,18680895202750
6539,1,18680895208255,18680915151501
6540,1,18680915156706,18680935272605
6541,1,18680935277434,18680955129634
6542,1,18680955135232,18680975189056
6543,1,18680975193973,18680995012531
6544,1,18680995017360,18681015108365
6545,1,18681015113191,18681035693728
6546,1,18681035698666,18681055094562
6547,1,18681055099534,18681076167802
6548,1,18681076173884,18681095725459
6549,1,18681095730357,18681115082961
6550,1,18681115087669,18681135434114
6551,1,18681135439612,18681155274133
6552,1,18681155281712,18681175390263
6553,1,18681175395148,18681195196983
6554,1,18681195202142,18681215139605
6555,1,18681215163103,18681235169121
6556,1,18681235173862,18681255278724
6557,1,18681255286089,18681275534877
6558,1,18681275541334,18681295949563
6559,1,18681295954543,18681315061253
6560,1,18681315065410,18681335692945
6561,1,18681335697672,18681355409199
6562,1,18681355413913,18681375639775
6563,1,18681375644508,18681396354753
6564,1,18681396359825,18681416729288
6565,1,18681416734332,18681435378273
6566,1,18681435383641,18681455355597
6567,1,18681455362801,18681475490795
6568,1,18681475495711,18681499305086
6569,1,18681499310203,18681519119993
6570,1,18681519125780,18681539499058
6571,1,18681539504379,18681559392351
6572,1,18681559397123,18681579239183
6573,1,18681579244031,18681599394240
6574,1,18681599413866,18681619181755
6575,1,18681619186517,18681641006779
6576,1,18681641024967,18681659264596
6577,1,18681659269367,18681679065417
6578,1,18681679070254,18681699489055
6579,1,18681699494780,18681719025512
6580,1,18681719029898,18681741003932
6581,1,18681741009066,18681760896112
6582,1,18681760905354,18681779537585
6583,1,18681779542137,18681799448669
6584,1,18681799453588,18681819000174
6585,1,18681819005000,18681839931665
6586,1,18681839939429,18681861477046
6587,1,18681861496691,18681879385613
6588,1,18681879390713,18681899377797
6589,1,18681899382567,18681918979559
6590,1,18681918984467,18681939389038
6591,1,18681939401392,18681960345815
6592,1,18681960351565,18681980039250
6593,1,18681980056444,18681999276488
6594,1,18681999281472,18682019092101
6595,1,18682019096551,18682042251534
6596,1,18682042263777,18682061552145
6597,1,18682061569509,18682082267514
6598,1,18682082274063,18682101048178
6599,1,18682101053073,18682119214084
6600,1,18682119218719,18682141260311
6601,1,18682141266926,18682162393796
6602,1,18682162398783,18682181236349
6603,1,18682181242045,18682204805571
6604,1,18682204824803,18682220052529
6605,1,18682220057498,18682243366875
6606,1,18682243374519,18682264807919
6607,1,18682264821735,18682284107807
6608,1,18682284112162,18682303269802
6609,1,18682303275280,18682324823662
6610,1,18682324830884,18682345285171
6611,1,18682345290925,18682363086242
6612,1,18682363091113,18682383249839
6613,1,18682383255327,18682403153348
6614,1,18682403157868,18682423419977
6615,1,18682423425470,18682443282083
6616,1,18682443287756,18682463240523
6617,1,18682463246328,18682483256936
6618,1,18682483261954,18682503180772
6619,1,18682503186309,18682523267986
6620,1,18682523272945,18682543191807
6621,1,18682543197207,18682563313623
6622,1,18682563319183,18682583060378
6623,1,18682583065624,18682603161796
6624,1,18682603185008,18682623329039
6625,1,18682623334435,18682643260949
6626,1,18682643266197,18682663094731
6627,1,18682663099895,18682683002553
6628,1,18682683007366,18682705855277
6629,1,18682705861791,18682723352409
6630,1,18682723358533,18682743293827
6631,1,18682743299273,18682763315206
6632,1,18682763320753,18682783255718
6633,1,18682783261317,18682803374294
6634,1,18682803379492,18682823436922
6635,1,18682823442554,18682843380101
6636,1,18682843384855,18682863257431
6637,1,18682863263383,18682883161024
6638,1,18682883165501,18682903451621
6639,1,18682903456434,18682923344526
6640,1,18682923366673,18682943622628
6641,1,18682943627613,18682963424397
6642,1,18682963429171,18682983094108
6643,1,18682983099210,18683007271231
6644,1,18683007276423,18683027695505
6645,1,18683027700639,18683047406664
6646,1,18683047411573,18683067574723
6647,1,18683067579685,18683087539478
6648,1,18683087545403,18683109154157
6649,1,18683109160379,18683127902238
6650,1,18683127906888,18683147590380
6651,1,18683147595767,18683167729394
6652,1,18683167734235,18683187980062
6653,1,18683187986492,18683208637948
6654,1,18683208643005,18683228473005
6655,1,18683228477831,18683249559493
6656,1,18683249564368,18683266932265
6657,1,18683266937070,18683288132297
6658,1,18683288139151,18683309132563
6659,1,18683309137578,18683327312752
6660,1,18683327317464,18683348266389
6661,1,18683348271560,18683367038684
6662,1,18683367043957,18683387627023
6663,1,18683387632235,18683407300886
6664,1,18683407306143,18683427582371
6665,1,18683427586956,18683447724689
6666,1,18683447729378,18683467409909
6667,1,18683467415420,18683487542432
6668,1,18683487547229,18683507377065
6669,1,18683507381777,18683527307526
6670,1,18683527312647,18683547352634
6671,1,18683547357763,18683567313514
6672,1,18683567318053,18683587810247
6673,1,18683587815966,18683608144026
6674,1,18683608148697,18683627642040
6675,1,18683627661795,18683647479751
6676,1,18683647533289,18683667449437
6677,1,18683667454883,18683687428547
6678,1,18683687434079,18683707381085
6679,1,18683707386297,18683727314732
6680,1,18683727320005,18683747295890
6681,1,18683747301182,18683771366130
6682,1,18683771386418,18683793414171
6683,1,18683793421341,18683811264082
6684,1,18683811268797,18683831143511
6685,1,18683831148908,18683851439441
6686,1,18683851444058,18683871426745
6687,1,18683871431777,18683891254016
6688,1,18683891258664,18683911242506
6689,1,18683911247438,18683931324292
6690,1,18683931329446,18683951279067
6691,1,18683951283781,18683971473946
6692,1,18683971479334,18683991332212
6693,1,18683991337130,18684011310700
6694,1,18684011315739,18684031259706
6695,1,18684031265159,18684051326507
6696,1,18684051331623,18684071885396
6697,1,18684071891317,18684091287520
6698,1,18684091291888,18684111443469
6699,1,18684111448841,18684131199395
6700,1,18684131203377,18684151845558
6701,1,18684151850893,18684171529326
6702,1,18684171534592,18684191279266
6703,1,18684191283632,18684211522902
6704,1,18684211528897,18684231351709
6705,1,18684231357367,18684251645129
6706,1,18684251649855,18684271601168
6707,1,18684271605911,18684291340499
6708,1,18684291344682,18684311175729
6709,1,18684311181625,18684331336829
6710,1,18684331341861,18684351798041
6711,1,18684351803335,18684371523511
6712,1,18684371528286,18684391243874
6713,1,18684391248406,18684411464870
6714,1,18684411469545,18684431139867
6715,1,18684431145057,18684451124638
6716,1,18684451130249,18684471211567
6717,1,18684471217060,18684491232317
6718,1,18684491239194,18684511319808
6719,1,18684511325370,18684535272018
6720,1,18684535276712,18684555320234
6721,1,18684555325320,18684575287138
6722,1,18684575291966,18684595312206
6723,1,18684595317768,18684615435253
6724,1,18684615440446,18684635330150
6725,1,18684635353900,18684655170037
6726,1,18684655187659,18684675113127
6727,1,18684675118552,18684695233867
6728,1,18684695238894,18684714988254
6729,1,18684714992990,18684735229050
6730,1,18684735236358,18684755251728
6731,1,18684755256659,18684775909753
6732,1,18684775913711,18684797088965
6733,1,18684797094175,18684815612291
6734,1,18684815617016,18684836468853
6735,1,18684836475825,18684857342354
6736,1,18684857349492,18684878884964
6737,1,18684878895304,18684896073671
6738,1,18684896078423,18684915547091
6739,1,18684915551749,18684936214274
6740,1,18684936222103,18684956775573
6741,1,18684956781051,18684978383274
6742,1,18684978388421,18684995789556
6743,1,18684995794715,18685015485448
6744,1,18685015490072,18685035615646
6745,1,18685035621413,18685056870963
6746,1,18685056878350,18685077639025
6747,1,18685077643962,18685095031721
6748,1,18685095036186,18685115169494
6749,1,18685115176655,18685135386382
6750,1,18685135390641,18685155438324
6751,1,18685155443735,18685175341390
6752,1,18685175346012,18685195394244
6753,1,18685195399150,18685216723930
6754,1,18685216728719,18685236175220
6755,1,18685236184642,18685256891358
6756,1,18685256896988,18685280077430
6757,1,18685280082693,18685299555396
6758,1,18685299560841,18685321325400
6759,1,18685321330171,18685341122494
6760,1,18685341132319,18685360050015
6761,1,18685360054755,18685379871125
6762,1,18685379875407,18685399544019
6763,1,18685399549041,18685421538149
6764,1,18685421543143,18685441567742
6765,1,18685441577719,18685459574831
6766,1,18685459579716,18685479235077
6767,1,18685479239697,18685499506544
6768,1,18685499510781,18685519696771
6769,1,18685519701556,18685541010182
6770,1,18685541015094,18685559320763
6771,1,18685559325372,18685579320885
6772,1,18685579325614,18685599678585
6773,1,18685599683011,18685619141721
6774,1,18685619146056,18685639272010
6775,1,18685639277063,18685659185779
6776,1,18685659190200,18685679337269
6777,1,18685679341973,18685699153889
6778,1,18685699185670,18685719020751
6779,1,18685719026783,18685739389645
6780,1,18685739396843,18685758999609
6781,1,18685759004201,18685779348468
6782,1,18685779353716,18685799463524
6783,1,18685799468115,18685819267711
6784,1,18685819272679,18685839277155
6785,1,18685839282551,18685859406851
6786,1,18685859411475,18685879721891
6787,1,18685879727410,18685899436665
6788,1,18685899442060,18685919209935
6789,1,18685919214990,18685939115242
6790,1,18685939120684,18685959304797
6791,1,18685959309819,18685979129064
6792,1,18685979134313,18685999292809
6793,1,18685999300541,18686019434672
6794,1,18686019443109,18686043149453
6795,1,18686043154373,18686063017951
6796,1,18686063022131,18686083322214
6797,1,18686083328314,18686103230437
6798,1,18686103235872,18686123349892
6799,1,18686123355000,18686143340615
6800,1,18686143345921,18686163261438
6801,1,18686163266645,18686183299957
6802,1,18686183305809,18686203098567
6803,1,18686203103498,18686223340600
6804,1,18686223346283,18686243184647
6805,1,18686243190051,18686263241830
6806,1,18686263246589,18686283342290
6807,1,18686283347743,18686312802239
6808,1,18686312809018,18686328682928
6809,1,18686328690151,18686345791620
6810,1,18686345817617,18686363701049
6811,1,18686363707326,18686383505959
6812,1,18686383511316,18686404019492
6813,1,18686404025487,18686423366985
6814,1,18686423371912,18686443004639
6815,1,18686443009148,18686463328966
6816,1,18686463334056,18686483998702
6817,1,18686484027414,18686503777005
6818,1,18686503783020,18686523808474
6819,1,18686523813198,18686543708327
6820,1,18686543713756,18686563159053
6821,1,18686563164137,18686583366568
6822,1,18686583371683,18686603469801
6823,1,18686603475620,18686623330961
6824,1,18686623335643,18686643591277
6825,1,18686643596226,18686663513322
6826,1,18686663518025,18686683297937
6827,1,18686683303121,18686703166512
6828,1,18686703189209,18686723233076
6829,1,18686723238188,18686743300342
6830,1,18686743305455,18686763275692
6831,1,18686763281171,18686783338075
6832,1,18686783343079,18686807225394
6833,1,18686807230155,18686827447105
6834,1,18686827452240,18686847261354
6835,1,18686847266476,18686867142558
6836,1,18686867147447,18686887317844
6837,1,18686887323190,18686907258246
6838,1,18686907262713,18686927449307
6839,1,18686927454416,18686947707629
6840,1,18686947712340,18686967366868
6841,1,18686967371830,18686987345689
6842,1,18686987350542,18687007255902
6843,1,18687007261553,18687027279916
6844,1,18687027284704,18687047228036
6845,1,18687047233168,18687067413998
6846,1,18687067418863,18687087388603
6847,1,18687087393646,18687107319330
6848,1,18687107324279,18687127337089
6849,1,18687127342286,18687147437853
6850,1,18687147442640,18687167112102
6851,1,18687167117629,18687187234589
6852,1,18687187257400,18687207021609
6853,1,18687207026987,18687227305360
6854,1,18687227310012,18687247209897
6855,1,18687247214908,18687267218040
6856,1,18687267223273,18687287234683
6857,1,18687287239664,18687307316327
6858,1,18687307321557,18687327314953
6859,1,18687327319892,18687347225676
6860,1,18687347231060,18687367742395
6861,1,18687367747108,18687387375644
6862,1,18687387380438,18687407183169
6863,1,18687407187775,18687427435830
6864,1,18687427440595,18687447257333
6865,1,18687447262467,18687467347764
6866,1,18687467353216,18687487290621
6867,1,18687487295825,18687507404260
6868,1,18687507408975,18687527469738
6869,1,18687527475263,18687551303828
6870,1,18687551308665,18687571205128
6871,1,18687571210543,18687591055155
6872,1,18687591060220,18687611105582
6873,1,18687611110626,18687631128115
6874,1,18687631133203,18687651253725
6875,1,18687651259852,18687671181380
6876,1,18687671186546,18687691232487
6877,1,18687691237470,18687711329972
6878,1,18687711381162,18687731273805
6879,1,18687731297849,18687751326198
6880,1,18687751331198,18687771375099
6881,1,18687771380275,18687791687894
6882,1,18687791693691,18687811225052
6883,1,18687811230165,18687831270805
6884,1,18687831275702,18687851052539
6885,1,18687851057594,18687870939883
6886,1,18687870944447,18687891047208
6887,1,18687891051622,18687911490940
6888,1,18687911496364,18687931203931
6889,1,18687931209514,18687951209155
6890,1,18687951213823,18687970921557
6891,1,18687970926858,18687991115283
6892,1,18687991120723,18688013787511
6893,1,18688013793693,18688033624974
6894,1,18688033631235,18688053738666
6895,1,18688053759017,18688073691915
6896,1,18688073697962,18688093692142
6897,1,18688093698307,18688113672705
6898,1,18688113680081,18688133494236
6899,1,18688133500490,18688153996411
6900,1,18688154002470,18688173829546
6901,1,18688173836833,18688193606168
6902,1,18688193611928,18688213517861
6903,1,18688213524176,18688237030960
6904,1,18688237036672,18688252139031
6905,1,18688252143967,18688271197374
6906,1,18688271202349,18688291150298
6907,1,18688291155708,18688315233824
6908,1,18688315239597,18688335540092
6909,1,18688335546800,18688355368831
6910,1,18688355373625,18688375200272
6911,1,18688375205049,18688395400640
6912,1,18688395406402,18688415271178
6913,1,18688415276223,18688435191789
6914,1,18688435196996,18688455061781
6915,1,18688455067093,18688475289532
6916,1,18688475295747,18688495162674
6917,1,18688495167736,18688515265340
6918,1,18688515270872,18688535237872
6919,1,18688535243144,18688555172693
6920,1,18688555178028,18688575293883
6921,1,18688575298999,18688595268058
6922,1,18688595273830,18688615170185
6923,1,18688615175358,18688635196577
6924,1,18688635202085,18688655025437
6925,1,18688655030292,18688675140404
6926,1,18688675145555,18688695212411
6927,1,18688695217803,18688715059168
6928,1,18688715063728,18688735230139
6929,1,18688735235271,18688755131741
6930,1,18688755154367,18688775139936
6931,1,18688775144948,18688795311887
6932,1,18688795316721,18688815174634
6933,1,18688815179643,18688835323775
6934,1,18688835328565,18688855090713
6935,1,18688855096336,18688875080464
6936,1,18688875084964,18688895289852
6937,1,18688895294890,18688915190539
6938,1,18688915196025,18688935291476
6939,1,18688935296353,18688955251702
6940,1,18688955256505,18688975245904
6941,1,18688975250733,18688995312469
6942,1,18688995318270,18689015349762
6943,1,18689015354996,18689035284465
6944,1,18689035289446,18689055193104
6945,1,18689055198050,18689079334822
6946,1,18689079339538,18689099352515
6947,1,18689099357351,18689119701011
6948,1,18689119705495,18689139369665
6949,1,18689139374562,18689159421360
6950,1,18689159426111,18689179367612
6951,1,18689179372627,18689199405693
6952,1,18689199411273,18689219302366
6953,1,18689219307552,18689239221593
6954,1,18689239226728,18689259150766
6955,1,18689259155723,18689279213498
6956,1,18689279218373,18689299563664
6957,1,18689299569421,18689319423270
6958,1,18689319428547,18689339266674
6959,1,18689339271657,18689359110767
6960,1,18689359115800,18689379081495
6961,1,18689379086114,18689399374290
6962,1,18689399380046,18689419175808
6963,1,18689419180943,18689439265458
6964,1,18689439270368,18689459346157
6965,1,18689459351096,18689479163185
6966,1,18689479167932,18689499365077
6967,1,18689499370560,18689519347062
6968,1,18689519352406,18689539376306
6969,1,18689539381579,18689559327474
6970,1,18689559333001,18689579280625
6971,1,18689579285690,18689599628356
6972,1,18689599633115,18689619121548
6973,1,18689619126632,18689639412946
6974,1,18689639417287,18689659308809
6975,1,18689659314085,18689679368052
6976,1,18689679372989,18689699286363
6977,1,18689699292817,18689719215839
6978,1,18689719221246,18689739324191
6979,1,18689739329522,18689759321006
6980,1,18689759343912,18689779353007
6981,1,18689779358228,18689799339735
6982,1,18689799360737,18689823353445
6983,1,18689823358753,18689843138276
6984,1,18689843143262,18689863181628
6985,1,18689863186427,18689883350765
6986,1,18689883355379,18689903492810
6987,1,18689903497530,18689923233339
6988,1,18689923238798,18689943692017
6989,1,18689943698784,18689963376210
6990,1,18689963381279,18689983174353
6991,1,18689983180190,18690003330116
6992,1,18690003334903,18690023099901
6993,1,18690023104630,18690043330769
6994,1,18690043336376,18690063388527
6995,1,18690063393841,18690083175460
6996,1,18690083181022,18690103231180
6997,1,18690103236826,18690123168765
6998,1,18690123173673,18690143281237
6999,1,18690143286658,18690163275693
7000,1,18690163280975,18690183138332
7001,1,18690183144502,18690203249973
7002,1,18690203254789,18690223138963
7003,1,18690223144336,18690243160241
7004,1,18690243165469,18690263259140
7005,1,18690263265021,18690283244066
7006,1,18690283249265,18690303217674
7007,1,18690303223106,18690323136920
7008,1,18690323142334,18690343180607
7009,1,18690343185892,18690363185179
7010,1,18690363190317,18690383404627
7011,1,18690383409132,18690403318884
7012,1,18690403323717,18690423313461
7013,1,18690423318395,18690443184279
7014,1,18690443188992,18690463322510
7015,1,18690463327541,18690483189079
7016,1,18690483194109,18690503861151
7017,1,18690503866814,18690523361965
7018,1,18690523367759,18690543266937
7019,1,18690543271899,18690563397529
7020,1,18690563402192,18690587381015
7021,1,18690587385717,18690607576195
7022,1,18690607595615,18690627458178
7023,1,18690627462421,18690647462359
7024,1,18690647467623,18690667251704
7025,1,18690667257050,18690687337028
7026,1,18690687341740,18690707248000
7027,1,18690707252974,18690727370185
7028,1,18690727375267,18690747176185
7029,1,18690747181390,18690767220268
7030,1,18690767224917,18690787232196
7031,1,18690787237239,18690807207564
7032,1,18690807227692,18690827535042
7033,1,18690827569358,18690847053579
7034,1,18690847058890,18690867111336
7035,1,18690867116410,18690887248579
7036,1,18690887253806,18690907411735
7037,1,18690907417236,18690927317139
7038,1,18690927321808,18690947653845
7039,1,18690947659194,18690967255843
7040,1,18690967260930,18690987341128
7041,1,18690987346245,18691010533468
7042,1,18691010539803,18691029687452
7043,1,18691029692293,18691047267688
7044,1,18691047273383,18691067366669
7045,1,18691067371645,18691087335542
7046,1,18691087340588,18691107159873
7047,1,18691107164139,18691127654345
7048,1,18691127660739,18691147393583
7049,1,18691147398287,18691167448079
7050,1,18691167453542,18691187201325
7051,1,18691187206139,18691207252600
7052,1,18691207257719,18691227206543
7053,1,18691227211346,18691247327215
7054,1,18691247332617,18691267199924
7055,1,18691267205049,18691286988107
7056,1,18691286993837,18691307103616
7057,1,18691307109261,18691327306807
7058,1,18691327311644,18691351225650
7059,1,18691351230787,18691371197197
7060,1,18691371202271,18691391132515
7061,1,18691391137780,18691411137510
7062,1,18691411142310,18691430917314
7063,1,18691430921789,18691451043670
7064,1,18691451048725,18691471075801
7065,1,18691471099178,18691491058846
7066,1,18691491063646,18691511117924
7067,1,18691511123413,18691531090234
7068,1,18691531095254,18691551144515
7069,1,18691551149648,18691571123990
7070,1,18691571128869,18691591150560
7071,1,18691591155944,18691611174290
7072,1,18691611179615,18691631293864
7073,1,18691631298219,18691651453530
7074,1,18691651458235,18691671355389
7075,1,18691671360253,18691691420917
7076,1,18691691425647,18691711233052
7077,1,18691711237593,18691731407725
7078,1,18691731413337,18691750978402
7079,1,18691750983294,18691771146945
7080,1,18691771152114,18691791237767
7081,1,18691791243036,18691811401786
7082,1,18691811408910,18691831245938
7083,1,18691831268700,18691851152051
7084,1,18691851156802,18691871180226
7085,1,18691871185347,18691891492732
7086,1,18691891498123,18691911465188
7087,1,18691911473457,18691931356509
7088,1,18691931361490,18691951220977
7089,1,18691951225917,18691971158599
7090,1,18691971163625,18691991327489
7091,1,18691991332750,18692011544520
7092,1,18692011549162,18692031230505
7093,1,18692031235749,18692051360257
7094,1,18692051365682,18692071375885
7095,1,18692071380887,18692095338961
7096,1,18692095343544,18692115198963
7097,1,18692115203793,18692135310292
7098,1,18692135315198,18692155231366
7099,1,18692155236476,18692175613990
7100,1,18692175618423,18692195270867
7101,1,18692195276313,18692215743759
7102,1,18692215749035,18692235113458
7103,1,18692235118804,18692254994225
7104,1,18692254999052,18692275246832
7105,1,18692275251835,18692295311290
7106,1,18692295316407,18692315318223
7107,1,18692315322892,18692335493923
7108,1,18692335500681,18692355236002
7109,1,18692355241407,18692375231450
7110,1,18692375236298,18692395253102
7111,1,18692395258513,18692416288693
7112,1,18692416294503,18692435166222
7113,1,18692435171599,18692455077068
7114,1,18692455082941,18692475320002
7115,1,18692475325348,18692495171521
7116,1,18692495176687,18692515030011
7117,1,18692515035533,18692535206595
7118,1,18692535211348,18692555223791
7119,1,18692555229187,18692575341461
7120,1,18692575346134,18692595181209
7121,1,18692595186239,18692615184918
7122,1,18692615190146,18692635653312
7123,1,18692635658355,18692655056254
7124,1,18692655060590,18692675355366
7125,1,18692675361069,18692695351013
7126,1,18692695356820,18692715141357
7127,1,18692715146414,18692735174872
7128,1,18692735179876,18692757180237
7129,1,18692757186043,18692777755481
7130,1,18692777761374,18692795318152
7131,1,18692795326555,18692815298075
7132,1,18692815303372,18692835180394
7133,1,18692835185779,18692859251482
7134,1,18692859273969,18692879418681
7135,1,18692879424627,18692899602356
7136,1,18692899607167,18692919386422
7137,1,18692919391310,18692939616139
7138,1,18692939620773,18692959729878
7139,1,18692959737875,18692979517442
7140,1,18692979523325,18692999346838
7141,1,18692999352636,18693019328242
7142,1,18693019333245,18693039344890
7143,1,18693039350556,18693059288262
7144,1,18693059293575,18693079325543
7145,1,18693079331053,18693099293744
7146,1,18693099300217,18693119271579
7147,1,18693119277179,18693139264474
7148,1,18693139269431,18693159378897
7149,1,18693159383879,18693179395843
7150,1,18693179417808,18693199324803
7151,1,18693199330195,18693219164821
7152,1,18693219170030,18693239297950
7153,1,18693239303002,18693259226001
7154,1,18693259230709,18693279452044
7155,1,18693279457013,18693299370574
7156,1,18693299376321,18693319238538
7157,1,18693319243347,18693339449176
7158,1,18693339454358,18693359294517
7159,1,18693359300064,18693379345237
7160,1,18693379350192,18693399140263
7161,1,18693399145654,18693419200117
7162,1,18693419204964,18693439136276
7163,1,18693439141497,18693459210980
7164,1,18693459215720,18693479092541
7165,1,18693479097870,18693499114471
7166,1,18693499121511,18693519219366
7167,1,18693519223887,18693539319614
7168,1,18693539324979,18693559170348
7169,1,18693559175359,18693579337394
7170,1,18693579342204,18693599350562
7171,1,18693599356647,18693623419236
7172,1,18693623424549,18693643290169
7173,1,18693643295061,18693663444602
7174,1,18693663450017,18693683295102
7175,1,18693683300075,18693703354151
7176,1,18693703359125,18693723405365
7177,1,18693723410399,18693743363715
7178,1,18693743369173,18693763457622
7179,1,18693763463386,18693783249958
7180,1,18693783255584,18693803188262
7181,1,18693803193090,18693823292505
7182,1,18693823297269,18693843323705
7183,1,18693843328724,18693863390408
7184,1,18693863395332,18693883233111
7185,1,18693883238034,18693903186720
7186,1,18693903218647,18693923394701
7187,1,18693923399670,18693943879996
7188,1,18693943885033,18693963240128
7189,1,18693963245177,18693983452330
7190,1,18693983457128,18694003502589
7191,1,18694003507333,18694023506327
7192,1,18694023526170,18694043309834
7193,1,18694043315108,18694063404631
7194,1,18694063412883,18694083291123
7195,1,18694083296329,18694103350750
7196,1,18694103355659,18694123283570
7197,1,18694123288849,18694143332133
7198,1,18694143336591,18694163598849
7199,1,18694163603434,18694183401129
7200,1,18694183406289,18694203229566
7201,1,18694203234745,18694223402390
7202,1,18694223407449,18694243336822
7203,1,18694243342138,18694263308207
7204,1,18694263313172,18694283239698
7205,1,18694283244837,18694303348224
7206,1,18694303353069,18694323166016
7207,1,18694323171132,18694343251105
7208,1,18694343255846,18694367111797
7209,1,18694367116809,18694387369934
7210,1,18694387377900,18694407122351
7211,1,18694407127611,18694427484672
7212,1,18694427490240,18694447417549
7213,1,18694447422577,18694467240611
7214,1,18694467245383,18694487370911
7215,1,18694487375691,18694507296831
7216,1,18694507302061,18694527516219
7217,1,18694527522199,18694547498874
7218,1,18694547504268,18694567413135
7219,1,18694567418246,18694587450196
7220,1,18694587454897,18694607332262
7221,1,18694607337547,18694627417722
7222,1,18694627422507,18694647276801
7223,1,18694647282204,18694667354412
7224,1,18694667359515,18694687357620
7225,1,18694687363193,18694707533118
7226,1,18694707538981,18694727505102
7227,1,18694727510529,18694747391331
7228,1,18694747396814,18694767186569
7229,1,18694767191867,18694787274817
7230,1,18694787279766,18694807141357
7231,1,18694807146760,18694827347432
7232,1,18694827352421,18694847235743
7233,1,18694847240621,18694867321987
7234,1,18694867327175,18694887376178
7235,1,18694887399330,18694907425114
7236,1,18694907448832,18694927603299
7237,1,18694927607993,18694947676819
7238,1,18694947681934,18694967282209
7239,1,18694967287340,18694987422810
7240,1,18694987427591,18695007290918
7241,1,18695007295699,18695027485499
7242,1,18695027492038,18695047425790
7243,1,18695047431094,18695067311421
7244,1,18695067316262,18695087219790
7245,1,18695087224659,18695107176157
7246,1,18695107181238,18695131352466
7247,1,18695131357830,18695151389800
7248,1,18695151394494,18695171382787
7249,1,18695171388055,18695191417264
7250,1,18695191440740,18695211321927
7251,1,18695211327464,18695231189822
7252,1,18695231194608,18695251384442
7253,1,18695251389737,18695271294200
7254,1,18695271299557,18695291254052
7255,1,18695291259079,18695311660010
7256,1,18695311664680,18695331305529
7257,1,18695331310677,18695351517896
7258,1,18695351522823,18695371232658
7259,1,18695371238078,18695391674214
7260,1,18695391678602,18695411335270
7261,1,18695411339877,18695431480987
7262,1,18695431485579,18695451316721
7263,1,18695451321643,18695471130520
7264,1,18695471135566,18695491297756
7265,1,18695491303069,18695511178808
7266,1,18695511183399,18695531221447
7267,1,18695531226976,18695551293729
7268,1,18695551298701,18695571361184
7269,1,18695571366003,18695591398422
7270,1,18695591403407,18695611361423
7271,1,18695611366687,18695631328387
7272,1,18695631333703,18695651359752
7273,1,18695651364557,18695671427228
7274,1,18695671432389,18695691489195
7275,1,18695691494213,18695711396725
7276,1,18695711401401,18695731410654
7277,1,18695731416184,18695751675654
7278,1,18695751680370,18695771345226
7279,1,18695771350676,18695791398467
7280,1,18695791403360,18695811321946
7281,1,18695811327271,18695831336914
7282,1,18695831341762,18695851349658
7283,1,18695851356005,18695871409652
7284,1,18695871414351,18695895657714
7285,1,18695895663718,18695915276796
7286,1,18695915280938,18695935352231
7287,1,18695935375421,18695955327067
7288,1,18695955332043,18695975404343
7289,1,18695975409345,18695995344726
7290,1,18695995349766,18696015451834
7291,1,18696015456788,18696035538264
7292,1,18696035542892,18696055388748
7293,1,18696055393690,18696075452465
7294,1,18696075457122,18696095307736
7295,1,18696095312701,18696115316749
7296,1,18696115321497,18696135342687
7297,1,18696135374759,18696155350422
7298,1,18696155355952,18696175472089
7299,1,18696175477363,18696195431921
7300,1,18696195437261,18696215342438
7301,1,18696215346802,18696235466141
7302,1,18696235471329,18696255359121
7303,1,18696255364154,18696275375353
7304,1,18696275379996,18696295779240
7305,1,18696295784676,18696315471205
7306,1,18696315475966,18696335413525
7307,1,18696335418533,18696355264253
7308,1,18696355269728,18696375358660
7309,1,18696375363810,18696395700403
7310,1,18696395705174,18696415275691
7311,1,18696415280583,18696435602462
7312,1,18696435655893,18696455527271
7313,1,18696455532838,18696475487542
7314,1,18696475494580,18696495339478
7315,1,18696495344765,18696515379180
7316,1,18696515383967,18696535541933
7317,1,18696535546980,18696555431199
7318,1,18696555436134,18696575419491
7319,1,18696575424701,18696595302265
7320,1,18696595325525,18696615256489
7321,1,18696615261597,18696639414801
7322,1,18696639419951,18696659519250
7323,1,18696659524212,18696679505171
7324,1,18696679510937,18696699403431
7325,1,18696699408695,18696719415158
7326,1,18696719420379,18696739424008
7327,1,18696739429506,18696759294771
7328,1,18696759299560,18696779455758
7329,1,18696779461055,18696799538239
7330,1,18696799543292,18696819388826
7331,1,18696819393890,18696839433889
7332,1,18696839438765,18696859396825
7333,1,18696859401994,18696879363785
7334,1,18696879368969,18696899872817
7335,1,18696899878504,18696919599808
7336,1,18696919604586,18696939424663
7337,1,18696939430172,18696959323504
7338,1,18696959346289,18696979451796
7339,1,18696979457146,18696999527682
7340,1,18696999533245,18697019560433
7341,1,18697019565571,18697039450813
7342,1,18697039456183,18697059318935
7343,1,18697059324081,18697079518957
7344,1,18697079523748,18697099523487
7345,1,18697099528667,18697119239325
7346,1,18697119244127,18697139447645
7347,1,18697139452673,18697159635837
7348,1,18697159641555,18697179423936
7349,1,18697179429657,18697199584194
7350,1,18697199589692,18697221300509
7351,1,18697221307088,18697239447653
7352,1,18697239453032,18697259412814
7353,1,18697259418452,18697279541413
7354,1,18697279546994,18697299523396
7355,1,18697299528725,18697319414039
7356,1,18697319419218,18697339560361
7357,1,18697339565632,18697359537566
7358,1,18697359543043,18697379475800
7359,1,18697379480918,18697403960704
7360,1,18697403965948,18697423568095
7361,1,18697423573481,18697443504251
7362,1,18697443526003,18697463469811
7363,1,18697463475239,18697483395312
7364,1,18697483400470,18697503428177
7365,1,18697503433209,18697523476768
7366,1,18697523481838,18697543469260
7367,1,18697543474459,18697563452313
7368,1,18697563457653,18697583365520
7369,1,18697583370926,18697603382392
7370,1,18697603387090,18697623393493
7371,1,18697623398776,18697643392942
7372,1,18697643398502,18697663364568
7373,1,18697663369587,18697683419086
7374,1,18697683424557,18697703365153
7375,1,18697703370215,18697723457842
7376,1,18697723463296,18697743303087
7377,1,18697743308627,18697763371541
7378,1,18697763376627,18697783280966
7379,1,18697783286388,18697803474268
7380,1,18697803479284,18697823195479
7381,1,18697823199768,18697843382105
7382,1,18697843387499,18697863293081
7383,1,18697863298146,18697883380404
7384,1,18697883385693,18697903815802
7385,1,18697903821137,18697923498307
7386,1,18697923503018,18697943771401
7387,1,18697943777133,18697963420051
7388,1,18697963425111,18697983195956
7389,1,18697983201204,18698003175413
7390,1,18698003199485,18698023151028
7391,1,18698023156209,18698043395477
7392,1,18698043400477,18698063128751
7393,1,18698063133934,18698083196147
7394,1,18698083202212,18698103260579
7395,1,18698103265812,18698123384780
7396,1,18698123390385,18698143241438
7397,1,18698143246520,18698167380480
7398,1,18698167385477,18698187463561
7399,1,18698187468443,18698207455603
7400,1,18698207460296,18698227460221
7401,1,18698227466529,18698247195301
7402,1,18698247200259,18698267161693
7403,1,18698267166808,18698287092165
7404,1,18698287097371,18698307201337
7405,1,18698307232561,18698327359951
7406,1,18698327364710,18698347145865
7407,1,18698347150854,18698367218795
7408,1,18698367224108,18698387323124
7409,1,18698387328043,18698408098980
7410,1,18698408104655,18698427534434
7411,1,18698427538693,18698447402328
7412,1,18698447407832,18698467309608
7413,1,18698467315031,18698487234533
7414,1,18698487239458,18698507185248
7415,1,18698507190253,18698527297266
7416,1,18698527302177,18698547219162
7417,1,18698547224060,18698567287848
7418,1,18698567293251,18698587342769
7419,1,18698587348260,18698607367332
7420,1,18698607372917,18698627265998
7421,1,18698627270893,18698647372372
7422,1,18698647387290,18698667308250
7423,1,18698667313392,18698687459306
7424,1,18698687463952,18698707316734
7425,1,18698707321794,18698727405784
7426,1,18698727410827,18698747286080
7427,1,18698747291382,18698767284284
7428,1,18698767289258,18698787287628
7429,1,18698787292848,18698807267990
7430,1,18698807273167,18698827288481
7431,1,18698827293673,18698847249812
7432,1,18698847254870,18698867188272
7433,1,18698867193490,18698887371895
7434,1,18698887377019,18698911461425
7435,1,18698911466190,18698931369211
7436,1,18698931374002,18698951182767
7437,1,18698951187322,18698971394369
7438,1,18698971399305,18698991204948
7439,1,18698991210624,18699011376111
7440,1,18699011399988,18699031129177
7441,1,18699031134098,18699051260825
7442,1,18699051266092,18699071144817
7443,1,18699071149679,18699091277233
7444,1,18699091282341,18699111292957
7445,1,18699111298422,18699131279577
7446,1,18699131284811,18699151296295
7447,1,18699151301446,18699171560207
7448,1,18699171566123,18699191305176
7449,1,18699191310174,18699211282523
7450,1,18699211287874,18699231248820
7451,1,18699231254345,18699251349385
7452,1,18699251354201,18699271323496
7453,1,18699271329247,18699291456737
7454,1,18699291461731,18699311465158
7455,1,18699311470589,18699331500437
7456,1,18699331505940,18699351409754
7457,1,18699351414805,18699371457245
7458,1,18699371462587,18699391391169
7459,1,18699391396328,18699411816259
7460,1,18699411820742,18699431406898
7461,1,18699431412887,18699451483417
7462,1,18699451488753,18699471264732
7463,1,18699471269619,18699491230392
7464,1,18699491235328,18699511267455
7465,1,18699511272320,18699531226731
7466,1,18699531231889,18699551363518
7467,1,18699551369196,18699571236556
7468,1,18699571242116,18699591167724
7469,1,18699591173289,18699611422643
7470,1,18699611427500,18699631241010
7471,1,18699631246580,18699651378282
7472,1,18699651383686,18699675302555
7473,1,18699675307394,18699695430710
7474,1,18699695435545,18699715188759
7475,1,18699715194040,18699735380374
7476,1,18699735384736,18699755477679
7477,1,18699755483448,18699775458628
7478,1,18699775464122,18699795338119
7479,1,18699795343307,18699815175133
7480,1,18699815181239,18699835370236
7481,1,18699835375339,18699855289534
7482,1,18699855294515,18699875366363
7483,1,18699875371169,18699895353351
7484,1,18699895358254,18699915198057
7485,1,18699915203064,18699935504538
7486,1,18699935509750,18699955238652
7487,1,18699955243920,18699975408572
7488,1,18699975413849,18699995372518
7489,1,18699995377791,18700015133230
7490,1,18700015155909,18700035358430
7491,1,18700035381620,18700055324837
7492,1,18700055329941,18700075322596
7493,1,18700075327863,18700095326397
7494,1,18700095331819,18700115207768
7495,1,18700115213251,18700135303116
7496,1,18700135307943,18700156199133
7497,1,18700156204060,18700175724914
7498,1,18700175729342,18700195416484
7499,1,18700195421951,18700215309339
7500,1,18700215314531,18700235204742
7501,1,18700235210104,18700255210134
7502,1,18700255215148,18700275262162
7503,1,18700275267527,18700295159634
7504,1,18700295165006,18700315036619
7505,1,18700315041984,18700335332886
7506,1,18700335338028,18700355143273
7507,1,18700355148221,18700375252337
7508,1,18700375257038,18700395166447
7509,1,18700395172044,18700419086334
7510,1,18700419090787,18700439492731
7511,1,18700439497789,18700459211321
7512,1,18700459216319,18700479362644
7513,1,18700479367650,18700499444077
7514,1,18700499449548,18700519404279
7515,1,18700519409338,18700539592279
7516,1,18700539597239,18700559375668
7517,1,18700559380700,18700579314526
7518,1,18700579319708,18700599441418
7519,1,18700599446608,18700619464774
7520,1,18700619470492,18700639673190
7521,1,18700639678862,18700659347958
7522,1,18700659352840,18700679477119
7523,1,18700679482744,18700699436144
7524,1,18700699441291,18700719192253
7525,1,18700719197242,18700739351652
7526,1,18700739356578,18700759167543
7527,1,18700759172906,18700779222373
7528,1,18700779227464,18700799348736
7529,1,18700799353935,18700819297624
7530,1,18700819302519,18700839274033
7531,1,18700839278946,18700859281030
7532,1,18700859303284,18700879188726
7533,1,18700879193893,18700899303757
7534,1,18700899309475,18700919269672
7535,1,18700919274536,18700939559315
7536,1,18700939564216,18700959335322
7537,1,18700959340468,18700979232449
7538,1,18700979238344,18700999183768
7539,1,18700999191802,18701019282248
7540,1,18701019287374,18701039234947
7541,1,18701039240132,18701059334795
7542,1,18701059365686,18701079422100
7543,1,18701079427561,18701099418579
7544,1,18701099424481,18701119190380
7545,1,18701119195499,18701139230627
7546,1,18701139235877,18701159211513
7547,1,18701159216839,18701183438842
7548,1,18701183444142,18701203451109
7549,1,18701203457228,18701223421827
7550,1,18701223427431,18701243261538
7551,1,18701243266807,18701263261005
7552,1,18701263265972,18701283133210
7553,1,18701283138366,18701303198630
7554,1,18701303203763,18701323209134
7555,1,18701323214656,18701343282564
7556,1,18701343287492,18701363156423
7557,1,18701363161405,18701383262708
7558,1,18701383268066,18701403261850
7559,1,18701403267211,18701423401316
7560,1,18701423406645,18701443322788
7561,1,18701443327929,18701463284465
7562,1,18701463289151,18701483341132
7563,1,18701483346148,18701503322316
7564,1,18701503327489,18701523256619
7565,1,18701523261760,18701543404090
7566,1,18701543408821,18701563437467
7567,1,18701563442593,18701583359601
7568,1,18701583365130,18701603322503
7569,1,18701603327495,18701623427253
7570,1,18701623432459,18701643308780
7571,1,18701643313807,18701663296019
7572,1,18701663301191,18701683374601
7573,1,18701683379831,18701703421264
7574,1,18701703426761,18701723366715
7575,1,18701723390233,18701743469251
7576,1,18701743474321,18701763557652
7577,1,18701763562944,18701783417563
7578,1,18701783422377,18701803435874
7579,1,18701803489893,18701823441566
7580,1,18701823446324,18701843459373
7581,1,18701843464440,18701863535818
7582,1,18701863540759,18701883459687
7583,1,18701883465285,18701903484801
7584,1,18701903490061,18701923413851
7585,1,18701923418840,18701948048156
7586,1,18701948053209,18701967359266
7587,1,18701967364207,18701987530507
7588,1,18701987535136,18702010362404
7589,1,18702010368514,18702030184122
7590,1,18702030190843,18702049955201
7591,1,18702049962388,18702069811624
7592,1,18702069818830,18702089721217
7593,1,18702089727607,18702109712470
7594,1,18702109736215,18702129785067
7595,1,18702129791394,18702149779595
7596,1,18702149785398,18702169783410
7597,1,18702169789563,18702190255699
7598,1,18702190261820,18702210118204
7599,1,18702210125255,18702233141309
7600,1,18702233147390,18702247540437
7601,1,18702247545443,18702267481406
7602,1,18702267486924,18702287408398
7603,1,18702287413308,18702307597666
7604,1,18702307602436,18702327496038
7605,1,18702327501181,18702347542988
7606,1,18702347548436,18702367617354
7607,1,18702367622861,18702387686838
7608,1,18702387691987,18702408370202
7609,1,18702408375900,18702427668084
7610,1,18702427673168,18702447574269
7611,1,18702447579105,18702467525513
7612,1,18702467530107,18702487508686
7613,1,18702487513528,18702507475206
7614,1,18702507479922,18702527600943
7615,1,18702527605945,18702547451306
7616,1,18702547456530,18702567485062
7617,1,18702567490272,18702587520197
7618,1,18702587524986,18702607390319
7619,1,18702607395644,18702627358367
7620,1,18702627363186,18702647398976
7621,1,18702647404416,18702667369375
7622,1,18702667374109,18702691372936
7623,1,18702691378204,18702711755355
7624,1,18702711759584,18702731537546
7625,1,18702731542502,18702751599841
7626,1,18702751604740,18702771347410
7627,1,18702771352450,18702791324626
7628,1,18702791329421,18702811371396
7629,1,18702811376128,18702833330360
7630,1,18702833336602,18702854235881
7631,1,18702854242002,18702878888314
7632,1,18702878894662,18702893826720
7633,1,18702893834335,18702913784979
7634,1,18702913791020,18702933886601
7635,1,18702933894245,18702953812924
7636,1,18702953819509,18702973886044
7637,1,18702973892612,18702993932705
7638,1,18702993939470,18703013854980
7639,1,18703013861054,18703033703209
7640,1,18703033709257,18703053686157
7641,1,18703053691848,18703073615841
7642,1,18703073621484,18703093287338
7643,1,18703093293092,18703114000563
7644,1,18703114023720,18703134137515
7645,1,18703134143195,18703151487806
7646,1,18703151492513,18703171763963
7647,1,18703171769171,18703191335916
7648,1,18703191340827,18703211588346
7649,1,18703211593087,18703231333694
7650,1,18703231338511,18703251445284
7651,1,18703251450510,18703271405506
7652,1,18703271410885,18703291283383
7653,1,18703291288435,18703311459557
7654,1,18703311465258,18703331293814
7655,1,18703331299300,18703351364596
7656,1,18703351369482,18703371336706
7657,1,18703371341590,18703391413436
7658,1,18703391418182,18703411338695
7659,1,18703411343517,18703431182255
7660,1,18703431201694,18703455255217
7661,1,18703455260553,18703475388752
7662,1,18703475393495,18703495309977
7663,1,18703495315149,18703515253757
7664,1,18703515259071,18703535433093
7665,1,18703535438938,18703555571532
7666,1,18703555576439,18703575454747
7667,1,18703575460104,18703595444910
7668,1,18703595449998,18703615501437
7669,1,18703615506492,18703635575219
7670,1,18703635580744,18703655247349
7671,1,18703655252769,18703676395994
7672,1,18703676401731,18703695583654
7673,1,18703695588827,18703715595863
7674,1,18703715600787,18703735657490
7675,1,18703735662923,18703755605941
7676,1,18703755610800,18703775661991
7677,1,18703775666712,18703795562129
7678,1,18703795567212,18703815531912
7679,1,18703815537393,18703835657176
7680,1,18703835662443,18703855616358
7681,1,18703855621577,18703875560121
7682,1,18703875565147,18703895473038
7683,1,18703895478061,18703915294915
7684,1,18703915299165,18703935462668
7685,1,18703935468072,18703955410566
7686,1,18703955415633,18703975394413
7687,1,18703975399667,18703995345872
7688,1,18703995351658,18704015151174
7689,1,18704015155939,18704035511136
7690,1,18704035516354,18704055377011
7691,1,18704055382130,18704075504769
7692,1,18704075510110,18704095471892
7693,1,18704095477710,18704115418208
7694,1,18704115423501,18704135675561
7695,1,18704135697510,18704155666882
7696,1,18704155672050,18704175975509
7697,1,18704175982565,18704195490756
7698,1,18704195496030,18704219317256
7699,1,18704219323124,18704239358227
7700,1,18704239363123,18704259390924
7701,1,18704259395978,18704279425493
7702,1,18704279445870,18704299494806
7703,1,18704299500318,18704319413031
7704,1,18704319417943,18704339380511
7705,1,18704339385351,18704359351161
7706,1,18704359355840,18704379425935
7707,1,18704379431027,18704399560259
7708,1,18704399590807,18704419397804
7709,1,18704419403035,18704439541983
7710,1,18704439546850,18704459431262
7711,1,18704459435683,18704479482068
7712,1,18704479486822,18704499443627
7713,1,18704499457544,18704519362491
7714,1,18704519367293,18704539331363
7715,1,18704539336371,18704559378404
7716,1,18704559383900,18704579313681
7717,1,18704579319224,18704599964478
7718,1,18704599969269,18704619390587
7719,1,18704619395871,18704639458595
7720,1,18704639463971,18704659986442
7721,1,18704659992782,18704680354867
7722,1,18704680360039,18704699554344
7723,1,18704699560826,18704719566804
7724,1,18704719571749,18704739431122
7725,1,18704739436044,18704759527028
7726,1,18704759533085,18704779362155
7727,1,18704779368024,18704799375812
7728,1,18704799380944,18704819274514
7729,1,18704819279658,18704839404496
7730,1,18704839409987,18704859431695
7731,1,18704859437334,18704879391094
7732,1,18704879396859,18704899498725
7733,1,18704899504027,18704919507837
7734,1,18704919512867,18704939547241
7735,1,18704939552599,18704963551928
7736,1,18704963556705,18704983558086
7737,1,18704983563362,18705003587100
7738,1,18705003591923,18705023458129
7739,1,18705023463575,18705043546542
7740,1,18705043552241,18705063471278
7741,1,18705063476703,18705083524598
7742,1,18705083529352,18705103479477
7743,1,18705103485333,18705123443552
7744,1,18705123448735,18705143444739
7745,1,18705143467212,18705163583656
7746,1,18705163631728,18705183626779
7747,1,18705183631707,18705203733127
7748,1,18705203737961,18705223583171
7749,1,18705223587932,18705243529545
7750,1,18705243534140,18705263476196
7751,1,18705263482121,18705283459072
7752,1,18705283464103,18705303522549
7753,1,18705303527759,18705323454776
7754,1,18705323460129,18705343580804
7755,1,18705343586865,18705363602861
7756,1,18705363608166,18705383435890
7757,1,18705383440997,18705403522483
7758,1,18705403527728,18705423470069
7759,1,18705423475183,18705443387221
7760,1,18705443392116,18705463489496
7761,1,18705463494373,18705483501154
7762,1,18705483506513,18705503491257
7763,1,18705503496482,18705523251200
7764,1,18705523256073,18705543371011
7765,1,18705543376219,18705563475286
7766,1,18705563480973,18705583376699
7767,1,18705583381860,18705603369041
7768,1,18705603374396,18705623338816
7769,1,18705623344156,18705643354800
7770,1,18705643359762,18705663409812
7771,1,18705663415132,18705683528222
7772,1,18705683532303,18705703506903
7773,1,18705703512231,18705727411707
7774,1,18705727416842,18705747435576
7775,1,18705747440657,18705767438199
7776,1,18705767443413,18705787272369
7777,1,18705787277277,18705807320413
7778,1,18705807326313,18705827426389
7779,1,18705827431723,18705847397271
7780,1,18705847402116,18705867379015
7781,1,18705867384194,18705887631856
7782,1,18705887636558,18705907431075
7783,1,18705907436741,18705927424225
7784,1,18705927429809,18705947666948
7785,1,18705947671871,18705967375040
7786,1,18705967380074,18705987461501
7787,1,18705987466175,18706007285950
7788,1,18706007291398,18706027432870
7789,1,18706027438292,18706047283291
7790,1,18706047288045,18706067333423
7791,1,18706067338417,18706087332671
7792,1,18706087337811,18706107217693
7793,1,18706107223655,18706127398226
7794,1,18706127403351,18706147406039
7795,1,18706147411209,18706167267870
7796,1,18706167272576,18706187239025
7797,1,18706187243881,18706207656402
7798,1,18706207677677,18706227583380
7799,1,18706227588160,18706247563685
7800,1,18706247568799,18706267440207
7801,1,18706267445609,18706287451900
7802,1,18706287456742,18706307345871
7803,1,18706307351108,18706327342519
7804,1,18706327347485,18706347292970
7805,1,18706347298529,18706367316571
7806,1,18706367321408,18706387324800
7807,1,18706387329890,18706407397156
7808,1,18706407402331,18706427266819
7809,1,18706427272073,18706447417218
7810,1,18706447422256,18706467244752
7811,1,18706467249166,18706491351279
7812,1,18706491356032,18706511341638
7813,1,18706511346665,18706531434074
7814,1,18706531438673,18706551395597
7815,1,18706551400311,18706571339263
7816,1,18706571344583,18706591264167
7817,1,18706591269265,18706611474385
7818,1,18706611479427,18706631395751
7819,1,18706631401471,18706651385245
7820,1,18706651390358,18706671335580
7821,1,18706671341273,18706691186389
7822,1,18706691190932,18706711681284
7823,1,18706711685786,18706731468933
7824,1,18706731474260,18706751455144
7825,1,18706751461138,18706771399635
7826,1,18706771404252,18706791395373
7827,1,18706791400295,18706811318650
7828,1,18706811323605,18706831269505
7829,1,18706831274388,18706851360375
7830,1,18706851380696,18706871301645
7831,1,18706871307229,18706891343355
7832,1,18706891348263,18706911603314
7833,1,18706911612029,18706931235791
7834,1,18706931240943,18706951397741
7835,1,18706951402514,18706971419985
7836,1,18706971424775,18706991347809
7837,1,18706991353371,18707011565847
7838,1,18707011570906,18707031288564
7839,1,18707031294266,18707051425375
7840,1,18707051430287,18707071520682
7841,1,18707071526344,18707091471120
7842,1,18707091476346,18707111519977
7843,1,18707111525421,18707131374033
7844,1,18707131378852,18707151491088
7845,1,18707151496069,18707171495272
7846,1,18707171500561,18707191274013
7847,1,18707191278984,18707211698568
7848,1,18707211715857,18707235526189
7849,1,18707235531507,18707255527845
7850,1,18707255533155,18707275538104
7851,1,18707275543810,18707295490508
7852,1,18707295495864,18707315392261
7853,1,18707315397420,18707335448545
7854,1,18707335453906,18707355522825
7855,1,18707355528292,18707375519637
7856,1,18707375525076,18707395449389
7857,1,18707395454523,18707415570884
7858,1,18707415576088,18707435819353
7859,1,18707435824655,18707455473105
7860,1,18707455478964,18707475454114
7861,1,18707475459692,18707495504977
7862,1,18707495509720,18707515517441
7863,1,18707515522608,18707535573821
7864,1,18707535578841,18707555609085
7865,1,18707555614287,18707575476144
7866,1,18707575480939,18707595391633
7867,1,18707595397043,18707615521967
7868,1,18707615526978,18707635384612
7869,1,18707635389778,18707655330695
7870,1,18707655335641,18707675492587
7871,1,18707675497358,18707695257788
7872,1,18707695275194,18707715342165
7873,1,18707715347677,18707735532040
7874,1,18707735537006,18707755349751
7875,1,18707755355532,18707775403660
7876,1,18707775408934,18707795494374
7877,1,18707795499572,18707815310022
7878,1,18707815315825,18707835359373
7879,1,18707835364462,18707855409886
7880,1,18707855415086,18707878136949
7881,1,18707878144218,18707895536207
7882,1,18707895540886,18707915408997
7883,1,18707915414247,18707935662230
7884,1,18707935667478,18707955350246
7885,1,18707955355127,18707975549879
7886,1,18707975554783,18707999458741
7887,1,18707999464382,18708019362415
7888,1,18708019367216,18708039590024
7889,1,18708039595871,18708059318129
7890,1,18708059323326,18708079405412
7891,1,18708079410461,18708099365833
7892,1,18708099370867,18708119337236
7893,1,18708119342558,18708139498747
7894,1,18708139503623,18708159300235
7895,1,18708159305392,18708179454592
7896,1,18708179459483,18708199472849
7897,1,18708199478278,18708219543900
7898,1,18708219548825,18708239556574
7899,1,18708239579901,18708259404272
7900,1,18708259409688,18708279520669
7901,1,18708279526142,18708299458950
7902,1,18708299463988,18708319310921
7903,1,18708319316019,18708339615700
7904,1,18708339620725,18708359310464
7905,1,18708359316017,18708379517066
7906,1,18708379522971,18708399409880
7907,1,18708399415349,18708419490882
7908,1,18708419495820,18708439747940
7909,1,18708439752248,18708459360760
7910,1,18708459366359,18708479469543
7911,1,18708479474658,18708499374247
7912,1,18708499379528,18708519260778
7913,1,18708519265992,18708539414570
7914,1,18708539420000,18708559337851
7915,1,18708559357645,18708579404088
7916,1,18708579409262,18708599200059
7917,1,18708599207907,18708619189358
7918,1,18708619194562,18708639270743
7919,1,18708639275964,18708659254969
7920,1,18708659259523,18708679497825
7921,1,18708679502928,18708699719166
7922,1,18708699723429,18708719597746
7923,1,18708719603527,18708739403485
7924,1,18708739408698,18708763536062
7925,1,18708763541846,18708783469746
7926,1,18708783475072,18708803414973
7927,1,18708803419996,18708823446074
7928,1,18708823451314,18708843330043
7929,1,18708843334999,18708863466859
7930,1,18708863471537,18708883391326
7931,1,18708883396438,18708903456563
7932,1,18708903461713,18708923577360
7933,1,18708923582281,18708943948844
7934,1,18708943953540,18708963463358
7935,1,18708963467761,18708984263279
7936,1,18708984269087,18709004987251
7937,1,18709004993719,18709026015011
7938,1,18709026022031,18709046085223
7939,1,18709046091764,18709066270935
7940,1,18709066277604,18709086166773
7941,1,18709086172102,18709103497704
7942,1,18709103502671,18709123549378
7943,1,18709123554694,18709143505435
7944,1,18709143510463,18709163587735
7945,1,18709163592635,18709183540361
7946,1,18709183545452,18709203465215
7947,1,18709203470257,18709223594975
7948,1,18709223600436,18709243420358
7949,1,18709243425878,18709263509637
7950,1,18709263533101,18709283473943
7951,1,18709283479057,18709303451960
7952,1,18709303456793,18709323373018
7953,1,18709323378572,18709343509696
7954,1,18709343514340,18709363379396
7955,1,18709363384231,18709383314205
7956,1,18709383319089,18709403439017
7957,1,18709403443995,18709423265964
7958,1,18709423271032,18709443843616
7959,1,18709443849214,18709463493531
7960,1,18709463498682,18709483339357
7961,1,18709483344019,18709507427758
7962,1,18709507432453,18709527436658
7963,1,18709527441445,18709547442151
7964,1,18709547447153,18709567434147
7965,1,18709567439186,18709587452842
7966,1,18709587457527,18709607232153
7967,1,18709607236510,18709627256915
7968,1,18709627261904,18709647445586
7969,1,18709647451118,18709667320284
7970,1,18709667325759,18709687482468
7971,1,18709687487946,18709707377178
7972,1,18709707382341,18709727522173
7973,1,18709727527476,18709747386285
7974,1,18709747391181,18709767322859
7975,1,18709767327882,18709787456153
7976,1,18709787461123,18709807395701
7977,1,18709807401297,18709827461532
7978,1,18709827467134,18709847428442
7979,1,18709847433441,18709867514123
7980,1,18709867519518,18709887494290
7981,1,18709887499205,18709907474289
7982,1,18709907479037,18709927459473
7983,1,18709927464994,18709948844825
7984,1,18709948849326,18709967477337
7985,1,18709967482233,18709987721536
7986,1,18709987725597,18710008427721
7987,1,18710008435328,18710027409884
7988,1,18710027414987,18710047496313
7989,1,18710047501943,18710067433190
7990,1,18710067438548,18710087518837
7991,1,18710087523835,18710107468979
7992,1,18710107473692,18710127508039
7993,1,18710127513326,18710147410237
7994,1,18710147415397,18710167393684
7995,1,18710167398689,18710187559937
7996,1,18710187564437,18710207358440
7997,1,18710207363504,18710227666916
7998,1,18710227671771,18710247566410
7999,1,18710247571392,18710271553307
8000,1,18710271574543,18710291495332
8001,1,18710291500639,18710311450274
8002,1,18710311471548,18710331429886
8003,1,18710331436369,18710351419295
8004,1,18710351424702,18710371440155
8005,1,18710371445121,18710391512953
8006,1,18710391517904,18710411467556
8007,1,18710411472654,18710431515069
8008,1,18710431520465,18710451393753
8009,1,18710451398892,18710471551110
8010,1,18710471556152,18710491515142
8011,1,18710491520782,18710511392523
8012,1,18710511397554,18710531492055
8013,1,18710531497526,18710551526827
8014,1,18710551531527,18710571319754
8015,1,18710571325681,18710591320078
8016,1,18710591325196,18710611421441
8017,1,18710611426391,18710631349605
8018,1,18710631355016,18710651516137
8019,1,18710651521472,18710671782823
8020,1,18710671788625,18710691594751
8021,1,18710691599970,18710711599308
8022,1,18710711604115,18710731615808
8023,1,18710731621430,18710751530266
8024,1,18710751535095,18710771552806
8025,1,18710771558093,18710791529731
8026,1,18710791534764,18710811356790
8027,1,18710811362240,18710831461233
8028,1,18710831466264,18710851392874
8029,1,18710851398239,18710871339966
8030,1,18710871345083,18710891310489
8031,1,18710891316399,18710911307310
8032,1,18710911312168,18710931376838
8033,1,18710931382002,18710951547967
8034,1,18710951552863,18710971383306
8035,1,18710971389069,18710991471063
8036,1,18710991476317,18711011458075
8037,1,18711011463083,18711035422127
8038,1,18711035426932,18711055393874
8039,1,18711055399549,18711075515755
8040,1,18711075521362,18711095438894
8041,1,18711095444157,18711115495471
8042,1,18711115517867,18711135393013
8043,1,18711135398247,18711155464997
8044,1,18711155470166,18711175347593
8045,1,18711175353151,18711195403003
8046,1,18711195408494,18711215515635
8047,1,18711215520387,18711235735524
8048,1,18711235740189,18711255358571
8049,1,18711255363777,18711275356414
8050,1,18711275361838,18711295469684
8051,1,18711295475525,18711315427881
8052,1,18711315450312,18711335353600
8053,1,18711335358627,18711355404937
8054,1,18711355409896,18711375394280
8055,1,18711375399917,18711395444503
8056,1,18711395450209,18711415681781
8057,1,18711415687181,18711435474842
8058,1,18711435479748,18711456112289
8059,1,18711456117197,18711475701313
8060,1,18711475706062,18711495491291
8061,1,18711495496822,18711515467176
8062,1,18711515473681,18711535470466
8063,1,18711535475317,18711555337908
8064,1,18711555343083,18711575482027
8065,1,18711575487213,18711595510743
8066,1,18711595516316,18711615357118
8067,1,18711615362757,18711635531147
8068,1,18711635536120,18711655268521
8069,1,18711655273453,18711675501324
8070,1,18711675507009,18711695757235
8071,1,18711695762553,18711715385743
8072,1,18711715391240,18711735579715
8073,1,18711735584940,18711755441134
8074,1,18711755446210,18711779606935
8075,1,18711779612258,18711799609589
8076,1,18711799615182,18711819494078
8077,1,18711819499068,18711839554544
8078,1,18711839560193,18711859511298
8079,1,18711859516946,18711879640037
8080,1,18711879645230,18711899576172
8081,1,18711899581403,18711919397279
8082,1,18711919402687,18711939434928
8083,1,18711939440134,18711959254931
8084,1,18711959262584,18711979494982
8085,1,18711979517769,18711999420813
8086,1,18711999426300,18712019368608
8087,1,18712019373887,18712039418808
8088,1,18712039423481,18712059427298
8089,1,18712059433022,18712079317302
8090,1,18712079322379,18712099432372
8091,1,18712099437688,18712119433862
8092,1,18712119438840,18712139539365
8093,1,18712139544900,18712159466414
8094,1,18712159471711,18712179229337
8095,1,18712179234171,18712199646715
8096,1,18712199651904,18712219548758
8097,1,18712219553666,18712239690539
8098,1,18712239695825,18712261337900
8099,1,18712261343634,18712279648641
8100,1,18712279654328,18712299518260
8101,1,18712299524151,18712319482542
8102,1,18712319488123,18712339706877
8103,1,18712339730703,18712359419640
8104,1,18712359424666,18712379343699
8105,1,18712379349662,18712399542476
8106,1,18712399547704,18712419546407
8107,1,18712419551137,18712439498343
8108,1,18712439503305,18712459601829
8109,1,18712459607098,18712479470572
8110,1,18712479475639,18712499456387
8111,1,18712499461602,18712519310854
8112,1,18712519315549,18712543453980
8113,1,18712543458950,18712563399466
8114,1,18712563404631,18712583436682
8115,1,18712583441717,18712603422077
8116,1,18712603426712,18712623432014
8117,1,18712623437247,18712643469296
8118,1,18712643474519,18712663535242
8119,1,18712663540498,18712683446696
8120,1,18712683452686,18712703397202
8121,1,18712703402662,18712723316996
8122,1,18712723322641,18712743367717
8123,1,18712743372782,18712763528202
8124,1,18712763533652,18712783392364
8125,1,18712783398137,18712803491241
8126,1,18712803496646,18712823458600
8127,1,18712823463576,18712843581313
8128,1,18712843586268,18712863538276
8129,1,18712863543846,18712883404696
8130,1,18712883410120,18712903593389
8131,1,18712903598742,18712925991840
8132,1,18712925998025,18712946602064
8133,1,18712946607956,18712963842653
8134,1,18712963848025,18712983615153
8135,1,18712983620439,18713003567096
8136,1,18713003571977,18713023454628
8137,1,18713023459889,18713043311317
8138,1,18713043316390,18713063453137
8139,1,18713063458119,18713083345870
8140,1,18713083351075,18713103529921
8141,1,18713103535424,18713123472005
8142,1,18713123477194,18713143387497
8143,1,18713143392601,18713163573544
8144,1,18713163578542,18713183519961
8145,1,18713183525390,18713203665391
8146,1,18713203670933,18713223461260
8147,1,18713223466388,18713243738610
8148,1,18713243743198,18713263518306
8149,1,18713263523452,18713283607322
8150,1,18713283612200,18713307581215
8151,1,18713307586235,18713327461273
8152,1,18713327467746,18713347439083
8153,1,18713347444989,18713367579706
8154,1,18713367602584,18713387521967
8155,1,18713387526931,18713407681057
8156,1,18713407686026,18713427608753
8157,1,18713427614137,18713447640496
8158,1,18713447645098,18713467322415
8159,1,18713467327556,18713487658163
8160,1,18713487662984,18713507705013
8161,1,18713507709883,18713527520531
8162,1,18713527525203,18713547648843
8163,1,18713547654326,18713567716588
8164,1,18713567721136,18713587611674
8165,1,18713587616991,18713607602129
8166,1,18713607606819,18713627583869
8167,1,18713627588985,18713647488300
8168,1,18713647493580,18713667475431
8169,1,18713667480930,18713687397473
8170,1,18713687446108,18713707815617
8171,1,18713707824212,18713727570293
8172,1,18713727575282,18713747633563
8173,1,18713747638839,18713767541643
8174,1,18713767546582,18713787462896
8175,1,18713787468221,18713807439919
8176,1,18713807444449,18713827422914
8177,1,18713827427944,18713847504647
8178,1,18713847510114,18713867469101
8179,1,18713867474139,18713887547432
8180,1,18713887552472,18713907438947
8181,1,18713907444026,18713927468282
8182,1,18713927473463,18713947621053
8183,1,18713947625931,18713967164843
8184,1,18713967169081,18713987535615
8185,1,18713987540655,18714007485696
8186,1,18714007490640,18714027403811
8187,1,18714027408776,18714051538584
8188,1,18714051544527,18714071512558
8189,1,18714071517508,18714091653634
8190,1,18714091658745,18714111524686
8191,1,18714111529813,18714131395310
8192,1,18714131400505,18714151494427
8193,1,18714151499921,18714171424383
8194,1,18714171429095,18714191390019
8195,1,18714191395194,18714211834448
8196,1,18714211840624,18714231358858
8197,1,18714231363563,18714251615703
8198,1,18714251620308,18714271413939
8199,1,18714271419107,18714291458410
8200,1,18714291463234,18714311411641
8201,1,18714311416872,18714331355774
8202,1,18714331361031,18714351253817
8203,1,18714351259099,18714371326509
8204,1,18714371331720,18714391346966
8205,1,18714391352237,18714411434473
8206,1,18714411456095,18714431534329
8207,1,18714431539288,18714451585707
8208,1,18714451590230,18714471462755
8209,1,18714471467677,18714491496660
8210,1,18714491501938,18714511382929
8211,1,18714511388471,18714531307895
8212,1,18714531327898,18714551241617
8213,1,18714551246452,18714571422133
8214,1,18714571427403,18714591437958
8215,1,18714591442968,18714611468958
8216,1,18714611474064,18714631322035
8217,1,18714631327021,18714651302419
8218,1,18714651307942,18714671136260
8219,1,18714671141429,18714691286110
8220,1,18714691291131,18714711409055
8221,1,18714711415808,18714731205680
8222,1,18714731210736,18714751490520
8223,1,18714751495707,18714771214138
8224,1,18714771219855,18714791244353
8225,1,18714791249638,18714815315613
8226,1,18714815320416,18714835262866
8227,1,18714835267555,18714855199252
8228,1,18714855203779,18714875312717
8229,1,18714875317593,18714895380654
8230,1,18714895385402,18714915258233
8231,1,18714915263897,18714935327189
8232,1,18714935332756,18714955252099
8233,1,18714955257066,18714975496672
8234,1,18714975502946,18714995298742
8235,1,18714995304150,18715015277143
8236,1,18715015282826,18715035326073
8237,1,18715035331132,18715055265772
8238,1,18715055270752,18715075392703
8239,1,18715075397818,18715095339112
8240,1,18715095344507,18715115333908
8241,1,18715115339307,18715135328933
8242,1,18715135333712,18715155301517
8243,1,18715155306738,18715175798711
8244,1,18715175805004,18715195484202
8245,1,18715195489436,18715216033892
8246,1,18715216044238,18715235496184
8247,1,18715235501240,18715255429020
8248,1,18715255433295,18715275384074
8249,1,18715275388860,18715295341701
8250,1,18715295346483,18715315265403
8251,1,18715315270497,18715335411519
8252,1,18715335416461,18715355415552
8253,1,18715355420720,18715375369542
8254,1,18715375374491,18715395448911
8255,1,18715395472275,18715415430106
8256,1,18715415450341,18715435519303
8257,1,18715435524790,18715455356691
8258,1,18715455362526,18715475618022
8259,1,18715475623211,18715495466107
8260,1,18715495471391,18715515374630
8261,1,18715515379542,18715535594669
8262,1,18715535599452,18715555398004
8263,1,18715555403382,18715579368523
8264,1,18715579373338,18715599424921
8265,1,18715599429997,18715619404376
8266,1,18715619409559,18715639422437
8267,1,18715639427257,18715659270998
8268,1,18715659275786,18715679483157
8269,1,18715679488326,18715699504638
8270,1,18715699509834,18715720462441
8271,1,18715720467467,18715739622699
8272,1,18715739627495,18715759189228
8273,1,18715759194384,18715779362991
8274,1,18715779367602,18715799401622
8275,1,18715799407628,18715819378084
8276,1,18715819382821,18715839447890
8277,1,18715839452872,18715859452263
8278,1,18715859457944,18715879304830
8279,1,18715879310754,18715899420336
8280,1,18715899474003,18715919460241
8281,1,18715919465354,18715939655715
8282,1,18715939661229,18715959419232
8283,1,18715959424184,18715979655018
8284,1,18715979659853,18715999663716
8285,1,18715999669271,18716019342107
8286,1,18716019346835,18716039467504
8287,1,18716039474732,18716059348533
8288,1,18716059353160,18716079348970
8289,1,18716079353914,18716099366458
8290,1,18716099371209,18716119315193
8291,1,18716119321153,18716139347094
8292,1,18716139352388,18716159417752
8293,1,18716159423802,18716179404877
8294,1,18716179411176,18716202213367
8295,1,18716202219382,18716219665232
8296,1,18716219669745,18716239430689
8297,1,18716239436058,18716259349321
8298,1,18716259354613,18716279253653
8299,1,18716279259220,18716299453602
8300,1,18716299459088,18716323367381
8301,1,18716323372888,18716343549262
8302,1,18716343554551,18716363415450
8303,1,18716363422073,18716383296714
8304,1,18716383301182,18716403425616
8305,1,18716403430984,18716425522648
8306,1,18716425530499,18716444057753
8307,1,18716444077913,18716463390755
8308,1,18716463395535,18716483421818
8309,1,18716483427634,18716503613862
8310,1,18716503618650,18716523521213
8311,1,18716523526512,18716543552209
8312,1,18716543557497,18716563329055
8313,1,18716563334583,18716583549353
8314,1,18716583554396,18716603489648
8315,1,18716603494879,18716623427421
8316,1,18716623432565,18716643394192
8317,1,18716643399490,18716663407417
8318,1,18716663412490,18716683349101
8319,1,18716683353938,18716703779089
8320,1,18716703783983,18716724377374
8321,1,18716724382728,18716743638254
8322,1,18716743642438,18716763670805
8323,1,18716763675957,18716783549322
8324,1,18716783554834,18716803519337
8325,1,18716803524652,18716823572081
8326,1,18716823576800,18716843540667
8327,1,18716843546140,18716863618693
8328,1,18716863623627,18716883558652
8329,1,18716883563412,18716903498353
8330,1,18716903503473,18716923389452
8331,1,18716923395049,18716943932961
8332,1,18716943940774,18716963627861
8333,1,18716963633077,18716983700320
8334,1,18716983769395,18717003541384
8335,1,18717003546764,18717023656122
8336,1,18717023661210,18717043573804
8337,1,18717043579362,18717063553463
8338,1,18717063558056,18717087489263
8339,1,18717087494539,18717107201408
8340,1,18717107220961,18717127387170
8341,1,18717127392235,18717147417884
8342,1,18717147423246,18717167457678
8343,1,18717167463000,18717187563749
8344,1,18717187568677,18717207490155
8345,1,18717207495527,18717227524460
8346,1,18717227529305,18717247315713
8347,1,18717247320637,18717269417129
8348,1,18717269422919,18717287537288
8349,1,18717287542547,18717307499334
8350,1,18717307504406,18717327483445
8351,1,18717327488687,18717347499765
8352,1,18717347504676,18717367429994
8353,1,18717367435281,18717387405773
8354,1,18717387410449,18717407423273
8355,1,18717407428684,18717427581037
8356,1,18717427588201,18717447362219
8357,1,18717447367311,18717467409260
8358,1,18717467429195,18717487372633
8359,1,18717487377789,18717507479762
8360,1,18717507485088,18717527342314
8361,1,18717527347658,18717547487330
8362,1,18717547492328,18717567403870
8363,1,18717567409118,18717587410826
8364,1,18717587415906,18717607766886
8365,1,18717607771646,18717627458116
8366,1,18717627463959,18717647537559
8367,1,18717647542567,18717667528117
8368,1,18717667533288,18717687587072
8369,1,18717687591774,18717707595036
8370,1,18717707601179,18717728055723
8371,1,18717728061054,18717747508395
8372,1,18717747513260,18717767692821
8373,1,18717767697323,18717787582268
8374,1,18717787587280,18717807589721
8375,1,18717807594804,18717827506443
8376,1,18717827511396,18717851520126
8377,1,18717851525277,18717871520034
8378,1,18717871525474,18717891514242
8379,1,18717891519964,18717911535410
8380,1,18717911540208,18717931449584
8381,1,18717931454936,18717951460194
8382,1,18717951488875,18717971376167
8383,1,18717971382720,18717992305725
8384,1,18717992310539,18718011634691
8385,1,18718011640349,18718031736295
8386,1,18718031740879,18718051648066
8387,1,18718051653059,18718071417637
8388,1,18718071422378,18718091397217
8389,1,18718091402602,18718111627898
8390,1,18718111633047,18718131568644
8391,1,18718131573840,18718151472281
8392,1,18718151476995,18718171339643
8393,1,18718171344608,18718191574681
8394,1,18718191579745,18718211540234
8395,1,18718211545322,18718231411296
8396,1,18718231416262,18718251355404
8397,1,18718251362063,18718271597970
8398,1,18718271603397,18718291568831
8399,1,18718291574462,18718311563685
8400,1,18718311568697,18718331347026
8401,1,18718331352341,18718351523550
8402,1,18718351528754,18718371422248
8403,1,18718371427500,18718391534609
8404,1,18718391539806,18718411436449
8405,1,18718411441367,18718431286440
8406,1,18718431291146,18718451445304
8407,1,18718451449906,18718471404344
8408,1,18718471409483,18718491712520
8409,1,18718491717984,18718511647106
8410,1,18718511670128,18718531580447
8411,1,18718531585555,18718551534561
8412,1,18718551539726,18718571404197
8413,1,18718571409344,18718595357897
8414,1,18718595363021,18718615533169
8415,1,18718615538290,18718635487657
8416,1,18718635492385,18718655146028
8417,1,18718655150691,18718675341689
8418,1,18718675346623,18718695281437
8419,1,18718695286498,18718715331452
8420,1,18718715336303,18718735159451
8421,1,18718735164159,18718755076043
8422,1,18718755080677,18718775243905
8423,1,18718775248749,18718795321305
8424,1,18718795326502,18718815194680
8425,1,18718815217874,18718835427935
8426,1,18718835432804,18718855528499
8427,1,18718855533670,18718875458923
8428,1,18718875464270,18718895512858
8429,1,18718895518358,18718915367700
8430,1,18718915372457,18718935923604
8431,1,18718935928586,18718955373845
8432,1,18718955378874,18718975287493
8433,1,18718975292485,18718995449970
8434,1,18718995455043,18719015404416
8435,1,18719015410004,18719035386114
8436,1,18719035391040,18719055346457
8437,1,18719055352082,18719075490155
8438,1,18719075495041,18719095443948
8439,1,18719095449113,18719115409430
8440,1,18719115414311,18719135480173
8441,1,18719135485555,18719155392544
8442,1,18719155397934,18719175353699
8443,1,18719175359484,18719195613024
8444,1,18719195618602,18719215350999
8445,1,18719215356225,18719235350338
8446,1,18719235355212,18719255465506
8447,1,18719255470906,18719275499352
8448,1,18719275504216,18719295467934
8449,1,18719295473185,18719315437624
8450,1,18719315443143,18719335515004
8451,1,18719335519965,18719359353565
8452,1,18719359358537,18719379303165
8453,1,18719379308420,18719399511524
8454,1,18719399516481,18719419459614
8455,1,18719419464765,18719439354587
8456,1,18719439359380,18719459354417
8457,1,18719459359599,18719479545924
8458,1,18719479551974,18719499473876
8459,1,18719499479062,18719519405170
8460,1,18719519427872,18719539403473
8461,1,18719539408507,18719559407160
8462,1,18719559412465,18719579537376
8463,1,18719579542352,18719599479750
8464,1,18719599484775,18719619339818
8465,1,18719619345201,18719639239478
8466,1,18719639244325,18719659253238
8467,1,18719659258466,18719679245726
8468,1,18719679250930,18719699433924
8469,1,18719699439583,18719719487436
8470,1,18719719492811,18719739210249
8471,1,18719739214898,18719759452323
8472,1,18719759458205,18719779307128
8473,1,18719779312321,18719799443651
8474,1,18719799448585,18719819317686
8475,1,18719819323079,18719839470842
8476,1,18719839475644,18719859318674
8477,1,18719859323860,18719879306874
8478,1,18719879311999,18719899492103
8479,1,18719899497290,18719919524021
8480,1,18719919528875,18719939450315
8481,1,18719939455976,18719959358133
8482,1,18719959363700,18719979272426
8483,1,18719979277450,18719999587625
8484,1,18719999592487,18720019807522
8485,1,18720019813880,18720039492785
8486,1,18720039498014,18720059298110
8487,1,18720059303814,18720079475312
8488,1,18720079480537,18720099494183
8489,1,18720099499883,18720123394248
8490,1,18720123399586,18720143429720
8491,1,18720143434819,18720163568618
8492,1,18720163574056,18720183465295
8493,1,18720183470651,18720203439448
8494,1,18720203444328,18720223471412
8495,1,18720223476678,18720243404797
8496,1,18720243410003,18720263549949
8497,1,18720263555234,18720283421103
8498,1,18720283426702,18720303503891
8499,1,18720303509056,18720323635820
8500,1,18720323640776,18720343566897
8501,1,18720343572170,18720363584719
8502,1,18720363590176,18720383463154
8503,1,18720383468208,18720403539967
8504,1,18720403545166,18720423527267
8505,1,18720423532358,18720443379968
8506,1,18720443384454,18720463644059
8507,1,18720463649188,18720483931045
8508,1,18720483935493,18720503620838
8509,1,18720503625764,18720523633804
8510,1,18720523658287,18720543469439
8511,1,18720543490471,18720563501081
8512,1,18720563505914,18720583396545
8513,1,18720583401694,18720603463390
8514,1,18720603468118,18720623599434
8515,1,18720623604865,18720643493484
8516,1,18720643498541,18720663688786
8517,1,18720663693786,18720683588444
8518,1,18720683593936,18720703557743
8519,1,18720703563036,18720723607956
8520,1,18720723612772,18720743592461
8521,1,18720743597902,18720763685807
8522,1,18720763690914,18720783542487
8523,1,18720783547915,18720803501356
8524,1,18720803506059,18720823441977
8525,1,18720823447034,18720843464620
8526,1,18720843469925,18720867429934
8527,1,18720867434969,18720887427070
8528,1,18720887431925,18720907305957
8529,1,18720907311983,18720927497847
8530,1,18720927503451,18720947906822
8531,1,18720947911867,18720967549822
8532,1,18720967555088,18720987946883
8533,1,18720987951135,18721007324711
8534,1,18721007329339,18721027523920
8535,1,18721027529191,18721047466505
8536,1,18721047471503,18721067294918
8537,1,18721067300015,18721087321552
8538,1,18721087327308,18721107291773
8539,1,18721107297200,18721127374885
8540,1,18721127380319,18721147343568
8541,1,18721147348944,18721167480900
8542,1,18721167485910,18721188174668
8543,1,18721188179960,18721207432569
8544,1,18721207437942,18721227476436
8545,1,18721227481531,18721247558658
8546,1,18721247563370,18721267472600
8547,1,18721267477346,18721287623843
8548,1,18721287628806,18721307358545
8549,1,18721307364329,18721327265549
8550,1,18721327270125,18721347308250
8551,1,18721347313045,18721367251558
8552,1,18721367273147,18721387268212
8553,1,18721387273240,18721407301388
8554,1,18721407306397,18721427354245
8555,1,18721427358583,18721447455609
8556,1,18721447460382,18721467250535
8557,1,18721467254877,18721487867873
8558,1,18721487872485,18721507345329
8559,1,18721507350814,18721527621811
8560,1,18721527626644,18721547228990
8561,1,18721547233930,18721568083867
8562,1,18721568111706,18721587820099
8563,1,18721587824731,18721607358255
8564,1,18721607363334,18721631222579
8565,1,18721631227971,18721651300813
8566,1,18721651306100,18721671214678
8567,1,18721671219699,18721691360207
8568,1,18721691365332,18721711389959
8569,1,18721711394931,18721731280292
8570,1,18721731285377,18721751333264
8571,1,18721751338076,18721771505162
8572,1,18721771510427,18721791416371
8573,1,18721791421545,18721811447946
8574,1,18721811453024,18721831372991
8575,1,18721831378058,18721851333190
8576,1,18721851338328,18721871325169
8577,1,18721871330226,18721891280582
8578,1,18721891285585,18721911375855
8579,1,18721911380825,18721931249308
8580,1,18721931254235,18721951837559
8581,1,18721951842513,18721971581417
8582,1,18721971586108,18721991958715
8583,1,18721991963932,18722011699281
8584,1,18722011704231,18722031357984
8585,1,18722031363565,18722051375947
8586,1,18722051380800,18722071364269
8587,1,18722071369838,18722091334611
8588,1,18722091339504,18722111367600
8589,1,18722111372772,18722131352113
8590,1,18722131357154,18722151241907
8591,1,18722151246809,18722171358204
8592,1,18722171363547,18722191336650
8593,1,18722191341563,18722211434313
8594,1,18722211439337,18722231387641
8595,1,18722231412167,18722251569947
8596,1,18722251575024,18722271556987
8597,1,18722271562014,18722291252864
8598,1,18722291257846,18722311426163
8599,1,18722311430919,18722331323607
8600,1,18722331328103,18722351700704
8601,1,18722351706012,18722375388754
8602,1,18722375393568,18722395380134
8603,1,18722395385259,18722415437609
8604,1,18722415443409,18722435495154
8605,1,18722435499944,18722455345758
8606,1,18722455351246,18722475550989
8607,1,18722475556324,18722496058907
8608,1,18722496064246,18722515343000
8609,1,18722515348965,18722535342895
8610,1,18722535347476,18722555276590
8611,1,18722555281350,18722575379644
8612,1,18722575384700,18722595443240
8613,1,18722595448466,18722615440233
8614,1,18722615464448,18722635466075
8615,1,18722635470886,18722655297380
8616,1,18722655302653,18722675366222
8617,1,18722675371219,18722695214668
8618,1,18722695219094,18722715475660
8619,1,18722715481028,18722735420408
8620,1,18722735425323,18722755296091
8621,1,18722755301306,18722775498147
8622,1,18722775502865,18722795230978
8623,1,18722795236455,18722815177292
8624,1,18722815181952,18722835399336
8625,1,18722835404534,18722855247409
8626,1,18722855252212,18722875267389
8627,1,18722875272336,18722895345134
8628,1,18722895349841,18722915125306
8629,1,18722915130465,18722935447670
8630,1,18722935452509,18722955571765
8631,1,18722955577413,18722975449196
8632,1,18722975453954,18722995960602
8633,1,18722995966183,18723017420003
8634,1,18723017425642,18723035287002
8635,1,18723035291836,18723055376100
8636,1,18723055381085,18723075314755
8637,1,18723075320176,18723095459857
8638,1,18723095464548,18723115230725
8639,1,18723115235459,18723139393116
8640,1,18723139398060,18723159385624
8641,1,18723159391009,18723179336243
8642,1,18723179341083,18723199473497
8643,1,18723199478497,18723219477010
8644,1,18723219481849,18723239334124
8645,1,18723239339299,18723259026624
8646,1,18723259030793,18723279466480
8647,1,18723279471583,18723299379575
8648,1,18723299385745,18723319221187
8649,1,18723319226796,18723339249894
8650,1,18723339254879,18723359177978
8651,1,18723359182915,18723379261126
8652,1,18723379266414,18723399394104
8653,1,18723399399390,18723419181286
8654,1,18723419186267,18723439382407
8655,1,18723439388974,18723459261298
8656,1,18723459266370,18723479512284
8657,1,18723479517244,18723499369763
8658,1,18723499374318,18723519394578
8659,1,18723519400100,18723539413959
8660,1,18723539419438,18723559255155
8661,1,18723559260179,18723579293049
8662,1,18723579297865,18723599495398
8663,1,18723599500877,18723619233682
8664,1,18723619255147,18723639278601
8665,1,18723639283570,18723659120496
8666,1,18723659125180,18723679383955
8667,1,18723679389258,18723699597841
8668,1,18723699603352,18723719474555
8669,1,18723719479272,18723739550989
8670,1,18723739556102,18723759492474
8671,1,18723759498537,18723779521579
8672,1,18723779526832,18723799429242
8673,1,18723799434667,18723819280679
8674,1,18723819285920,18723839445116
8675,1,18723839450358,18723859235957
8676,1,18723859241900,18723879310862
8677,1,18723879316625,18723903336002
8678,1,18723903340709,18723923298392
8679,1,18723923303615,18723943667720
8680,1,18723943693257,18723963407072
8681,1,18723963412480,18723983393810
8682,1,18723983398781,18724003293093
8683,1,18724003297470,18724023475191
8684,1,18724023480181,18724043327005
8685,1,18724043332339,18724063396619
8686,1,18724063401340,18724083206527
8687,1,18724083211805,18724103417936
8688,1,18724103423233,18724123364277
8689,1,18724123369444,18724143323588
8690,1,18724143328309,18724163417859
8691,1,18724163422734,18724183361265
8692,1,18724183366158,18724203573282
8693,1,18724203578018,18724223613168
8694,1,18724223618693,18724243435559
8695,1,18724243441210,18724263193959
8696,1,18724263198578,18724283322464
8697,1,18724283327766,18724303420823
8698,1,18724303425611,18724323348240
8699,1,18724323353321,18724343344834
8700,1,18724343350182,18724363397820
8701,1,18724363403187,18724383354211
8702,1,18724383359219,18724403336573
8703,1,18724403341798,18724423485499
8704,1,18724423490532,18724443310606
8705,1,18724443315694,18724463301010
8706,1,18724463305695,18724483221721
8707,1,18724483226938,18724503123875
8708,1,18724503128267,18724523256792
8709,1,18724523261118,18724543500946
8710,1,18724543506637,18724563501714
8711,1,18724563506955,18724583386656
8712,1,18724583392082,18724603322848
8713,1,18724603327502,18724623383531
8714,1,18724623388540,18724647367484
8715,1,18724647390286,18724667352579
8716,1,18724667357979,18724687391086
8717,1,18724687396299,18724707298270
8718,1,18724707303537,18724727439538
8719,1,18724727444323,18724747689420
8720,1,18724747696696,18724767380056
8721,1,18724767384556,18724787459027
8722,1,18724787482032,18724807335142
8723,1,18724807340736,18724827342696
8724,1,18724827347464,18724847212151
8725,1,18724847217369,18724867192435
8726,1,18724867197388,18724887399416
8727,1,18724887404750,18724907176833
8728,1,18724907181729,18724927315442
8729,1,18724927320391,18724947732969
8730,1,18724947737613,18724967410264
8731,1,18724967415067,18724987375703
8732,1,18724987381063,18725007252389
8733,1,18725007256754,18725027478063
8734,1,18725027482734,18725047430747
8735,1,18725047436547,18725067343570
8736,1,18725067348713,18725087449780
8737,1,18725087454584,18725107456056
8738,1,18725107460897,18725127509802
8739,1,18725127514592,18725147441684
8740,1,18725147447111,18725167382639
8741,1,18725167387688,18725187460611
8742,1,18725187465351,18725207368407
8743,1,18725207373490,18725227351514
8744,1,18725227356355,18725247445098
8745,1,18725247450718,18725267454945
8746,1,18725267460597,18725287571954
8747,1,18725287576979,18725307539060
8748,1,18725307543800,18725327576714
8749,1,18725327581870,18725347533036
8750,1,18725347537882,18725367470682
8751,1,18725367475814,18725387488214
8752,1,18725387493174,18725411452061
8753,1,18725411456974,18725431440311
8754,1,18725431445098,18725451406394
8755,1,18725451411313,18725471329218
8756,1,18725471334034,18725491463627
8757,1,18725491468967,18725511281091
8758,1,18725511286172,18725531608442
8759,1,18725531613524,18725551644513
8760,1,18725551649084,18725571569216
8761,1,18725571574320,18725591443072
8762,1,18725591448346,18725611798708
8763,1,18725611803546,18725631322715
8764,1,18725631327843,18725651542088
8765,1,18725651566477,18725671474790
8766,1,18725671496130,18725691687796
8767,1,18725691693426,18725711488952
8768,1,18725711493720,18725731656936
8769,1,18725731662685,18725751654717
8770,1,18725751662057,18725771391128
8771,1,18725771396201,18725791444603
8772,1,18725791449413,18725811449942
8773,1,18725811454873,18725831436085
8774,1,18725831441424,18725851445570
8775,1,18725851451581,18725871355272
8776,1,18725871360562,18725891474962
8777,1,18725891479833,18725911457486
8778,1,18725911462248,18725931443004
8779,1,18725931447806,18725951369446
8780,1,18725951375026,18725971356865
8781,1,18725971362305,18725991367099
8782,1,18725991372466,18726011305891
8783,1,18726011310734,18726031312860
8784,1,18726031317933,18726051318891
8785,1,18726051323863,18726071364947
8786,1,18726071369672,18726091391102
8787,1,18726091396596,18726111480720
8788,1,18726111486116,18726131445358
8789,1,18726131450489,18726151495491
8790,1,18726151500161,18726175403102
8791,1,18726175407771,18726195372347
8792,1,18726195377477,18726215287658
8793,1,18726215292655,18726235423001
8794,1,18726235428206,18726255746465
8795,1,18726255754132,18726275436646
8796,1,18726275454330,18726295255966
8797,1,18726295261072,18726315260624
8798,1,18726315265401,18726335300604
8799,1,18726335305374,18726355184154
8800,1,18726355190163,18726375307476
8801,1,18726375312551,18726395318521
8802,1,18726395323234,18726415368501
8803,1,18726415373913,18726435332668
8804,1,18726435337580,18726455135090
8805,1,18726455139950,18726475479093
8806,1,18726475484334,18726495322113
8807,1,18726495327150,18726515246682
8808,1,18726515252434,18726535498334
8809,1,18726535503203,18726555417234
8810,1,18726555422509,18726575347991
8811,1,18726575352880,18726595395577
8812,1,18726595400729,18726615497447
8813,1,18726615503192,18726635528984
8814,1,18726635534436,18726655280844
8815,1,18726655285592,18726675567450
8816,1,18726675572131,18726695425677
8817,1,18726695430734,18726715501465
8818,1,18726715525275,18726735546719
8819,1,18726735552220,18726755627789
8820,1,18726755634364,18726775486633
8821,1,18726775491852,18726795558350
8822,1,18726795564243,18726815335975
8823,1,18726815341499,18726835465264
8824,1,18726835470245,18726855413783
8825,1,18726855419307,18726875407885
8826,1,18726875412729,18726895424207
8827,1,18726895429928,18726919376470
8828,1,18726919382120,18726939476473
8829,1,18726939481573,18726959363667
8830,1,18726959368476,18726979503888
8831,1,18726979509341,18726999487110
8832,1,18726999492266,18727019500027
8833,1,18727019505553,18727039628763
8834,1,18727039633430,18727059292106
8835,1,18727059297171,18727079479451
8836,1,18727079484359,18727099413838
8837,1,18727099419012,18727119338284
8838,1,18727119343088,18727139488814
8839,1,18727139494440,18727159429537
8840,1,18727159434425,18727179481622
8841,1,18727179486528,18727199883494
8842,1,18727199888088,18727219278018
8843,1,18727219282783,18727239571408
8844,1,18727239576842,18727260017781
8845,1,18727260023676,18727279402550
8846,1,18727279407580,18727299852017
8847,1,18727299857296,18727319392944
8848,1,18727319397982,18727339374646
8849,1,18727339379396,18727359274656
8850,1,18727359297865,18727379358429
8851,1,18727379363371,18727399302281
8852,1,18727399307608,18727419380216
8853,1,18727419385335,18727439306178
8854,1,18727439311657,18727459400664
8855,1,18727459405822,18727479415336
8856,1,18727479420296,18727499467413
8857,1,18727499472174,18727519865993
8858,1,18727519871087,18727539513607
8859,1,18727539518456,18727559697462
8860,1,18727559705343,18727579447240
8861,1,18727579452288,18727599450574
8862,1,18727599455412,18727619305660
8863,1,18727619310786,18727639398765
8864,1,18727639403759,18727659315163
8865,1,18727659319750,18727683431136
8866,1,18727683436795,18727703402233
8867,1,18727703407703,18727723476098
8868,1,18727723498074,18727743376867
8869,1,18727743382013,18727763788725
8870,1,18727763793555,18727783427224
8871,1,18727783431961,18727803375324
8872,1,18727803379976,18727823510736
8873,1,18727823516482,18727843570424
8874,1,18727843575636,18727863479339
8875,1,18727863484769,18727883529425
8876,1,18727883534907,18727903564509
8877,1,18727903569608,18727923597913
8878,1,18727923602964,18727943738541
8879,1,18727943743627,18727963624268
8880,1,18727963628975,18727983595549
8881,1,18727983600641,18728003614880
8882,1,18728003620031,18728023615269
8883,1,18728023620483,18728043634884
8884,1,18728043639971,18728063629591
8885,1,18728063634326,18728083584879
8886,1,18728083590542,18728103357558
8887,1,18728103362285,18728123380006
8888,1,18728123384706,18728143412798
8889,1,18728143418742,18728163842921
8890,1,18728163848163,18728183321684
8891,1,18728183327134,18728203364509
8892,1,18728203385963,18728223384612
8893,1,18728223390143,18728243396506
8894,1,18728243402096,18728264240532
8895,1,18728264246538,18728283215769
8896,1,18728283220534,18728303416923
8897,1,18728303421934,18728323234533
8898,1,18728323239555,18728343359890
8899,1,18728343365291,18728363345431
8900,1,18728363350246,18728383295627
8901,1,18728383300814,18728403442211
8902,1,18728403447231,18728423470741
8903,1,18728423475926,18728447300478
8904,1,18728447305462,18728467257100
8905,1,18728467261926,18728487452202
8906,1,18728487456818,18728507280038
8907,1,18728507285469,18728527519502
8908,1,18728527525547,18728547474409
8909,1,18728547479700,18728567234820
8910,1,18728567239860,18728587295925
8911,1,18728587300740,18728607369101
8912,1,18728607374292,18728627445694
8913,1,18728627450741,18728647348339
8914,1,18728647353751,18728667363646
8915,1,18728667368860,18728687310150
8916,1,18728687314950,18728707385499
8917,1,18728707390833,18728727529294
8918,1,18728727534125,18728747523408
8919,1,18728747546981,18728767632538
8920,1,18728767637357,18728787673213
8921,1,18728787678216,18728807558419
8922,1,18728807563648,18728827542850
8923,1,18728827547724,18728847544362
8924,1,18728847549771,18728867319098
8925,1,18728867324073,18728887368551
8926,1,18728887373219,18728907376808
8927,1,18728907381769,18728927631133
8928,1,18728927636228,18728947918451
8929,1,18728947923021,18728967511926
8930,1,18728967516028,18728987458589
8931,1,18728987463927,18729007398787
8932,1,18729007403693,18729027846069
8933,1,18729027850776,18729047638607
8934,1,18729047643970,18729067464645
8935,1,18729067488686,18729087461879
8936,1,18729087466562,18729107253536
8937,1,18729107258945,18729127481927
8938,1,18729127486602,18729147514362
8939,1,18729147520141,18729167519270
8940,1,18729167524783,18729191486739
8941,1,18729191492030,18729211491583
8942,1,18729211497228,18729231392346
8943,1,18729231397421,18729251471887
8944,1,18729251476793,18729271394991
8945,1,18729271399552,18729291609729
8946,1,18729291614966,18729311589223
8947,1,18729311594478,18729331660957
8948,1,18729331665825,18729351669672
8949,1,18729351674616,18729371589068
8950,1,18729371594660,18729391632952
8951,1,18729391637901,18729411656926
8952,1,18729411661620,18729431515075
8953,1,18729431520494,18729451859274
8954,1,18729451864010,18729471539670
8955,1,18729471544810,18729491578291
8956,1,18729491583079,18729511473616
8957,1,18729511478552,18729531615816
8958,1,18729531621067,18729551564855
8959,1,18729551569713,18729571415099
8960,1,18729571419972,18729591288834
8961,1,18729591294008,18729611410614
8962,1,18729611415326,18729631320284
8963,1,18729631325129,18729651423862
8964,1,18729651428707,18729671398952
8965,1,18729671404471,18729691446837
8966,1,18729691451705,18729711338103
8967,1,18729711342919,18729731305818
8968,1,18729731310699,18729751316779
8969,1,18729751321963,18729771800834
8970,1,18729771821737,18729791412954
8971,1,18729791418016,18729811395324
8972,1,18729811400000,18729831317152
8973,1,18729831322090,18729851351514
8974,1,18729851356250,18729871272487
8975,1,18729871278271,18729891398622
8976,1,18729891403275,18729911489256
8977,1,18729911494152,18729931414948
8978,1,18729931419513,18729955329624
8979,1,18729955334680,18729975466571
8980,1,18729975471292,18729995596950
8981,1,18729995650689,18730015362151
8982,1,18730015367118,18730035352044
8983,1,18730035356785,18730055469732
8984,1,18730055474325,18730075304101
8985,1,18730075309239,18730095396084
8986,1,18730095401172,18730115341058
8987,1,18730115346828,18730135501238
8988,1,18730135506099,18730155388373
8989,1,18730155393813,18730175523348
8990,1,18730175527915,18730195520526
8991,1,18730195525472,18730215367454
8992,1,18730215373168,18730235540759
8993,1,18730235546395,18730255438552
8994,1,18730255443796,18730275481678
8995,1,18730275485868,18730295623575
8996,1,18730295628718,18730315394782
8997,1,18730315400148,18730335435251
8998,1,18730335440306,18730355460675
8999,1,18730355466144,18730375633420
9000,1,18730375639306,18730395464318
9001,1,18730395469696,18730415281775
9002,1,18730415286747,18730435394297
9003,1,18730435399153,18730455405749
9004,1,18730455410594,18730475609903
9005,1,18730475614866,18730495463969
9006,1,18730495468777,18730515339032
9007,1,18730515344459,18730535481004
9008,1,18730535485569,18730555467474
9009,1,18730555472653,18730575459847
9010,1,18730575464955,18730595384344
9011,1,18730595389325,18730615326689
9012,1,18730615332935,18730635567327
9013,1,18730635572309,18730655311561
9014,1,18730655316238,18730675601488
9015,1,18730675606582,18730695388943
9016,1,18730695394013,18730719308588
9017,1,18730719313520,18730739457523
9018,1,18730739462296,18730759314281
9019,1,18730759319517,18730779550979
9020,1,18730779574957,18730799476210
9021,1,18730799481210,18730819432534
9022,1,18730819453483,18730839509645
9023,1,18730839514708,18730859449484
9024,1,18730859454396,18730879371670
9025,1,18730879376726,18730899531164
9026,1,18730899536110,18730919497115
9027,1,18730919502192,18730939555846
9028,1,18730939560714,18730959250019
9029,1,18730959254910,18730979616637
9030,1,18730979621416,18730999470589
9031,1,18730999475423,18731019375776
9032,1,18731019380768,18731039392685
9033,1,18731039398918,18731059552854
9034,1,18731059558079,18731079512572
9035,1,18731079517577,18731099499203
9036,1,18731099504194,18731119411350
9037,1,18731119416698,18731139471663
9038,1,18731139476799,18731159631989
9039,1,18731159640534,18731179635588
9040,1,18731179640352,18731199598169
9041,1,18731199603021,18731219512631
9042,1,18731219517521,18731239391239
9043,1,18731239396376,18731259358204
9044,1,18731259363271,18731279430195
9045,1,18731279435193,18731299512424
9046,1,18731299517269,18731319631965
9047,1,18731319636842,18731339584770
9048,1,18731339589987,18731359464490
9049,1,18731359469764,18731379498882
9050,1,18731379503716,18731399496262
9051,1,18731399501347,18731419439927
9052,1,18731419445831,18731439578141
9053,1,18731439583268,18731463596775
9054,1,18731463601745,18731483582114
9055,1,18731483587404,18731503701783
9056,1,18731503706994,18731524020408
9057,1,18731524026829,18731543754543
9058,1,18731543759115,18731563671790
9059,1,18731563676912,18731583499219
9060,1,18731583504132,18731603635720
9061,1,18731603640642,18731623508138
9062,1,18731623530082,18731643406509
9063,1,18731643411413,18731663549916
9064,1,18731663554960,18731683230380
9065,1,18731683234709,18731703912295
9066,1,18731703917148,18731723627706
9067,1,18731723632607,18731743585477
9068,1,18731743590432,18731763445317
9069,1,18731763450442,18731783346519
9070,1,18731783351386,18731803571633
9071,1,18731803576991,18731823505840
9072,1,18731823522788,18731843433770
9073,1,18731843438694,18731863423116
9074,1,18731863427860,18731883376096
9075,1,18731883381311,18731903384312
9076,1,18731903389122,18731923386641
9077,1,18731923391687,18731943795181
9078,1,18731943801109,18731963516528
9079,1,18731963521431,18731983509255
9080,1,18731983514471,18732003545557
9081,1,18732003550452,18732023440686
9082,1,18732023445746,18732043447156
9083,1,18732043452143,18732063528982
9084,1,18732063533624,18732083330561
9085,1,18732083335796,18732103411539
9086,1,18732103416645,18732123390990
9087,1,18732123396068,18732143399020
9088,1,18732143403540,18732163442923
9089,1,18732163447905,18732183412782
9090,1,18732183417389,18732203447762
9091,1,18732203452437,18732227630847
9092,1,18732227636021,18732247429319
9093,1,18732247434471,18732267468003
9094,1,18732267472863,18732287625247
9095,1,18732287630023,18732309373861
9096,1,18732309378511,18732327623272
9097,1,18732327628155,18732347583577
9098,1,18732347588993,18732367441214
9099,1,18732367446410,18732387439475
9100,1,18732387444012,18732407424782
9101,1,18732407430122,18732427498175
9102,1,18732427502883,18732447481518
9103,1,18732447486668,18732467394383
9104,1,18732467399770,18732487569434
9105,1,18732487592173,18732507642578
9106,1,18732507647935,18732528196045
9107,1,18732528203002,18732547619622
9108,1,18732547624531,18732567506219
9109,1,18732567511652,18732587472609
9110,1,18732587477443,18732607735265
9111,1,18732607740313,18732627631274
9112,1,18732627635896,18732647618258
9113,1,18732647623536,18732667647491
9114,1,18732667652357,18732687652769
9115,1,18732687658019,18732707601102
9116,1,18732707606798,18732727702768
9117,1,18732727707630,18732747640504
9118,1,18732747645312,18732767455628
9119,1,18732767460720,18732787405106
9120,1,18732787409452,18732807606623
9121,1,18732807612858,18732827747259
9122,1,18732827752378,18732847544235
9123,1,18732847568188,18732867534632
9124,1,18732867540692,18732887564096
9125,1,18732887568981,18732907486329
9126,1,18732907491440,18732927525931
9127,1,18732927531137,18732947755605
9128,1,18732947761252,18732967352930
9129,1,18732967358018,18732991437963
9130,1,18732991442831,18733011484530
9131,1,18733011489520,18733031857645
9132,1,18733031862802,18733051679353
9133,1,18733051684326,18733071701012
9134,1,18733071706252,18733093984114
9135,1,18733093990562,18733113117414
9136,1,18733113122580,18733131491954
9137,1,18733131497390,18733151538095
9138,1,18733151543196,18733171516066
9139,1,18733171521261,18733191396202
9140,1,18733191401270,18733211371492
9141,1,18733211376955,18733231511607
9142,1,18733231516719,18733251578817
9143,1,18733251583660,18733271510052
9144,1,18733271515628,18733291848226
9145,1,18733291853139,18733311625489
9146,1,18733311630703,18733331451991
9147,1,18733331457416,18733351593913
9148,1,18733351600158,18733371399198
9149,1,18733371404315,18733391494589
9150,1,18733391499954,18733411543560
9151,1,18733411548548,18733431547595
9152,1,18733431552508,18733451771612
9153,1,18733451777058,18733471492817
9154,1,18733471497595,18733491516974
9155,1,18733491521983,18733511564677
9156,1,18733511570295,18733532067366
9157,1,18733532073633,18733551807150
9158,1,18733551811763,18733571764423
9159,1,18733571769543,18733591674843
9160,1,18733591680067,18733611733978
9161,1,18733611739707,18733631646545
9162,1,18733631651446,18733651703688
9163,1,18733651708827,18733671423878
9164,1,18733671428697,18733691461688
9165,1,18733691468264,18733711475050
9166,1,18733711480123,18733735482710
9167,1,18733735488443,18733755523102
9168,1,18733755527867,18733775627907
9169,1,18733775632840,18733795587614
9170,1,18733795592338,18733815472084
9171,1,18733815478057,18733835630829
9172,1,18733835635943,18733855523245
9173,1,18733855528402,18733875523004
9174,1,18733875543917,18733895552297
9175,1,18733895557452,18733915388401
9176,1,18733915393816,18733935668680
9177,1,18733935674043,18733955965427
9178,1,18733955970038,18733975808969
9179,1,18733975814473,18733995693462
9180,1,18733995698603,18734015212896
9181,1,18734015217725,18734036046182
9182,1,18734036053697,18734055621732
9183,1,18734055626724,18734075699558
9184,1,18734075704263,18734095509306
9185,1,18734095514914,18734115557012
9186,1,18734115562594,18734135715949
9187,1,18734135721016,18734155704163
9188,1,18734155709658,18734175746816
9189,1,18734175751804,18734195688667
9190,1,18734195732172,18734215413923
9191,1,18734215419855,18734235747380
9192,1,18734235752174,18734255587738
9193,1,18734255593429,18734275575054
9194,1,18734275579821,18734295766911
9195,1,18734295826290,18734315626197
9196,1,18734315631485,18734335613778
9197,1,18734335619418,18734355646948
9198,1,18734355652011,18734375712384
9199,1,18734375717901,18734395728162
9200,1,18734395733574,18734415457349
9201,1,18734415462882,18734435649280
9202,1,18734435654104,18734455518153
9203,1,18734455523775,18734475587983
9204,1,18734475592976,18734499715885
9205,1,18734499721614,18734519707850
9206,1,18734519712869,18734539816921
9207,1,18734539821669,18734559736531
9208,1,18734559743291,18734579708982
9209,1,18734579714081,18734599614557
9210,1,18734599620339,18734619492918
9211,1,18734619498197,18734639662340
9212,1,18734639667116,18734659434356
9213,1,18734659439454,18734679646238
9214,1,18734679651521,18734699739725
9215,1,18734699744847,18734719600274
9216,1,18734719605945,18734739684842
9217,1,18734739690189,18734759591975
9218,1,18734759597253,18734779544099
9219,1,18734779551728,18734799662673
9220,1,18734799667530,18734819747692
9221,1,18734819752987,18734839720273
9222,1,18734839725841,18734859656225
9223,1,18734859665517,18734879613846
9224,1,18734879618854,18734899685046
9225,1,18734899690683,18734919663205
9226,1,18734919686170,18734939542671
9227,1,18734939547725,18734959545890
9228,1,18734959552289,18734979668222
9229,1,18734979673082,18734999695097
9230,1,18734999700532,18735019677841
9231,1,18735019683559,18735040329891
9232,1,18735040348413,18735059595856
9233,1,18735059600547,18735079749196
9234,1,18735079754777,18735099576295
9235,1,18735099581275,18735119668084
9236,1,18735119673398,18735139620551
9237,1,18735139625469,18735159674309
9238,1,18735159680459,18735179619749
9239,1,18735179624741,18735199597893
9240,1,18735199602733,18735219571961
9241,1,18735219577225,18735239601924
9242,1,18735239607098,18735263511653
9243,1,18735263516599,18735283479092
9244,1,18735283484347,18735303879680
9245,1,18735303884389,18735323653065
9246,1,18735323658070,18735343560660
9247,1,18735343566280,18735363415286
9248,1,18735363420035,18735383481429
9249,1,18735383486954,18735403451772
9250,1,18735403457076,18735423541932
9251,1,18735423547147,18735443509369
9252,1,18735443514689,18735463897238
9253,1,18735463902287,18735483654150
9254,1,18735483659157,18735503715366
9255,1,18735503720236,18735523672887
9256,1,18735523677682,18735544108428
9257,1,18735544113418,18735563747239
9258,1,18735563752127,18735583685969
9259,1,18735583690934,18735603483615
9260,1,18735603488623,18735623596330
9261,1,18735623601208,18735643583194
9262,1,18735643588369,18735663637012
9263,1,18735663642183,18735683521438
9264,1,18735683526103,18735703478647
9265,1,18735703483374,18735723514321
9266,1,18735723519193,18735743519900
9267,1,18735743525577,18735763485782
9268,1,18735763491153,18735783510007
9269,1,18735783515335,18735803544384
9270,1,18735803549214,18735823656465
9271,1,18735823661414,18735843587969
9272,1,18735843592777,18735863661063
9273,1,18735863666379,18735883547266
9274,1,18735883552620,18735903580785
9275,1,18735903603325,18735923619793
9276,1,18735923639445,18735943770995
9277,1,18735943778559,18735963449218
9278,1,18735963454618,18735983454404
9279,1,18735983459697,18736007486100
9280,1,18736007490839,18736027438594
9281,1,18736027443338,18736047191120
9282,1,18736047195912,18736067493379
9283,1,18736067498819,18736087591243
9284,1,18736087596180,18736107573610
9285,1,18736107579248,18736127622905
9286,1,18736127628185,18736147552152
9287,1,18736147557510,18736167588248
9288,1,18736167593353,18736187656491
9289,1,18736187661302,18736207907485
9290,1,18736207912553,18736227671127
9291,1,18736227676151,18736247778551
9292,1,18736247784021,18736267626960
9293,1,18736267631976,18736287754380
9294,1,18736287759424,18736307708046
9295,1,18736307712832,18736327837782
9296,1,18736327842605,18736347486780
9297,1,18736347491889,18736367700224
9298,1,18736367705458,18736387693102
9299,1,18736387697930,18736407668505
9300,1,18736407673295,18736427589987
9301,1,18736427595044,18736447662219
9302,1,18736447667416,18736467649621
9303,1,18736467654318,18736487603421
9304,1,18736487608323,18736507567429
9305,1,18736507572369,18736527842091
9306,1,18736527846876,18736547781827
9307,1,18736547787307,18736567731068
9308,1,18736567736571,18736587739675
9309,1,18736587744461,18736607559460
9310,1,18736607564842,18736627558259
9311,1,18736627563475,18736647527620
9312,1,18736647532457,18736667482177
9313,1,18736667487461,18736687638106
9314,1,18736687643255,18736707645913
9315,1,18736707650729,18736727642240
9316,1,18736727647183,18736747569266
9317,1,18736747574716,18736771656701
9318,1,18736771662103,18736791692881
9319,1,18736791699748,18736811767305
9320,1,18736811772495,18736831710932
9321,1,18736831716395,18736851519403
9322,1,18736851524465,18736871458218
9323,1,18736871463750,18736891451809
9324,1,18736891457925,18736911551266
9325,1,18736911556227,18736931491266
9326,1,18736931496369,18736951567003
9327,1,18736951589663,18736971715185
9328,1,18736971720060,18736991616255
9329,1,18736991622004,18737011564812
9330,1,18737011569731,18737031528999
9331,1,18737031534547,18737051359479
9332,1,18737051363957,18737071468417
9333,1,18737071473705,18737091475377
9334,1,18737091480399,18737111605568
9335,1,18737111610621,18737131590370
9336,1,18737131595210,18737151711516
9337,1,18737151716781,18737171517260
9338,1,18737171522348,18737191510739
9339,1,18737191516580,18737211580814
9340,1,18737211586290,18737231497263
9341,1,18737231502485,18737251520413
9342,1,18737251525695,18737271511042
9343,1,18737271516146,18737291503925
9344,1,18737291508805,18737312727121
9345,1,18737312733096,18737331616198
9346,1,18737331621606,18737351525273
9347,1,18737351530569,18737371680633
9348,1,18737371685608,18737391614450
9349,1,18737391619841,18737411684992
9350,1,18737411690457,18737431505657
9351,1,18737431511242,18737451655978
9352,1,18737451661303,18737471445461
9353,1,18737471450728,18737491550972
9354,1,18737491556175,18737511544216
9355,1,18737511549345,18737535526157
9356,1,18737535531702,18737555927473
9357,1,18737555932598,18737575662772
9358,1,18737575668031,18737595444770
9359,1,18737595450026,18737615599605
9360,1,18737615621409,18737635570536
9361,1,18737635575585,18737655425156
9362,1,18737655429284,18737675525825
9363,1,18737675531239,18737695628936
9364,1,18737695633924,18737715619714
9365,1,18737715624298,18737735740473
9366,1,18737735745750,18737755512886
9367,1,18737755517290,18737775532378
9368,1,18737775537570,18737795536364
9369,1,18737795541852,18737815499157
9370,1,18737815504918,18737835730499
9371,1,18737835736059,18737855560300
9372,1,18737855566573,18737875455238
9373,1,18737875460065,18737895506722
9374,1,18737895511706,18737915334183
9375,1,18737915339093,18737935624297
9376,1,18737935629683,18737955442163
9377,1,18737955447704,18737975563637
9378,1,18737975583795,18737995486424
9379,1,18737995491769,18738015481035
9380,1,18738015485931,18738035652498
9381,1,18738035658364,18738055315530
9382,1,18738055320454,18738075506371
9383,1,18738075511705,18738095435722
9384,1,18738095440919,18738115478742
9385,1,18738115484544,18738135781853
9386,1,18738135789861,18738155579161
9387,1,18738155585254,18738175474726
9388,1,18738175479703,18738195521060
9389,1,18738195526522,18738215401693
9390,1,18738215406614,18738235518431
9391,1,18738235523317,18738255452529
9392,1,18738255458622,18738279514165
9393,1,18738279519515,18738299568623
9394,1,18738299573168,18738319575743
9395,1,18738319581016,18738339529934
9396,1,18738339535181,18738359519962
9397,1,18738359525660,18738379312655
9398,1,18738379318692,18738399532946
9399,1,18738399537872,18738419507083
9400,1,18738419512083,18738439521770
9401,1,18738439526926,18738459433065
9402,1,18738459455498,18738479534975
9403,1,18738479540328,18738499661343
9404,1,18738499666437,18738519407648
9405,1,18738519413081,18738539408595
9406,1,18738539413450,18738559224032
9407,1,18738559228364,18738579534369
9408,1,18738579539216,18738599634693
9409,1,18738599639846,18738619402897
9410,1,18738619407686,18738639376773
9411,1,18738639381642,18738659235493
9412,1,18738659240236,18738679385982
9413,1,18738679391599,18738699470997
9414,1,18738699476193,18738719408552
9415,1,18738719413744,18738739471214
9416,1,18738739475758,18738759484023
9417,1,18738759489366,18738779469673
9418,1,18738779474927,18738799578890
9419,1,18738799587015,18738819493480
9420,1,18738819497982,18738839657506
9421,1,18738839662842,18738859588880
9422,1,18738859594158,18738879455247
9423,1,18738879460432,18738899596091
9424,1,18738899600783,18738919567449
9425,1,18738919572667,18738939600231
9426,1,18738939604769,18738959654133
9427,1,18738959661200,18738979609643
9428,1,18738979614899,18738999642294
9429,1,18738999647566,18739019733491
9430,1,18739019757229,18739043586529
9431,1,18739043591580,18739063800802
9432,1,18739063805554,18739083775652
9433,1,18739083781317,18739103738986
9434,1,18739103743755,18739123704568
9435,1,18739123709970,18739143659448
9436,1,18739143664432,18739163755805
9437,1,18739163761410,18739183584567
9438,1,18739183589624,18739203453995
9439,1,18739203459451,18739223377672
9440,1,18739223381838,18739243518640
9441,1,18739243523871,18739263536554
9442,1,18739263541454,18739283378799
9443,1,18739283384005,18739303887891
9444,1,18739303896934,18739323411912
9445,1,18739323434091,18739343496350
9446,1,18739343501421,18739363635410
9447,1,18739363640486,18739383560963
9448,1,18739383565980,18739403515588
9449,1,18739403521317,18739423410433
9450,1,18739423415372,18739443411642
9451,1,18739443416622,18739463727816
9452,1,18739463732399,18739483567583
9453,1,18739483573461,18739503663689
9454,1,18739503668548,18739523628589
9455,1,18739523633561,18739543621283
9456,1,18739543626463,18739563577830
9457,1,18739563583042,18739583770914
9458,1,18739583775817,18739603694299
9459,1,18739603699971,18739623467720
9460,1,18739623472841,18739643537106
9461,1,18739643542542,18739663661664
9462,1,18739663666682,18739683581447
9463,1,18739683586307,18739703715189
9464,1,18739703721118,18739723486338
9465,1,18739723491432,18739743638498
9466,1,18739743643958,18739763656416
9467,1,18739763661366,18739783811081
9468,1,18739783816483,18739808209808
9469,1,18739808214935,18739827794250
9470,1,18739827799401,18739847496534
9471,1,18739847501784,18739867643459
9472,1,18739867648790,18739887579605
9473,1,18739887585128,18739907729887
9474,1,18739907734817,18739927657838
9475,1,18739927662834,18739948097467
9476,1,18739948102327,18739967744919
9477,1,18739967750207,18739988028109
9478,1,18739988032894,18740008727495
9479,1,18740008735980,18740027859738
9480,1,18740027881501,18740047479049
9481,1,18740047484051,18740067704502
9482,1,18740067709238,18740087765914
9483,1,18740087770853,18740107712693
9484,1,18740107717668,18740127610123
9485,1,18740127615125,18740147591433
9486,1,18740147596237,18740167488710
9487,1,18740167494032,18740187797488
9488,1,18740187802828,18740207509839
9489,1,18740207514787,18740227667255
9490,1,18740227673069,18740247607042
9491,1,18740247612161,18740267669442
9492,1,18740267674433,18740287676999
9493,1,18740287682301,18740308351697
9494,1,18740308357378,18740327667861
9495,1,18740327672828,18740347745110
9496,1,18740347750116,18740367539456
9497,1,18740367544785,18740387774505
9498,1,18740387780045,18740407566421
9499,1,18740407571574,18740427730264
9500,1,18740427735134,18740447549657
9501,1,18740447554667,18740467525543
9502,1,18740467530551,18740487687036
9503,1,18740487692510,18740507693115
9504,1,18740507698318,18740527685318
9505,1,18740527691048,18740551602340
9506,1,18740551607678,18740571581873
9507,1,18740571587095,18740591738681
9508,1,18740591744292,18740611613446
9509,1,18740611618857,18740631609152
9510,1,18740631613891,18740651678639
9511,1,18740651684542,18740671653095
9512,1,18740671657770,18740691571340
9513,1,18740691576780,18740711594595
9514,1,18740711599758,18740731638492
9515,1,18740731643425,18740751805823
9516,1,18740751811573,18740771504291
9517,1,18740771509503,18740791655082
9518,1,18740791660486,18740812211227
9519,1,18740812216651,18740831760307
9520,1,18740831765191,18740851476383
9521,1,18740851482066,18740871572344
9522,1,18740871577355,18740891448587
9523,1,18740891453469,18740911736148
9524,1,18740911740891,18740931575245
9525,1,18740931580866,18740952068855
9526,1,18740952074053,18740971516656
9527,1,18740971521614,18740991590124
9528,1,18740991595262,18741011665066
9529,1,18741011669971,18741031653782
9530,1,18741031677438,18741051676333
9531,1,18741051698041,18741071831947
9532,1,18741071893598,18741091905703
9533,1,18741091910310,18741111771770
9534,1,18741111777057,18741131695980
9535,1,18741131701590,18741151723921
9536,1,18741151729495,18741171500545
9537,1,18741171506225,18741191640013
9538,1,18741191645569,18741211550270
9539,1,18741211559265,18741231597918
9540,1,18741231603157,18741251525966
9541,1,18741251530949,18741271734775
9542,1,18741271739905,18741291683190
9543,1,18741291688850,18741315613585
9544,1,18741315618356,18741335631900
9545,1,18741335637161,18741355634711
9546,1,18741355639662,18741375509080
9547,1,18741375514478,18741395730039
9548,1,18741395735163,18741415248769
9549,1,18741415253852,18741435478754
9550,1,18741435483613,18741455447564
9551,1,18741455453183,18741475463673
9552,1,18741475468488,18741495711281
9553,1,18741495716397,18741515746853
9554,1,18741515751687,18741535621992
9555,1,18741535626969,18741555549437
9556,1,18741555554167,18741575542072
9557,1,18741575547005,18741595759165
9558,1,18741595764382,18741615553272
9559,1,18741615558146,18741635726224
9560,1,18741635731581,18741655394205
9561,1,18741655398879,18741675839948
9562,1,18741675845100,18741695563713
9563,1,18741695568907,18741715562100
9564,1,18741715566961,18741735669851
9565,1,18741735674770,18741755713352
9566,1,18741755718338,18741775634908
9567,1,18741775640048,18741795867300
9568,1,18741795871698,18741816024719
9569,1,18741816030137,18741835791156
9570,1,18741835796084,18741855436883
9571,1,18741855441937,18741875562609
9572,1,18741875585545,18741895569461
9573,1,18741895575116,18741915668407
9574,1,18741915673402,18741935565720
9575,1,18741935571033,18741955593283
9576,1,18741955598850,18741975576259
9577,1,18741975581347,18741995719121
9578,1,18741995724142,18742015604421
9579,1,18742015609723,18742035747860
9580,1,18742035753252,18742055595802
9581,1,18742055601148,18742080105882
9582,1,18742080126539,18742099819767
9583,1,18742099824571,18742119698744
9584,1,18742119703877,18742139618633
9585,1,18742139624009,18742159842002
9586,1,18742159849332,18742179549973
9587,1,18742179555486,18742199660262
9588,1,18742199665452,18742220076580
9589,1,18742220084066,18742239744403
9590,1,18742239749764,18742259615532
9591,1,18742259622735,18742279562398
9592,1,18742279567328,18742299486426
9593,1,18742299491441,18742319684231
9594,1,18742319689011,18742341656903
9595,1,18742341663806,18742359570499
9596,1,18742359577253,18742379607480
9597,1,18742379612566,18742399821904
9598,1,18742399826799,18742419361005
9599,1,18742419366168,18742439760804
9600,1,18742439766058,18742459590684
9601,1,18742459597899,18742479801022
9602,1,18742479806231,18742499718530
9603,1,18742499723934,18742519769734
9604,1,18742519774530,18742539696514
9605,1,18742539701985,18742559688526
9606,1,18742559696018,18742579634247
9607,1,18742579639742,18742599948085
9608,1,18742599952678,18742619571265
9609,1,18742619576953,18742639821641
9610,1,18742639826789,18742659369889
9611,1,18742659374586,18742679635374
9612,1,18742679640611,18742699562243
9613,1,18742699567842,18742719537135
9614,1,18742719541863,18742739481160
9615,1,18742739503351,18742759500116
9616,1,18742759505630,18742779530283
9617,1,18742779535550,18742799667997
9618,1,18742799673311,18742823369858
9619,1,18742823375026,18742843845794
9620,1,18742843850707,18742863590208
9621,1,18742863595298,18742883703934
9622,1,18742883709245,18742904235230
9623,1,18742904241098,18742923589508
9624,1,18742923594266,18742943797251
9625,1,18742943802796,18742963658142
9626,1,18742963663515,18742983738029
9627,1,18742983743142,18743003785231
9628,1,18743003790037,18743023548721
9629,1,18743023553978,18743043573027
9630,1,18743043578190,18743063566731
9631,1,18743063571642,18743083702009
9632,1,18743083706767,18743103730703
9633,1,18743103735935,18743123642610
9634,1,18743123667078,18743144695655
9635,1,18743144702115,18743166399185
9636,1,18743166405285,18743183578593
9637,1,18743183583626,18743203658492
9638,1,18743203664294,18743223461019
9639,1,18743223466136,18743243637996
9640,1,18743243643034,18743263670723
9641,1,18743263676068,18743283477861
9642,1,18743283481931,18743303531479
9643,1,18743303536704,18743323396200
9644,1,18743323400556,18743343602118
9645,1,18743343607262,18743363952598
9646,1,18743363956733,18743383513422
9647,1,18743383518372,18743403610560
9648,1,18743403616556,18743423434565
9649,1,18743423440083,18743443672569
9650,1,18743443678281,18743463730718
9651,1,18743463735893,18743483696073
9652,1,18743483700905,18743503601449
9653,1,18743503606380,18743523579865
9654,1,18743523585129,18743543499745
9655,1,18743543504466,18743563699011
9656,1,18743563704000,18743587554638
9657,1,18743587559757,18743607954427
9658,1,18743607958690,18743627781164
9659,1,18743627786669,18743647782322
9660,1,18743647787356,18743667618765
9661,1,18743667624780,18743687740686
9662,1,18743687745984,18743707703082
9663,1,18743707708098,18743727709675
9664,1,18743727714353,18743747706435
9665,1,18743747711848,18743767809635
9666,1,18743767814922,18743787574502
9667,1,18743787579999,18743807608528
9668,1,18743807613353,18743827443704
9669,1,18743827448524,18743847902421
9670,1,18743847906937,18743867454288
9671,1,18743867459255,18743887700787
9672,1,18743887706080,18743907513060
9673,1,18743907519156,18743927715821
9674,1,18743927720631,18743948129009
9675,1,18743948135124,18743967653477
9676,1,18743967658489,18743987567117
9677,1,18743987572747,18744007674986
9678,1,18744007680784,18744027605505
9679,1,18744027610884,18744047687868
9680,1,18744047692902,18744067581513
9681,1,18744067587053,18744087622273
9682,1,18744087675077,18744107548223
9683,1,18744107553368,18744127693513
9684,1,18744127717050,18744147455814
9685,1,18744147461249,18744167569196
9686,1,18744167574395,18744187385346
9687,1,18744187390496,18744207530350
9688,1,18744207535962,18744227461953
9689,1,18744227467250,18744247617788
9690,1,18744247623206,18744267429553
9691,1,18744267434428,18744287743787
9692,1,18744287749066,18744307516277
9693,1,18744307522076,18744327423130
9694,1,18744327441056,18744351790367
9695,1,18744351795713,18744371658417
9696,1,18744371663670,18744391458453
9697,1,18744391463986,18744411695218
9698,1,18744411700158,18744431669609
9699,1,18744431674568,18744451689710
9700,1,18744451713286,18744471761036
9701,1,18744471767034,18744491688575
9702,1,18744491693251,18744511719588
9703,1,18744511724843,18744531796450
9704,1,18744531801452,18744551616720
9705,1,18744551622070,18744571951545
9706,1,18744571955924,18744591533566
9707,1,18744591538384,18744611833599
9708,1,18744611838512,18744631459016
9709,1,18744631463885,18744651800097
9710,1,18744651804833,18744671601302
9711,1,18744671606386,18744691583825
9712,1,18744691588667,18744711639036
9713,1,18744711644639,18744731677746
9714,1,18744731682996,18744751605799
9715,1,18744751611181,18744771731612
9716,1,18744771736940,18744791780991
9717,1,18744791785976,18744811821882
9718,1,18744811826548,18744831447606
9719,1,18744831452402,18744851853825
9720,1,18744851858781,18744871560105
9721,1,18744871565000,18744891753442
9722,1,18744891758731,18744911595766
9723,1,18744911601647,18744931702958
9724,1,18744931708119,18744951549126
9725,1,18744951554180,18744971602514
9726,1,18744971607288,18744991455987
9727,1,18744991461022,18745011650567
9728,1,18745011655326,18745031581766
9729,1,18745031586845,18745051729701
9730,1,18745051734907,18745071626638
9731,1,18745071631408,18745095692563
9732,1,18745095698415,18745115404983
9733,1,18745115409802,18745135512225
9734,1,18745135517411,18745155401952
9735,1,18745155425741,18745175718740
9736,1,18745175724155,18745195536979
9737,1,18745195542040,18745215562921
9738,1,18745215567794,18745235676017
9739,1,18745235681025,18745255794590
9740,1,18745255799624,18745275498973
9741,1,18745275503902,18745295595088
9742,1,18745295617133,18745315402947
9743,1,18745315407926,18745335788930
9744,1,18745335794057,18745355796917
9745,1,18745355801765,18745375726801
9746,1,18745375731475,18745395522729
9747,1,18745395527734,18745415615038
9748,1,18745415619836,18745435571787
9749,1,18745435576522,18745455720072
9750,1,18745455724872,18745475590532
9751,1,18745475595461,18745495553776
9752,1,18745495558573,18745515437791
9753,1,18745515443381,18745535721764
9754,1,18745535726817,18745555525136
9755,1,18745555530157,18745576089663
9756,1,18745576096136,18745595355884
9757,1,18745595360939,18745615605532
9758,1,18745615611478,18745635601983
9759,1,18745635606822,18745655281207
9760,1,18745655286015,18745675522194
9761,1,18745675527619,18745695602829
9762,1,18745695607963,18745715410709
9763,1,18745715415885,18745735719334
9764,1,18745735724437,18745755482091
9765,1,18745755487413,18745775769434
9766,1,18745775774648,18745795511733
9767,1,18745795517468,18745815579139
9768,1,18745815583879,18745835476040
9769,1,18745835480475,18745859715219
9770,1,18745859722823,18745879528523
9771,1,18745879533415,18745899695509
9772,1,18745899701117,18745919694866
9773,1,18745919700395,18745939900550
9774,1,18745939905423,18745959621931
9775,1,18745959628924,18745980181735
9776,1,18745980186484,18745999793651
9777,1,18745999798802,18746019800063
9778,1,18746019805139,18746039775203
9779,1,18746039780752,18746059844051
9780,1,18746059849982,18746080226868
9781,1,18746080231682,18746099604374
9782,1,18746099608441,18746119644774
9783,1,18746119650979,18746139595116
9784,1,18746139600169,18746159637293
9785,1,18746159666795,18746179681701
9786,1,18746179701033,18746199665670
9787,1,18746199670451,18746219702173
9788,1,18746219707517,18746239676766
9789,1,18746239681527,18746259792008
9790,1,18746259798767,18746279666495
9791,1,18746279672172,18746299783190
9792,1,18746299787858,18746319659892
9793,1,18746319665498,18746339825451
9794,1,18746339838254,18746359775372
9795,1,18746359782653,18746379787163
9796,1,18746379791998,18746399626024
9797,1,18746399630886,18746419674987
9798,1,18746419680243,18746439566176
9799,1,18746439571428,18746459682867
9800,1,18746459688012,18746479732391
9801,1,18746479737506,18746499844685
9802,1,18746499849865,18746519718796
9803,1,18746519724252,18746539823775
9804,1,18746539828706,18746559466177
9805,1,18746559471432,18746580094944
9806,1,18746580100652,18746603647301
9807,1,18746603652272,18746623874265
9808,1,18746623879301,18746643711116
9809,1,18746643719376,18746663799355
9810,1,18746663803931,18746683521993
9811,1,18746683527251,18746703663022
9812,1,18746703668044,18746723569401
9813,1,18746723574651,18746744048165
9814,1,18746744052271,18746763699701
9815,1,18746763704965,18746783604318
9816,1,18746783609654,18746803575519
9817,1,18746803580506,18746823653134
9818,1,18746823658279,18746843807577
9819,1,18746843817079,18746863691802
9820,1,18746863697134,18746883439410
9821,1,18746883444708,18746903680357
9822,1,18746903685268,18746923485132
9823,1,18746923490279,18746944121474
9824,1,18746944127425,18746963679234
9825,1,18746963684234,18746983788975
9826,1,18746983793865,18747003589126
9827,1,18747003594018,18747023737110
9828,1,18747023741833,18747043613883
9829,1,18747043619157,18747063641267
9830,1,18747063646134,18747084174664
9831,1,18747084179834,18747103805228
9832,1,18747103810162,18747123677319
9833,1,18747123682316,18747143754834
9834,1,18747143760132,18747163598620
9835,1,18747163603557,18747183717488
9836,1,18747183722289,18747203681434
9837,1,18747203686761,18747223708394
9838,1,18747223728733,18747243664881
9839,1,18747243669935,18747263754930
9840,1,18747263760347,18747283586730
9841,1,18747283591575,18747303693854
9842,1,18747303699303,18747323659954
9843,1,18747323665158,18747343894193
9844,1,18747343898934,18747367608303
9845,1,18747367612897,18747387831529
9846,1,18747387837017,18747407766474
9847,1,18747407771653,18747427770186
9848,1,18747427775013,18747447424870
9849,1,18747447429773,18747467562953
9850,1,18747467567707,18747487622668
9851,1,18747487627667,18747507839645
9852,1,18747507844660,18747527639100
9853,1,18747527644349,18747547624479
9854,1,18747547629544,18747567484412
9855,1,18747567489408,18747588859990
9856,1,18747588865284,18747607678079
9857,1,18747607683502,18747627853053
9858,1,18747627857959,18747647517721
9859,1,18747647522719,18747667738006
9860,1,18747667743470,18747687474974
9861,1,18747687479840,18747707678088
9862,1,18747707683526,18747727496787
9863,1,18747727501732,18747747621683
9864,1,18747747626411,18747767505966
9865,1,18747767511250,18747787670767
9866,1,18747787675732,18747807487445
9867,1,18747807492841,18747827612620
9868,1,18747827617925,18747847747282
9869,1,18747847752429,18747867811686
9870,1,18747867834866,18747891372513
9871,1,18747891377752,18747907735322
9872,1,18747907740147,18747927513748
9873,1,18747927518874,18747947950933
9874,1,18747947955673,18747967654732
9875,1,18747967660390,18747987831694
9876,1,18747987836367,18748007651611
9877,1,18748007656727,18748027747730
9878,1,18748027752669,18748047699016
9879,1,18748047704470,18748067722652
9880,1,18748067727381,18748088295618
9881,1,18748088300651,18748107698006
9882,1,18748107703424,18748131659191
9883,1,18748131664787,18748151808924
9884,1,18748151814559,18748171650025
9885,1,18748171655205,18748191854829
9886,1,18748191859174,18748211507587
9887,1,18748211512010,18748232522150
9888,1,18748232541836,18748251771765
9889,1,18748251777525,18748271925601
9890,1,18748271931040,18748291658753
9891,1,18748291664223,18748311793900
9892,1,18748311798837,18748331612396
9893,1,18748331617515,18748351822074
9894,1,18748351827359,18748371598558
9895,1,18748371603176,18748391754349
9896,1,18748391759671,18748411645999
9897,1,18748411651414,18748431636043
9898,1,18748431641305,18748451565947
9899,1,18748451571635,18748471816673
9900,1,18748471821907,18748491520816
9901,1,18748491526305,18748511712826
9902,1,18748511718305,18748531506039
9903,1,18748531511141,18748551669012
9904,1,18748551673734,18748571585737
9905,1,18748571591289,18748592908294
9906,1,18748592913252,18748611774167
9907,1,18748611779091,18748631625002
9908,1,18748631630054,18748651888005
9909,1,18748651893502,18748671790717
9910,1,18748671796115,18748691652762
9911,1,18748691658112,18748711890789
9912,1,18748711911546,18748731527121
9913,1,18748731532389,18748751779285
9914,1,18748751783979,18748771612948
9915,1,18748771618224,18748791773253
9916,1,18748791778198,18748811681893
9917,1,18748811686804,18748831692788
9918,1,18748831697706,18748851675520
9919,1,18748851681010,18748875963513
9920,1,18748875968121,18748895804349
9921,1,18748895809625,18748915686478
9922,1,18748915692441,18748935826227
9923,1,18748935831745,18748955883382
9924,1,18748955888199,18748975733326
9925,1,18748975738888,18748995991337
9926,1,18748995996180,18749015655909
9927,1,18749015661427,18749035835944
9928,1,18749035841441,18749055729890
9929,1,18749055735371,18749075886692
9930,1,18749075892188,18749095757656
9931,1,18749095762123,18749115868137
9932,1,18749115873722,18749135650272
9933,1,18749135655175,18749155769320
9934,1,18749155774267,18749175756308
9935,1,18749175761717,18749195856894
9936,1,18749195861736,18749215551319
9937,1,18749215556100,18749235933033
9938,1,18749235937280,18749255722907
9939,1,18749255745660,18749275931468
9940,1,18749275966524,18749295846688
9941,1,18749295851984,18749315753656
9942,1,18749315758583,18749335791880
9943,1,18749335797199,18749355877937
9944,1,18749355883287,18749375890053
9945,1,18749375895378,18749395973154
9946,1,18749395978058,18749415747034
9947,1,18749415752116,18749436036463
9948,1,18749436042226,18749455766970
9949,1,18749455771969,18749475857275
9950,1,18749475862112,18749495682777
9951,1,18749495688228,18749515620772
9952,1,18749515625808,18749535813650
9953,1,18749535818634,18749555858646
9954,1,18749555864659,18749575771072
9955,1,18749575790791,18749596287582
9956,1,18749596292940,18749615686115
9957,1,18749615690915,18749640019093
9958,1,18749640023808,18749659663069
9959,1,18749659669221,18749679766878
9960,1,18749679772094,18749699754948
9961,1,18749699759983,18749719891641
9962,1,18749719896057,18749739613933
9963,1,18749739619785,18749759978301
9964,1,18749759983105,18749779718849
9965,1,18749779724088,18749799860112
9966,1,18749799865807,18749819568586
9967,1,18749819573825,18749840022081
9968,1,18749840029308,18749859990492
9969,1,18749859995023,18749880109710
9970,1,18749880115152,18749899804512
9971,1,18749899809452,18749919940296
9972,1,18749919944847,18749939743178
9973,1,18749939748193,18749959992206
9974,1,18749959996606,18749979848842
9975,1,18749979853711,18749999911935
9976,1,18749999916630,18750019997175
9977,1,18750020020888,18750039861058
9978,1,18750039866054,18750059801508
9979,1,18750059809395,18750079828970
9980,1,18750079834169,18750099512693
9981,1,18750099517059,18750120041418
9982,1,18750120045660,18750139919484
9983,1,18750139924710,18750160040903
9984,1,18750160045551,18750179796717
9985,1,18750179801779,18750199808803
9986,1,18750199813935,18750219734884
9987,1,18750219739962,18750239857082
9988,1,18750239861810,18750259868326
9989,1,18750259873855,18750279874125
9990,1,18750279897885,18750299776664
9991,1,18750299781587,18750319899768
9992,1,18750319904976,18750339877357
9993,1,18750339882718,18750359998473
9994,1,18750360022010,18750379743697
9995,1,18750379748598,18750403827938
9996,1,18750403832851,18750423863693
9997,1,18750423898461,18750443978898
9998,1,18750443983666,18750463824668
9999,1,18750463830781,18750484031622
10000,1,18750484036362,18750503759323
10001,1,18750503764401,18750523942848
10002,1,18750523947347,18750543758549
10003,1,18750543763876,18750563883279
10004,1,18750563888166,18750583722632
10005,1,18750583727695,18750603748620
10006,1,18750603753711,18750623672108
10007,1,18750623677059,18750643749666
10008,1,18750643754966,18750663630226
10009,1,18750663635055,18750683800961
10010,1,18750683805957,18750703720785
10011,1,18750703726377,18750723844500
10012,1,18750723849453,18750743711169
10013,1,18750743716294,18750763908985
10014,1,18750763913677,18750783788021
10015,1,18750783793423,18750803863225
10016,1,18750803867957,18750823882858
10017,1,18750823888279,18750844094833
10018,1,18750844100244,18750863760675
10019,1,18750863766916,18750884060882
10020,1,18750884065695,18750903821965
10021,1,18750903826752,18750923971964
10022,1,18750923976887,18750944248492
10023,1,18750944253948,18750963891242
10024,1,18750963896091,18750983702116
10025,1,18750983707328,18751003885424
10026,1,18751003890680,18751023734121
10027,1,18751023739229,18751043881277
10028,1,18751043886160,18751063656616
10029,1,18751063662262,18751083765154
10030,1,18751083770108,18751103662523
10031,1,18751103666945,18751123835095
10032,1,18751123839882,18751147704492
10033,1,18751147709562,18751167793057
10034,1,18751167798155,18751187692360
10035,1,18751187697725,18751207825836
10036,1,18751207831413,18751227610231
10037,1,18751227615387,18751247883585
10038,1,18751247958900,18751267734562
10039,1,18751267740004,18751287691113
10040,1,18751287711820,18751307498063
10041,1,18751307503318,18751327706736
10042,1,18751327727580,18751347951151
10043,1,18751347958355,18751367783409
10044,1,18751367787967,18751387729463
10045,1,18751387734714,18751407817485
10046,1,18751407822374,18751427768744
10047,1,18751427773678,18751447787501
10048,1,18751447792078,18751467638786
10049,1,18751467643607,18751487819578
10050,1,18751487824004,18751507663219
10051,1,18751507668299,18751527703040
10052,1,18751527707678,18751547571473
10053,1,18751547576543,18751568742118
10054,1,18751568747580,18751587622857
10055,1,18751587627824,18751607724515
10056,1,18751607729046,18751627755949
10057,1,18751627760851,18751647711116
10058,1,18751647715996,18751667489790
10059,1,18751667495096,18751687680792
10060,1,18751687685726,18751707637011
10061,1,18751707643831,18751727760385
10062,1,18751727765368,18751747518716
10063,1,18751747524003,18751767592129
10064,1,18751767596898,18751787624026
10065,1,18751787629572,18751807707058
10066,1,18751807712618,18751827580873
10067,1,18751827586253,18751847799310
10068,1,18751847805543,18751867406104
10069,1,18751867410482,18751887841563
10070,1,18751887846206,18751911600146
10071,1,18751911604729,18751931735753
10072,1,18751931740865,18751951619101
10073,1,18751951624457,18751971627887
10074,1,18751971632757,18751991484200
10075,1,18751991489063,18752012279424
10076,1,18752012284568,18752031531891
10077,1,18752031537594,18752051630887
10078,1,18752051635624,18752071598734
10079,1,18752071603793,18752091694622
10080,1,18752091700139,18752111593334
10081,1,18752111598493,18752131790501
10082,1,18752131821792,18752151607543
10083,1,18752151612298,18752171634294
10084,1,18752171639509,18752191535284
10085,1,18752191541116,18752211613440
10086,1,18752211618142,18752231693993
10087,1,18752231699648,18752251792970
10088,1,18752251798240,18752271654950
10089,1,18752271659909,18752291684678
10090,1,18752291689514,18752311516201
10091,1,18752311521409,18752331671367
10092,1,18752331692093,18752351989351
10093,1,18752351994714,18752373867567
10094,1,18752373873751,18752391885372
10095,1,18752391890434,18752411869741
10096,1,18752411874669,18752431652917
10097,1,18752431657768,18752451818527
10098,1,18752451823370,18752471738001
10099,1,18752471743421,18752491863369
10100,1,18752491868087,18752511687440
10101,1,18752511692535,18752531783018
10102,1,18752531788960,18752551713895
10103,1,18752551718699,18752571893662
10104,1,18752571898453,18752591719714
10105,1,18752591724973,18752611774273
10106,1,18752611779263,18752631654919
10107,1,18752631676326,18752651747693
10108,1,18752651752808,18752675619469
10109,1,18752675624455,18752695566901
10110,1,18752695571727,18752715522507
10111,1,18752715527855,18752736068905
10112,1,18752736073466,18752755730181
10113,1,18752755735300,18752775779319
10114,1,18752775784875,18752795774041
10115,1,18752795780901,18752815624346
10116,1,18752815629356,18752835601298
10117,1,18752835606067,18752856585029
10118,1,18752856590122,18752875713880
10119,1,18752875718781,18752895781619
10120,1,18752895786947,18752915559549
10121,1,18752915564228,18752935878551
10122,1,18752935883340,18752955947598
10123,1,18752955952130,18752976027124
10124,1,18752976032382,18752995649594
10125,1,18752995673521,18753015741974
10126,1,18753015747217,18753035786951
10127,1,18753035791798,18753055882168
10128,1,18753055887488,18753075720136
10129,1,18753075725302,18753095845858
10130,1,18753095850932,18753115711636
10131,1,18753115716436,18753136038795
10132,1,18753136043173,18753155714505
10133,1,18753155719847,18753175946753
10134,1,18753175951185,18753195717904
10135,1,18753195723274,18753215815155
10136,1,18753215820692,18753235992700
10137,1,18753235997427,18753255855787
10138,1,18753255860810,18753275649107
10139,1,18753275653930,18753295740163
10140,1,18753295745645,18753315543238
10141,1,18753315548328,18753335827579
10142,1,18753335832716,18753356081949
10143,1,18753356106599,18753376101289
10144,1,18753376106108,18753395913301
10145,1,18753395918332,18753419856032
10146,1,18753419861219,18753439618990
10147,1,18753439624163,18753459931231
10148,1,18753459936486,18753479785834
10149,1,18753479791214,18753500142373
10150,1,18753500147163,18753519927780
10151,1,18753519933042,18753539926231
10152,1,18753539963535,18753559869439
10153,1,18753559874502,18753579768807
10154,1,18753579774318,18753599766456
10155,1,18753599771617,18753619954391
10156,1,18753619958917,18753639819315
10157,1,18753639824537,18753659621360
10158,1,18753659627118,18753679678209
10159,1,18753679684111,18753699916250
10160,1,18753699921330,18753719639441
10161,1,18753719644995,18753739716859
10162,1,18753739721645,18753759580538
10163,1,18753759585603,18753779782035
10164,1,18753779786830,18753799606629
10165,1,18753799611348,18753819745560
10166,1,18753819750818,18753839662170
10167,1,18753839667499,18753860342904
10168,1,18753860347735,18753879738992
10169,1,18753879743832,18753899836594
10170,1,18753899841994,18753919597217
10171,1,18753919602019,18753939841163
10172,1,18753939846243,18753959530065
10173,1,18753959535244,18753979732460
10174,1,18753979737563,18753999677614
10175,1,18753999682700,18754019641362
10176,1,18754019646290,18754039453513
10177,1,18754039458605,18754059792272
10178,1,18754059800772,18754079617829
10179,1,18754079623065,18754099778255
10180,1,18754099783007,18754119877305
10181,1,18754119882315,18754139850231
10182,1,18754139866676,18754159779137
10183,1,18754159786190,18754183817090
10184,1,18754183822130,18754203816225
10185,1,18754203821596,18754223722677
10186,1,18754223727832,18754243532350
10187,1,18754243536685,18754264052895
10188,1,18754264057715,18754283892199
10189,1,18754283897776,18754303837600
10190,1,18754303842605,18754323717256
10191,1,18754323722919,18754343857236
10192,1,18754343861924,18754364082282
10193,1,18754364087439,18754383862777
10194,1,18754383885134,18754403659364
10195,1,18754403664355,18754423814055
10196,1,18754423819285,18754443768462
10197,1,18754443773460,18754463947308
10198,1,18754463952870,18754483750763
10199,1,18754483756173,18754503823418
10200,1,18754503828318,18754523806256
10201,1,18754523811587,18754543731811
10202,1,18754543736957,18754563650913
10203,1,18754563655965,18754583879886
10204,1,18754583884836,18754603691915
10205,1,18754603697102,18754624142799
10206,1,18754624149744,18754643794774
10207,1,18754643800056,18754663727823
10208,1,18754663732680,18754683605515
10209,1,18754683610945,18754703674317
10210,1,18754703694720,18754723643502
10211,1,18754723648810,18754743765930
10212,1,18754743771211,18754763662251
10213,1,18754763667009,18754783846411
10214,1,18754783851373,18754803765672
10215,1,18754803770564,18754823880869
10216,1,18754823886168,18754843744833
10217,1,18754843750604,18754863950341
10218,1,18754863955077,18754883721343
10219,1,18754883726577,18754903787342
10220,1,18754903791921,18754923603104
10221,1,18754923608348,18754948941324
10222,1,18754948945488,18754967671294
10223,1,18754967676557,18754988087141
10224,1,18754988093269,18755007821547
10225,1,18755007826291,18755027942713
10226,1,18755027947893,18755047555230
10227,1,18755047560524,18755067806677
10228,1,18755067811821,18755087772306
10229,1,18755087777737,18755107822616
10230,1,18755107827846,18755127942998
10231,1,18755127948142,18755148044344
10232,1,18755148049122,18755167751738
10233,1,18755167757367,18755187938208
10234,1,18755187942365,18755207704774
10235,1,18755207710009,18755227865889
10236,1,18755227870595,18755247747599
10237,1,18755247752619,18755267816996
10238,1,18755267821664,18755287728819
10239,1,18755287734298,18755307755171
10240,1,18755307759977,18755327828714
10241,1,18755327833987,18755347995037
10242,1,18755347999728,18755367994633
10243,1,18755367999038,18755387905090
10244,1,18755387910155,18755407698773
10245,1,18755407703788,18755427798293
10246,1,18755427821343,18755447730100
10247,1,18755447735617,18755467769340
10248,1,18755467775240,18755487735865
10249,1,18755487740674,18755508042938
10250,1,18755508047650,18755528426831
10251,1,18755528431541,18755547864906
10252,1,18755547880778,18755567576901
10253,1,18755567581358,18755588041994
10254,1,18755588048588,18755608115135
10255,1,18755608122059,18755628038364
10256,1,18755628045493,18755647575265
10257,1,18755647580532,18755667594457
10258,1,18755667598577,18755692075121
10259,1,18755692080171,18755711897461
10260,1,18755711901658,18755731861790
10261,1,18755731866537,18755751811453
10262,1,18755751817669,18755771900665
10263,1,18755771906543,18755792084397
10264,1,18755792090307,18755811994823
10265,1,18755811999554,18755831820797
10266,1,18755831825401,18755851630541
10267,1,18755851635310,18755871814033
10268,1,18755871819119,18755892041705
10269,1,18755892048048,18755911885677
10270,1,18755911890401,18755931835677
10271,1,18755931840478,18755951518247
10272,1,18755951522935,18755971959017
10273,1,18755971964397,18755992072709
10274,1,18755992077265,18756011864096
10275,1,18756011868977,18756032037498
10276,1,18756032042737,18756052118668
10277,1,18756052123432,18756071987973
10278,1,18756071992366,18756091564447
10279,1,18756091570000,18756111796515
10280,1,18756111801915,18756131628911
10281,1,18756131634039,18756151884054
10282,1,18756151889209,18756171649341
10283,1,18756171654649,18756191863312
10284,1,18756191868869,18756211700233
10285,1,18756211705533,18756231904198
10286,1,18756231909140,18756251808025
10287,1,18756251812779,18756271691356
10288,1,18756271696288,18756291762555
10289,1,18756291767781,18756311754818
10290,1,18756311759440,18756331813931
10291,1,18756331819222,18756352080841
10292,1,18756352085601,18756372018886
10293,1,18756372025609,18756391889500
10294,1,18756391894470,18756411644531
10295,1,18756411664805,18756431857850
10296,1,18756431880120,18756455723951
10297,1,18756455729317,18756475874317
10298,1,18756475879438,18756495487346
10299,1,18756495492389,18756515648039
10300,1,18756515653424,18756535466258
10301,1,18756535470807,18756555667525
10302,1,18756555672159,18756575590744
10303,1,18756575595788,18756595629596
10304,1,18756595635110,18756615721688
10305,1,18756615728434,18756635877190
10306,1,18756635882202,18756655543620
10307,1,18756655548388,18756675817434
10308,1,18756675822637,18756695595602
10309,1,18756695601065,18756715558858
10310,1,18756715563618,18756735571229
10311,1,18756735576624,18756755855221
10312,1,18756755860004,18756775845877
10313,1,18756775851919,18756795863931
10314,1,18756795869264,18756815627819
10315,1,18756815632860,18756835922437
10316,1,18756835927688,18756855587411
10317,1,18756855592443,18756875778350
10318,1,18756875782465,18756895558527
10319,1,18756895564018,18756916076373
10320,1,18756916081435,18756935697713
10321,1,18756935702553,18756956035586
10322,1,18756956040198,18756975816784
10323,1,18756975822959,18756995769213
10324,1,18756995773956,18757015427028
10325,1,18757015432139,18757035680239
10326,1,18757035685618,18757055491190
10327,1,18757055496373,18757075843628
10328,1,18757075848437,18757095649255
10329,1,18757095654122,18757115621069
10330,1,18757115628448,18757135672932
10331,1,18757135677969,18757155755466
10332,1,18757155761075,18757175819576
10333,1,18757175824634,18757195623548
10334,1,18757195628640,18757219654352
10335,1,18757219659339,18757239678450
10336,1,18757239683910,18757259586112
10337,1,18757259591048,18757279580272
10338,1,18757279585263,18757299588768
10339,1,18757299594008,18757319498718
10340,1,18757319503915,18757339622462
10341,1,18757339627848,18757359902079
10342,1,18757359906997,18757379684772
10343,1,18757379690422,18757402208370
10344,1,18757402212917,18757419956405
10345,1,18757419962001,18757440140317
10346,1,18757440145396,18757459921247
10347,1,18757459942307,18757479428374
10348,1,18757479433492,18757499534337
10349,1,18757499539331,18757519954048
10350,1,18757519960859,18757539832098
10351,1,18757539836546,18757559889176
10352,1,18757559893837,18757579567937
10353,1,18757579572944,18757599886803
10354,1,18757599891837,18757620120877
10355,1,18757620128940,18757639954602
10356,1,18757639960386,18757659665516
10357,1,18757659671837,18757679864901
10358,1,18757679870141,18757699925169
10359,1,18757699930317,18757720118848
10360,1,18757720123621,18757739964129
10361,1,18757739970771,18757760255831
10362,1,18757760261598,18757779898534
10363,1,18757779903778,18757799631620
10364,1,18757799636448,18757819670932
10365,1,18757819676152,18757840434225
10366,1,18757840439290,18757859978419
10367,1,18757859984323,18757879954177
10368,1,18757879959556,18757899648286
10369,1,18757899653204,18757919695186
10370,1,18757919699813,18757939643238
10371,1,18757939649319,18757963919765
10372,1,18757963925132,18757983700341
10373,1,18757983705693,18758005088225
10374,1,18758005094015,18758025825418
10375,1,18758025832350,18758045467409
10376,1,18758045473785,18758063546535
10377,1,18758063551102,18758083991585
10378,1,18758083996094,18758103903298
10379,1,18758103908386,18758124542909
10380,1,18758124563624,18758143658257
10381,1,18758143663791,18758163693785
10382,1,18758163698452,18758183442810
10383,1,18758183493526,18758203697983
10384,1,18758203703219,18758223581988
10385,1,18758223587338,18758243550908
10386,1,18758243555868,18758263578169
10387,1,18758263582925,18758285116117
10388,1,18758285123850,18758305883007
10389,1,18758305889286,18758336930061
10390,1,18758336936150,18758346156454
10391,1,18758346162864,18758366108038
10392,1,18758366114481,18758386533545
10393,1,18758386540682,18758406516498
10394,1,18758406522300,18758426460266
10395,1,18758426467344,18758446641847
10396,1,18758446649766,18758466090017
10397,1,18758466095521,18758486446094
10398,1,18758486475437,18758506140876
10399,1,18758506146800,18758524036530
10400,1,18758524043387,18758546310712
10401,1,18758546317282,18758566904553
10402,1,18758566910694,18758583758481
10403,1,18758583763421,18758604064090
10404,1,18758604070344,18758624233623
10405,1,18758624241807,18758644171398
10406,1,18758644176049,18758663806284
10407,1,18758663810644,18758684132492
10408,1,18758684137700,18758703836084
10409,1,18758703841288,18758727836033
10410,1,18758727841176,18758748559670
10411,1,18758748564975,18758768130257
10412,1,18758768135125,18758791898121
10413,1,18758791920489,18758807772399
10414,1,18758807777273,18758828100034
10415,1,18758828104683,18758848577803
10416,1,18758848584292,18758868582766
10417,1,18758868589353,18758887573996
10418,1,18758887578605,18758907812438
10419,1,18758907817322,18758928103315
10420,1,18758928110460,18758948297586
10421,1,18758948302613,18758967755850
10422,1,18758967775723,18758987566158
10423,1,18758987571581,18759007964146
10424,1,18759008056146,18759027714759
10425,1,18759027720064,18759047528280
10426,1,18759047533285,18759067605283
10427,1,18759067610480,18759087792863
10428,1,18759087797531,18759107617175
10429,1,18759107622385,18759127840026
10430,1,18759127844895,18759148049909
10431,1,18759148054610,18759167723102
10432,1,18759167727740,18759187710280
10433,1,18759187715670,18759207846750
10434,1,18759207852209,18759227638275
10435,1,18759227643344,18759247816891
10436,1,18759247822379,18759267638216
10437,1,18759267643345,18759287748176
10438,1,18759287753131,18759307667957
10439,1,18759307673067,18759327717294
10440,1,18759327722488,18759347685217
10441,1,18759347690256,18759367712169
10442,1,18759367717205,18759387892481
10443,1,18759387897873,18759408055428
10444,1,18759408059950,18759427746898
10445,1,18759427752141,18759447769758
10446,1,18759447774889,18759467648121
10447,1,18759467652578,18759491856963
10448,1,18759491861939,18759511791329
10449,1,18759511797018,18759531569411
10450,1,18759531588924,18759551776636
10451,1,18759551781677,18759571881797
10452,1,18759571886854,18759591762207
10453,1,18759591766864,18759611983628
10454,1,18759611988089,18759632201055
10455,1,18759632205947,18759652142590
10456,1,18759652147450,18759671714521
10457,1,18759671720227,18759691851814
10458,1,18759691856451,18759711859259
10459,1,18759711864826,18759731812551
10460,1,18759731817301,18759751905152
10461,1,18759751910786,18759772015749
10462,1,18759772020978,18759791792231
10463,1,18759791797530,18759811973155
10464,1,18759811978001,18759831798433
10465,1,18759831821378,18759851775528
10466,1,18759851780285,18759872041983
10467,1,18759872049959,18759892043516
10468,1,18759892049337,18759915004786
10469,1,18759915010779,18759934645029
10470,1,18759934653712,18759951547050
10471,1,18759951551870,18759973611279
10472,1,18759973616453,18759991825758
10473,1,18759991830437,18760011877899
10474,1,18760011882882,18760031817673
10475,1,18760031823058,18760052066476
10476,1,18760052071847,18760071676942
10477,1,18760071682601,18760092168245
10478,1,18760092173648,18760111676198
10479,1,18760111680955,18760132341570
10480,1,18760132347064,18760151917640
10481,1,18760151923481,18760172130506
10482,1,18760172135309,18760191686925
10483,1,18760191692292,18760212796625
10484,1,18760212801294,18760235653711
10485,1,18760235658775,18760255613961
10486,1,18760255618225,18760278026112
10487,1,18760278094247,18760296199423
10488,1,18760296204202,18760315548507
10489,1,18760315553752,18760335832055
10490,1,18760335837419,18760355628935
10491,1,18760355633791,18760376089913
10492,1,18760376094697,18760395633133
10493,1,18760395637985,18760415824590
10494,1,18760415829726,18760435617858
10495,1,18760435622956,18760455677191
10496,1,18760455682767,18760475631881
10497,1,18760475636448,18760496777341
10498,1,18760496782787,18760517170785
10499,1,18760517177040,18760536168305
10500,1,18760536189522,18760557586827
10501,1,18760557593521,18760576070986
10502,1,18760576075525,18760596223314
10503,1,18760596228662,18760615905153
10504,1,18760615910274,18760636398609
10505,1,18760636403481,18760655940454
10506,1,18760655947452,18760677793686
10507,1,18760677799812,18760696707586
10508,1,18760696714491,18760715694119
10509,1,18760715698948,18760736134237
10510,1,18760736139276,18760756174330
10511,1,18760756179738,18760777574743
10512,1,18760777580165,18760795696284
10513,1,18760795701663,18760815705067
10514,1,18760815710269,18760835697490
10515,1,18760835702723,18760855830993
10516,1,18760855836304,18760875806002
10517,1,18760875811153,18760895797050
10518,1,18760895802124,18760915673265
10519,1,18760915678477,18760935724392
10520,1,18760935730165,18760955669555
10521,1,18760955674523,18760975913598
10522,1,18760975918314,18761000526434
10523,1,18761000530779,18761020591565
10524,1,18761020597305,18761040050623
10525,1,18761040057145,18761060213035
10526,1,18761060217719,18761079834804
10527,1,18761079840015,18761099742710
10528,1,18761099747482,18761119776691
10529,1,18761119781668,18761139656508
10530,1,18761139660656,18761160090164
10531,1,18761160094428,18761180072408
10532,1,18761180077520,18761199779315
10533,1,18761199784720,18761220027442
10534,1,18761220031757,18761239698943
10535,1,18761239703993,18761259825869
10536,1,18761259832233,18761279620027
10537,1,18761279625304,18761299899871
10538,1,18761299905146,18761319598394
10539,1,18761319603790,18761339804633
10540,1,18761339809821,18761359731023
10541,1,18761359737342,18761379824503
10542,1,18761379828784,18761399682264
10543,1,18761399686852,18761419823595
10544,1,18761419828720,18761439547078
10545,1,18761439551583,18761461099462
10546,1,18761461105738,18761480457189
10547,1,18761480463806,18761500033678
10548,1,18761500038322,18761520173731
10549,1,18761520179815,18761540256004
10550,1,18761540273727,18761559964855
10551,1,18761559985357,18761579758457
10552,1,18761579763413,18761599801368
10553,1,18761599806422,18761619853322
10554,1,18761619859127,18761639692636
10555,1,18761639697698,18761659932920
10556,1,18761659937837,18761679662482
10557,1,18761679667592,18761699720075
10558,1,18761699725230,18761719554390
10559,1,18761719559683,18761739574762
10560,1,18761739579911,18761763835817
10561,1,18761763840654,18761783864976
10562,1,18761783870458,18761803739083
10563,1,18761803744607,18761823827670
10564,1,18761823832586,18761843609451
10565,1,18761843615507,18761863894019
10566,1,18761863899171,18761884024313
10567,1,18761884035162,18761903957195
10568,1,18761903961847,18761923849988
10569,1,18761923855227,18761944672557
10570,1,18761944679263,18761964387782
10571,1,18761964393140,18761984677808
10572,1,18761984683113,18762003699522
10573,1,18762003704555,18762023770236
10574,1,18762023774949,18762043838662
10575,1,18762043843852,18762063932561
10576,1,18762063937467,18762083828411
10577,1,18762083833815,18762104035980
10578,1,18762104040109,18762123738553
10579,1,18762123744196,18762143569512
10580,1,18762143573926,18762163646499
10581,1,18762163651331,18762183774484
10582,1,18762183779215,18762203703660
10583,1,18762203708600,18762223683859
10584,1,18762223689180,18762243755241
10585,1,18762243760521,18762263759758
10586,1,18762263764819,18762284104226
10587,1,18762284110133,18762304227509
10588,1,18762304231853,18762323936156
10589,1,18762323941453,18762344106735
10590,1,18762344111937,18762364041757
10591,1,18762364089387,18762383934460
10592,1,18762383967066,18762403882905
10593,1,18762403888573,18762425714364
10594,1,18762425720122,18762443540457
10595,1,18762443544933,18762464340745
10596,1,18762464345960,18762484115896
10597,1,18762484120699,18762507640518
10598,1,18762507644819,18762527833565
10599,1,18762527838289,18762548142897
10600,1,18762548147648,18762567890337
10601,1,18762567895462,18762587922461
10602,1,18762587944606,18762607755472
10603,1,18762607760949,18762628066331
10604,1,18762628070941,18762647718975
10605,1,18762647724203,18762668105999
10606,1,18762668110455,18762687781493
10607,1,18762687786323,18762707902318
10608,1,18762707907694,18762727753322
10609,1,18762727758251,18762747899275
10610,1,18762747904334,18762767791953
10611,1,18762767796962,18762787848387
10612,1,18762787853194,18762807679396
10613,1,18762807683933,18762827823057
10614,1,18762827828439,18762847804562
10615,1,18762847809842,18762867761426
10616,1,18762867766250,18762887749254
10617,1,18762887754227,18762908064747
10618,1,18762908069399,18762927764360
10619,1,18762927769279,18762948215520
10620,1,18762948221193,18762967615004
10621,1,18762967619976,18762987956260
10622,1,18762987961605,18763007663041
10623,1,18763007668327,18763027875809
10624,1,18763027881054,18763047659431
10625,1,18763047664448,18763067601759
10626,1,18763067606475,18763087789063
10627,1,18763087793912,18763107804022
10628,1,18763107809577,18763127777776
10629,1,18763127783286,18763147789135
10630,1,18763147794229,18763167705206
10631,1,18763167709910,18763187809167
10632,1,18763187814599,18763207788887
10633,1,18763207793798,18763227933003
10634,1,18763227937970,18763247637479
10635,1,18763247660808,18763271912027
10636,1,18763271916481,18763291740338
10637,1,18763291744861,18763311571688
10638,1,18763311576663,18763331855973
10639,1,18763331861192,18763351595737
10640,1,18763351600664,18763371601889
10641,1,18763371607082,18763392168758
10642,1,18763392173470,18763411650291
10643,1,18763411655028,18763431806478
10644,1,18763431812040,18763451564601
10645,1,18763451570006,18763471857974
10646,1,18763471863635,18763491657851
10647,1,18763491663318,18763511670903
10648,1,18763511675605,18763531636958
10649,1,18763531642341,18763551538428
10650,1,18763551542863,18763571649416
10651,1,18763571654468,18763591617906
10652,1,18763591622194,18763611804325
10653,1,18763611810467,18763631677030
10654,1,18763631699596,18763651794641
10655,1,18763651799328,18763671584004
10656,1,18763671588869,18763691713723
10657,1,18763691719704,18763711782013
10658,1,18763711786931,18763731687555
10659,1,18763731692545,18763751819958
10660,1,18763751824651,18763771940549
10661,1,18763771946234,18763791797492
10662,1,18763791802593,18763811727807
10663,1,18763811732138,18763831887090
10664,1,18763831892448,18763851717301
10665,1,18763851722434,18763871801667
10666,1,18763871806737,18763891896924
10667,1,18763891902407,18763912106361
10668,1,18763912111163,18763931852985
10669,1,18763931858306,18763951854211
10670,1,18763951859613,18763971812041
10671,1,18763971817392,18763991846875
10672,1,18763991852502,18764011753255
10673,1,18764011758427,18764035971078
10674,1,18764035975678,18764055527954
10675,1,18764055533590,18764075854631
10676,1,18764075859522,18764095607847
10677,1,18764095613130,18764115728882
10678,1,18764115733819,18764135680702
10679,1,18764135685747,18764155715309
10680,1,18764155720288,18764175517437
10681,1,18764175522316,18764195731020
10682,1,18764195736474,18764215546390
10683,1,18764215551676,18764235557563
10684,1,18764235562012,18764255786841
10685,1,18764255792159,18764275932520
10686,1,18764275937784,18764295779107
10687,1,18764295784239,18764315704142
10688,1,18764315709914,18764335737634
10689,1,18764335742874,18764355759725
10690,1,18764355764590,18764375642132
10691,1,18764375647049,18764396279795
10692,1,18764396284471,18764415681072
10693,1,18764415686299,18764435821357
10694,1,18764435826643,18764455687401
10695,1,18764455692430,18764475753701
10696,1,18764475758822,18764495792238
10697,1,18764495797489,18764515850401
10698,1,18764515855661,18764535797987
10699,1,18764535803855,18764555894346
10700,1,18764555899683,18764575690316
10701,1,18764575695376,18764595860710
10702,1,18764595865744,18764615734908
10703,1,18764615743010,18764636053755
10704,1,18764636072160,18764655707946
10705,1,18764655712824,18764675699190
10706,1,18764675703311,18764695851092
10707,1,18764695856611,18764715880087
10708,1,18764715884456,18764735908298
10709,1,18764735913708,18764756735350
10710,1,18764756740840,18764779789808
10711,1,18764779794845,18764799820496
10712,1,18764799825833,18764819551740
10713,1,18764819556313,18764839823988
10714,1,18764839829256,18764859586139
10715,1,18764859593772,18764879622401
10716,1,18764879627482,18764899773292
10717,1,18764899778519,18764919990808
10718,1,18764919995486,18764939911493
10719,1,18764939917958,18764959534745
10720,1,18764959550997,18764979742657
10721,1,18764979748696,18764999746403
10722,1,18764999751073,18765019806384
10723,1,18765019811431,18765039725292
10724,1,18765039729962,18765059799108
10725,1,18765059806720,18765079546434
10726,1,18765079551362,18765099494491
10727,1,18765099498973,18765119829351
10728,1,18765119835260,18765139606695
10729,1,18765139612139,18765160161114
10730,1,18765160165582,18765179439607
10731,1,18765179444683,18765199789473
10732,1,18765199794402,18765219507100
10733,1,18765219512485,18765239556297
10734,1,18765239561508,18765259528082
10735,1,18765259533520,18765279617475
10736,1,18765279622332,18765299706634
10737,1,18765299711740,18765319672460
10738,1,18765319677567,18765339722321
10739,1,18765339727592,18765359926905
10740,1,18765359931836,18765379535246
10741,1,18765379540034,18765401022676
10742,1,18765401027951,18765419435015
10743,1,18765419440220,18765439746386
10744,1,18765439751636,18765459740507
10745,1,18765459749152,18765479620872
10746,1,18765479625947,18765499585352
10747,1,18765499590424,18765519573003
10748,1,18765519577064,18765543434022
10749,1,18765543439555,18765563538836
10750,1,18765563543905,18765583430969
10751,1,18765583436320,18765603616008
10752,1,18765603620739,18765623530876
10753,1,18765623535878,18765643622722
10754,1,18765643628315,18765663673661
10755,1,18765663693685,18765683819862
10756,1,18765683825674,18765703637823
10757,1,18765703642932,18765723553144
10758,1,18765723557732,18765743617139
10759,1,18765743622377,18765763715982
10760,1,18765763721074,18765783667543
10761,1,18765783672959,18765803612442
10762,1,18765803633215,18765823623391
10763,1,18765823629849,18765843718472
10764,1,18765843724235,18765863735386
10765,1,18765863740433,18765883758148
10766,1,18765883763009,18765906250545
10767,1,18765906256866,18765923815852
10768,1,18765923820429,18765944166420
10769,1,18765944173420,18765964137850
10770,1,18765964144229,18765983999908
10771,1,18765984034743,18766004281089
10772,1,18766004286331,18766023645007
10773,1,18766023649706,18766043584631
10774,1,18766043590257,18766063906109
10775,1,18766063911887,18766083637740
10776,1,18766083643181,18766103729666
10777,1,18766103740370,18766123830048
10778,1,18766123835854,18766143745390
10779,1,18766143750619,18766164103854
10780,1,18766164108235,18766183709442
10781,1,18766183714290,18766203825525
10782,1,18766203830499,18766223872123
10783,1,18766223877234,18766243847717
10784,1,18766243852217,18766263561503
10785,1,18766263565814,18766283806916
10786,1,18766283811766,18766307565682
10787,1,18766307570863,18766327840884
10788,1,18766327846200,18766347637215
10789,1,18766347642301,18766367755279
10790,1,18766367760040,18766387635753
10791,1,18766387640928,18766409294146
10792,1,18766409299003,18766427884422
10793,1,18766427889297,18766447962659
10794,1,18766447967328,18766467718296
10795,1,18766467723396,18766487791700
10796,1,18766487796580,18766507503941
10797,1,18766507508336,18766527935857
10798,1,18766527940460,18766547708856
10799,1,18766547713753,18766567814212
10800,1,18766567819066,18766587681617
10801,1,18766587686336,18766607629299
10802,1,18766607634834,18766627589354
10803,1,18766627594763,18766647595430
10804,1,18766647600691,18766667880662
10805,1,18766667904276,18766687826499
10806,1,18766687847654,18766707612079
10807,1,18766707617506,18766727797406
10808,1,18766727802543,18766747533815
10809,1,18766747559158,18766768125685
10810,1,18766768131187,18766788143478
10811,1,18766788150535,18766807926855
10812,1,18766807932217,18766827631335
10813,1,18766827636295,18766847735868
10814,1,18766847740725,18766867530220
10815,1,18766867535799,18766887595797
10816,1,18766887600522,18766907735759
10817,1,18766907740443,18766933766084
10818,1,18766933773032,18766951929030
10819,1,18766951935639,18766971576534
10820,1,18766971588703,18766989178945
10821,1,18766989184568,18767010689230
10822,1,18767010693867,18767028521327
10823,1,18767028526380,18767052726860
10824,1,18767052734815,18767073158924
10825,1,18767073165213,18767094103099
10826,1,18767094107605,18767113483073
10827,1,18767113487804,18767132429665
10828,1,18767132437372,18767152457272
10829,1,18767152462189,18767172028745
10830,1,18767172033743,18767191913817
10831,1,18767191918737,18767211925231
10832,1,18767211930321,18767231755619
10833,1,18767231760655,18767251816953
10834,1,18767251821974,18767271685641
10835,1,18767271690850,18767291805437
10836,1,18767291810357,18767311673992
10837,1,18767311679082,18767331718565
10838,1,18767331723606,18767351646876
10839,1,18767351652356,18767371771090
10840,1,18767371775989,18767391711104
10841,1,18767391716558,18767411868341
10842,1,18767411872881,18767432164469
10843,1,18767432170416,18767451792617
10844,1,18767451797671,18767471719379
10845,1,18767471724292,18767491716797
10846,1,18767491721657,18767511714646
10847,1,18767511720854,18767531739871
10848,1,18767531745167,18767552031867
10849,1,18767552036738,18767571968168
10850,1,18767571972513,18767591743578
10851,1,18767591748269,18767613632048
10852,1,18767613641917,18767633565963
10853,1,18767633580582,18767651725633
10854,1,18767651730523,18767672205983
10855,1,18767672210542,18767692295274
10856,1,18767692302785,18767713717598
10857,1,18767713722643,18767734276307
10858,1,18767734302903,18767751524153
10859,1,18767751530586,18767772248550
10860,1,18767772253105,18767791588783
10861,1,18767791592943,18767816170857
10862,1,18767816175916,18767835596046
10863,1,18767835601437,18767855894660
10864,1,18767855899897,18767875949820
10865,1,18767875954927,18767895922020
10866,1,18767895927201,18767915465137
10867,1,18767915469775,18767935783491
10868,1,18767935788763,18767955753510
10869,1,18767955758487,18767975692614
10870,1,18767975697902,18767995805525
10871,1,18767995810732,18768015617050
10872,1,18768015621878,18768035675017
10873,1,18768035679855,18768055717495
10874,1,18768055722738,18768075606716
10875,1,18768075611514,18768095843129
10876,1,18768095848073,18768115660046
10877,1,18768115665051,18768135990041
10878,1,18768135994970,18768156140482
10879,1,18768156146466,18768175892310
10880,1,18768175898196,18768195596577
10881,1,18768195601526,18768215730043
10882,1,18768215734856,18768235718124
10883,1,18768235723128,18768255657694
10884,1,18768255664577,18768275534693
10885,1,18768275539753,18768295746108
10886,1,18768295751565,18768315495873
10887,1,18768315501397,18768335626039
10888,1,18768335630355,18768358218199
10889,1,18768358225444,18768375860408
10890,1,18768375887810,18768395678209
10891,1,18768395683137,18768415506213
10892,1,18768415510421,18768435719372
10893,1,18768435725183,18768455811118
10894,1,18768455815683,18768475698258
10895,1,18768475703644,18768495745749
10896,1,18768495750590,18768515706189
10897,1,18768515710804,18768535743733
10898,1,18768535748061,18768555652697
10899,1,18768555657297,18768579731936
10900,1,18768579736785,18768599743255
10901,1,18768599748449,18768619748482
10902,1,18768619752870,18768639722634
10903,1,18768639727080,18768662481532
10904,1,18768662490049,18768682618488
10905,1,18768682624383,18768701562455
10906,1,18768701568729,18768722614802
10907,1,18768722621636,18768742177533
10908,1,18768742214590,18768762465442
10909,1,18768762472065,18768783166432
10910,1,18768783172824,18768803612498
10911,1,18768803619087,18768821662628
10912,1,18768821667456,18768841683199
10913,1,18768841690592,18768861482032
10914,1,18768861487215,18768880390797
10915,1,18768880395494,18768900428814
10916,1,18768900433524,18768919848398
10917,1,18768919862202,18768944221529
10918,1,18768944228160,18768963244706
10919,1,18768963251530,18768980230489
10920,1,18768980236568,18769003919739
10921,1,18769003925625,18769027129749
10922,1,18769027136394,18769039603757
10923,1,18769039608760,18769063156201
10924,1,18769063161901,18769082460628
10925,1,18769082466581,18769100469469
10926,1,18769100487694,18769121283481
10927,1,18769121288236,18769141929413
10928,1,18769141934939,18769162449750
10929,1,18769162457664,18769183571080
10930,1,18769183578926,18769200228144
10931,1,18769200233015,18769222567440
10932,1,18769222595188,18769243812788
10933,1,18769243819319,18769262798291
10934,1,18769262804874,18769280451923
10935,1,18769280457635,18769299819393
10936,1,18769299824038,18769324084050
10937,1,18769324089346,18769343905169
10938,1,18769343910824,18769363695895
10939,1,18769363701319,18769383849247
10940,1,18769383854249,18769403741724
10941,1,18769403746800,18769424126008
10942,1,18769424133571,18769443833814
10943,1,18769443839260,18769463813558
10944,1,18769463819172,18769483584969
10945,1,18769483589300,18769503788793
10946,1,18769503794303,18769523786052
10947,1,18769523791298,18769545945601
10948,1,18769545966123,18769564085985
10949,1,18769564090686,18769583601798
10950,1,18769583606414,18769603724226
10951,1,18769603729184,18769624068435
10952,1,18769624077215,18769643807551
10953,1,18769643812914,18769664347121
10954,1,18769664352129,18769683736699
10955,1,18769683741970,18769703883023
10956,1,18769703888433,18769723767269
10957,1,18769723772628,18769743743924
10958,1,18769743749207,18769763576188
10959,1,18769763598389,18769783716965
10960,1,18769783720973,18769803441562
10961,1,18769803445762,18769823893961
10962,1,18769823900202,18769843669550
10963,1,18769843674991,18769863746089
10964,1,18769863752738,18769883728747
10965,1,18769883738107,18769903830834
10966,1,18769903835892,18769923898660
10967,1,18769923904925,18769944302642
10968,1,18769944307535,18769964979279
10969,1,18769964984897,18769983388580
10970,1,18769983392651,18770003541908
10971,1,18770003582846,18770023606399
10972,1,18770023613429,18770043875212
10973,1,18770043880727,18770063794476
10974,1,18770063799175,18770087651032
10975,1,18770087674939,18770107763538
10976,1,18770107768340,18770127742824
10977,1,18770127747805,18770147695339
10978,1,18770147700571,18770167696557
10979,1,18770167701381,18770187825193
10980,1,18770187829924,18770208323064
10981,1,18770208329988,18770227923704
10982,1,18770227928658,18770247669725
10983,1,18770247674494,18770267854630
10984,1,18770267859688,18770287833213
10985,1,18770287838617,18770307845714
10986,1,18770307853162,18770327715831
10987,1,18770327721576,18770347815423
10988,1,18770347820786,18770367729696
10989,1,18770367734726,18770387821195
10990,1,18770387826230,18770407818584
10991,1,18770407824047,18770427891756
10992,1,18770427896987,18770447980441
10993,1,18770447986257,18770467654789
10994,1,18770467659143,18770487732188
10995,1,18770487737288,18770507863735
10996,1,18770507868738,18770527703719
10997,1,18770527727509,18770547668794
10998,1,18770547673821,18770568105723
10999,1,18770568110890,18770587570164
11000,1,18770587574718,18770608038152
11001,1,18770608043756,18770629172910
11002,1,18770629179020,18770647663429
11003,1,18770647667952,18770669112529
11004,1,18770669117436,18770687750347
11005,1,18770687755148,18770707890772
11006,1,18770707895782,18770727791722
11007,1,18770727797158,18770747864323
11008,1,18770747869788,18770767933962
11009,1,18770767938360,18770787891740
11010,1,18770787916964,18770807823311
11011,1,18770807829050,18770831801937
11012,1,18770831807256,18770851708822
11013,1,18770851713530,18770871831104
11014,1,18770871835781,18770891854783
11015,1,18770891861656,18770911626288
11016,1,18770911630577,18770931985629
11017,1,18770931990905,18770952030134
11018,1,18770952036759,18770971908055
11019,1,18770971913049,18770992301858
11020,1,18770992307558,18771011906287
11021,1,18771011911475,18771031815188
11022,1,18771031820713,18771051895111
11023,1,18771051899827,18771071959607
11024,1,18771071966133,18771091828466
11025,1,18771091833255,18771111763591
11026,1,18771111768731,18771131557936
11027,1,18771131562128,18771151945153
11028,1,18771151950066,18771172114011
11029,1,18771172118609,18771192197607
11030,1,18771192201778,18771212384491
11031,1,18771212389240,18771232210347
11032,1,18771232215087,18771251655247
11033,1,18771251659416,18771272065816
11034,1,18771272070656,18771291871466
11035,1,18771291876351,18771311682210
11036,1,18771311687093,18771331724833
11037,1,18771331730675,18771351897363
11038,1,18771351902235,18771371788026
11039,1,18771371793227,18771391944173
11040,1,18771391949125,18771411779836
11041,1,18771411785058,18771431914088
11042,1,18771431919409,18771452151137
11043,1,18771452155725,18771471987077
11044,1,18771471992730,18771491924852
11045,1,18771491929754,18771511926010
11046,1,18771511930747,18771531627761
11047,1,18771531633034,18771552142994
11048,1,18771552147511,18771571689038
11049,1,18771571694457,18771595964177
11050,1,18771595969834,18771615795729
11051,1,18771615800592,18771635990922
11052,1,18771635995584,18771655894266
11053,1,18771655899045,18771675969381
11054,1,18771675974233,18771695873554
11055,1,18771695878537,18771715975049
11056,1,18771715980676,18771735680892
11057,1,18771735686283,18771755960813
11058,1,18771755965409,18771775900243
11059,1,18771775905842,18771795920408
11060,1,18771795943198,18771815846198
11061,1,18771815851580,18771835920639
11062,1,18771835940546,18771855752511
11063,1,18771855757547,18771875960122
11064,1,18771875965324,18771895736184
11065,1,18771895741456,18771915895521
11066,1,18771915900293,18771935718973
11067,1,18771935724421,18771955764262
11068,1,18771955769009,18771975688254
11069,1,18771975693615,18771995870398
11070,1,18771995874998,18772015687465
11071,1,18772015692349,18772036048814
11072,1,18772036054019,18772056146464
11073,1,18772056151869,18772075834915
11074,1,18772075839593,18772095725420
11075,1,18772095730746,18772115771241
11076,1,18772115775913,18772135841615
11077,1,18772135846526,18772155902423
11078,1,18772155907326,18772175666200
11079,1,18772175670598,18772195805894
11080,1,18772195810902,18772215613769
11081,1,18772215618352,18772235852114
11082,1,18772235857046,18772255811531
11083,1,18772255816709,18772275909596
11084,1,18772275961231,18772295762228
11085,1,18772295767742,18772315785109
11086,1,18772315790592,18772335887716
11087,1,18772335892898,18772360158942
11088,1,18772360163470,18772379850989
11089,1,18772379855882,18772399651592
11090,1,18772399656707,18772420456901
11091,1,18772420462007,18772439966400
11092,1,18772439971181,18772459819132
11093,1,18772459827100,18772479857423
11094,1,18772479862319,18772499637967
11095,1,18772499642940,18772519962159
11096,1,18772519967790,18772539841455
11097,1,18772539846347,18772559973412
11098,1,18772559978366,18772579837318
11099,1,18772579842625,18772599928075
11100,1,18772599932795,18772619746172
11101,1,18772619751483,18772639887526
11102,1,18772639909624,18772659544171
11103,1,18772659548837,18772679552732
11104,1,18772679557069,18772700098060
11105,1,18772700103494,18772720016980
11106,1,18772720054248,18772739846634
11107,1,18772739851902,18772760085276
11108,1,18772760089543,18772779803087
11109,1,18772779808165,18772799836451
11110,1,18772799841291,18772819642898
11111,1,18772819648200,18772839648912
11112,1,18772839671428,18772859704649
11113,1,18772859713190,18772879849019
11114,1,18772879853991,18772899785745
11115,1,18772899790916,18772919869692
11116,1,18772919874684,18772939929126
11117,1,18772939934132,18772960171168
11118,1,18772960176493,18772979661103
11119,1,18772979666431,18772999879729
11120,1,18772999884614,18773020655446
11121,1,18773020663064,18773040155904
11122,1,18773040161178,18773059985794
11123,1,18773059991120,18773079947590
11124,1,18773079953098,18773103683662
11125,1,18773103688772,18773123760943
11126,1,18773123765821,18773143750015
11127,1,18773143755556,18773163942893
11128,1,18773163948130,18773183742061
11129,1,18773183747037,18773203954327
11130,1,18773203959399,18773223606215
11131,1,18773223612169,18773243734210
11132,1,18773243739664,18773263885463
11133,1,18773263890191,18773283721945
11134,1,18773283726798,18773303777078
11135,1,18773303781956,18773323810147
11136,1,18773323814957,18773343781886
11137,1,18773343787118,18773364283125
11138,1,18773364288359,18773384074834
11139,1,18773384081869,18773403765946
11140,1,18773403772979,18773424328223
11141,1,18773424340116,18773443823982
11142,1,18773443828085,18773463988702
11143,1,18773463993963,18773483870952
11144,1,18773483875639,18773503746219
11145,1,18773503768711,18773523929992
11146,1,18773523934854,18773543919238
11147,1,18773543924138,18773563734034
11148,1,18773563739275,18773583794108
11149,1,18773583799120,18773603935937
11150,1,18773603940886,18773623773468
11151,1,18773623778573,18773643800269
11152,1,18773643804961,18773663784935
11153,1,18773663790003,18773684154872
11154,1,18773684160455,18773703885413
11155,1,18773703891165,18773723810224
11156,1,18773723815766,18773743702990
11157,1,18773743708163,18773763799828
11158,1,18773763804673,18773783582607
11159,1,18773783587480,18773804026376
11160,1,18773804031522,18773823761999
11161,1,18773823766913,18773843684250
11162,1,18773843689551,18773867631103
11163,1,18773867651362,18773887941712
11164,1,18773887946789,18773907577257
11165,1,18773907582383,18773927847530
11166,1,18773927852388,18773948184732
11167,1,18773948189419,18773967811080
11168,1,18773967816234,18773987709764
11169,1,18773987714764,18774007618014
11170,1,18774007623021,18774027605863
11171,1,18774027611042,18774047841474
11172,1,18774047846415,18774067722818
11173,1,18774067728034,18774087903469
11174,1,18774087908342,18774107540766
11175,1,18774107546259,18774127747813
11176,1,18774127752431,18774147725761
11177,1,18774147730971,18774167770065
11178,1,18774167774946,18774187667769
11179,1,18774187672436,18774207789066
11180,1,18774207794034,18774227759590
11181,1,18774227764450,18774247775107
11182,1,18774247779798,18774267615054
11183,1,18774267620109,18774287772600
11184,1,18774287777539,18774307405859
11185,1,18774307411125,18774327702530
11186,1,18774327707316,18774347682249
11187,1,18774347687213,18774367749674
11188,1,18774367754596,18774387429606
11189,1,18774387435102,18774407766965
11190,1,18774407771725,18774427723279
11191,1,18774427729436,18774447875244
11192,1,18774447879910,18774467570525
11193,1,18774467575519,18774487852573
11194,1,18774487857566,18774507686082
11195,1,18774507691082,18774527602760
11196,1,18774527607283,18774547683328
11197,1,18774547688134,18774568079043
11198,1,18774568084010,18774587814397
11199,1,18774587818930,18774607793289
11200,1,18774607798735,18774631637443
11201,1,18774631642675,18774651903550
11202,1,18774651908859,18774671870501
11203,1,18774671876098,18774691685694
11204,1,18774691690075,18774711723746
11205,1,18774711728790,18774731598347
11206,1,18774731602951,18774751587952
11207,1,18774751593631,18774771698360
11208,1,18774771703499,18774791572936
11209,1,18774791578141,18774811819787
11210,1,18774811824526,18774831767608
11211,1,18774831773608,18774851860816
11212,1,18774851865863,18774871834515
11213,1,18774871839649,18774891724181
11214,1,18774891747012,18774911683188
11215,1,18774911688242,18774932524925
11216,1,18774932530303,18774951721083
11217,1,18774951726343,18774971730023
11218,1,18774971735722,18774991571260
11219,1,18774991576429,18775011873667
11220,1,18775011879078,18775031571611
11221,1,18775031576668,18775051920862
11222,1,18775051925638,18775071724102
11223,1,18775071729163,18775091890941
11224,1,18775091895648,18775111803558
11225,1,18775111808658,18775131615797
11226,1,18775131621087,18775151787909
11227,1,18775151792859,18775171776487
11228,1,18775171781539,18775192069267
11229,1,18775192074756,18775211913329
11230,1,18775211933412,18775231557645
11231,1,18775231562975,18775251746783
11232,1,18775251752038,18775272092119
11233,1,18775272097971,18775291810838
11234,1,18775291815455,18775311684609
11235,1,18775311689501,18775331708366
11236,1,18775331713543,18775351734266
11237,1,18775351739188,18775375832530
11238,1,18775375837701,18775395744704
11239,1,18775395749705,18775415680270
11240,1,18775415685767,18775436037133
11241,1,18775436042347,18775456031668
11242,1,18775456036677,18775475776380
11243,1,18775475782009,18775495818845
11244,1,18775495823612,18775515890085
11245,1,18775515897775,18775535850674
11246,1,18775535855703,18775555774437
11247,1,18775555779509,18775575895957
11248,1,18775575901474,18775595806182
11249,1,18775595811165,18775615933785
11250,1,18775615938992,18775635770485
11251,1,18775635775988,18775655572220
11252,1,18775655576672,18775675780883
11253,1,18775675785913,18775695971983
11254,1,18775695977099,18775715763126
11255,1,18775715768444,18775735737028
11256,1,18775735742203,18775755706043
11257,1,18775755711168,18775775742859
11258,1,18775775747666,18775795651799
11259,1,18775795656009,18775815784444
11260,1,18775815789655,18775835601358
11261,1,18775835606312,18775855785109
11262,1,18775855789835,18775875748465
11263,1,18775875753731,18775895871650
11264,1,18775895876447,18775915706016
11265,1,18775915711139,18775936964943
11266,1,18775936983185,18775955742710
11267,1,18775955747357,18775975791862
11268,1,18775975796923,18775995650331
11269,1,18775995656063,18776015800232
11270,1,18776015804968,18776035849106
11271,1,18776035854375,18776055782964
11272,1,18776055804217,18776075575937
11273,1,18776075580737,18776095711018
11274,1,18776095716295,18776115684357
11275,1,18776115689314,18776139739608
11276,1,18776139744462,18776159835945
11277,1,18776159843203,18776179801645
11278,1,18776179807372,18776199759108
11279,1,18776199767435,18776219839221
11280,1,18776219844027,18776239630124
11281,1,18776239634972,18776259764303
11282,1,18776259771777,18776279724276
11283,1,18776279729984,18776299894048
11284,1,18776299899051,18776319720661
11285,1,18776319725746,18776339920449
11286,1,18776339925444,18776359929408
11287,1,18776359934872,18776379710913
11288,1,18776379715900,18776399892415
11289,1,18776399897307,18776419771331
11290,1,18776419776729,18776439613837
11291,1,18776439618571,18776459790544
11292,1,18776459795822,18776479662644
11293,1,18776479667860,18776499743032
11294,1,18776499747923,18776519570671
11295,1,18776519576058,18776539611941
11296,1,18776539720097,18776559711712
11297,1,18776559719477,18776579731641
11298,1,18776579737298,18776599723494
11299,1,18776599728450,18776619712228
11300,1,18776619716826,18776639654814
11301,1,18776639659778,18776659651221
11302,1,18776659656478,18776679726812
11303,1,18776679732558,18776699977438
11304,1,18776699982430,18776719768886
11305,1,18776719774059,18776739901729
11306,1,18776739906562,18776759558760
11307,1,18776759564263,18776779481512
11308,1,18776779485731,18776799792799
11309,1,18776799797902,18776819764978
11310,1,18776819769655,18776839659808
11311,1,18776839665019,18776859903099
11312,1,18776859935112,18776879549416
11313,1,18776879554273,18776903723787
11314,1,18776903728601,18776923658583
11315,1,18776923680647,18776943845405
11316,1,18776943870222,18776963642511
11317,1,18776963647197,18776983774281
11318,1,18776983778851,18777003779862
11319,1,18777003784925,18777023839528
11320,1,18777023844499,18777043852529
11321,1,18777043857432,18777063691528
11322,1,18777063696254,18777083854521
11323,1,18777083864666,18777103780592
11324,1,18777103785866,18777123574416
11325,1,18777123579775,18777143665310
11326,1,18777143670018,18777163517863
11327,1,18777163523541,18777183731069
11328,1,18777183735980,18777203771245
11329,1,18777203776985,18777223897872
11330,1,18777223902601,18777243650024
11331,1,18777243655873,18777263696703
11332,1,18777263701954,18777283761253
11333,1,18777283766550,18777303929264
11334,1,18777303934401,18777323750204
11335,1,18777323755070,18777343850419
11336,1,18777343855170,18777363952792
11337,1,18777363957890,18777383943613
11338,1,18777383950640,18777403771311
11339,1,18777403777792,18777423735491
11340,1,18777423740421,18777443484958
11341,1,18777443489299,18777466222361
11342,1,18777466228249,18777483529460
11343,1,18777483534643,18777503867646
11344,1,18777503873103,18777523650160
11345,1,18777523654912,18777543624648
11346,1,18777543629742,18777563826990
11347,1,18777563831938,18777583668571
11348,1,18777583673453,18777603578917
11349,1,18777603584044,18777623758550
11350,1,18777623763975,18777647566236
11351,1,18777647571483,18777667825371
11352,1,18777667830635,18777687774705
11353,1,18777687780872,18777707700464
11354,1,18777707705066,18777727774675
11355,1,18777727779812,18777747714083
11356,1,18777747719152,18777767479447
11357,1,18777767484954,18777787591619
11358,1,18777787596729,18777807515937
11359,1,18777807522000,18777827663614
11360,1,18777827668524,18777847521994
11361,1,18777847527143,18777867601441
11362,1,18777867606933,18777887648472
11363,1,18777887653731,18777907753540
11364,1,18777907758318,18777927641158
11365,1,18777927646109,18777948679605
11366,1,18777948685927,18777967732626
11367,1,18777967802887,18777987897881
11368,1,18777987903164,18778007718964
11369,1,18778007723850,18778027924026
11370,1,18778027929508,18778047550962
11371,1,18778047555821,18778067592583
11372,1,18778067597576,18778087608172
11373,1,18778087613462,18778107700547
11374,1,18778107705625,18778127679683
11375,1,18778127684931,18778147753101
11376,1,18778147766509,18778167648219
11377,1,18778167653462,18778187858486
11378,1,18778187865322,18778207571532
11379,1,18778207576802,18778227792880
11380,1,18778227797512,18778247508614
11381,1,18778247513821,18778267703733
11382,1,18778267708748,18778287730565
11383,1,18778287735923,18778307688604
11384,1,18778307693156,18778327673259
11385,1,18778327678170,18778347740495
11386,1,18778347745717,18778367595619
11387,1,18778367601099,18778387735927
11388,1,18778387740705,18778414379150
11389,1,18778414386142,18778434422425
11390,1,18778434428254,18778451771783
11391,1,18778451776026,18778471489477
11392,1,18778471493925,18778491537272
11393,1,18778491542353,18778511717002
11394,1,18778511722021,18778531602662
11395,1,18778531607506,18778551833307
11396,1,18778551838525,18778571744056
11397,1,18778571749174,18778591835292
11398,1,18778591840188,18778611677394
11399,1,18778611682673,18778631627092
11400,1,18778631647882,18778651704624
11401,1,18778651710554,18778671759725
11402,1,18778671764490,18778691719832
11403,1,18778691725713,18778711729520
11404,1,18778711734751,18778731635168
11405,1,18778731640264,18778751614066
11406,1,18778751619013,18778771582142
11407,1,18778771587117,18778791711088
11408,1,18778791715988,18778811650128
11409,1,18778811654832,18778831810494
11410,1,18778831815380,18778851708673
11411,1,18778851713771,18778871709088
11412,1,18778871714086,18778891708680
11413,1,18778891714228,18778911767893
11414,1,18778911772756,18778931774362
11415,1,18778931779613,18778951832417
11416,1,18778951837179,18778972087782
11417,1,18778972093111,18778991932804
11418,1,18778991955447,18779011818461
11419,1,18779011823610,18779031808294
11420,1,18779031813019,18779051743086
11421,1,18779051747948,18779071867460
11422,1,18779071873071,18779091637986
11423,1,18779091643189,18779111872773
11424,1,18779111877616,18779131759564
11425,1,18779131765210,18779151881335
11426,1,18779151886735,18779175948758
11427,1,18779175954243,18779196420624
11428,1,18779196425809,18779215856500
11429,1,18779215862040,18779235924916
11430,1,18779235930176,18779255731463
11431,1,18779255736688,18779276208859
11432,1,18779276213252,18779295898555
11433,1,18779295904254,18779316031381
11434,1,18779316036504,18779336045615
11435,1,18779336050779,18779355914366
11436,1,18779355919809,18779375950754
11437,1,18779375956441,18779395942373
11438,1,18779395947479,18779415913973
11439,1,18779415919432,18779435961012
11440,1,18779435966830,18779455939040
11441,1,18779455944134,18779475964040
11442,1,18779475987990,18779495826761
11443,1,18779495831809,18779515972768
11444,1,18779515978421,18779535855166
11445,1,18779535860709,18779555812922
11446,1,18779555817985,18779575921923
11447,1,18779575927386,18779595965745
11448,1,18779595970543,18779615865730
11449,1,18779615870939,18779636051658
11450,1,18779636058702,18779655732973
11451,1,18779655738032,18779675958250
11452,1,18779675963156,18779697012649
11453,1,18779697019000,18779715801169
11454,1,18779715805479,18779735974784
11455,1,18779735980301,18779755765765
11456,1,18779755770925,18779775901479
11457,1,18779775906892,18779795854665
11458,1,18779795859477,18779815705967
11459,1,18779815710963,18779835986033
11460,1,18779835990952,18779855924526
11461,1,18779855930234,18779876058130
11462,1,18779876063729,18779895851662
11463,1,18779895856859,18779919920181
11464,1,18779919925776,18779939895621
11465,1,18779939900636,18779960258635
11466,1,18779960263608,18779979894281
11467,1,18779979900074,18779999997957
11468,1,18780000028066,18780022173399
11469,1,18780022179977,18780042462751
11470,1,18780042481476,18780059969543
11471,1,18780059977131,18780079902182
11472,1,18780079907012,18780099774615
11473,1,18780099779462,18780119857959
11474,1,18780119862835,18780139628148
11475,1,18780139633856,18780159980825
11476,1,18780159986076,18780179753710
11477,1,18780179758696,18780200317784
11478,1,18780200322086,18780219703670
11479,1,18780219708924,18780239869528
11480,1,18780239874801,18780259881448
11481,1,18780259886867,18780279725189
11482,1,18780279730432,18780299859130
11483,1,18780299863955,18780319850924
11484,1,18780319855993,18780339721953
11485,1,18780339744552,18780359848094
11486,1,18780359854022,18780379742488
11487,1,18780379747369,18780399689952
11488,1,18780399694693,18780419687969
11489,1,18780419693687,18780439795576
11490,1,18780439800278,18780459813220
11491,1,18780459821110,18780479798763
11492,1,18780479804492,18780499879135
11493,1,18780499884321,18780519967024
11494,1,18780519971557,18780539734979
11495,1,18780539739837,18780559984794
11496,1,18780559990486,18780579734396
11497,1,18780579739576,18780599671871
11498,1,18780599676813,18780619719938
11499,1,18780619725322,18780639756521
11500,1,18780639761771,18780659443642
11501,1,18780659448495,18780683737706
11502,1,18780683742475,18780703609476
11503,1,18780703614199,18780723709142
11504,1,18780723713658,18780743705008
11505,1,18780743710030,18780763718801
11506,1,18780763724558,18780783633720
11507,1,18780783639187,18780803746414
11508,1,18780803751156,18780823684351
11509,1,18780823689177,18780843753437
11510,1,18780843758331,18780863715732
11511,1,18780863721223,18780883714356
11512,1,18780883719668,18780903641225
11513,1,18780903646700,18780923698622
11514,1,18780923703844,18780943871281
11515,1,18780943876838,18780963810579
11516,1,18780963815306,18780983616072
11517,1,18780983621119,18781003625486
11518,1,18781003630555,18781023539088
11519,1,18781023544258,18781043641478
11520,1,18781043664050,18781063519507
11521,1,18781063524814,18781083617420
11522,1,18781083622088,18781103537185
11523,1,18781103543194,18781123651056
11524,1,18781123656303,18781143448297
11525,1,18781143453352,18781163601603
11526,1,18781163606525,18781183537191
11527,1,18781183542745,18781204096442
11528,1,18781204101251,18781223661782
11529,1,18781223667428,18781243715490
11530,1,18781243720308,18781263636407
11531,1,18781263641232,18781283860690
11532,1,18781283865471,18781303705750
11533,1,18781303711190,18781323713952
11534,1,18781323719006,18781343495434
11535,1,18781343500452,18781363688455
11536,1,18781363693628,18781383557677
11537,1,18781383563011,18781403777056
11538,1,18781403782911,18781423924269
11539,1,18781423929072,18781447818246
11540,1,18781447823540,18781467694174
11541,1,18781467699134,18781488161878
11542,1,18781488166639,18781507787039
11543,1,18781507792069,18781527886922
11544,1,18781527892157,18781547755029
11545,1,18781547759966,18781567852435
11546,1,18781567857335,18781587787023
11547,1,18781587792185,18781607841304
11548,1,18781607846458,18781627689758
11549,1,18781627695360,18781647837459
11550,1,18781647842174,18781667807132
11551,1,18781667812347,18781687814404
11552,1,18781687819668,18781707865064
11553,1,18781707870144,18781727918213
11554,1,18781727922865,18781747775504
11555,1,18781747780695,18781767823960
11556,1,18781767829693,18781787512794
11557,1,18781787517157,18781807760239
11558,1,18781807765203,18781827592394
11559,1,18781827597399,18781847703726
11560,1,18781847708920,18781867695075
11561,1,18781867700601,18781887808358
11562,1,18781887813456,18781907632583
11563,1,18781907638123,18781927692044
11564,1,18781927697549,18781947950496
11565,1,18781947955304,18781967883182
11566,1,18781967887793,18781987709255
11567,1,18781987714083,18782007920055
11568,1,18782007924961,18782027567276
11569,1,18782027572887,18782047615892
11570,1,18782047638477,18782067388290
11571,1,18782067408581,18782087578928
11572,1,18782087583942,18782107555752
11573,1,18782107561037,18782127729835
11574,1,18782127734709,18782147701863
11575,1,18782147707053,18782167743407
11576,1,18782167748394,18782191665256
11577,1,18782191670419,18782211440664
11578,1,18782211444989,18782231719618
11579,1,18782231724868,18782251728809
11580,1,18782251734297,18782271594450
11581,1,18782271599484,18782291757848
11582,1,18782291763307,18782311644596
11583,1,18782311650303,18782331683022
11584,1,18782331687508,18782351532465
11585,1,18782351537517,18782371688109
11586,1,18782371693047,18782391602082
11587,1,18782391607377,18782411735034
11588,1,18782411740231,18782431463894
11589,1,18782431468280,18782451808077
11590,1,18782451812684,18782473173468
11591,1,18782473179103,18782491974125
11592,1,18782491979495,18782511712952
11593,1,18782511717930,18782531785496
11594,1,18782531790723,18782551571894
11595,1,18782551577027,18782571642809
11596,1,18782571647632,18782591521749
11597,1,18782591526982,18782611682213
11598,1,18782611687265,18782631561044
11599,1,18782631566561,18782651852873
11600,1,18782651857894,18782671694241
11601,1,18782671699571,18782691710507
11602,1,18782691715531,18782711512237
11603,1,18782711517093,18782731894875
11604,1,18782731900083,18782751636410
11605,1,18782751641410,18782771793779
11606,1,18782771798907,18782791708298
11607,1,18782791713329,18782811961187
11608,1,18782811966117,18782831602771
11609,1,18782831607760,18782851841709
11610,1,18782851846504,18782871715026
11611,1,18782871720437,18782891775541
11612,1,18782891798065,18782911600259
11613,1,18782911605179,18782931833546
11614,1,18782931838281,18782955536303
11615,1,18782955544153,18782975796481
11616,1,18782975801534,18782995803676
11617,1,18782995808713,18783015647534
11618,1,18783015652823,18783035672837
11619,1,18783035677766,18783055729252
11620,1,18783055734624,18783075808216
11621,1,18783075813122,18783095751335
11622,1,18783095773610,18783115513676
11623,1,18783115519166,18783135780254
11624,1,18783135784910,18783155729418
11625,1,18783155734793,18783175787464
11626,1,18783175792486,18783195686380
11627,1,18783195692226,18783215573011
11628,1,18783215577431,18783235674640
11629,1,18783235679679,18783255709680
11630,1,18783255714716,18783275761358
11631,1,18783275766113,18783295906861
11632,1,18783295911717,18783315707994
11633,1,18783315712831,18783335761497
11634,1,18783335766062,18783355649980
11635,1,18783355655418,18783375827420
11636,1,18783375832203,18783395818819
11637,1,18783395823834,18783415610909
11638,1,18783415616015,18783435762007
11639,1,18783435766984,18783455763559
11640,1,18783455772168,18783475635536
11641,1,18783475640085,18783495955488
11642,1,18783495960762,18783515807128
11643,1,18783515812494,18783536387492
11644,1,18783536393127,18783555709832
11645,1,18783555715005,18783575996822
11646,1,18783576020489,18783595651769
11647,1,18783595657390,18783615834276
11648,1,18783615838961,18783635718526
11649,1,18783635724012,18783655681035
11650,1,18783655685206,18783675614879
11651,1,18783675619925,18783695832171
11652,1,18783695837420,18783719752205
11653,1,18783719757102,18783739888790
11654,1,18783739894191,18783759868873
11655,1,18783759891776,18783779785253
11656,1,18783779790301,18783799715635
11657,1,18783799721194,18783819740753
11658,1,18783819745924,18783839552188
11659,1,18783839557600,18783859842284
11660,1,18783859851903,18783879574939
11661,1,18783879580250,18783899856348
11662,1,18783899861101,18783919641833
11663,1,18783919647199,18783939872435
11664,1,18783939877752,18783960349488
11665,1,18783960355292,18783979872824
11666,1,18783979877812,18784000976441
11667,1,18784000983480,18784019843217
11668,1,18784019847760,18784039654858
11669,1,18784039659202,18784060317143
11670,1,18784060366334,18784081817696
11671,1,18784081826270,18784102966775
11672,1,18784102979430,18784119480312
11673,1,18784119486569,18784139848495
11674,1,18784139869222,18784160041541
11675,1,18784160049860,18784179919164
11676,1,18784179923660,18784199807468
11677,1,18784199812875,18784221905786
11678,1,18784221911743,18784239954633
11679,1,18784239959381,18784260081476
11680,1,18784260088160,18784279848045
11681,1,18784279853382,18784299822287
11682,1,18784299827059,18784319521758
11683,1,18784319526802,18784339665574
11684,1,18784339670450,18784359591196
11685,1,18784359598688,18784381005974
11686,1,18784381020195,18784400081285
11687,1,18784400086475,18784419525007
11688,1,18784419530294,18784439774885
11689,1,18784439779583,18784464962883
11690,1,18784464968148,18784483705093
11691,1,18784483710100,18784503859250
11692,1,18784503864379,18784523719005
11693,1,18784523724066,18784543893299
11694,1,18784543898001,18784563806328
11695,1,18784563811447,18784583816833
11696,1,18784583822024,18784604760245
11697,1,18784604764745,18784624027159
11698,1,18784624034305,18784645631508
11699,1,18784645636205,18784666023745
11700,1,18784666044390,18784687265467
11701,1,18784687273113,18784704734816
11702,1,18784704739974,18784728579416
11703,1,18784728584236,18784744772242
11704,1,18784744796661,18784766777023
11705,1,18784766783991,18784785824304
11706,1,18784785829058,18784803689802
11707,1,18784803696595,18784823765039
11708,1,18784823769564,18784845397876
11709,1,18784845402463,18784864329702
11710,1,18784864334256,18784886242691
11711,1,18784886248698,18784903824555
11712,1,18784903828738,18784923709830
11713,1,18784923715238,18784944097890
11714,1,18784944102975,18784964038119
11715,1,18784964044712,18784983857425
11716,1,18784983862162,18785004119843
11717,1,18785004124624,18785023933879
11718,1,18785023938632,18785043907106
11719,1,18785043911950,18785064071599
11720,1,18785064076156,18785083640959
11721,1,18785083645746,18785103970079
11722,1,18785103975221,18785123765643
11723,1,18785123770589,18785143868018
11724,1,18785143891789,18785163867239
11725,1,18785163873598,18785183744878
11726,1,18785183749496,18785203806947
11727,1,18785203812326,18785228279751
11728,1,18785228284922,18785247868436
11729,1,18785247872794,18785267991261
11730,1,18785267996064,18785287682391
11731,1,18785287687450,18785307725945
11732,1,18785307731288,18785327796247
11733,1,18785327801602,18785348406435
11734,1,18785348412248,18785367387655
11735,1,18785367391969,18785387618065
11736,1,18785387622804,18785407600066
11737,1,18785407605161,18785429484576
11738,1,18785429489725,18785448769076
11739,1,18785448774136,18785468672099
11740,1,18785468697747,18785487564744
11741,1,18785487587032,18785507744299
11742,1,18785507748993,18785529700050
11743,1,18785529706974,18785548381113
11744,1,18785548394103,18785569665649
11745,1,18785569670463,18785587838440
11746,1,18785587843273,18785607513416
11747,1,18785607550842,18785627847696
11748,1,18785627853007,18785647493730
11749,1,18785647498855,18785667921425
11750,1,18785667926203,18785687688213
11751,1,18785687693052,18785707763051
11752,1,18785707768592,18785727693349
11753,1,18785727713076,18785747854765
11754,1,18785747858986,18785767742650
11755,1,18785767747583,18785788343340
11756,1,18785788349825,18785807754049
11757,1,18785807759376,18785827963834
11758,1,18785827968968,18785847765276
11759,1,18785847770347,18785867900981
11760,1,18785867906328,18785887631771
11761,1,18785887635982,18785907798647
11762,1,18785907804241,18785928619164
11763,1,18785928624243,18785947928628
11764,1,18785947933197,18785968355853
11765,1,18785968360992,18785991733648
11766,1,18785991738698,18786011785240
11767,1,18786011790843,18786031713544
11768,1,18786031718318,18786051516387
11769,1,18786051521233,18786071564098
11770,1,18786071568205,18786091660662
11771,1,18786091667195,18786112215018
11772,1,18786112219551,18786131963321
11773,1,18786131968484,18786151532720
11774,1,18786151537022,18786171603584
11775,1,18786171626673,18786191792333
11776,1,18786191797757,18786212084049
11777,1,18786212089286,18786231485526
11778,1,18786231489943,18786251492641
11779,1,18786251496866,18786271653460
11780,1,18786271658856,18786291855814
11781,1,18786291860721,18786312080892
11782,1,18786312099506,18786331676352
11783,1,18786331681137,18786351664309
11784,1,18786351669001,18786371553758
11785,1,18786371603896,18786392057158
11786,1,18786392063165,18786412660452
11787,1,18786412666389,18786431711481
11788,1,18786431716123,18786451563863
11789,1,18786451571042,18786472947107
11790,1,18786472952079,18786492132718
11791,1,18786492140288,18786512228829
11792,1,18786512234434,18786532959596
11793,1,18786532967567,18786552999251
11794,1,18786553005722,18786573536447
11795,1,18786573544060,18786594076467
11796,1,18786594082980,18786613585860
11797,1,18786613591090,18786634333720
11798,1,18786634358358,18786653061086
11799,1,18786653065646,18786673406828
11800,1,18786673414685,18786693487056
11801,1,18786693491831,18786714825856
11802,1,18786714874459,18786736065055
11803,1,18786736070421,18786755643761
11804,1,18786755648512,18786777175194
11805,1,18786777180034,18786798782171
11806,1,18786798790769,18786817543489
11807,1,18786817554755,18786835946933
11808,1,18786835951741,18786856899756
11809,1,18786856905558,18786877160562
11810,1,18786877165584,18786897203642
11811,1,18786897209882,18786917025967
11812,1,18786917032929,18786936135756
11813,1,18786936140540,18786955848288
11814,1,18786955852728,18786978369629
11815,1,18786978375342,18786996206478
11816,1,18786996211351,18787017773754
11817,1,18787017780016,18787038715654
11818,1,18787038721781,18787058930219
11819,1,18787058943489,18787078846317
11820,1,18787078853142,18787098696497
11821,1,18787098725094,18787119449257
11822,1,18787119455711,18787138231553
11823,1,18787138238475,18787160586322
11824,1,18787160596112,18787179433934
11825,1,18787179453342,18787197219928
11826,1,18787197243899,18787217426572
11827,1,18787217431742,18787236109680
11828,1,18787236115813,18787257069098
11829,1,18787257085365,18787280335488
11830,1,18787280342289,18787300642323
11831,1,18787300648290,18787318021689
11832,1,18787318028915,18787338095763
11833,1,18787338102426,18787358521572
11834,1,18787358529626,18787378924958
11835,1,18787378932410,18787399212055
11836,1,18787399217115,18787418629367
11837,1,18787418638113,18787437179168
11838,1,18787437186253,18787457650295
11839,1,18787457657877,18787480332418
11840,1,18787480343135,18787509092671
11841,1,18787509101083,18787528199557
11842,1,18787528207630,18787547627894
11843,1,18787547634389,18787564594256
11844,1,18787564614750,18787583900096
11845,1,18787583906188,18787602977269
11846,1,18787602983954,18787622834096
11847,1,18787622841008,18787643535876
11848,1,18787643566538,18787664604517
11849,1,18787664613645,18787682765999
11850,1,18787682772290,18787702429081
11851,1,18787702435276,18787722304418
11852,1,18787722311192,18787743171570
11853,1,18787743179429,18787764307134
11854,1,18787764317832,18787783252047
11855,1,18787783258653,18787802618714
11856,1,18787802624579,18787822346343
11857,1,18787822354176,18787842361791
11858,1,18787842368207,18787864195966
11859,1,18787864213070,18787882425162
11860,1,18787882432562,18787901457945
11861,1,18787901463176,18787921043838
11862,1,18787921049432,18787942680601
11863,1,18787942687154,18787962313756
11864,1,18787962321481,18787981143708
11865,1,18787981150596,18788002820173
11866,1,18788002829264,18788021711086
11867,1,18788021717882,18788041504673
11868,1,18788041510873,18788060646869
11869,1,18788060652755,18788082548904
11870,1,18788082557860,18788102254351
11871,1,18788102259977,18788120650250
11872,1,18788120655152,18788139468573
11873,1,18788139473594,18788159700567
11874,1,18788159707107,18788180134055
11875,1,18788180141300,18788201839010
11876,1,18788201846809,18788219794480
11877,1,18788219800040,18788241777925
11878,1,18788241833784,18788268409568
11879,1,18788268416463,18788285797633
11880,1,18788285802761,18788303763253
11881,1,18788303768029,18788325872820
11882,1,18788325880334,18788348819194
11883,1,18788348835175,18788366704633
11884,1,18788366711205,18788385009116
11885,1,18788385013790,18788403666186
11886,1,18788403670464,18788425675811
11887,1,18788425703046,18788447070883
11888,1,18788447081800,18788468105106
11889,1,18788468112339,18788484710253
11890,1,18788484716311,18788503815691
11891,1,18788503821009,18788527817397
11892,1,18788527823196,18788545465586
11893,1,18788545470229,18788563774480
11894,1,18788563779252,18788583949296
11895,1,18788583954387,18788603802173
11896,1,18788603807078,18788625734758
11897,1,18788625741498,18788644345589
11898,1,18788644351147,18788664144700
11899,1,18788664149474,18788683759146
11900,1,18788683763715,18788703881704
11901,1,18788703886948,18788725750795
11902,1,18788725756605,18788746848195
11903,1,18788746853367,18788764285106
11904,1,18788764289417,18788783689504
11905,1,18788783694652,18788803736207
11906,1,18788803741379,18788825437768
11907,1,18788825443415,18788845129933
11908,1,18788845138509,18788864841747
11909,1,18788864847660,18788884095468
11910,1,18788884114848,18788903686145
11911,1,18788903691324,18788925589869
11912,1,18788925594579,18788945133322
11913,1,18788945140102,18788963737658
11914,1,18788963741957,18788984540339
11915,1,18788984544949,18789011145891
11916,1,18789011157601,18789030125274
11917,1,18789030129893,18789048333163
11918,1,18789048338700,18789068091909
11919,1,18789068096621,18789088306277
11920,1,18789088314317,18789108251868
11921,1,18789108262009,18789129780710
11922,1,18789129785578,18789150500850
11923,1,18789150513295,18789167997166
11924,1,18789168017081,18789189660035
11925,1,18789189668380,18789208731568
11926,1,18789208737856,18789229720562
11927,1,18789229730166,18789248638875
11928,1,18789248658961,18789267368726
11929,1,18789267373332,18789287843638
11930,1,18789287849309,18789308562009
11931,1,18789308568158,18789329593892
11932,1,18789329598272,18789348589238
11933,1,18789348593816,18789367445004
11934,1,18789367449501,18789387710851
11935,1,18789387716234,18789408421746
11936,1,18789408426790,18789429167015
11937,1,18789429173488,18789448908506
11938,1,18789448913196,18789467370737
11939,1,18789467375588,18789488308284
11940,1,18789488324045,18789508380858
11941,1,18789508385613,18789529570271
11942,1,18789529574814,18789549310242
11943,1,18789549318844,18789567543562
11944,1,18789567548063,18789588036264
11945,1,18789588053201,18789608224741
11946,1,18789608231518,18789628893688
11947,1,18789628899577,18789648292079
11948,1,18789648296858,18789667696650
11949,1,18789667701226,18789688358357
11950,1,18789688362807,18789709049877
11951,1,18789709055520,18789729186802
11952,1,18789729207361,18789748233189
11953,1,18789748239418,18789774753401
11954,1,18789774759733,18789794313907
11955,1,18789794320582,18789813046837
11956,1,18789813053012,18789831720806
11957,1,18789831725641,18789851938510
11958,1,18789851943123,18789872058047
11959,1,18789872066051,18789894130744
11960,1,18789894135856,18789913330533
11961,1,18789913336297,18789931569414
11962,1,18789931573938,18789952598777
11963,1,18789952603372,18789972196066
11964,1,18789972204451,18789993709555
11965,1,18789993714265,18790013697311
11966,1,18790013703703,18790031742600
11967,1,18790031747473,18790051982405
11968,1,18790052023253,18790072803873
11969,1,18790072811920,18790094314552
11970,1,18790094320604,18790112607394
11971,1,18790112613477,18790131624534
11972,1,18790131629107,18790151736760
11973,1,18790151741216,18790172669449
11974,1,18790172675570,18790194337770
11975,1,18790194342820,18790213372596
11976,1,18790213378672,18790231421448
11977,1,18790231427066,18790251751532
11978,1,18790251756274,18790273020611
11979,1,18790273126438,18790293870035
11980,1,18790293874798,18790313306498
11981,1,18790313311966,18790331363298
11982,1,18790331367701,18790351905701
11983,1,18790351910101,18790371722087
11984,1,18790371728270,18790393694650
11985,1,18790393699468,18790413343934
11986,1,18790413350918,18790431526226
11987,1,18790431533812,18790451749691
11988,1,18790451754599,18790472300630
11989,1,18790472306880,18790493971004
11990,1,18790493976863,18790512749833
11991,1,18790512755040,18790535749140
11992,1,18790535753967,18790557380336
11993,1,18790557387086,18790577148462
11994,1,18790577154477,18790596118063
11995,1,18790596136655,18790615703370
11996,1,18790615708639,18790636239154
11997,1,18790636246053,18790657512942
11998,1,18790657517797,18790676827823
11999,1,18790676833066,18790695578143
12000,1,18790695582878,18790715744002
12001,1,18790715748420,18790737686882
12002,1,18790737710519,18790757652397
12003,1,18790757657342,18790777380410
12004,1,18790777388769,18790795521962
12005,1,18790795526722,18790816409272
12006,1,18790816415662,18790845378893
12007,1,18790845386775,18790863402939
12008,1,18790863410008,18790884239931
12009,1,18790884260676,18790896788346
12010,1,18790896793302,18790917781799
12011,1,18790917786957,18790936141450
12012,1,18790936148523,18790957693505
12013,1,18790957702823,18790976652685
12014,1,18790976657514,18790999153279
12015,1,18790999171790,18791015696015
12016,1,18791015700875,18791035751532
12017,1,18791035756121,18791056615837
12018,1,18791056621378,18791077285910
12019,1,18791077291096,18791096029050
12020,1,18791096033822,18791115488950
12021,1,18791115493376,18791135546842
12022,1,18791135551033,18791158895782
12023,1,18791158902445,18791177828580
12024,1,18791177832846,18791196122189
12025,1,18791196127339,18791216514852
12026,1,18791216520032,18791235543871
12027,1,18791235548626,18791257802907
12028,1,18791257809021,18791281737454
12029,1,18791281742317,18791299759602
12030,1,18791299780267,18791319862912
12031,1,18791319867957,18791341830488
12032,1,18791341836310,18791361714053
12033,1,18791361720178,18791380210495
12034,1,18791380214950,18791399895811
12035,1,18791399901013,18791420706156
12036,1,18791420715341,18791441864617
12037,1,18791441868948,18791461121814
12038,1,18791461126840,18791479562486
12039,1,18791479566811,18791499981415
12040,1,18791499986026,18791521013816
12041,1,18791521020610,18791541035945
12042,1,18791541040597,18791560312793
12043,1,18791560322843,18791579375718
12044,1,18791579380293,18791599489848
12045,1,18791599494808,18791620156847
12046,1,18791620163662,18791641284157
12047,1,18791641288831,18791661169601
12048,1,18791661174007,18791679573272
12049,1,18791679578630,18791699781799
12050,1,18791699786192,18791720358536
12051,1,18791720363316,18791743289011
12052,1,18791743295605,18791761025096
12053,1,18791761062080,18791779773467
12054,1,18791779780533,18791801829658
12055,1,18791801836448,18791819863228
12056,1,18791819869605,18791842178293
12057,1,18791842184959,18791861847398
12058,1,18791861853379,18791879478602
12059,1,18791879483535,18791900134465
12060,1,18791900138941,18791919943772
12061,1,18791919950601,18791941909058
12062,1,18791941915435,18791961807262
12063,1,18791961815038,18791979593868
12064,1,18791979598339,18792000617627
12065,1,18792000622280,18792019663984
12066,1,18792019669132,18792044683643
12067,1,18792044688135,18792066517193
12068,1,18792066522450,18792087217959
12069,1,18792087227375,18792106381767
12070,1,18792106402698,18792126265448
12071,1,18792126276111,18792145609071
12072,1,18792145613798,18792164275687
12073,1,18792164280231,18792183805848
12074,1,18792183809946,18792206159444
12075,1,18792206166176,18792224997171
12076,1,18792225003087,18792245653943
12077,1,18792245660611,18792264611860
12078,1,18792264617540,18792285595938
12079,1,18792285603459,18792308239049
12080,1,18792308261262,18792325043883
12081,1,18792325050385,18792348352080
12082,1,18792348377697,18792364728747
12083,1,18792364734379,18792383715773
12084,1,18792383720144,18792406178651
12085,1,18792406183957,18792426592813
12086,1,18792426608516,18792445268368
12087,1,18792445273245,18792464238128
12088,1,18792464242715,18792483495234
12089,1,18792483500876,18792505934262
12090,1,18792505942167,18792525807759
12091,1,18792525813159,18792545025650
12092,1,18792545030447,18792563957875
12093,1,18792563962769,18792583882996
12094,1,18792583887688,18792606167526
12095,1,18792606173303,18792626385443
12096,1,18792626392885,18792644815548
12097,1,18792644820037,18792664594005
12098,1,18792664598715,18792683778344
12099,1,18792683782799,18792705917910
12100,1,18792705925654,18792726456401
12101,1,18792726467770,18792744918611
12102,1,18792744923922,18792764222469
12103,1,18792764226966,18792788486499
12104,1,18792788492380,18792811413623
12105,1,18792811418811,18792828530309
12106,1,18792828535012,18792847736134
12107,1,18792847741111,18792869540437
12108,1,18792869547948,18792890351514
12109,1,18792890404693,18792911942936
12110,1,18792911949027,18792929100883
12111,1,18792929105745,18792948058272
12112,1,18792948063323,18792967975487
12113,1,18792967983152,18792990161689
12114,1,18792990170926,18793010798664
12115,1,18793010804380,18793028487345
12116,1,18793028491833,18793047575607
12117,1,18793047579896,18793068136405
12118,1,18793068146310,18793089774945
12119,1,18793089784488,18793109008656
12120,1,18793109013277,18793128921553
12121,1,18793128926986,18793147951437
12122,1,18793147975186,18793168480030
12123,1,18793168497360,18793190382877
12124,1,18793190396032,18793208625809
12125,1,18793208630643,18793228432861
12126,1,18793228436985,18793248094567
12127,1,18793248100075,18793269008177
12128,1,18793269014942,18793290434681
12129,1,18793290440428,18793310213528
12130,1,18793310218812,18793328459387
12131,1,18793328464551,18793349638672
12132,1,18793349658261,18793368216466
12133,1,18793368232185,18793389194735
12134,1,18793389199430,18793411201758
12135,1,18793411208303,18793430309671
12136,1,18793430314963,18793449068698
12137,1,18793449074497,18793469441679
12138,1,18793469450242,18793489700560
12139,1,18793489705859,18793511804387
12140,1,18793511810448,18793529122194
12141,1,18793529130458,18793553894578
12142,1,18793553917749,18793577867002
12143,1,18793577874385,18793594212589
12144,1,18793594219521,18793620281322
12145,1,18793620312300,18793635719522
12146,1,18793635726985,18793654729539
12147,1,18793654737503,18793676686511
12148,1,18793676694046,18793695639483
12149,1,18793695646061,18793713445401
12150,1,18793713452270,18793733040302
12151,1,18793733047187,18793754749793
12152,1,18793754757668,18793775689100
12153,1,18793775695607,18793795084695
12154,1,18793795090787,18793812833706
12155,1,18793812838625,18793832301614
12156,1,18793832306870,18793855349118
12157,1,18793855356520,18793876047892
12158,1,18793876054848,18793894388030
12159,1,18793894392861,18793913766753
12160,1,18793913772309,18793932157027
12161,1,18793932163043,18793954712832
12162,1,18793954718254,18793975467483
12163,1,18793975474860,18793994720320
12164,1,18793994725492,18794015634154
12165,1,18794015654025,18794035894328
12166,1,18794035901240,18794056379813
12167,1,18794056387794,18794074749501
12168,1,18794074757451,18794095677451
12169,1,18794095691470,18794116109395
12170,1,18794116118002,18794133722514
12171,1,18794133734993,18794156320849
12172,1,18794156326603,18794175741387
12173,1,18794175751352,18794195324615
12174,1,18794195332484,18794213913470
12175,1,18794213917945,18794231805624
12176,1,18794231810335,18794254168862
12177,1,18794254175779,18794275261455
12178,1,18794275266428,18794293647606
12179,1,18794293652533,18794315812043
12180,1,18794315816894,18794337576973
12181,1,18794337584450,18794358510810
12182,1,18794358516167,18794376966623
12183,1,18794376986996,18794395988009
12184,1,18794395992890,18794415555430
12185,1,18794415560264,18794437262687
12186,1,18794437269923,18794458232927
12187,1,18794458238606,18794478804529
12188,1,18794478812550,18794497423478
12189,1,18794497428961,18794515682464
12190,1,18794515687014,18794537998282
12191,1,18794538015238,18794559431948
12192,1,18794559439396,18794576735488
12193,1,18794576741557,18794596151148
12194,1,18794596155931,18794615542942
12195,1,18794615547813,18794637530414
12196,1,18794637537840,18794658290072
12197,1,18794658295041,18794676774290
12198,1,18794676781059,18794696935963
12199,1,18794696941204,18794717689983
12200,1,18794717697179,18794737640205
12201,1,18794737646979,18794758741313
12202,1,18794758751264,18794776747980
12203,1,18794776752576,18794796149700
12204,1,18794796155322,18794817563098
12205,1,18794817597124,18794837317528
12206,1,18794837322348,18794856334388
12207,1,18794856339444,18794875720356
12208,1,18794875725216,18794895705282
12209,1,18794895710254,18794916348609
12210,1,18794916353711,18794936737979
12211,1,18794936743926,18794956719760
12212,1,18794956724911,18794975863727
12213,1,18794975868562,18794995948992
12214,1,18794995953611,18795016058931
12215,1,18795016064653,18795035887480
12216,1,18795035893013,18795060094230
12217,1,18795060099895,18795080488879
12218,1,18795080494377,18795099947427
12219,1,18795099952795,18795120689719
12220,1,18795120695567,18795140264669
12221,1,18795140269592,18795160959001
12222,1,18795160964550,18795179923065
12223,1,18795179928262,18795199819803
12224,1,18795199824547,18795219731539
12225,1,18795219737210,18795239823205
12226,1,18795239837791,18795260678568
12227,1,18795260683645,18795279911996
12228,1,18795279917262,18795300071404
12229,1,18795300077404,18795319842304
12230,1,18795319847075,18795339942370
12231,1,18795339947689,18795359912489
12232,1,18795359918114,18795379761441
12233,1,18795379767256,18795399641778
12234,1,18795399660170,18795419836937
12235,1,18795419841766,18795439949329
12236,1,18795439954285,18795459635769
12237,1,18795459641967,18795479722088
12238,1,18795479727687,18795499665164
12239,1,18795499670166,18795519780287
12240,1,18795519785330,18795539857079
12241,1,18795539862606,18795559850119
12242,1,18795559855616,18795579885328
12243,1,18795579891121,18795600785101
12244,1,18795600790538,18795620621705
12245,1,18795620626750,18795639812844
12246,1,18795639818097,18795659629023
12247,1,18795659635448,18795679644900
12248,1,18795679650295,18795699632323
12249,1,18795699637494,18795719760135
12250,1,18795719783539,18795739833210
12251,1,18795739838231,18795760410771
12252,1,18795760415455,18795779835259
12253,1,18795779840140,18795800898367
12254,1,18795800905650,18795823780630
12255,1,18795823785326,18795843594838
12256,1,18795843599673,18795863554094
12257,1,18795863558971,18795884326226
12258,1,18795884330627,18795904021700
12259,1,18795904027632,18795924372346
12260,1,18795924377076,18795943644897
12261,1,18795943649358,18795963882372
12262,1,18795963887781,18795984435394
12263,1,18795984442379,18796005027603
12264,1,18796005032376,18796023621239
12265,1,18796023625252,18796043641791
12266,1,18796043646491,18796063662550
12267,1,18796063667212,18796084135309
12268,1,18796084139749,18796105832904
12269,1,18796105837814,18796126794629
12270,1,18796126810168,18796143807679
12271,1,18796143812085,18796163870428
12272,1,18796163877205,18796183769417
12273,1,18796183776737,18796204641006
12274,1,18796204645319,18796223828892
12275,1,18796223833345,18796243725052
12276,1,18796243730190,18796263922230
12277,1,18796263927160,18796283831507
12278,1,18796283835879,18796303901129
12279,1,18796303905626,18796324265879
12280,1,18796324270678,18796343624662
12281,1,18796343629206,18796364052069
12282,1,18796364059427,18796384229266
12283,1,18796384234466,18796404758962
12284,1,18796404763165,18796423719808
12285,1,18796423724316,18796443904211
12286,1,18796443928549,18796463697996
12287,1,18796463702394,18796484157030
12288,1,18796484161780,18796504087317
12289,1,18796504091949,18796524191072
12290,1,18796524196455,18796543714640
12291,1,18796543719536,18796563959721
12292,1,18796563981896,18796589050880
12293,1,18796589055963,18796607766887
12294,1,18796607771126,18796627883080
12295,1,18796627888681,18796647944355
12296,1,18796647949427,18796669212963
12297,1,18796669217959,18796687855759
12298,1,18796687860158,18796707765787
12299,1,18796707770714,18796727792848
12300,1,18796727797442,18796747783792
12301,1,18796747788564,18796767877351
12302,1,18796767881989,18796788969709
12303,1,18796788974066,18796807574990
12304,1,18796807579688,18796828062297
12305,1,18796828067335,18796847937433
12306,1,18796847942812,18796869059307
12307,1,18796869063698,18796887955639
12308,1,18796887960518,18796907632261
12309,1,18796907637381,18796927903930
12310,1,18796927908973,18796947803875
12311,1,18796947808781,18796967995782
12312,1,18796968017529,18796988318558
12313,1,18796988324199,18797008037083
12314,1,18797008042222,18797028098480
12315,1,18797028104435,18797048048216
12316,1,18797048055640,18797067951913
12317,1,18797067957182,18797088358672
12318,1,18797088363527,18797107934800
12319,1,18797107940168,18797127918101
12320,1,18797127923001,18797147877374
12321,1,18797147882650,18797167955561
12322,1,18797167960693,18797187863861
12323,1,18797187869134,18797207870257
12324,1,18797207874980,18797230345413
12325,1,18797230351087,18797247795447
12326,1,18797247801276,18797267806504
12327,1,18797267810964,18797288173284
12328,1,18797288178207,18797307856795
12329,1,18797307899312,18797331763670
12330,1,18797331769798,18797351806207
12331,1,18797351811133,18797371924764
12332,1,18797371929908,18797391882113
12333,1,18797391887195,18797412068131
12334,1,18797412073461,18797431949920
12335,1,18797431973230,18797452024636
12336,1,18797452040874,18797471919868
12337,1,18797471924611,18797492052115
12338,1,18797492057573,18797511938237
12339,1,18797511944712,18797532205025
12340,1,18797532210112,18797552167472
12341,1,18797552172352,18797571886445
12342,1,18797571891142,18797591736691
12343,1,18797591741834,18797611887239
12344,1,18797611891729,18797631847047
12345,1,18797631852303,18797651988841
12346,1,18797651993740,18797671813655
12347,1,18797671818371,18797691914753
12348,1,18797691919996,18797711857169
12349,1,18797711862314,18797732057192
12350,1,18797732065334,18797751952978
12351,1,18797751958191,18797771683812
12352,1,18797771688644,18797792105820
12353,1,18797792111085,18797812060497
12354,1,18797812065746,18797831885506
12355,1,18797831890916,18797854481065
12356,1,18797854486983,18797871705318
12357,1,18797871710360,18797891875981
12358,1,18797891880921,18797911857832
12359,1,18797911863684,18797931928629
12360,1,18797931934079,18797951871756
12361,1,18797951876706,18797971926953
12362,1,18797971932374,18797991864119
12363,1,18797991868311,18798011802683
12364,1,18798011807807,18798031777562
12365,1,18798031782858,18798051863720
12366,1,18798051868800,18798071807511
12367,1,18798071812333,18798095961282
12368,1,18798095966218,18798115848940
12369,1,18798115854112,18798135772837
12370,1,18798135777939,18798155760636
12371,1,18798155765903,18798176082029
12372,1,18798176087645,18798195903352
12373,1,18798195908896,18798215906086
12374,1,18798215911232,18798235985104
12375,1,18798235990089,18798255814876
12376,1,18798255819711,18798275816057
12377,1,18798275820978,18798296283528
12378,1,18798296287945,18798315961879
12379,1,18798315967236,18798336039802
12380,1,18798336044648,18798355914538
12381,1,18798355919440,18798376137689
12382,1,18798376142282,18798395897356
12383,1,18798395902687,18798415950307
12384,1,18798415955295,18798435862476
12385,1,18798435867184,18798455999037
12386,1,18798456015579,18798475963284
12387,1,18798475986255,18798495907692
12388,1,18798495912354,18798516048915
12389,1,18798516057285,18798536158332
12390,1,18798536163347,18798556216719
12391,1,18798556221154,18798576164260
12392,1,18798576169497,18798595976660
12393,1,18798595981857,18798615975139
12394,1,18798615979844,18798635848900
12395,1,18798635853664,18798655985769
12396,1,18798655990216,18798675937266
12397,1,18798675942208,18798696016026
12398,1,18798696021254,18798715981758
12399,1,18798715986836,18798735934972
12400,1,18798735939577,18798755917094
12401,1,18798755922367,18798776408847
12402,1,18798776414490,18798796385529
12403,1,18798796390769,18798816139251
12404,1,18798816143866,18798836050280
12405,1,18798836057962,18798860279253
12406,1,18798860284000,18798879926549
12407,1,18798879931416,18798899994450
12408,1,18798899999294,18798920046220
12409,1,18798920052728,18798939941372
12410,1,18798939946887,18798959982992
12411,1,18798959988057,18798979944563
12412,1,18798979950095,18798999909500
12413,1,18798999914339,18799020612556
12414,1,18799020618571,18799039828494
12415,1,18799039833717,18799060268135
12416,1,18799060272517,18799079830285
12417,1,18799079835756,18799099978322
12418,1,18799099983208,18799119894525
12419,1,18799119899762,18799140016935
12420,1,18799140037467,18799159827396
12421,1,18799159834658,18799179950730
12422,1,18799179955730,18799199893577
12423,1,18799199898533,18799220097723
12424,1,18799220103747,18799240199799
12425,1,18799240205364,18799260241983
12426,1,18799260246546,18799280017846
12427,1,18799280024405,18799300266174
12428,1,18799300270697,18799319806260
12429,1,18799319811283,18799340368844
12430,1,18799340373497,18799360157280
12431,1,18799360162669,18799380099824
12432,1,18799380105132,18799400294344
12433,1,18799400299043,18799420062943
12434,1,18799420068009,18799440075841
12435,1,18799440080805,18799460277324
12436,1,18799460281952,18799480202282
12437,1,18799480244274,18799500244227
12438,1,18799500266271,18799520201081
12439,1,18799520207823,18799540062287
12440,1,18799540067299,18799559924211
12441,1,18799559929037,18799580594786
12442,1,18799580602536,18799605330376
12443,1,18799605337423,18799624580949
12444,1,18799624585898,18799643919764
12445,1,18799643924653,18799666292064
12446,1,18799666298012,18799686920485
12447,1,18799686927966,18799706891641
12448,1,18799706899154,18799733741946
12449,1,18799733967468,18799746634708
12450,1,18799746651399,18799769090332
12451,1,18799769112989,18799788365720
12452,1,18799788373091,18799805523814
12453,1,18799805528563,18799824766787
12454,1,18799824772302,18799846312873
12455,1,18799846320436,18799868297970
12456,1,18799868303468,18799890538122
12457,1,18799890545034,18799912903593
12458,1,18799912910062,18799933748292
12459,1,18799933759190,18799946416041
12460,1,18799946423520,18799969958700
12461,1,18799969966006,18799987810095
12462,1,18799987863274,18800006744030
12463,1,18800006750097,18800026585866
12464,1,18800026593315,18800044468500
12465,1,18800044475125,18800067954292
12466,1,18800067960331,18800088115059
12467,1,18800088121419,18800107579006
12468,1,18800107584121,18800126128348
12469,1,18800126134662,18800147070353
12470,1,18800147076993,18800170816243
12471,1,18800170823008,18800192375671
12472,1,18800192382637,18800206472513
12473,1,18800206478532,18800227431040
12474,1,18800227437631,18800253392461
12475,1,18800253399658,18800267392140
12476,1,18800267398621,18800288397140
12477,1,18800288412248,18800308893272
12478,1,18800308899911,18800327691354
12479,1,18800327698472,18800349372652
12480,1,18800349380457,18800370585614
12481,1,18800370591941,18800398203314
12482,1,18800398209662,18800415220005
12483,1,18800415227480,18800433766208
12484,1,18800433773308,18800450915548
12485,1,18800450922850,18800470553016
12486,1,18800470633204,18800490464736
12487,1,18800490470943,18800516802672
12488,1,18800516809560,18800531023180
12489,1,18800531030910,18800551532695
12490,1,18800551561124,18800572658746
12491,1,18800572672312,18800591288619
12492,1,18800591294753,18800610685821
12493,1,18800610693411,18800631226171
12494,1,18800631233700,18800653742074
12495,1,18800653748857,18800673896022
12496,1,18800673905114,18800691095987
12497,1,18800691102215,18800709199512
12498,1,18800709205105,18800729273640
12499,1,18800729280735,18800750060506
12500,1,18800750068118,18800770716451
12501,1,18800770730325,18800789750380
12502,1,18800789755792,18800808088267
12503,1,18800808093588,18800829430870
12504,1,18800829437062,18800850772807
12505,1,18800850797259,18800869620592
12506,1,18800869625329,18800888024034
12507,1,18800888029962,18800908061877
12508,1,18800908071019,18800929378194
12509,1,18800929384384,18800950365311
12510,1,18800950370869,18800969612966
12511,1,18800969619186,18800990066190
12512,1,18800990072943,18801010434361
12513,1,18801010441677,18801028665891
12514,1,18801028675566,18801049961162
12515,1,18801049966405,18801069610472
12516,1,18801069615574,18801087788654
12517,1,18801087793837,18801107981247
12518,1,18801107986108,18801134257311
12519,1,18801134266440,18801154488445
12520,1,18801154493933,18801174657429
12521,1,18801174663661,18801194696878
12522,1,18801194703149,18801213940943
12523,1,18801213959935,18801235288961
12524,1,18801235295896,18801254350889
12525,1,18801254356899,18801272618711
12526,1,18801272622926,18801292196070
12527,1,18801292201325,18801313992755
12528,1,18801313997705,18801333876487
12529,1,18801333884256,18801352316895
12530,1,18801352321214,18801372309199
12531,1,18801372313960,18801392231425
12532,1,18801392236905,18801413840747
12533,1,18801413851453,18801434003766
12534,1,18801434014160,18801454254958
12535,1,18801454260398,18801472393403
12536,1,18801472398137,18801491997216
12537,1,18801492050962,18801514447719
12538,1,18801514452973,18801536280334
12539,1,18801536285780,18801553877028
12540,1,18801553900208,18801572795364
12541,1,18801572801028,18801592000050
12542,1,18801592028981,18801613899473
12543,1,18801613904297,18801633994582
12544,1,18801634000185,18801652995399
12545,1,18801653000270,18801672038587
12546,1,18801672043198,18801692295236
12547,1,18801692299986,18801713970349
12548,1,18801713975405,18801733528534
12549,1,18801733535849,18801751909384
12550,1,18801751913746,18801772031572
12551,1,18801772036229,18801792629404
12552,1,18801792636654,18801813637071
12553,1,18801813643508,18801833634829
12554,1,18801833640263,18801852163411
12555,1,18801852168778,18801876038302
12556,1,18801876046337,18801896417210
12557,1,18801896423079,18801917680798
12558,1,18801917685641,18801936809917
12559,1,18801936814930,18801955678192
12560,1,18801955682842,18801975746522
12561,1,18801975753067,18801997402137
12562,1,18801997407311,18802018997979
12563,1,18802019003679,18802038862856
12564,1,18802038870966,18802057528462
12565,1,18802057533105,18802077864099
12566,1,18802077871113,18802097590465
12567,1,18802097595871,18802117862016
12568,1,18802117868378,18802137850413
12569,1,18802137865070,18802156919104
12570,1,18802156924349,18802176474878
12571,1,18802176488766,18802197471915
12572,1,18802197478658,18802218674399
12573,1,18802218680187,18802238282219
12574,1,18802238294204,18802257884219
12575,1,18802257889090,18802277299347
12576,1,18802277307405,18802296985083
12577,1,18802296989971,18802319060102
12578,1,18802319067101,18802337571466
12579,1,18802337584842,18802356775390
12580,1,18802356781835,18802377187948
12581,1,18802377196193,18802397845951
12582,1,18802397852078,18802417648350
12583,1,18802417653527,18802438162219
12584,1,18802438171042,18802457152758
12585,1,18802457157564,18802477429216
12586,1,18802477436099,18802497989424
12587,1,18802497994511,18802517954848
12588,1,18802517960416,18802538615173
12589,1,18802538628528,18802556068519
12590,1,18802556086267,18802581975979
12591,1,18802582103541,18802598098028
12592,1,18802598103947,18802619786429
12593,1,18802619805722,18802640569201
12594,1,18802640574061,18802660847120
12595,1,18802660855053,18802684145899
12596,1,18802684160585,18802702592649
12597,1,18802702597813,18802719955952
12598,1,18802719960694,18802739903957
12599,1,18802739908413,18802760453689
12600,1,18802760460751,18802781842305
12601,1,18802781846682,18802800998758
12602,1,18802801005524,18802819689729
12603,1,18802819694374,18802839780830
12604,1,18802839785754,18802863690323
12605,1,18802863708094,18802882159495
12606,1,18802882165696,18802900353921
12607,1,18802900358665,18802921210724
12608,1,18802921215898,18802939789812
12609,1,18802939794358,18802960487512
12610,1,18802960493201,18802981358860
12611,1,18802981364239,18803000533911
12612,1,18803000538236,18803021262520
12613,1,18803021267714,18803041285881
12614,1,18803041290985,18803060741390
12615,1,18803060747010,18803081450201
12616,1,18803081454639,18803101432704
12617,1,18803101437443,18803120568276
12618,1,18803120573706,18803140062139
12619,1,18803140067585,18803160394480
12620,1,18803160400192,18803181569993
12621,1,18803181574830,18803201635398
12622,1,18803201639962,18803219795928
12623,1,18803219800571,18803239869801
12624,1,18803239873972,18803260379893
12625,1,18803260384918,18803282519020
12626,1,18803282523239,18803300846580
12627,1,18803300851555,18803319738248
12628,1,18803319743172,18803340424083
12629,1,18803340429426,18803367021419
12630,1,18803367033842,18803382831866
12631,1,18803382836872,18803405216526
12632,1,18803405237847,18803423814464
12633,1,18803423819103,18803446511491
12634,1,18803446516652,18803465871279
12635,1,18803465877252,18803484038678
12636,1,18803484043463,18803504115070
12637,1,18803504119692,18803523986788
12638,1,18803523991758,18803546280883
12639,1,18803546286638,18803565055423
12640,1,18803565060466,18803584014083
12641,1,18803584020847,18803604228559
12642,1,18803604247536,18803624018940
12643,1,18803624025755,18803646614302
12644,1,18803646619584,18803666437535
12645,1,18803666442467,18803684393351
12646,1,18803684398191,18803704734184
12647,1,18803704738927,18803723977651
12648,1,18803723982483,18803745486022
12649,1,18803745490922,18803765471558
12650,1,18803765475962,18803784368810
12651,1,18803784373229,18803804613630
12652,1,18803804618877,18803824423824
12653,1,18803824428912,18803846967373
12654,1,18803846971467,18803864941237
12655,1,18803864946677,18803883910325
12656,1,18803883914625,18803904103308
12657,1,18803904108608,18803925418172
12658,1,18803925435386,18803945911560
12659,1,18803945916935,18803964713191
12660,1,18803964718438,18803983855018
12661,1,18803983876134,18804005578364
12662,1,18804005584122,18804024315530
12663,1,18804024322086,18804046184386
12664,1,18804046189457,18804066250438
12665,1,18804066256087,18804084181471
12666,1,18804084186349,18804104312660
12667,1,18804104317351,18804124513798
12668,1,18804124518127,18804148618005
12669,1,18804148622533,18804168714758
12670,1,18804168719094,18804188780919
12671,1,18804188787146,18804209132400
12672,1,18804209139407,18804229699751
12673,1,18804229708473,18804249183765
12674,1,18804249189965,18804268442715
12675,1,18804268462795,18804288044631
12676,1,18804288049568,18804309487902
12677,1,18804309493643,18804330569446
12678,1,18804330575105,18804350299641
12679,1,18804350304697,18804368372181
12680,1,18804368376673,18804387936486
12681,1,18804387941208,18804408993771
12682,1,18804409021381,18804429968399
12683,1,18804429986742,18804451601588
12684,1,18804451614681,18804469630477
12685,1,18804469635371,18804488158396
12686,1,18804488162966,18804509149126
12687,1,18804509160802,18804528313532
12688,1,18804528320625,18804549481170
12689,1,18804549485510,18804568495476
12690,1,18804568499969,18804587911218
12691,1,18804587915515,18804608834100
12692,1,18804608840958,18804629274825
12693,1,18804629280581,18804649615947
12694,1,18804649639725,18804669081558
12695,1,18804669086336,18804688091271
12696,1,18804688097449,18804710726631
12697,1,18804710732951,18804729204267
12698,1,18804729210756,18804749357102
12699,1,18804749361901,18804769074861
12700,1,18804769097978,18804787931846
12701,1,18804787936299,18804813154333
12702,1,18804813159623,18804830634137
12703,1,18804830639829,18804850406183
12704,1,18804850413071,18804868770313
12705,1,18804868775021,18804887816520
12706,1,18804887821177,18804913932375
12707,1,18804913936897,18804933147591
12708,1,18804933152707,18804951782177
12709,1,18804951786570,18804971845992
12710,1,18804971850434,18804994491505
12711,1,18804994504799,18805013682532
12712,1,18805013687341,18805032277075
12713,1,18805032281655,18805051883929
12714,1,18805051888541,18805071957458
12715,1,18805071962258,18805092723696
12716,1,18805092728740,18805114015742
12717,1,18805114020769,18805132582278
12718,1,18805132586988,18805152471361
12719,1,18805152476101,18805172410641
12720,1,18805172415103,18805193058715
12721,1,18805193064827,18805213775608
12722,1,18805213779896,18805233294656
12723,1,18805233300915,18805255434729
12724,1,18805255443219,18805272180562
12725,1,18805272185859,18805292726309
12726,1,18805292732750,18805314727511
12727,1,18805314732289,18805333949178
12728,1,18805333954965,18805351873521
12729,1,18805351878566,18805372128766
12730,1,18805372133266,18805392263195
12731,1,18805392285329,18805417793503
12732,1,18805417800328,18805434979248
12733,1,18805434984548,18805453236021
12734,1,18805453240844,18805472029629
12735,1,18805472033955,18805493834968
12736,1,18805493841348,18805515844995
12737,1,18805515867728,18805535686012
12738,1,18805535694506,18805553968712
12739,1,18805553973122,18805571601307
12740,1,18805571606572,18805593302549
12741,1,18805593308193,18805615708259
12742,1,18805615722405,18805633082050
12743,1,18805633086605,18805652505045
12744,1,18805652525140,18805677560860
12745,1,18805677570347,18805698632057
12746,1,18805698639563,18805717742617
12747,1,18805717747076,18805737020061
12748,1,18805737024406,18805756064700
12749,1,18805756073076,18805777544616
12750,1,18805777550280,18805798948793
12751,1,18805798959189,18805816765717
12752,1,18805816771066,18805837241962
12753,1,18805837250669,18805856658950
12754,1,18805856678411,18805877747378
12755,1,18805877752153,18805897307253
12756,1,18805897313180,18805915817731
12757,1,18805915824271,18805935983029
12758,1,18805935988063,18805955900421
12759,1,18805955906090,18805977736785
12760,1,18805977757860,18805996677664
12761,1,18805996682875,18806015823227
12762,1,18806015827847,18806036041916
12763,1,18806036048055,18806056680954
12764,1,18806056695281,18806077684866
12765,1,18806077689382,18806097368471
12766,1,18806097374175,18806118044726
12767,1,18806118052193,18806136069043
12768,1,18806136073713,18806155893239
12769,1,18806155898532,18806177119383
12770,1,18806177124158,18806196832995
12771,1,18806196839531,18806215948766
12772,1,18806215953713,18806236159726
12773,1,18806236164695,18806256555252
12774,1,18806256561791,18806277294132
12775,1,18806277298633,18806297896046
12776,1,18806297901239,18806316702400
12777,1,18806316707802,18806335950226
12778,1,18806335955186,18806356210209
12779,1,18806356218126,18806378030510
12780,1,18806378034962,18806396616384
12781,1,18806396621048,18806420106049
12782,1,18806420111458,18806440735069
12783,1,18806440741584,18806462596505
12784,1,18806462604720,18806481100521
12785,1,18806481105160,18806500150122
12786,1,18806500154989,18806519755784
12787,1,18806519761270,18806542092006
12788,1,18806542139395,18806562556424
12789,1,18806562572242,18806584760051
12790,1,18806584766878,18806600992038
12791,1,18806600997301,18806620304789
12792,1,18806620312281,18806642410207
12793,1,18806642418040,18806661820547
12794,1,18806661827329,18806680807745
12795,1,18806680826344,18806700309353
12796,1,18806700314278,18806719993462
12797,1,18806719998959,18806741661560
12798,1,18806741691666,18806762002402
12799,1,18806762014320,18806780175260
12800,1,18806780179990,18806800131623
12801,1,18806800136193,18806820105282
12802,1,18806820126517,18806842487118
12803,1,18806842492647,18806863384451
12804,1,18806863389484,18806881366502
12805,1,18806881371426,18806900217144
12806,1,18806900222078,18806920081970
12807,1,18806920091324,18806942370916
12808,1,18806942376229,18806962615906
12809,1,18806962628262,18806980121235
12810,1,18806980125499,18807001120308
12811,1,18807001125377,18807019793067
12812,1,18807019797579,18807042035690
12813,1,18807042042900,18807062059131
12814,1,18807062064553,18807080930568
12815,1,18807080935577,18807100691379
12816,1,18807100696740,18807123438384
12817,1,18807123447537,18807142191317
12818,1,18807142198792,18807162483028
12819,1,18807162500687,18807185364569
12820,1,18807185369340,18807203969394
12821,1,18807203974179,18807224386498
12822,1,18807224390925,18807245913635
12823,1,18807245918081,18807265596293
12824,1,18807265601071,18807284064162
12825,1,18807284069053,18807304645775
12826,1,18807304652297,18807324547963
12827,1,18807324554479,18807346468165
12828,1,18807346472900,18807364779887
12829,1,18807364784732,18807386421151
12830,1,18807386427608,18807403918612
12831,1,18807403924046,18807424529373
12832,1,18807424534226,18807446073568
12833,1,18807446078164,18807465531696
12834,1,18807465536615,18807483779901
12835,1,18807483784745,18807503935362
12836,1,18807503940945,18807524240350
12837,1,18807524245941,18807545405975
12838,1,18807545410693,18807565319213
12839,1,18807565324866,18807587620269
12840,1,18807587626128,18807609272028
12841,1,18807609279348,18807625561936
12842,1,18807625569224,18807649092300
12843,1,18807649100962,18807666567998
12844,1,18807666575268,18807684150554
12845,1,18807684168640,18807706295079
12846,1,18807706346758,18807726249623
12847,1,18807726259149,18807745387658
12848,1,18807745392790,18807764266871
12849,1,18807764271579,18807783831174
12850,1,18807783835660,18807804130573
12851,1,18807804137496,18807825215312
12852,1,18807825220614,18807845455133
12853,1,18807845460179,18807864871373
12854,1,18807864876682,18807883951610
12855,1,18807883956039,18807905315963
12856,1,18807905322332,18807925926668
12857,1,18807925931941,18807948417416
12858,1,18807948422022,18807968080101
12859,1,18807968084478,18807988949298
12860,1,18807988957218,18808012875500
12861,1,18808012881898,18808031704481
12862,1,18808031710356,18808048087696
12863,1,18808048092256,18808068170428
12864,1,18808068175245,18808088401909
12865,1,18808088408430,18808109390579
12866,1,18808109395486,18808129077452
12867,1,18808129086436,18808147888015
12868,1,18808147892704,18808168080264
12869,1,18808168085234,18808188961838
12870,1,18808188967332,18808210503778
12871,1,18808210508935,18808229287514
12872,1,18808229292366,18808247814896
12873,1,18808247819840,18808268052916
12874,1,18808268058158,18808288512687
12875,1,18808288518517,18808309548074
12876,1,18808309552983,18808330795842
12877,1,18808330802077,18808348078791
12878,1,18808348084184,18808367939023
12879,1,18808367944067,18808388066064
12880,1,18808388074494,18808409408910
12881,1,18808409413849,18808429807036
12882,1,18808429815745,18808448268394
12883,1,18808448273106,18808468229362
12884,1,18808468233948,18808488399321
12885,1,18808488404797,18808509468001
12886,1,18808509473241,18808529149781
12887,1,18808529154384,18808547760502
12888,1,18808547765119,18808567928819
12889,1,18808567933730,18808588478835
12890,1,18808588485150,18808609721249
12891,1,18808609726792,18808629606755
12892,1,18808629611885,18808647784890
12893,1,18808647789351,18808668121023
12894,1,18808668126604,18808693964224
12895,1,18808693969954,18808715514733
12896,1,18808715519596,18808732452720
12897,1,18808732457874,18808757334489
12898,1,18808757358337,18808774999447
12899,1,18808775005585,18808794295085
12900,1,18808794301170,18808816179567
12901,1,18808816185628,18808834750830
12902,1,18808834756591,18808854505590
12903,1,18808854512601,18808875066500
12904,1,18808875072766,18808894643213
12905,1,18808894649509,18808915394597
12906,1,18808915400769,18808934568988
12907,1,18808934574924,18808954487994
12908,1,18808954496713,18808976387740
12909,1,18808976394184,18808994794750
12910,1,18808994800235,18809015409503
12911,1,18809015415022,18809035023752
12912,1,18809035029733,18809055111303
12913,1,18809055118334,18809075445929
12914,1,18809075453549,18809094889092
12915,1,18809094896680,18809114970985
12916,1,18809114982319,18809134893144
12917,1,18809134898536,18809154789272
12918,1,18809154795209,18809175536610
12919,1,18809175542643,18809194680796
12920,1,18809194686920,18809215370814
12921,1,18809215380041,18809234890358
12922,1,18809234898749,18809254256454
12923,1,18809254264915,18809273683715
12924,1,18809273690060,18809294424501
12925,1,18809294431441,18809314424352
12926,1,18809314430451,18809333240404
12927,1,18809333246739,18809352551857
12928,1,18809352558293,18809373472922
12929,1,18809373477897,18809393907563
12930,1,18809393939746,18809415312211
12931,1,18809415327695,18809432877814
12932,1,18809432882624,18809457866556
12933,1,18809457873612,18809478910718
12934,1,18809478916395,18809497784658
12935,1,18809497789647,18809516991336
12936,1,18809516996068,18809537661675
12937,1,18809537668517,18809558078799
12938,1,18809558086290,18809578476706
12939,1,18809578484916,18809598095882
12940,1,18809598102872,18809616879663
12941,1,18809616884632,18809637127769
12942,1,18809637137015,18809657532536
12943,1,18809657539468,18809678687465
12944,1,18809678693417,18809697782189
12945,1,18809697787029,18809716837053
12946,1,18809716842664,18809737583828
12947,1,18809737590200,18809758210596
12948,1,18809758231663,18809779070996
12949,1,18809779077119,18809796349076
12950,1,18809796353225,18809816155345
12951,1,18809816160142,18809837456063
12952,1,18809837463123,18809858204975
12953,1,18809858222211,18809877587095
12954,1,18809877592032,18809897259584
12955,1,18809897264645,18809916169277
12956,1,18809916173517,18809937070406
12957,1,18809937078002,18809958129662
12958,1,18809958142658,18809977161634
12959,1,18809977166346,18809996390994
12960,1,18809996395132,18810015947069
12961,1,18810015951314,18810038703457
12962,1,18810038728040,18810059937515
12963,1,18810059954443,18810077989023
12964,1,18810077993642,18810098173066
12965,1,18810098178806,18810116119078
12966,1,18810116123649,18810136974177
12967,1,18810136980871,18810158384236
12968,1,18810158394466,18810176514758
12969,1,18810176519345,18810196226976
12970,1,18810196231453,18810220413421
12971,1,18810220419395,18810241902478
12972,1,18810241921401,18810260697686
12973,1,18810260701879,18810279965607
12974,1,18810279970661,18810299904672
12975,1,18810299909217,18810322903855
12976,1,18810322908494,18810342443648
12977,1,18810342448615,18810360695587
12978,1,18810360699701,18810380194270
12979,1,18810380199040,18810400315862
12980,1,18810400320482,18810420759420
12981,1,18810420767461,18810442270218
12982,1,18810442275304,18810461457462
12983,1,18810461464088,18810479924685
12984,1,18810479929015,18810500064170
12985,1,18810500069301,18810520614623
12986,1,18810520619424,18810542319609
12987,1,18810542324640,18810560695221
12988,1,18810560699800,18810580817724
12989,1,18810580824287,18810600092540
12990,1,18810600098011,18810621116945
12991,1,18810621123367,18810642551883
12992,1,18810642557833,18810660663336
12993,1,18810660667914,18810679946504
12994,1,18810679951131,18810700134209
12995,1,18810700138447,18810723342368
12996,1,18810723362167,18810741942625
12997,1,18810741947416,18810761053027
12998,1,18810761057861,18810780294809
12999,1,18810780311794,18810800032615
13000,1,18810800036730,18810822284735
13001,1,18810822292473,18810841944481
13002,1,18810841950476,18810860790222
13003,1,18810860794923,18810879930442
13004,1,18810879935188,18810899994689
13005,1,18810899999256,18810920570617
13006,1,18810920575470,18810941400462
13007,1,18810941405191,18810964272917
13008,1,18810964277743,18810984337243
13009,1,18810984341881,18811005798990
13010,1,18811005803825,18811025810607
13011,1,18811025815522,18811044125519
13012,1,18811044130456,18811064186168
13013,1,18811064191343,18811084394328
13014,1,18811084399074,18811106544833
13015,1,18811106563285,18811126789139
13016,1,18811126794316,18811143898179
13017,1,18811143903075,18811164167425
13018,1,18811164171836,18811184346817
13019,1,18811184352054,18811205768732
13020,1,18811205773594,18811225614686
13021,1,18811225622629,18811243975691
13022,1,18811243980078,18811264257920
13023,1,18811264262742,18811284407144
13024,1,18811284411792,18811305719331
13025,1,18811305724413,18811326681224
13026,1,18811326687600,18811343952751
13027,1,18811343957687,18811365991512
13028,1,18811365997658,18811384417000
13029,1,18811384426412,18811406088615
13030,1,18811406095222,18811425329238
13031,1,18811425334466,18811444889075
13032,1,18811444893535,18811464414637
13033,1,18811464419035,18811484768194
13034,1,18811484774274,18811505277380
13035,1,18811505282352,18811524954773
13036,1,18811524962140,18811543949350
13037,1,18811543954358,18811564288459
13038,1,18811564292848,18811584433744
13039,1,18811584442911,18811605908063
13040,1,18811605912449,18811624971685
13041,1,18811624979060,18811645871223
13042,1,18811645876497,18811664611659
13043,1,18811664616479,18811684489954
13044,1,18811684496142,18811705941488
13045,1,18811705946561,18811728819719
13046,1,18811728836271,18811748106336
13047,1,18811748111561,18811769022570
13048,1,18811769030988,18811790243805
13049,1,18811790248612,18811809917330
13050,1,18811809963839,18811829344403
13051,1,18811829349335,18811848315323
13052,1,18811848320873,18811871784483
13053,1,18811871791671,18811890280197
13054,1,18811890299604,18811911426030
13055,1,18811911435934,18811930032752
13056,1,18811930039708,18811948195235
13057,1,18811948199531,18811970522572
13058,1,18811970548842,18811990033325
13059,1,18811990045090,18812009405309
13060,1,18812009409597,18812028257625
13061,1,18812028262366,18812048214595
13062,1,18812048219690,18812068635801
13063,1,18812068642240,18812090950585
13064,1,18812090957505,18812109412155
13065,1,18812109416642,18812129674289
13066,1,18812129678290,18812147957750
13067,1,18812147962573,18812170555822
13068,1,18812170560370,18812191104868
13069,1,18812191117203,18812210109008
13070,1,18812210113568,18812228265371
13071,1,18812228269896,18812248058512
13072,1,18812248065318,18812268747714
13073,1,18812268754689,18812290198135
13074,1,18812290204885,18812310447448
13075,1,18812310452091,18812328779395
13076,1,18812328784056,18812348130521
13077,1,18812348136271,18812368686205
13078,1,18812368693077,18812389786355
13079,1,18812389797811,18812409178113
13080,1,18812409183102,18812429613287
13081,1,18812429621039,18812448221924
13082,1,18812448226416,18812470250730
13083,1,18812470257012,18812493059792
13084,1,18812493075108,18812511992256
13085,1,18812511997076,18812531931976
13086,1,18812531936687,18812552737876
13087,1,18812552743575,18812574592847
13088,1,18812574598139,18812592658814
13089,1,18812592664096,18812611838666
13090,1,18812611843513,18812634502235
13091,1,18812634509226,18812653645001
13092,1,18812653650647,18812672769730
13093,1,18812672774757,18812692937646
13094,1,18812692942957,18812712185085
13095,1,18812712190174,18812731853781
13096,1,18812731858456,18812752298210
13097,1,18812752304453,18812773450435
13098,1,18812773455240,18812792668148
13099,1,18812792672894,18812811949894
13100,1,18812811969067,18812834548265
13101,1,18812834558460,18812853516101
13102,1,18812853540851,18812874314411
13103,1,18812874318845,18812893215076
13104,1,18812893219997,18812911937945
13105,1,18812911942562,18812931892698
13106,1,18812931897181,18812953503269
13107,1,18812953508790,18812975154066
13108,1,18812975159140,18812993847584
13109,1,18812993852830,18813012728764
13110,1,18813012733352,18813031945394
13111,1,18813031950004,18813053012053
13112,1,18813053020702,18813073078658
13113,1,18813073083586,18813094113823
13114,1,18813094119240,18813112055148
13115,1,18813112059783,18813131908579
13116,1,18813131913613,18813154635451
13117,1,18813154646524,18813173678558
13118,1,18813173682980,18813192787323
13119,1,18813192791995,18813212215654
13120,1,18813212220362,18813240315563
13121,1,18813240321549,18813258155864
13122,1,18813258164403,18813276134402
13123,1,18813276139529,18813295956100
13124,1,18813295960923,18813316116681
13125,1,18813316121463,18813337219680
13126,1,18813337224234,18813356679202
13127,1,18813356684602,18813376248908
13128,1,18813376253986,18813395917072
13129,1,18813395921477,18813416033565
13130,1,18813416039824,18813437975699
13131,1,18813437980346,18813457349676
13132,1,18813457355644,18813476433763
13133,1,18813476439136,18813499114007
13134,1,18813499128877,18813517169951
13135,1,18813517175251,18813538670395
13136,1,18813538676948,18813557433065
13137,1,18813557437864,18813576484311
13138,1,18813576489127,18813596267118
13139,1,18813596273199,18813616356383
13140,1,18813616363116,18813637732237
13141,1,18813637736670,18813657230560
13142,1,18813657250797,18813677185827
13143,1,18813677190736,18813696131350
13144,1,18813696136002,18813716313212
13145,1,18813716318363,18813737395976
13146,1,18813737400757,18813757893978
13147,1,18813757902324,18813776623197
13148,1,18813776627750,18813796342853
13149,1,18813796347506,18813816613703
13150,1,18813816618364,18813838621757
13151,1,18813838626962,18813858424051
13152,1,18813858445249,18813876221938
13153,1,18813876226464,18813896193842
13154,1,18813896198587,18813916630738
13155,1,18813916636813,18813937765469
13156,1,18813937770198,18813956624911
13157,1,18813956630636,18813975982345
13158,1,18813975986998,18814003840132
13159,1,18814003845420,18814023288897
13160,1,18814023297326,18814043481790
13161,1,18814043488299,18814063183947
13162,1,18814063190387,18814082783367
13163,1,18814082792631,18814102282729
13164,1,18814102289733,18814121676851
13165,1,18814121683136,18814140501323
13166,1,18814140505606,18814160399754
13167,1,18814160404771,18814180167382
13168,1,18814180174020,18814202225904
13169,1,18814202231886,18814221843328
13170,1,18814221850292,18814240648245
13171,1,18814240653292,18814260380820
13172,1,18814260385600,18814280259446
13173,1,18814280264324,18814302084643
13174,1,18814302091222,18814322676380
13175,1,18814322681770,18814341121628
13176,1,18814341126533,18814360350452
13177,1,18814360355355,18814380223594
13178,1,18814380229183,18814401758976
13179,1,18814401763728,18814422259267
13180,1,18814422264703,18814440420061
13181,1,18814440425057,18814461343585
13182,1,18814461348762,18814480183486
13183,1,18814480188438,18814502531121
13184,1,18814502535700,18814521769980
13185,1,18814521832953,18814541005871
13186,1,18814541010246,18814560369194
13187,1,18814560418240,18814582640174
13188,1,18814582647377,18814601928407
13189,1,18814601935552,18814621777961
13190,1,18814621783905,18814640420236
13191,1,18814640425076,18814660180627
13192,1,18814660184884,18814680133789
13193,1,18814680138803,18814701880326
13194,1,18814701887814,18814721764353
13195,1,18814721771817,18814740312480
13196,1,18814740316653,18814763853186
13197,1,18814763858955,18814786476834
13198,1,18814786489458,18814805190152
13199,1,18814805195085,18814826020689
13200,1,18814826026245,18814847138188
13201,1,18814847144620,18814865289719
13202,1,18814865308719,18814884529505
13203,1,18814884557551,18814905775448
13204,1,18814905780103,18814924940121
13205,1,18814924944990,18814944779976
13206,1,18814944786837,18814964821874
13207,1,18814964840168,18814984687643
13208,1,18814984693372,18815005881945
13209,1,18815005886959,18815027080348
13210,1,18815027086391,18815044206975
13211,1,18815044211712,18815068692680
13212,1,18815068698612,18815085149314
13213,1,18815085154466,18815108079974
13214,1,18815108086320,18815124995242
13215,1,18815125000139,18815144348204
13216,1,18815144354006,18815164538973
13217,1,18815164559483,18815187735622
13218,1,18815187742016,18815207536575
13219,1,18815207542755,18815224988560
13220,1,18815224992886,18815244139982
13221,1,18815244145692,18815267553414
13222,1,18815267560224,18815286795629
13223,1,18815286801638,18815305464772
13224,1,18815305469661,18815324439899
13225,1,18815324444680,18815343935103
13226,1,18815343939714,18815365748327
13227,1,18815365756338,18815385614116
13228,1,18815385644373,18815405530196
13229,1,18815405535428,18815424470639
13230,1,18815424475466,18815443843262
13231,1,18815443847999,18815464485527
13232,1,18815464503815,18815485426781
13233,1,18815485444533,18815507891473
13234,1,18815507896111,18815527979245
13235,1,18815527983402,18815548411691
13236,1,18815548418479,18815569578336
13237,1,18815569583181,18815589624293
13238,1,18815589630586,18815607770462
13239,1,18815607774841,18815628182741
13240,1,18815628187868,18815650432117
13241,1,18815650439368,18815671674144
13242,1,18815671679468,18815689927366
13243,1,18815689932511,18815708143780
13244,1,18815708148820,18815727802984
13245,1,18815727807770,18815748491293
13246,1,18815748496990,18815769408892
13247,1,18815769413493,18815789220538
13248,1,18815789225681,18815808675180
13249,1,18815808679765,18815827963565
13250,1,18815827967762,18815850661581
13251,1,18815850666751,18815869194997
13252,1,18815869199732,18815889285773
13253,1,18815889290731,18815908834289
13254,1,18815908854661,18815928171687
13255,1,18815928176282,18815948764790
13256,1,18815948774571,18815970169239
13257,1,18815970174543,18815989266443
13258,1,18815989270957,18816008391719
13259,1,18816008396482,18816028233269
13260,1,18816028237504,18816048609821
13261,1,18816048614803,18816069829017
13262,1,18816069833836,18816089169140
13263,1,18816089174338,18816108050116
13264,1,18816108055650,18816128104839
13265,1,18816128109206,18816148657095
13266,1,18816148662786,18816170733608
13267,1,18816170741022,18816189307653
13268,1,18816189311783,18816208033540
13269,1,18816208038258,18816228119479
13270,1,18816228138120,18816248605617
13271,1,18816248610935,18816272058232
13272,1,18816272064157,18816292257384
13273,1,18816292261713,18816312398640
13274,1,18816312406097,18816333854986
13275,1,18816333872056,18816354995849
13276,1,18816355000919,18816372733348
13277,1,18816372738263,18816392674233
13278,1,18816392678988,18816412455591
13279,1,18816412461890,18816434349976
13280,1,18816434356002,18816455469530
13281,1,18816455475257,18816472706660
13282,1,18816472711670,18816492190728
13283,1,18816492195245,18816512351544
13284,1,18816512358687,18816533965272
13285,1,18816533970847,18816553415913
13286,1,18816553421086,18816571990353
13287,1,18816571995115,18816593793012
13288,1,18816593798223,18816612655135
13289,1,18816612661055,18816633773324
13290,1,18816633777789,18816653094046
13291,1,18816653099131,18816672465839
13292,1,18816672471202,18816692796169
13293,1,18816692801408,18816712469878
13294,1,18816712474734,18816734207225
13295,1,18816734212752,18816753649661
13296,1,18816753654419,18816772110013
13297,1,18816772114723,18816792393463
13298,1,18816792397732,18816812515014
13299,1,18816812520014,18816833819390
13300,1,18816833824127,18816855078103
13301,1,18816855083946,18816872150197
13302,1,18816872155423,18816892221969
13303,1,18816892226899,18816912480478
13304,1,18816912485380,18816933462454
13305,1,18816933467453,18816953928142
13306,1,18816953949574,18816976175280
13307,1,18816976180868,18816992572402
13308,1,18816992577134,18817012620323
13309,1,18817012627620,18817037186151
13310,1,18817037190538,18817058030077
13311,1,18817058035235,18817076276668
13312,1,18817076298394,18817103142956
13313,1,18817103148448,18817117107001
13314,1,18817117121528,18817137173116
13315,1,18817137179618,18817156523179
13316,1,18817156527659,18817176136307
13317,1,18817176140760,18817197259766
13318,1,18817197265950,18817218207319
13319,1,18817218221756,18817238188057
13320,1,18817238196086,18817256377903
13321,1,18817256382408,18817276396670
13322,1,18817276401681,18817297273461
13323,1,18817297280997,18817318316187
13324,1,18817318328862,18817336768264
13325,1,18817336773274,18817356971299
13326,1,18817356976129,18817376123630
13327,1,18817376128716,18817397317461
13328,1,18817397327262,18817418416185
13329,1,18817418426936,18817437069621
13330,1,18817437073986,18817456410362
13331,1,18817456415356,18817476412922
13332,1,18817476417764,18817498689044
13333,1,18817498720657,18817519333053
13334,1,18817519346133,18817537366531
13335,1,18817537371429,18817557187444
13336,1,18817557206300,18817576034627
13337,1,18817576039254,18817597277002
13338,1,18817597282977,18817618729936
13339,1,18817618749919,18817637361228
13340,1,18817637365878,18817658316984
13341,1,18817658323112,18817676129787
13342,1,18817676134275,18817697054480
13343,1,18817697060856,18817718086036
13344,1,18817718090916,18817736956465
13345,1,18817736961388,18817757286907
13346,1,18817757294413,18817781884894
13347,1,18817781891089,18817802803835
13348,1,18817802809559,18817821042028
13349,1,18817821058345,18817839988716
13350,1,18817839993351,18817860124029
13351,1,18817860128889,18817880473488
13352,1,18817880478641,18817902354626
13353,1,18817902360395,18817920528111
13354,1,18817920532609,18817948969858
13355,1,18817948991792,18817963370037
13356,1,18817963389747,18817983331519
13357,1,18817983349595,18818002938549
13358,1,18818002944776,18818023585398
13359,1,18818023592231,18818042505864
13360,1,18818042511777,18818064160952
13361,1,18818064167000,18818084846586
13362,1,18818084889439,18818103624143
13363,1,18818103630218,18818124572172
13364,1,18818124577489,18818142875269
13365,1,18818142880962,18818163413166
13366,1,18818163419244,18818184233686
13367,1,18818184255501,18818203493667
13368,1,18818203500435,18818223511663
13369,1,18818223517440,18818242570249
13370,1,18818242576759,18818264666336
13371,1,18818264672095,18818285001665
13372,1,18818285017947,18818304044825
13373,1,18818304051024,18818323307368
13374,1,18818323314353,18818340036427
13375,1,18818340040901,18818360048138
13376,1,18818360053062,18818380776942
13377,1,18818380783275,18818401508402
13378,1,18818401512888,18818421982465
13379,1,18818421987605,18818441215860
13380,1,18818441221544,18818460308210
13381,1,18818460312850,18818480667951
13382,1,18818480674172,18818501730178
13383,1,18818501735071,18818520662015
13384,1,18818520666788,18818544418128
13385,1,18818544422518,18818565860526
13386,1,18818565867509,18818586179754
13387,1,18818586189542,18818606089516
13388,1,18818606095635,18818624353870
13389,1,18818624359907,18818644471084
13390,1,18818644475503,18818665543201
13391,1,18818665547625,18818686050479
13392,1,18818686055461,18818704053741
13393,1,18818704058979,18818724273863
13394,1,18818724278202,18818744309147
13395,1,18818744317040,18818765808454
13396,1,18818765828002,18818786090839
13397,1,18818786096584,18818804226879
13398,1,18818804231353,18818827128325
13399,1,18818827136047,18818844565291
13400,1,18818844573952,18818866334299
13401,1,18818866339374,18818886309036
13402,1,18818886315722,18818904023929
13403,1,18818904029205,18818924405223
13404,1,18818924409910,18818945201306
13405,1,18818945211436,18818965817609
13406,1,18818965822738,18818985452957
13407,1,18818985472705,18819004153285
13408,1,18819004158257,18819024378246
13409,1,18819024382686,18819044515675
13410,1,18819044521471,18819066555034
13411,1,18819066560229,18819085000652
13412,1,18819085006316,18819105861168
13413,1,18819105866304,18819125496973
13414,1,18819125502591,18819145406688
13415,1,18819145413816,18819165869176
13416,1,18819165874031,18819184895196
13417,1,18819184903332,18819204075371
13418,1,18819204080050,18819224189478
13419,1,18819224196081,18819244579735
13420,1,18819244585487,18819265780930
13421,1,18819265785734,18819285143295
13422,1,18819285148521,18819308183524
13423,1,18819308188691,18819328804314
13424,1,18819328809830,18819350224091
13425,1,18819350232018,18819369828500
13426,1,18819369833289,18819390597686
13427,1,18819390604265,18819408338803
13428,1,18819408344727,18819428603534
13429,1,18819428611135,18819450405670
13430,1,18819450414767,18819468671917
13431,1,18819468676506,18819488653272
13432,1,18819488657755,18819508947515
13433,1,18819508952840,18819530624994
13434,1,18819530629783,18819550156914
13435,1,18819550165060,18819568715969
13436,1,18819568720782,18819588216331
13437,1,18819588220660,18819608331505
13438,1,18819608336553,18819628706145
13439,1,18819628712542,18819648461199
13440,1,18819648484550,18819670373795
13441,1,18819670378713,18819688142551
13442,1,18819688147118,18819708190601
13443,1,18819708195955,18819730197915
13444,1,18819730204785,18819749733466
13445,1,18819749739886,18819768549945
13446,1,18819768554709,18819788299950
13447,1,18819788304962,18819808257034
13448,1,18819808262729,18819830171816
13449,1,18819830177225,18819849691768
13450,1,18819849699929,18819868769022
13451,1,18819868773913,18819888262861
13452,1,18819888267654,18819908155983
13453,1,18819908161021,18819930218338
13454,1,18819930224747,18819951121665
13455,1,18819951134452,18819968759754
13456,1,18819968764014,18819988135934
13457,1,18819988140571,18820008312691
13458,1,18820008346874,18820029845029
13459,1,18820029852281,18820052549256
13460,1,18820052553896,18820072018073
13461,1,18820072024293,18820091942742
13462,1,18820091947369,18820112740853
13463,1,18820112746022,18820133409460
13464,1,18820133414077,18820152582870
13465,1,18820152587602,18820172156924
13466,1,18820172161305,18820192257062
13467,1,18820192263510,18820212667190
13468,1,18820212672915,18820233471708
13469,1,18820233476526,18820252740304
13470,1,18820252744873,18820271886047
13471,1,18820271891481,18820291969690
13472,1,18820291978353,18820312810604
13473,1,18820312816911,18820333542761
13474,1,18820333547460,18820354303878
13475,1,18820354309305,18820371887087
13476,1,18820371891533,18820392201914
13477,1,18820392212068,18820413251840
13478,1,18820413269745,18820433684009
13479,1,18820433689021,18820454184901
13480,1,18820454193886,18820471997786
13481,1,18820472047624,18820492425006
13482,1,18820492433916,18820513734558
13483,1,18820513743923,18820533308887
13484,1,18820533313356,18820552894898
13485,1,18820552899494,18820572403886
13486,1,18820572408476,18820592331564
13487,1,18820592339172,18820616491864
13488,1,18820616504442,18820633596022
13489,1,18820633601035,18820652856709
13490,1,18820652861403,18820671927151
13491,1,18820671931550,18820692240398
13492,1,18820692247819,18820712856440
13493,1,18820712862544,18820736188970
13494,1,18820736194214,18820752598749
13495,1,18820752603358,18820772167694
13496,1,18820772172228,18820792245271
13497,1,18820792255027,18820817013435
13498,1,18820817020979,18820836046618
13499,1,18820836051983,18820856089080
13500,1,18820856093589,18820876533395
13501,1,18820876539322,18820897913340
13502,1,18820897917784,18820917331628
13503,1,18820917336082,18820936139654
13504,1,18820936143983,18820956281470
13505,1,18820956286424,18820976660855
13506,1,18820976668155,18820998917630
13507,1,18820998923466,18821016770597
13508,1,18821016775082,18821035990759
13509,1,18821035995379,18821056085379
13510,1,18821056103840,18821076354168
13511,1,18821076359872,18821097802760
13512,1,18821097807692,18821117607506
13513,1,18821117612691,18821136061219
13514,1,18821136065785,18821155845796
13515,1,18821155850565,18821176536311
13516,1,18821176542663,18821198541320
13517,1,18821198546324,18821217320159
13518,1,18821217325028,18821235973785
13519,1,18821235978996,18821256230343
13520,1,18821256235425,18821276614021
13521,1,18821276619066,18821297529253
13522,1,18821297534203,18821317090959
13523,1,18821317098940,18821335923610
13524,1,18821335928443,18821355872670
13525,1,18821355892516,18821376606512
13526,1,18821376612111,18821397486101
13527,1,18821397491037,18821417115316
13528,1,18821417120354,18821436280412
13529,1,18821436285791,18821455963872
13530,1,18821455968437,18821476201831
13531,1,18821476206858,18821497910450
13532,1,18821497915185,18821517800704
13533,1,18821517805713,18821535958080
13534,1,18821535962928,18821556139940
13535,1,18821556144650,18821581449582
13536,1,18821581454130,18821600391083
13537,1,18821600395316,18821620812821
13538,1,18821620816996,18821640296940
13539,1,18821640302035,18821662054832
13540,1,18821662059420,18821681125684
13541,1,18821681131845,18821700291416
13542,1,18821700295725,18821720395270
13543,1,18821720399954,18821740213170
13544,1,18821740217976,18821761852501
13545,1,18821761859255,18821782412699
13546,1,18821782420237,18821802662046
13547,1,18821802666519,18821821392974
13548,1,18821821397711,18821840281419
13549,1,18821840286724,18821861772352
13550,1,18821861778812,18821882529143
13551,1,18821882534399,18821900650583
13552,1,18821900654885,18821920482308
13553,1,18821920486549,18821940525489
13554,1,18821940534058,18821961762562
13555,1,18821961769020,18821981909929
13556,1,18821981915378,18822000048860
13557,1,18822000056528,18822020679212
13558,1,18822020684007,18822043683343
13559,1,18822043690500,18822061979176
13560,1,18822062004471,18822081698354
13561,1,18822081703622,18822100180341
13562,1,18822100184566,18822121175810
13563,1,18822121180285,18822140237065
13564,1,18822140242300,18822162183705
13565,1,18822162190720,18822181150195
13566,1,18822181155195,18822200948869
13567,1,18822200953713,18822220466089
13568,1,18822220471410,18822240589015
13569,1,18822240594494,18822261971159
13570,1,18822261975863,18822281790809
13571,1,18822281796368,18822300860689
13572,1,18822300866343,18822325245987
13573,1,18822325264776,18822345634780
13574,1,18822345661493,18822366028709
13575,1,18822366033445,18822385081281
13576,1,18822385087349,18822404183742
13577,1,18822404188215,18822425214210
13578,1,18822425220219,18822446388225
13579,1,18822446398637,18822465269634
13580,1,18822465274569,18822484336484
13581,1,18822484341213,18822504062397
13582,1,18822504067101,18822524777798
13583,1,18822524794348,18822545844529
13584,1,18822545863465,18822566285765
13585,1,18822566293261,18822585516423
13586,1,18822585520950,18822604174164
13587,1,18822604180557,18822625542037
13588,1,18822625556098,18822646571876
13589,1,18822646581409,18822665191223
13590,1,18822665196708,18822686383738
13591,1,18822686389003,18822704102974
13592,1,18822704107073,18822725119335
13593,1,18822725125415,18822746001854
13594,1,18822746007602,18822765206996
13595,1,18822765212137,18822784509670
13596,1,18822784514853,18822804135828
13597,1,18822804141395,18822825270713
13598,1,18822825277895,18822846779715
13599,1,18822846789584,18822866163284
13600,1,18822866168924,18822885214294
13601,1,18822885218945,18822904031759
13602,1,18822904036629,18822924981465
13603,1,18822924990137,18822946392979
13604,1,18822946400212,18822965256212
13605,1,18822965261581,18822984516477
13606,1,18822984520634,18823004224824
13607,1,18823004229312,18823025123043
13608,1,18823025130170,18823046097066
13609,1,18823046107130,18823064743744
13610,1,18823064764169,18823088108173
13611,1,18823088126397,18823112260446
13612,1,18823112265993,18823131238295
13613,1,18823131243084,18823148660818
13614,1,18823148665556,18823167964579
13615,1,18823167969872,18823187825042
13616,1,18823187829894,18823208561717
13617,1,18823208567823,18823229503186
13618,1,18823229508369,18823249104122
13619,1,18823249110853,18823267910928
13620,1,18823267915636,18823287990394
13621,1,18823287994973,18823308590738
13622,1,18823308595783,18823330409196
13623,1,18823330413853,18823348925385
13624,1,18823348930379,18823368820438
13625,1,18823368826924,18823388430666
13626,1,18823388435481,18823408442058
13627,1,18823408447909,18823429777791
13628,1,18823429782189,18823450114887
13629,1,18823450120982,18823467857392
13630,1,18823467862213,18823487970834
13631,1,18823487975780,18823508660344
13632,1,18823508665145,18823530486817
13633,1,18823530492107,18823549225862
13634,1,18823549230235,18823569924686
13635,1,18823569930572,18823591017941
13636,1,18823591025237,18823609325565
13637,1,18823609332011,18823630854528
13638,1,18823630860149,18823650210512
13639,1,18823650218755,18823668064561
13640,1,18823668070083,18823688132328
13641,1,18823688137636,18823708457520
13642,1,18823708462818,18823729773599
13643,1,18823729778514,18823748568691
13644,1,18823748573526,18823768020850
13645,1,18823768026691,18823788017789
13646,1,18823788024333,18823808647589
13647,1,18823808655201,18823831899172
13648,1,18823831903725,18823852292372
13649,1,18823852296957,18823872270719
13650,1,18823872275879,18823894777192
13651,1,18823894783722,18823914353211
13652,1,18823914375077,18823932208762
13653,1,18823932214040,18823952184029
13654,1,18823952188711,18823972207564
13655,1,18823972212568,18823993197552
13656,1,18823993202613,18824013575674
13657,1,18824013582407,18824032114643
13658,1,18824032119251,18824052403564
13659,1,18824052408208,18824072495376
13660,1,18824072499904,18824094129035
13661,1,18824094134084,18824113897185
13662,1,18824113928019,18824134815247
13663,1,18824134821634,18824152912471
13664,1,18824152918341,18824174966711
13665,1,18824174972997,18824197367008
13666,1,18824197375140,18824214636515
13667,1,18824214642362,18824231955244
13668,1,18824231959462,18824252258086
13669,1,18824252262930,18824272385975
13670,1,18824272391448,18824294417802
13671,1,18824294423901,18824313815199
13672,1,18824313819949,18824332060521
13673,1,18824332066415,18824352218264
13674,1,18824352222723,18824373447972
13675,1,18824373458203,18824395945996
13676,1,18824395950986,18824413700160
13677,1,18824413705271,18824432124778
13678,1,18824432129899,18824454182703
13679,1,18824454188218,18824471961360
13680,1,18824471966190,18824494247771
13681,1,18824494253655,18824513852607
13682,1,18824513858071,18824532407741
13683,1,18824532412577,18824552118989
13684,1,18824552123463,18824572171100
13685,1,18824572175657,18824597839355
13686,1,18824597843751,18824616927095
13687,1,18824616932289,18824635984383
13688,1,18824635988981,18824657241759
13689,1,18824657252419,18824676870413
13690,1,18824676876105,18824697400933
13691,1,18824697405160,18824717214863
13692,1,18824717232948,18824737407087
13693,1,18824737411919,18824757153727
13694,1,18824757160006,18824778283864
13695,1,18824778339803,18824797239328
13696,1,18824797245422,18824816341814
13697,1,18824816346828,18824836036442
13698,1,18824836042493,18824858256029
13699,1,18824858264836,18824879435446
13700,1,18824879449788,18824896653786
13701,1,18824896658069,18824916620704
13702,1,18824916625188,18824936269918
13703,1,18824936275372,18824956975558
13704,1,18824956982454,18824979041583
13705,1,18824979050328,18824998439166
13706,1,18824998444342,18825017219550
13707,1,18825017224555,18825036225867
13708,1,18825036230555,18825058377810
13709,1,18825058384651,18825078357294
13710,1,18825078362523,18825097063309
13711,1,18825097067807,18825116825407
13712,1,18825116830122,18825136507208
13713,1,18825136513375,18825156791044
13714,1,18825156820066,18825178186148
13715,1,18825178200325,18825197687021
13716,1,18825197691302,18825216368199
13717,1,18825216373064,18825236353273
13718,1,18825236359280,18825258198954
13719,1,18825258205624,18825278577765
13720,1,18825278593846,18825297250102
13721,1,18825297254912,18825316505913
13722,1,18825316510927,18825336371178
13723,1,18825336376762,18825361774244
13724,1,18825361782316,18825381488150
13725,1,18825381493186,18825400146110
13726,1,18825400150827,18825420315376
13727,1,18825420320261,18825440751143
13728,1,18825440757539,18825462019025
13729,1,18825462023730,18825483181961
13730,1,18825483187129,18825500425527
13731,1,18825500430148,18825521351652
13732,1,18825521359672,18825540727459
13733,1,18825540731991,18825562531876
13734,1,18825562536635,18825581586143
13735,1,18825581591605,18825599805446
13736,1,18825599809922,18825620052598
13737,1,18825620057130,18825641557791
13738,1,18825641562779,18825661281583
13739,1,18825661286560,18825680926543
13740,1,18825680931346,18825699964208
13741,1,18825699968734,18825719910064
13742,1,18825719914661,18825741039584
13743,1,18825741045037,18825761895001
13744,1,18825761899868,18825782423978
13745,1,18825782434347,18825800213003
13746,1,18825800217587,18825819977534
13747,1,18825819984238,18825840874367
13748,1,18825840881222,18825861373764
13749,1,18825861378351,18825881693173
13750,1,18825881698247,18825899952114
13751,1,18825899956568,18825920192814
13752,1,18825920198728,18825941168830
13753,1,18825941185309,18825962310440
13754,1,18825962315184,18825980628220
13755,1,18825980633024,18825999859166
13756,1,18825999863408,18826019834409
13757,1,18826019839211,18826040927876
13758,1,18826040934681,18826061758928
13759,1,18826061763741,18826080759860
13760,1,18826080764758,18826104111925
13761,1,18826104117031,18826126664960
13762,1,18826126670457,18826146526481
13763,1,18826146531884,18826164185162
13764,1,18826164204192,18826184275790
13765,1,18826184280897,18826204591439
13766,1,18826204597238,18826225832442
13767,1,18826225836935,18826246056204
13768,1,18826246060763,18826263756236
13769,1,18826263760791,18826283844069
13770,1,18826283848973,18826305151631
13771,1,18826305159262,18826325130243
13772,1,18826325134613,18826345245287
13773,1,18826345251494,18826364334236
13774,1,18826364338810,18826384721796
13775,1,18826384727315,18826404481859
13776,1,18826404487719,18826425999032
13777,1,18826426003920,18826445106961
13778,1,18826445112470,18826464207281
13779,1,18826464212467,18826484095610
13780,1,18826484114690,18826504584123
13781,1,18826504589655,18826525588602
13782,1,18826525593628,18826544654984
13783,1,18826544659957,18826564146339
13784,1,18826564151532,18826584062066
13785,1,18826584067273,18826604533565
13786,1,18826604540905,18826626542787
13787,1,18826626547793,18826645382571
13788,1,18826645387603,18826664231698
13789,1,18826664236525,18826683945481
13790,1,18826683950153,18826704356526
13791,1,18826704364427,18826725073266
13792,1,18826725094975,18826744683766
13793,1,18826744690950,18826763891474
13794,1,18826763896244,18826784975155
13795,1,18826784980270,18826805670877
13796,1,18826805678558,18826826891092
13797,1,18826826897607,18826844311891
13798,1,18826844319137,18826868347048
13799,1,18826868351929,18826890386517
13800,1,18826890391522,18826909728374
13801,1,18826909736119,18826930166750
13802,1,18826930171615,18826948320600
13803,1,18826948325318,18826968212988
13804,1,18826968217800,18826989903819
13805,1,18826989908580,18827010241534
13806,1,18827010256306,18827028421487
13807,1,18827028426411,18827048413171
13808,1,18827048417221,18827068248546
13809,1,18827068253887,18827090099414
13810,1,18827090106835,18827109385654
13811,1,18827109391666,18827128733109
13812,1,18827128737434,18827148501291
13813,1,18827148506081,18827168483089
13814,1,18827168487890,18827189992653
13815,1,18827190019773,18827209733180
13816,1,18827209739218,18827229245493
13817,1,18827229250432,18827248343355
13818,1,18827248347920,18827268246098
13819,1,18827268252166,18827289920155
13820,1,18827289925269,18827309821584
13821,1,18827309828039,18827328593901
13822,1,18827328613367,18827348532340
13823,1,18827348536945,18827371086624
13824,1,18827371105213,18827389818604
13825,1,18827389824205,18827409499640
13826,1,18827409504839,18827428373688
13827,1,18827428378417,18827448191528
13828,1,18827448196157,18827468172768
13829,1,18827468177506,18827490681267
13830,1,18827490686168,18827509535741
13831,1,18827509541874,18827528602369
13832,1,18827528607156,18827548320459
13833,1,18827548325017,18827568159876
13834,1,18827568164817,18827589657673
13835,1,18827589663303,18827610047927
13836,1,18827610052769,18827633435486
13837,1,18827633443866,18827652411792
13838,1,18827652418106,18827673880060
13839,1,18827673923727,18827694715577
13840,1,18827694720696,18827714161205
13841,1,18827714166641,18827733325864
13842,1,18827733330822,18827752200030
13843,1,18827752205179,18827774563266
13844,1,18827774573662,18827793013151
13845,1,18827793017591,18827813235764
13846,1,18827813240503,18827831947006
13847,1,18827831952084,18827852573647
13848,1,18827852584112,18827874457291
13849,1,18827874474916,18827894935022
13850,1,18827894940532,18827913870470
13851,1,18827913878132,18827932124544
13852,1,18827932130094,18827952288217
13853,1,18827952296500,18827972887957
13854,1,18827972892759,18827993373240
13855,1,18827993377667,18828012497137
13856,1,18828012502887,18828031985396
13857,1,18828031989793,18828052432093
13858,1,18828052446066,18828073068297
13859,1,18828073083041,18828093539105
13860,1,18828093543645,18828112614676
13861,1,18828112619420,18828132128323
13862,1,18828132133243,18828152842372
13863,1,18828152860462,18828175192258
13864,1,18828175209170,18828193618942
13865,1,18828193639670,18828212822236
13866,1,18828212841966,18828232196977
13867,1,18828232202305,18828252532261
13868,1,18828252543797,18828273742524
13869,1,18828273764506,18828293414257
13870,1,18828293419216,18828312396021
13871,1,18828312400816,18828332142545
13872,1,18828332147124,18828353094976
13873,1,18828353101016,18828377989786
13874,1,18828377994904,18828395997610
13875,1,18828396020752,18828416201507
13876,1,18828416205884,18828437966144
13877,1,18828437974023,18828457869500
13878,1,18828457874216,18828476940006
13879,1,18828476952992,18828495972713
13880,1,18828495977448,18828516072575
13881,1,18828516077304,18828536341045
13882,1,18828536347297,18828557893414
13883,1,18828557898341,18828577447895
13884,1,18828577452501,18828596083245
13885,1,18828596088521,18828616831206
13886,1,18828616836151,18828636790446
13887,1,18828636797678,18828657693129
13888,1,18828657741750,18828676838368
13889,1,18828676843445,18828696233572
13890,1,18828696238082,18828716151789
13891,1,18828716157744,18828736601748
13892,1,18828736607157,18828757926757
13893,1,18828757931268,18828777393500
13894,1,18828777399201,18828796274769
13895,1,18828796279279,18828816038173
13896,1,18828816042733,18828836492628
13897,1,18828836498553,18828857988199
13898,1,18828857993229,18828877029022
13899,1,18828877033891,18828896180720
13900,1,18828896190465,18828916126994
13901,1,18828916133921,18828936755637
13902,1,18828936760433,18828959164455
13903,1,18828959169432,18828977419343
13904,1,18828977425549,18828996339544
13905,1,18828996344530,18829020517020
13906,1,18829020541232,18829040363348
13907,1,18829040378477,18829059910473
13908,1,18829059917057,18829077574765
13909,1,18829077579893,18829096062801
13910,1,18829096068988,18829119657723
13911,1,18829119664425,18829143760770
13912,1,18829143789371,18829160632382
13913,1,18829160637543,18829180342450
13914,1,18829180347305,18829202898700
13915,1,18829202904611,18829224340844
13916,1,18829224349615,18829244670077
13917,1,18829244676459,18829263323446
13918,1,18829263346288,18829282917578
13919,1,18829282922340,18829300255057
13920,1,18829300259906,18829322046987
13921,1,18829322052704,18829341982600
13922,1,18829341987529,18829360654218
13923,1,18829360659484,18829380254443
13924,1,18829380258574,18829400076829
13925,1,18829400082341,18829421899428
13926,1,18829421904135,18829441222949
13927,1,18829441228388,18829459942152
13928,1,18829459947312,18829480496738
13929,1,18829480501331,18829504196712
13930,1,18829504202683,18829521436303
13931,1,18829521441295,18829540874762
13932,1,18829540879020,18829561440389
13933,1,18829561445281,18829580228077
13934,1,18829580245529,18829600382719
13935,1,18829600387111,18829622167094
13936,1,18829622171673,18829642150224
13937,1,18829642154932,18829660454791
13938,1,18829660459371,18829679959278
13939,1,18829679963466,18829700398333
13940,1,18829700403707,18829721657668
13941,1,18829721662101,18829740645004
13942,1,18829740649558,18829762906726
13943,1,18829762918672,18829780290694
13944,1,18829780295071,18829800262137
13945,1,18829800266931,18829821859178
13946,1,18829821863716,18829841663440
13947,1,18829841668930,18829860524103
13948,1,18829860528641,18829880113507
13949,1,18829880118883,18829905457179
13950,1,18829905479686,18829924976140
13951,1,18829924981201,18829945536889
13952,1,18829945541414,18829964450914
13953,1,18829964455461,18829985426341
13954,1,18829985433987,18830006801608
13955,1,18830006815598,18830026685809
13956,1,18830026690272,18830044617891
13957,1,18830044622671,18830063807140
13958,1,18830063812123,18830085337606
13959,1,18830085344323,18830106148776
13960,1,18830106155320,18830128368892
13961,1,18830128375836,18830144523556
13962,1,18830144527943,18830164058980
13963,1,18830164064753,18830185272091
13964,1,18830185278666,18830205712025
13965,1,18830205718479,18830224997913
13966,1,18830225002609,18830244956587
13967,1,18830244962622,18830263837297
13968,1,18830263857658,18830285227923
13969,1,18830285234161,18830305933984
13970,1,18830305938970,18830326398748
13971,1,18830326404256,18830345598183
13972,1,18830345603158,18830364233431
13973,1,18830364242704,18830387548330
13974,1,18830387557449,18830405747395
13975,1,18830405754177,18830426624390
13976,1,18830426631712,18830444074515
13977,1,18830444080439,18830464699809
13978,1,18830464705070,18830488616177
13979,1,18830488621482,18830505730971
13980,1,18830505743643,18830524722370
13981,1,18830524727356,18830544514515
13982,1,18830544519510,18830564071484
13983,1,18830564076972,18830586813656
13984,1,18830586819993,18830604724013
13985,1,18830604729997,18830625373940
13986,1,18830625378571,18830649188167
13987,1,18830649196799,18830668595575
13988,1,18830668601430,18830689709822
13989,1,18830689714659,18830709584220
13990,1,18830709589804,18830728259765
13991,1,18830728264605,18830748203504
13992,1,18830748220699,18830768691383
13993,1,18830768696458,18830789348844
13994,1,18830789353384,18830808771674
13995,1,18830808776954,18830829185639
13996,1,18830829190228,18830848123787
13997,1,18830848128678,18830869339396
13998,1,18830869346084,18830889326197
13999,1,18830889331241,18830908650894
14000,1,18830908655421,18830928124584
14001,1,18830928129249,18830951490041
14002,1,18830951496775,18830968713535
14003,1,18830968718908,18830990045862
14004,1,18830990050389,18831008908837
14005,1,18831008913927,18831029056655
14006,1,18831029061330,18831048151595
14007,1,18831048156349,18831069561691
14008,1,18831069568135,18831089811212
14009,1,18831089816214,18831109754734
14010,1,18831109764827,18831128066665
14011,1,18831128072084,18831148952999
14012,1,18831148959895,18831169107373
14013,1,18831169113189,18831190313768
14014,1,18831190319390,18831209320391
14015,1,18831209325155,18831228244308
14016,1,18831228248496,18831248154101
14017,1,18831248158835,18831269026502
14018,1,18831269032914,18831290235648
14019,1,18831290258995,18831308963104
14020,1,18831308980911,18831328280418
14021,1,18831328285175,18831348342128
14022,1,18831348346679,18831368823975
14023,1,18831368829278,18831390300456
14024,1,18831390306494,18831412656653
14025,1,18831412660988,18831432666238
14026,1,18831432671104,18831453834490
14027,1,18831453839291,18831473583720
14028,1,18831473592654,18831492058314
14029,1,18831492063466,18831512214800
14030,1,18831512219449,18831532495559
14031,1,18831532500617,18831555165844
14032,1,18831555170689,18831572995919
14033,1,18831573005779,18831591973212
14034,1,18831591977984,18831612534116
14035,1,18831612587099,18831633442466
14036,1,18831633450849,18831654260035
14037,1,18831654265662,18831673293520
14038,1,18831673298114,18831692170764
14039,1,18831692175729,18831712363510
14040,1,18831712368030,18831732797742
14041,1,18831732805465,18831753927307
14042,1,18831753932371,18831773312644
14043,1,18831773320584,18831794393134
14044,1,18831794399713,18831812513787
14045,1,18831812520409,18831833946084
14046,1,18831833952903,18831854497217
14047,1,18831854502590,18831875542083
14048,1,18831875549155,18831895896431
14049,1,18831895904158,18831917047548
14050,1,18831917056969,18831935478549
14051,1,18831935483731,18831955937220
14052,1,18831955944279,18831974165657
14053,1,18831974173725,18831993068519
14054,1,18831993073297,18832014995149
14055,1,18832015005280,18832033485200
14056,1,18832033492524,18832054439242
14057,1,18832054448432,18832073272938
14058,1,18832073277215,18832095485936
14059,1,18832095499511,18832112773749
14060,1,18832112779199,18832132715316
14061,1,18832132722295,18832154661532
14062,1,18832154668024,18832176774913
14063,1,18832176780166,18832198105917
14064,1,18832198117620,18832218589477
14065,1,18832218597152,18832237842518
14066,1,18832237847774,18832256992960
14067,1,18832256997950,18832276591322
14068,1,18832276596076,18832296500297
14069,1,18832296505540,18832317402335
14070,1,18832317427971,18832338130978
14071,1,18832338140220,18832357995034
14072,1,18832358000162,18832377021165
14073,1,18832377026493,18832396308647
14074,1,18832396314610,18832418702168
14075,1,18832418709397,18832440225207
14076,1,18832440230555,18832456861233
14077,1,18832456866170,18832476499529
14078,1,18832476504550,18832496290286
14079,1,18832496295430,18832518035390
14080,1,18832518057959,18832537676004
14081,1,18832537686170,18832556566229
14082,1,18832556571221,18832576538408
14083,1,18832576543523,18832596332809
14084,1,18832596338299,18832616991373
14085,1,18832616999147,18832637923112
14086,1,18832637928834,18832656754044
14087,1,18832656761624,18832677820646
14088,1,18832677825134,18832699179633
14089,1,18832699192577,18832718435871
14090,1,18832718442413,18832738682277
14091,1,18832738687660,18832760263382
14092,1,18832760270273,18832778284122
14093,1,18832778290492,18832796322114
14094,1,18832796326772,18832818630124
14095,1,18832818636812,18832838928930
14096,1,18832838935239,18832858040469
14097,1,18832858047713,18832876679700
14098,1,18832876684377,18832896131426
14099,1,18832896136643,18832922336853
14100,1,18832922342043,18832941408506
14101,1,18832941413810,18832961766398
14102,1,18832961771743,18832980282112
14103,1,18832980290145,18833001006025
14104,1,18833001011998,18833022380055
14105,1,18833022384861,18833041160923
14106,1,18833041165704,18833060283923
14107,1,18833060288818,18833080163743
14108,1,18833080168820,18833100894461
14109,1,18833100899793,18833124453931
14110,1,18833124459522,18833143347246
14111,1,18833143353180,18833164599687
14112,1,18833164610130,18833184581962
14113,1,18833184588639,18833202450872
14114,1,18833202476972,18833223827672
14115,1,18833223833060,18833242397653
14116,1,18833242405058,18833264130920
14117,1,18833264144575,18833282971663
14118,1,18833282982673,18833302972077
14119,1,18833302979335,18833322750024
14120,1,18833322772139,18833345902258
14121,1,18833345907230,18833362314053
14122,1,18833362339791,18833380631487
14123,1,18833380641549,18833403153711
14124,1,18833403161612,18833425305119
14125,1,18833425311589,18833442973253
14126,1,18833442978571,18833463555160
14127,1,18833463562535,18833481613746
14128,1,18833481622266,18833503179018
14129,1,18833503184872,18833523635574
14130,1,18833523642188,18833541102270
14131,1,18833541107959,18833563311625
14132,1,18833563322592,18833583907606
14133,1,18833583913985,18833603986904
14134,1,18833603993683,18833623232613
14135,1,18833623239634,18833642792017
14136,1,18833642798264,18833662677275
14137,1,18833662684036,18833687269836
14138,1,18833687275643,18833706826624
14139,1,18833706833566,18833726788073
14140,1,18833726794565,18833746906903
14141,1,18833746920347,18833766652546
14142,1,18833766658996,18833787015445
14143,1,18833787022398,18833806609823
14144,1,18833806616456,18833826650077
14145,1,18833826656697,18833847186884
14146,1,18833847208309,18833866346942
14147,1,18833866357996,18833887161935
14148,1,18833887169243,18833907444626
14149,1,18833907450769,18833926920024
14150,1,18833926927144,18833944486944
14151,1,18833944491430,18833964192857
14152,1,18833964199843,18833985697687
14153,1,18833985702607,18834004987325
14154,1,18834004993626,18834024055419
14155,1,18834024060563,18834044131146
14156,1,18834044135570,18834066864746
14157,1,18834066872405,18834085555143
14158,1,18834085559924,18834104842995
14159,1,18834104849949,18834123964757
14160,1,18834123969669,18834144201418
14161,1,18834144206289,18834166228914
14162,1,18834166255737,18834186644737
14163,1,18834186649720,18834205378740
14164,1,18834205383434,18834223839987
14165,1,18834223844422,18834244390395
14166,1,18834244395415,18834265040961
14167,1,18834265046467,18834288981262
14168,1,18834288988926,18834305935620
14169,1,18834305940928,18834324115832
14170,1,18834324121747,18834344626389
14171,1,18834344631151,18834364715673
14172,1,18834364740817,18834386795582
14173,1,18834386800189,18834405488084
14174,1,18834405492987,18834423886230
14175,1,18834423890473,18834450031424
14176,1,18834450036636,18834469466878
14177,1,18834469473306,18834488508042
14178,1,18834488512488,18834508711434
14179,1,18834508716654,18834528694143
14180,1,18834528699410,18834549990620
14181,1,18834549998725,18834569252365
14182,1,18834569257245,18834589303505
14183,1,18834589308500,18834609610854
14184,1,18834609623059,18834627838388
14185,1,18834627843619,18834649805549
14186,1,18834649812817,18834669715609
14187,1,18834669722555,18834689001394
14188,1,18834689006210,18834708392226
14189,1,18834708396961,18834728175254
14190,1,18834728179608,18834751354019
14191,1,18834751360983,18834769932876
14192,1,18834769938189,18834790649189
14193,1,18834790654831,18834809191552
14194,1,18834809196531,18834828232647
14195,1,18834828236877,18834850061276
14196,1,18834850068115,18834868734137
14197,1,18834868738927,18834889948599
14198,1,18834889954726,18834908618723
14199,1,18834908623313,18834928260016
14200,1,18834928264465,18834950705180
14201,1,18834950710469,18834970839648
14202,1,18834970845878,18834990100075
14203,1,18834990105750,18835009794182
14204,1,18835009799453,18835028128109
14205,1,18835028146671,18835050476187
14206,1,18835050484339,18835070782920
14207,1,18835070791423,18835088754599
14208,1,18835088759010,18835108583006
14209,1,18835108588162,18835129221627
14210,1,18835129233724,18835149893858
14211,1,18835149898812,18835169790937
14212,1,18835169796042,18835195415633
14213,1,18835195422231,18835215779620
14214,1,18835215785830,18835233153978
14215,1,18835233160107,18835256274133
14216,1,18835256280223,18835273564851
14217,1,18835273570824,18835293115605
14218,1,18835293120142,18835313506167
14219,1,18835313513824,18835334180890
14220,1,18835334414554,18835355373432
14221,1,18835355384121,18835373542459
14222,1,18835373549342,18835392748230
14223,1,18835392772049,18835413826968
14224,1,18835413880408,18835434266154
14225,1,18835434271567,18835455660118
14226,1,18835455670974,18835473144457
14227,1,18835473150159,18835492302406
14228,1,18835492307033,18835513112118
14229,1,18835513118705,18835533518478
14230,1,18835533524913,18835553772827
14231,1,18835553778500,18835571934281
14232,1,18835571938789,18835592328999
14233,1,18835592333704,18835612470880
14234,1,18835612476851,18835632218629
14235,1,18835632223744,18835652301047
14236,1,18835652305901,18835672506452
14237,1,18835672511146,18835692444376
14238,1,18835692449109,18835712261169
14239,1,18835712266571,18835732401667
14240,1,18835732406873,18835752147829
14241,1,18835752152852,18835772272103
14242,1,18835772276885,18835792335811
14243,1,18835792341132,18835812224950
14244,1,18835812229747,18835832477272
14245,1,18835832482110,18835852264249
14246,1,18835852269006,18835872137702
14247,1,18835872142722,18835892334187
14248,1,18835892339433,18835912291456
14249,1,18835912296696,18835932668688
14250,1,18835932673746,18835956350890
14251,1,18835956355856,18835976327545
14252,1,18835976332577,18835996288949
14253,1,18835996293973,18836016094915
14254,1,18836016099467,18836036383637
14255,1,18836036389319,18836056203709
14256,1,18836056208678,18836076305799
14257,1,18836076310664,18836096262801
14258,1,18836096269478,18836116190417
14259,1,18836116195774,18836136393085
14260,1,18836136397939,18836156358449
14261,1,18836156363774,18836176166774
14262,1,18836176170861,18836196447637
14263,1,18836196452447,18836216299825
14264,1,18836216304747,18836236219611
14265,1,18836236224624,18836256252287
14266,1,18836256257056,18836277125033
14267,1,18836277130213,18836296242047
14268,1,18836296246774,18836316344636
14269,1,18836316349904,18836336337240
14270,1,18836336342863,18836356209073
14271,1,18836356214108,18836376102992
14272,1,18836376109153,18836396144306
14273,1,18836396150064,18836416176249
14274,1,18836416197438,18836436376981
14275,1,18836436382040,18836456463668
14276,1,18836456467913,18836476315406
14277,1,18836476320037,18836496173074
14278,1,18836496177998,18836516185982
14279,1,18836516190968,18836536250060
14280,1,18836536255031,18836556062076
14281,1,18836556069285,18836576381705
14282,1,18836576386776,18836596230798
14283,1,18836596235682,18836616344060
14284,1,18836616349249,18836636119146
14285,1,18836636124698,18836656234784
14286,1,18836656240426,18836676966567
14287,1,18836676977217,18836696272984
14288,1,18836696278343,18836720334798
14289,1,18836720339668,18836740288170
14290,1,18836740306918,18836760457459
14291,1,18836760461968,18836780244070
14292,1,18836780249493,18836800313123
14293,1,18836800318425,18836820312229
14294,1,18836820317065,18836840308402
14295,1,18836840313451,18836860185079
14296,1,18836860190274,18836880134247
14297,1,18836880138976,18836900428353
14298,1,18836900433062,18836920450707
14299,1,18836920457530,18836940315258
14300,1,18836940320246,18836960482007
14301,1,18836960522710,18836980410669
14302,1,18836980415699,18837000592245
14303,1,18837000596764,18837020335322
14304,1,18837020340719,18837040253820
14305,1,18837040258736,18837060281716
14306,1,18837060286906,18837080152401
14307,1,18837080157403,18837104381365
14308,1,18837104387530,18837135412602
14309,1,18837135417436,18837144505962
14310,1,18837144513128,18837162964088
14311,1,18837162971588,18837181167465
14312,1,18837181199181,18837203593569
14313,1,18837203600069,18837221344060
14314,1,18837221348802,18837240461905
14315,1,18837240466829,18837260283805
14316,1,18837260288173,18837280387831
14317,1,18837280392281,18837300685220
14318,1,18837300690291,18837320697336
14319,1,18837320703542,18837340149722
14320,1,18837340154644,18837360338949
14321,1,18837360343600,18837380506111
14322,1,18837380511818,18837401003829
14323,1,18837401009545,18837420559020
14324,1,18837420564208,18837440344814
14325,1,18837440349591,18837465376653
14326,1,18837465396703,18837484174753
14327,1,18837484179643,18837504199799
14328,1,18837504204436,18837524022875
14329,1,18837524027704,18837544711194
14330,1,18837544716804,18837564286318
14331,1,18837564290867,18837585491119
14332,1,18837585510156,18837604099903
14333,1,18837604104864,18837624575273
14334,1,18837624581416,18837644509919
14335,1,18837644515867,18837665118571
14336,1,18837665123321,18837686011419
14337,1,18837686019509,18837704224552
14338,1,18837704229648,18837724667377
14339,1,18837724672761,18837744660137
14340,1,18837744667589,18837764699612
14341,1,18837764704816,18837785815378
14342,1,18837785819957,18837804101460
14343,1,18837804106355,18837824465140
14344,1,18837824470088,18837844753360
14345,1,18837844758946,18837865272980
14346,1,18837865277580,18837884326726
14347,1,18837884331695,18837904358131
14348,1,18837904362838,18837924092092
14349,1,18837924097521,18837945175447
14350,1,18837945181514,18837964417976
14351,1,18837964423788,18837984936829
14352,1,18837984944778,18838004051933
14353,1,18838004056629,18838023959071
14354,1,18838023964098,18838044181506
14355,1,18838044187867,18838065546310
14356,1,18838065551180,18838084173403
14357,1,18838084178139,18838104307556
14358,1,18838104312549,18838123943642
14359,1,18838123963620,18838144712323
14360,1,18838144718155,18838164516756
14361,1,18838164522191,18838185914243
14362,1,18838185918997,18838204104064
14363,1,18838204109940,18838228421567
14364,1,18838228426952,18838249779002
14365,1,18838249790326,18838269593287
14366,1,18838269598139,18838288262959
14367,1,18838288267772,18838308179177
14368,1,18838308184356,18838329285861
14369,1,18838329290839,18838348459907
14370,1,18838348464241,18838368128795
14371,1,18838368133628,18838388550011
14372,1,18838388554896,18838408382502
14373,1,18838408387529,18838428876337
14374,1,18838428880942,18838449971216
14375,1,18838450016116,18838468048656
14376,1,18838468067659,18838488463005
14377,1,18838488468884,18838508313387
14378,1,18838508318816,18838528352124
14379,1,18838528358391,18838548111394
14380,1,18838548115950,18838568216228
14381,1,18838568221030,18838588120124
14382,1,18838588124954,18838608033530
14383,1,18838608038789,18838628245489
14384,1,18838628250595,18838647891260
14385,1,18838647895638,18838668141267
14386,1,18838668146667,18838688587346
14387,1,18838688592123,18838708522549
14388,1,18838708526959,18838728216451
14389,1,18838728221666,18838748159939
14390,1,18838748164790,18838768231512
14391,1,18838768237271,18838788264627
14392,1,18838788270383,18838808210071
14393,1,18838808215261,18838828175480
14394,1,18838828180851,18838848167403
14395,1,18838848173010,18838868083395
14396,1,18838868088374,18838888251221
14397,1,18838888256792,18838908189928
14398,1,18838908195921,18838928552202
14399,1,18838928557483,18838948534609
14400,1,18838948539434,18838968457071
14401,1,18838968516976,18838992271386
14402,1,18838992276610,18839012360379
14403,1,18839012365534,18839032253968
14404,1,18839032259338,18839052173997
14405,1,18839052180243,18839072437920
14406,1,18839072443067,18839092444814
14407,1,18839092452003,18839112330288
14408,1,18839112335271,18839133003366
14409,1,18839133011986,18839152512520
14410,1,18839152517122,18839172418169
14411,1,18839172423382,18839192578239
14412,1,18839192583275,18839212441905
14413,1,18839212447028,18839232313281
14414,1,18839232318471,18839252264717
14415,1,18839252269914,18839272264170
14416,1,18839272268974,18839292302184
14417,1,18839292307230,18839312913864
14418,1,18839312919097,18839332415428
14419,1,18839332420494,18839352085400
14420,1,18839352090346,18839372079352
14421,1,18839372084821,18839392447400
14422,1,18839392452475,18839412378332
14423,1,18839412383931,18839432842108
14424,1,18839432849507,18839452448281
14425,1,18839452454022,18839472220598
14426,1,18839472225842,18839492233475
14427,1,18839492255813,18839513227807
14428,1,18839513232559,18839532554775
14429,1,18839532561942,18839552118472
14430,1,18839552123072,18839572272414
14431,1,18839572277575,18839592487647
14432,1,18839592494648,18839613240355
14433,1,18839613245401,18839632392265
14434,1,18839632398864,18839652166956
14435,1,18839652172167,18839672361712
14436,1,18839672366933,18839692208170
14437,1,18839692218993,18839712594986
14438,1,18839712599803,18839736228968
14439,1,18839736234181,18839756145119
14440,1,18839756150193,18839776372584
14441,1,18839776378244,18839796324913
14442,1,18839796330205,18839816305347
14443,1,18839816310468,18839836389076
14444,1,18839836394204,18839856244271
14445,1,18839856249540,18839876378758
14446,1,18839876384979,18839896404449
14447,1,18839896409316,18839916318801
14448,1,18839916323698,18839936990672
14449,1,18839936997845,18839956345503
14450,1,18839956350496,18839976198606
14451,1,18839976203628,18839996266816
14452,1,18839996272020,18840016210352
14453,1,18840016215621,18840036120679
14454,1,18840036125653,18840056189355
14455,1,18840056194554,18840076118959
14456,1,18840076124051,18840096070963
14457,1,18840096076072,18840116266245
14458,1,18840116272093,18840136314196
14459,1,18840136319595,18840156266461
14460,1,18840156288832,18840176260301
14461,1,18840176268378,18840196136151
14462,1,18840196140995,18840216478719
14463,1,18840216485759,18840236052404
14464,1,18840236058206,18840256169486
14465,1,18840256174127,18840276123189
14466,1,18840276127929,18840296171592
14467,1,18840296176563,18840315986416
14468,1,18840315990767,18840335904979
14469,1,18840335910565,18840356168692
14470,1,18840356173451,18840375949929
14471,1,18840375954372,18840396220267
14472,1,18840396225848,18840416023981
14473,1,18840416028732,18840436830996
14474,1,18840436837981,18840456274848
14475,1,18840456279913,18840476709450
14476,1,18840476716281,18840501122322
14477,1,18840501127948,18840520180353
14478,1,18840520198678,18840540484484
14479,1,18840540488796,18840560381269
14480,1,18840560385971,18840580128614
14481,1,18840580134343,18840600307019
14482,1,18840600312157,18840620273519
14483,1,18840620278723,18840640364421
14484,1,18840640369184,18840660218382
14485,1,18840660223365,18840680353385
14486,1,18840680357779,18840700340447
14487,1,18840700345525,18840720269690
14488,1,18840720274458,18840740315752
14489,1,18840740320862,18840760221429
14490,1,18840760227746,18840780094318
14491,1,18840780099134,18840800310616
14492,1,18840800315512,18840820282451
14493,1,18840820287385,18840840331826
14494,1,18840840337364,18840860389127
14495,1,18840860394138,18840880162735
14496,1,18840880167546,18840900309359
14497,1,18840900314661,18840920273884
14498,1,18840920278882,18840953517943
14499,1,18840953524281,18840965432962
14500,1,18840965439944,18840983843483
14501,1,18840983848364,18841001487080
14502,1,18841001513023,18841021878385
14503,1,18841021883385,18841041224149
14504,1,18841041238504,18841061078873
14505,1,18841061084615,18841081646705
14506,1,18841081653889,18841100539430
14507,1,18841100544566,18841120766299
14508,1,18841120771268,18841142410334
14509,1,18841142419475,18841161248182
14510,1,18841161252518,18841180083501
14511,1,18841180088644,18841199888830
14512,1,18841199892962,18841219820275
14513,1,18841219824926,18841240267742
14514,1,18841240272707,18841264066365
14515,1,18841264071177,18841284281111
14516,1,18841284285825,18841304229704
14517,1,18841304234557,18841324103655
14518,1,18841324113083,18841344039681
14519,1,18841344044841,18841364176244
14520,1,18841364181133,18841384477390
14521,1,18841384482780,18841404045167
14522,1,18841404050476,18841424040718
14523,1,18841424047523,18841444061748
14524,1,18841444066903,18841464381801
14525,1,18841464386895,18841484263459
14526,1,18841484268752,18841504219668
14527,1,18841504225290,18841524185790
14528,1,18841524193058,18841544144480
14529,1,18841544150051,18841564338338
14530,1,18841564359588,18841584258163
14531,1,18841584263959,18841604174565
14532,1,18841604179355,18841624149328
14533,1,18841624158023,18841644042003
14534,1,18841644046966,18841664092998
14535,1,18841664097254,18841684113097
14536,1,18841684118002,18841704306111
14537,1,18841704311628,18841724240547
14538,1,18841724247989,18841744087941
14539,1,18841744093263,18841764261453
14540,1,18841764266360,18841784231462
14541,1,18841784236667,18841804293194
14542,1,18841804297874,18841824318842
14543,1,18841824324576,18841844182769
14544,1,18841844187327,18841864261275
14545,1,18841864286750,18841884223813
14546,1,18841884229130,18841904153649
14547,1,18841904158615,18841924217908
14548,1,18841924224949,18841945062477
14549,1,18841945067522,18841964211841
14550,1,18841964216978,18841984248443
14551,1,18841984253802,18842008423199
14552,1,18842008427860,18842028275919
14553,1,18842028281206,18842048264614
14554,1,18842048269999,18842068057474
14555,1,18842068062967,18842088357437
14556,1,18842088363016,18842108122677
14557,1,18842108127598,18842128166666
14558,1,18842128173275,18842148201417
14559,1,18842148207065,18842168271862
14560,1,18842168276863,18842188220277
14561,1,18842188225971,18842208271834
14562,1,18842208276872,18842228171069
14563,1,18842228175942,18842248334184
14564,1,18842248339335,18842268141360
14565,1,18842268146891,18842288270659
14566,1,18842288276177,18842308243774
14567,1,18842308249292,18842328274527
14568,1,18842328279324,18842348130621
14569,1,18842348136161,18842368251829
14570,1,18842368257032,18842388052408
14571,1,18842388057476,18842408500430
14572,1,18842408504759,18842428038849
14573,1,18842428043952,18842448428979
14574,1,18842448433304,18842467951340
14575,1,18842467956681,18842487892627
14576,1,18842487896891,18842508035288
14577,1,18842508039623,18842528235724
14578,1,18842528240015,18842547812508
14579,1,18842547817207,18842568204507
14580,1,18842568223538,18842588080206
14581,1,18842588086631,18842608319559
14582,1,18842608324413,18842628240586
14583,1,18842628245781,18842647743094
14584,1,18842647747555,18842668102674
14585,1,18842668107597,18842687997278
14586,1,18842688017838,18842708655635
14587,1,18842708660054,18842728230202
14588,1,18842728234504,18842747935205
14589,1,18842747984861,18842773911836
14590,1,18842773917306,18842792187819
14591,1,18842792193061,18842811896768
14592,1,18842811901505,18842832881351
14593,1,18842832886127,18842852047572
14594,1,18842852052092,18842872308694
14595,1,18842872316307,18842892316222
14596,1,18842892320633,18842912345069
14597,1,18842912350158,18842931945072
14598,1,18842931949488,18842955073676
14599,1,18842955096886,18842975387691
14600,1,18842975394360,18842993927297
14601,1,18842993933200,18843015372683
14602,1,18843015379186,18843032423254
14603,1,18843032428871,18843053293546
14604,1,18843053298910,18843073380082
14605,1,18843073401309,18843095187957
14606,1,18843095193892,18843114505516
14607,1,18843114512561,18843134505736
14608,1,18843134514347,18843152684174
14609,1,18843152689057,18843176319519
14610,1,18843176340234,18843195748107
14611,1,18843195768025,18843215177305
14612,1,18843215184542,18843234094819
14613,1,18843234100409,18843253496566
14614,1,18843253502517,18843274993470
14615,1,18843274999822,18843295963403
14616,1,18843295969709,18843316216811
14617,1,18843316224789,18843336929536
14618,1,18843336943649,18843352803923
14619,1,18843352810653,18843375978227
14620,1,18843376121013,18843394855462
14621,1,18843394861877,18843415085044
14622,1,18843415096038,18843433744416
14623,1,18843433750023,18843455470191
14624,1,18843455476406,18843476292657
14625,1,18843476300267,18843500329521
14626,1,18843500337418,18843515368036
14627,1,18843515374848,18843539425478
14628,1,18843539431492,18843558047817
14629,1,18843558054885,18843579050434
14630,1,18843579077490,18843599528153
14631,1,18843599547975,18843617323534
14632,1,18843617328391,18843636844521
14633,1,18843636851079,18843657996329
14634,1,18843658002873,18843679710266
14635,1,18843679726206,18843697974125
14636,1,18843697981124,18843716866994
14637,1,18843716872115,18843736202901
14638,1,18843736207393,18843758278993
14639,1,18843758286206,18843779130117
14640,1,18843779136714,18843797132591
14641,1,18843797137859,18843816358784
14642,1,18843816364663,18843835964135
14643,1,18843835968623,18843857635134
14644,1,18843857640485,18843877731236
14645,1,18843877735810,18843897069950
14646,1,18843897075537,18843916520605
14647,1,18843916525600,18843936469939
14648,1,18843936474513,18843957519473
14649,1,18843957525805,18843979921329
14650,1,18843979931522,18843996227429
14651,1,18843996232171,18844016127936
14652,1,18844016132281,18844036090191
14653,1,18844036098557,18844057823329
14654,1,18844057827989,18844077472208
14655,1,18844077477011,18844096739195
14656,1,18844096743515,18844116057189
14657,1,18844116061746,18844136279333
14658,1,18844136284332,18844157778504
14659,1,18844157785007,18844177016124
14660,1,18844177020780,18844196402220
14661,1,18844196406560,18844216509873
14662,1,18844216514146,18844236610251
14663,1,18844236618253,18844257861956
14664,1,18844257866426,18844280886380
14665,1,18844280891169,18844300170553
14666,1,18844300175024,18844320218340
14667,1,18844320225129,18844340643964
14668,1,18844340650270,18844362399063
14669,1,18844362405879,18844381077561
14670,1,18844381084648,18844402854046
14671,1,18844402859500,18844423894942
14672,1,18844423916836,18844444666881
14673,1,18844444680572,18844463034897
14674,1,18844463041899,18844483202110
14675,1,18844483208222,18844502534835
14676,1,18844502540322,18844523917500
14677,1,18844523924294,18844544289604
14678,1,18844544296606,18844563263469
14679,1,18844563269924,18844583115169
14680,1,18844583121854,18844602500138
14681,1,18844602507046,18844623791466
14682,1,18844623815447,18844642964813
14683,1,18844642971930,18844663398635
14684,1,18844663405241,18844683540556
14685,1,18844683546222,18844702637987
14686,1,18844702645022,18844724329710
14687,1,18844724335658,18844745261593
14688,1,18844745268316,18844763390717
14689,1,18844763396439,18844783020834
14690,1,18844783025529,18844799834799
14691,1,18844799839592,18844821064655
14692,1,18844821072500,18844842255069
14693,1,18844842265285,18844862018039
14694,1,18844862022653,18844880611692
14695,1,18844880616900,18844900134879
14696,1,18844900139103,18844921126500
14697,1,18844921134620,18844940467933
14698,1,18844940472660,18844962287429
14699,1,18844962293498,18844980775775
14700,1,18844980783463,18845000761715
14701,1,18845000765899,18845022117868
14702,1,18845022137526,18845046234274
14703,1,18845046239031,18845064130939
14704,1,18845064137568,18845084062825
14705,1,18845084068054,18845105111868
14706,1,18845105132482,18845126945758
14707,1,18845126951121,18845146100664
14708,1,18845146106707,18845164214755
14709,1,18845164220248,18845184931781
14710,1,18845184936109,18845204775799
14711,1,18845204781262,18845225879974
14712,1,18845225884862,18845244992080
14713,1,18845244997145,18845263968908
14714,1,18845263973195,18845284754640
14715,1,18845284779859,18845304924855
14716,1,18845304930802,18845325839488
14717,1,18845325844416,18845345593840
14718,1,18845345599250,18845363805913
14719,1,18845363810112,18845385980572
14720,1,18845385990370,18845404704965
14721,1,18845404710097,18845426254291
14722,1,18845426258977,18845445066615
14723,1,18845445072116,18845464192659
14724,1,18845464197104,18845485674445
14725,1,18845485680699,18845505837946
14726,1,18845505842836,18845526440800
14727,1,18845526448991,18845545355131
14728,1,18845545360152,18845567103995
14729,1,18845567108317,18845585068699
14730,1,18845585073453,18845605899622
14731,1,18845605904498,18845626627043
14732,1,18845626633264,18845645758185
14733,1,18845645763396,18845666961934
14734,1,18845666984491,18845686022221
14735,1,18845686029104,18845706431370
14736,1,18845706437034,18845726178277
14737,1,18845726184888,18845745588847
14738,1,18845745595760,18845765296235
14739,1,18845765301245,18845789916404
14740,1,18845789921109,18845812148691
14741,1,18845812155226,18845828969449
14742,1,18845828974449,18845849641699
14743,1,18845849646953,18845870516366
14744,1,18845870538837,18845890472629
14745,1,18845890486304,18845909215827
14746,1,18845909220095,18845930562601
14747,1,18845930567941,18845949030039
14748,1,18845949035751,18845968080876
14749,1,18845968085280,18845990243803
14750,1,18845990251437,18846011796044
14751,1,18846011811191,18846028888561
14752,1,18846028893685,18846048921578
14753,1,18846048950192,18846068241260
14754,1,18846068248369,18846090123814
14755,1,18846090130655,18846108271943
14756,1,18846108277162,18846128605479
14757,1,18846128610303,18846148165638
14758,1,18846148169924,18846168168485
14759,1,18846168174514,18846189649343
14760,1,18846189655226,18846211478460
14761,1,18846211484448,18846233138758
14762,1,18846233145307,18846250484463
14763,1,18846250490375,18846272401798
14764,1,18846272413008,18846289971415
14765,1,18846289977063,18846310200672
14766,1,18846310206676,18846329212715
14767,1,18846329217894,18846348697105
14768,1,18846348701504,18846368355458
14769,1,18846368360628,18846390244921
14770,1,18846390250166,18846411509210
14771,1,18846411514613,18846429870260
14772,1,18846429876292,18846448500923
14773,1,18846448505697,18846468258578
14774,1,18846468264256,18846490199814
14775,1,18846490205155,18846511558653
14776,1,18846511572312,18846529020115
14777,1,18846529029695,18846553058466
14778,1,18846553067411,18846573627121
14779,1,18846573631962,18846592135279
14780,1,18846592140123,18846612226350
14781,1,18846612231426,18846632127193
14782,1,18846632132017,18846651959253
14783,1,18846651964481,18846672079758
14784,1,18846672101598,18846692113477
14785,1,18846692118456,18846712146956
14786,1,18846712154356,18846732215003
14787,1,18846732219826,18846752147948
14788,1,18846752152578,18846772145522
14789,1,18846772151014,18846791995467
14790,1,18846792021702,18846812286939
14791,1,18846812292411,18846832274295
14792,1,18846832279177,18846852174425
14793,1,18846852179500,18846872138295
14794,1,18846872143442,18846892174550
14795,1,18846892179649,18846911903028
14796,1,18846911907874,18846931997669
14797,1,18846932018032,18846951898498
14798,1,18846951902688,18846971954277
14799,1,18846971958672,18846992250396
14800,1,18846992271660,18847012151860
14801,1,18847012156643,18847032239624
14802,1,18847032244276,18847052122721
14803,1,18847052127491,18847072263534
14804,1,18847072268307,18847092028087
14805,1,18847092033329,18847113554768
14806,1,18847113560522,18847132015228
14807,1,18847132022437,18847152226743
14808,1,18847152231957,18847172073084
14809,1,18847172077534,18847192333806
14810,1,18847192338358,18847211815723
14811,1,18847211820066,18847231917270
14812,1,18847231921615,18847252656349
14813,1,18847252664502,18847273248476
14814,1,18847273252823,18847292182029
14815,1,18847292186287,18847316292390
14816,1,18847316297804,18847339426140
14817,1,18847339431864,18847358582341
14818,1,18847358588450,18847378443472
14819,1,18847378451241,18847398904528
14820,1,18847398911016,18847418955356
14821,1,18847418963263,18847439611902
14822,1,18847439617650,18847457976996
14823,1,18847457982280,18847479041746
14824,1,18847479047984,18847499066690
14825,1,18847499078212,18847519512668
14826,1,18847519519745,18847539703561
14827,1,18847539709589,18847562147657
14828,1,18847562155739,18847579511407
14829,1,18847579518203,18847599785380
14830,1,18847599800960,18847619672640
14831,1,18847619693243,18847640869453
14832,1,18847640877509,18847659848036
14833,1,18847659854838,18847681416618
14834,1,18847681431382,18847699113484
14835,1,18847699134790,18847719255252
14836,1,18847719260816,18847738830289
14837,1,18847738835664,18847768159139
14838,1,18847768180157,18847779617513
14839,1,18847779623824,18847798531484
14840,1,18847798537540,18847818073154
14841,1,18847818081820,18847838912323
14842,1,18847838942836,18847858177467
14843,1,18847858184420,18847878627556
14844,1,18847878634742,18847899191800
14845,1,18847899197627,18847916172621
14846,1,18847916178515,18847937919842
14847,1,18847937926397,18847959678076
14848,1,18847959685139,18847979395491
14849,1,18847979403656,18847997003575
14850,1,18847997008449,18848016982897
14851,1,18848016990573,18848040548495
14852,1,18848040561351,18848062492825
14853,1,18848062499349,18848080558420
14854,1,18848080564756,18848101334497
14855,1,18848101351556,18848122236126
14856,1,18848122242076,18848141617924
14857,1,18848141622161,18848161753960
14858,1,18848161758354,18848180672698
14859,1,18848180679564,18848200201750
14860,1,18848200208916,18848221387218
14861,1,18848221392399,18848241692216
14862,1,18848241696787,18848260588085
14863,1,18848260593284,18848279944113
14864,1,18848279948193,18848301493105
14865,1,18848301505803,18848322051089
14866,1,18848322063884,18848341371777
14867,1,18848341376402,18848360608264
14868,1,18848360613981,18848379932498
14869,1,18848379936708,18848401254100
14870,1,18848401262907,18848422568394
14871,1,18848422586735,18848441647723
14872,1,18848441652188,18848460658482
14873,1,18848460663380,18848480247578
14874,1,18848480252826,18848501927885
14875,1,18848501933574,18848522450288
14876,1,18848522468025,18848542158057
14877,1,18848542162888,18848560570930
14878,1,18848560575319,18848580195830
14879,1,18848580200134,18848601137932
14880,1,18848601145628,18848621466064
14881,1,18848621473195,18848643029663
14882,1,18848643034241,18848660463739
14883,1,18848660468611,18848679993981
14884,1,18848679998493,18848700943606
14885,1,18848700969662,18848721827307
14886,1,18848721916473,18848745910242
14887,1,18848745916816,18848762471067
14888,1,18848762494206,18848780298658
14889,1,18848780303325,18848801433552
14890,1,18848801440422,18848825520545
14891,1,18848825525681,18848844180358
14892,1,18848844184619,18848864089371
14893,1,18848864095826,18848884481661
14894,1,18848884488276,18848905703393
14895,1,18848905708256,18848925741142
14896,1,18848925746221,18848944201888
14897,1,18848944207404,18848964109516
14898,1,18848964113542,18848986460113
14899,1,18848986465621,18849006426107
14900,1,18849006430395,18849026007710
14901,1,18849026014072,18849044113170
14902,1,18849044117125,18849064155058
14903,1,18849064159563,18849085665653
14904,1,18849085693530,18849105635867
14905,1,18849105640486,18849125047795
14906,1,18849125054733,18849144156232
14907,1,18849144160639,18849165235617
14908,1,18849165242408,18849185286567
14909,1,18849185295225,18849205836775
14910,1,18849205841654,18849226742727
14911,1,18849226748942,18849244126379
14912,1,18849244132341,18849264140941
14913,1,18849264145550,18849284769839
14914,1,18849284775185,18849306382418
14915,1,18849306389203,18849325325845
14916,1,18849325331247,18849343976423
14917,1,18849343980685,18849364249947
14918,1,18849364254602,18849384524874
14919,1,18849384529811,18849406609924
14920,1,18849406614866,18849425353536
