frame_index,t_monotonic_ns
0,140817098747870
1,140817124267990
2,140817138967420
3,140817158788747
4,140817179766626
5,140817200336920
6,140817218691522
7,140817243017349
8,140817262544082
9,140817282091776
10,140817302660171
11,140817322722287
12,140817342140603
13,140817362117761
14,140817381956183
15,140817402170178
16,140817422220016
17,140817442646244
18,140817462051397
19,140817482121709
20,140817503237264
21,140817522186722
22,140817542039006
23,140817562144471
24,140817582040587
25,140817602039884
26,140817622086825
27,140817642340476
28,140817662098557
29,140817681964169
30,140817702002812
31,140817721890277
32,140817746647707
33,140817766225125
34,140817786124445
35,140817806291921
36,140817826319378
37,140817845764059
38,140817866142891
39,140817886071756
40,140817905977677
41,140817925922336
42,140817947783604
43,140817966042793
44,140817986057256
45,140818006093432
46,140818026058118
47,140818046639305
48,140818066080831
49,140818086109247
50,140818105989482
51,140818125993499
52,140818146033363
53,140818165896994
54,140818185968494
55,140818205850161
56,140818225903029
57,140818250206140
58,140818270055851
59,140818290091937
60,140818310060786
61,140818329963994
62,140818350039236
63,140818370025971
64,140818390010357
65,140818410329972
66,140818429916875
67,140818449962453
68,140818469896164
69,140818489990121
70,140818509830790
71,140818529840390
72,140818550085215
73,140818569957272
74,140818589695469
75,140818609878015
76,140818630206688
77,140818650200061
78,140818670060291
79,140818690130151
80,140818710043132
81,140818730103255
82,140818754173258
83,140818774195329
84,140818794244675
85,140818814275106
86,140818834344257
87,140818854399250
88,140818874011736
89,140818893934773
90,140818913986951
91,140818934040244
92,140818954050012
93,140818974230889
94,140818993876449
95,140819015346081
96,140819034092455
97,140819054495178
98,140819073781232
99,140819094072927
100,140819113849250
101,140819134079444
102,140819153799036
103,140819174062650
104,140819193907572
105,140819213950721
106,140819233870369
107,140819258759735
108,140819282892129
109,140819298287875
110,140819318028720
111,140819338189289
112,140819358028559
113,140819378259157
114,140819398043918
115,140819418218428
116,140819438071508
117,140819458196758
118,140819477920324
119,140819498105471
120,140819518157979
121,140819538129812
122,140819559156759
123,140819578066771
124,140819597952651
125,140819619518325
126,140819638174231
127,140819658215753
128,140819677929842
129,140819698258769
130,140819717912977
131,140819738179175
132,140819762771813
133,140819782284762
134,140819802107046
135,140819822297946
136,140819842026627
137,140819862328995
138,140819881950672
139,140819902360350
140,140819922012310
141,140819942357696
142,140819962050494
143,140819982138499
144,140820003155478
145,140820023596838
146,140820042253288
147,140820062818224
148,140820082150443
149,140820102192271
150,140820122015253
151,140820142180707
152,140820162314205
153,140820182219287
154,140820202068146
155,140820222192170
156,140820242016822
157,140820267057028
158,140820286570296
159,140820307323522
160,140820326436724
161,140820346365902
162,140820366458820
163,140820386816210
164,140820406200333
165,140820425988813
166,140820446044324
167,140820466133863
168,140820485991360
169,140820506033952
170,140820526205419
171,140820546181995
172,140820566290060
173,140820586208609
174,140820606033685
175,140820626159177
176,140820646238476
177,140820666217035
178,140820686110166
179,140820706152340
180,140820726051726
181,140820746249616
182,140820770503051
183,140820790312726
184,140820810708818
185,140820830750774
186,140820850996663
187,140820870122531
188,140820890120756
189,140820910097343
190,140820930208843
191,140820950886686
192,140820970264197
193,140820990256482
194,140821011880823
195,140821030291642
196,140821050314511
197,140821070777942
198,140821090302467
199,140821110450239
200,140821130296374
201,140821150063755
202,140821170484780
203,140821190355625
204,140821210255247
205,140821230265822
206,140821250298270
207,140821274315211
208,140821294222608
209,140821314381437
210,140821334183586
211,140821354434755
212,140821374180120
213,140821394262970
214,140821414057856
215,140821434241071
216,140821454226770
217,140821474270097
218,140821494036617
219,140821515460667
220,140821534463056
221,140821554413827
222,140821574307454
223,140821594172115
224,140821614143708
225,140821634177394
226,140821654431707
227,140821674305283
228,140821694289183
229,140821714225978
230,140821734201703
231,140821754228751
232,140821778616280
233,140821798330283
234,140821819003925
235,140821838357616
236,140821858177792
237,140821878115039
238,140821898297215
239,140821918139962
240,140821938181610
241,140821958221339
242,140821978137093
243,140821998164961
244,140822020350705
245,140822038395291
246,140822058237837
247,140822078300566
248,140822098263240
249,140822118083494
250,140822138246414
251,140822158067534
252,140822178185821
253,140822198117233
254,140822217999638
255,140822239080138
256,140822258177521
257,140822282696151
258,140822302366025
259,140822322227526
260,140822342157261
261,140822362278133
262,140822382133299
263,140822402151838
264,140822423489622
265,140822442303616
266,140822462178011
267,140822482129170
268,140822502078210
269,140822522694118
270,140822542438026
271,140822563505090
272,140822582255546
273,140822602280518
274,140822622213992
275,140822642255661
276,140822664501206
277,140822685771929
278,140822706003310
279,140822722602574
280,140822743855898
281,140822763544083
282,140822788695624
283,140822808886213
284,140822828314630
285,140822847696882
286,140822869142355
287,140822887724034
288,140822906511372
289,140822927055642
290,140822946712526
291,140822967213203
292,140822986669003
293,140823008955889
294,140823026548906
295,140823046731125
296,140823066034622
297,140823085942461
298,140823105885921
299,140823125887171
300,140823145955927
301,140823165784976
302,140823185917233
303,140823205902274
304,140823227221724
305,140823246163032
306,140823267000909
307,140823290037028
308,140823310393243
309,140823329958639
310,140823349932787
311,140823369849583
312,140823389858216
313,140823409815188
314,140823429870292
315,140823449878151
316,140823469940478
317,140823489872783
318,140823509858650
319,140823530092928
320,140823550095006
321,140823569857757
322,140823589898334
323,140823609862898
324,140823630759704
325,140823650043823
326,140823669742572
327,140823689876098
328,140823709722279
329,140823729849748
330,140823749918160
331,140823770859286
332,140823794304456
333,140823814296318
334,140823834229726
335,140823854144304
336,140823874259180
337,140823894303065
338,140823914050932
339,140823934265000
340,140823954916913
341,140823974366145
342,140823994195063
343,140824014040042
344,140824034901350
345,140824054069199
346,140824073982964
347,140824094045109
348,140824113987440
349,140824133872497
350,140824153940747
351,140824173853473
352,140824193971941
353,140824213916584
354,140824233887229
355,140824253850951
356,140824275409325
357,140824300066416
358,140824317975407
359,140824337819980
360,140824357908011
361,140824377829432
362,140824397944112
363,140824417844911
364,140824438077182
365,140824457908565
366,140824477925226
367,140824497830018
368,140824517878375
369,140824538061081
370,140824558004367
371,140824577822101
372,140824597882164
373,140824617904655
374,140824637862321
375,140824657751354
376,140824677933728
377,140824697893259
378,140824717897672
379,140824737888921
380,140824757759193
381,140824779266424
382,140824802077092
383,140824822548050
384,140824842018883
385,140824862903587
386,140824882132368
387,140824902049102
388,140824922026517
389,140824941723420
390,140824961856078
391,140824981902355
392,140825002070977
393,140825021946599
394,140825043654806
395,140825063545061
396,140825083008751
397,140825103588668
398,140825123841152
399,140825143084622
400,140825162275728
401,140825182152843
402,140825205074405
403,140825224357061
404,140825242403619
405,140825262770590
406,140825284076380
407,140825309564962
408,140825330089834
409,140825347849563
410,140825366717179
411,140825387784604
412,140825409762575
413,140825427393318
414,140825447857517
415,140825466683694
416,140825486342671
417,140825506408255
418,140825527051105
419,140825546343658
420,140825567298994
421,140825586389585
422,140825606372822
423,140825627688580
424,140825646347606
425,140825666312453
426,140825686890220
427,140825706313079
428,140825726277791
429,140825746017702
430,140825766149865
431,140825786425470
432,140825810382918
433,140825830420990
434,140825850284269
435,140825870171589
436,140825890097419
437,140825910264338
438,140825930178560
439,140825951403437
440,140825970294347
441,140825990298805
442,140826011716402
443,140826032278654
444,140826051412531
445,140826070274266
446,140826090369244
447,140826110250555
448,140826130161605
449,140826150190371
450,140826170125827
451,140826190180754
452,140826210048859
453,140826230319702
454,140826250162001
455,140826270715360
456,140826290691639
457,140826314924808
458,140826334267576
459,140826354232732
460,140826374170516
461,140826394242791
462,140826414044856
463,140826434332128
464,140826454109733
465,140826474303282
466,140826494101012
467,140826516139318
468,140826538716586
469,140826555243036
470,140826574513517
471,140826594650929
472,140826614591243
473,140826637983505
474,140826656069007
475,140826677080281
476,140826697266174
477,140826717369202
478,140826733968170
479,140826753986550
480,140826773851336
481,140826794156872
482,140826818228100
483,140826837824794
484,140826858199764
485,140826878066707
486,140826897893119
487,140826921049694
488,140826939753664
489,140826958930218
490,140826979470983
491,140827001732409
492,140827023155592
493,140827041691026
494,140827058140628
495,140827083940026
496,140827098299234
497,140827118115870
498,140827138320150
499,140827158170039
500,140827181698989
501,140827198754695
502,140827218611468
503,140827238346619
504,140827258412231
505,140827278317633
506,140827298562816
507,140827322235798
508,140827342172336
509,140827362094690
510,140827382205836
511,140827402078644
512,140827422153001
513,140827442086038
514,140827462057092
515,140827482101945
516,140827502203009
517,140827522149569
518,140827542232594
519,140827562286300
520,140827585227390
521,140827602228984
522,140827624288100
523,140827642580035
524,140827665770671
525,140827684853759
526,140827704330014
527,140827722404970
528,140827743407056
529,140827765520766
530,140827782725641
531,140827803708904
532,140827831160828
533,140827850031607
534,140827868776162
535,140827888895778
536,140827906469491
537,140827927983654
538,140827949449079
539,140827968303566
540,140827989171645
541,140828007282726
542,140828029278351
543,140828048912690
544,140828071343342
545,140828087555122
546,140828107470160
547,140828128826657
548,140828147687549
549,140828166583703
550,140828186853368
551,140828209639486
552,140828229139324
553,140828248540241
554,140828266796201
555,140828287102992
556,140828309737900
557,140828333105614
558,140828352591440
559,140828370886035
560,140828390761521
561,140828413247539
562,140828430428766
563,140828451011350
564,140828470187069
565,140828490265743
566,140828512669048
567,140828530198025
568,140828550127874
569,140828570978148
570,140828590250750
571,140828610296259
572,140828630131260
573,140828650247918
574,140828670141672
575,140828690369808
576,140828710237037
577,140828730259959
578,140828750226991
579,140828770202861
580,140828790837627
581,140828810421063
582,140828834318273
583,140828854178414
584,140828874226786
585,140828894869895
586,140828914176586
587,140828934036947
588,140828954187270
589,140828974219946
590,140828994247432
591,140829014187468
592,140829034178058
593,140829054901409
594,140829074088545
595,140829093976639
596,140829113939781
597,140829134122517
598,140829153974939
599,140829173954985
600,140829193793581
601,140829213999076
602,140829234052679
603,140829253998996
604,140829274077661
605,140829294862894
606,140829318887513
607,140829338132217
608,140829358163522
609,140829378253586
610,140829397928119
611,140829417987617
612,140829438328776
613,140829457956841
614,140829478100773
615,140829497980734
616,140829517951993
617,140829537984697
618,140829558281368
619,140829578241509
620,140829597955961
621,140829618187578
622,140829638230852
623,140829658112357
624,140829678066527
625,140829698225454
626,140829718067612
627,140829737997010
628,140829757840046
629,140829777932133
630,140829798871512
631,140829818034768
632,140829842000259
633,140829861926171
634,140829882121651
635,140829901794532
636,140829921978075
637,140829941946501
638,140829962164189
639,140829982245857
640,140830002294569
641,140830022004572
642,140830042818070
643,140830065043906
644,140830082708257
645,140830102542500
646,140830122465559
647,140830142703580
648,140830162170546
649,140830182634239
650,140830202284439
651,140830222661749
652,140830242442358
653,140830262510761
654,140830282464635
655,140830302122942
656,140830321949325
657,140830346288422
658,140830366233062
659,140830386497516
660,140830406026219
661,140830426329318
662,140830446000729
663,140830466299271
664,140830486632706
665,140830506660143
666,140830526500814
667,140830547176530
668,140830566345175
669,140830586149065
670,140830606316205
671,140830625990683
672,140830646087113
673,140830665787438
674,140830685912753
675,140830705960418
676,140830725925758
677,140830745991388
678,140830765988929
679,140830785899850
680,140830806807926
681,140830826357793
682,140830850217185
683,140830870026985
684,140830890188588
685,140830910558773
686,140830930634607
687,140830951330089
688,140830970352557
689,140830990430592
690,140831009967788
691,140831030703819
692,140831051335721
693,140831070257313
694,140831090327854
695,140831110415715
696,140831130262349
697,140831150022788
698,140831170323521
699,140831189935606
700,140831210272433
701,140831230146659
702,140831250252568
703,140831270618180
704,140831290198082
705,140831310129549
706,140831330089101
707,140831354187387
708,140831374031348
709,140831394065813
710,140831414132770
711,140831434076491
712,140831454235161
713,140831474214424
714,140831494026525
715,140831514152512
716,140831533983271
717,140831555306540
718,140831574064688
719,140831594493412
720,140831614781822
721,140831634282701
722,140831654357617
723,140831674422161
724,140831694380550
725,140831713931044
726,140831734447972
727,140831754105109
728,140831774414592
729,140831794202322
730,140831814110793
731,140831834219182
732,140831858474244
733,140831878116134
734,140831898403279
735,140831918353608
736,140831938474965
737,140831958045010
738,140831978067579
739,140831998105298
740,140832018045582
741,140832037991825
742,140832058447936
743,140832078382719
744,140832098210699
745,140832118056258
746,140832138087536
747,140832158094425
748,140832180621284
749,140832198313976
750,140832218051824
751,140832238118051
752,140832258120211
753,140832278098073
754,140832298127662
755,140832318082021
756,140832338929340
757,140832362248156
758,140832382253899
759,140832402514868
760,140832422469884
761,140832442711383
762,140832462647346
763,140832482544099
764,140832503100834
765,140832522306442
766,140832542689264
767,140832562751653
768,140832582827990
769,140832602805138
770,140832622730960
771,140832642766173
772,140832662741453
773,140832682274006
774,140832702372144
775,140832722251686
776,140832742295476
777,140832762301185
778,140832782259204
779,140832802412999
780,140832822330000
781,140832842292116
782,140832866741626
783,140832886365990
784,140832906296467
785,140832926315729
786,140832947062122
787,140832966301375
788,140832986874840
789,140833006513313
790,140833026574177
791,140833046850021
792,140833066737370
793,140833086879013
794,140833106868372
795,140833126207415
796,140833146667549
797,140833166401186
798,140833186797728
799,140833206793850
800,140833226688029
801,140833246665890
802,140833266117772
803,140833286694838
804,140833306661661
805,140833326717179
806,140833346244227
807,140833370207558
808,140833390245344
809,140833410310471
810,140833430315615
811,140833450717238
812,140833470670951
813,140833490698391
814,140833510736277
815,140833530769324
816,140833550478192
817,140833570935292
818,140833590502158
819,140833610728407
820,140833630746407
821,140833650850586
822,140833670736092
823,140833690369401
824,140833710763622
825,140833730266485
826,140833751471477
827,140833770467899
828,140833790687828
829,140833811024521
830,140833830985952
831,140833850867251
832,140833874701838
833,140833894239851
834,140833914793484
835,140833934579807
836,140833954888566
837,140833974368772
838,140833994709901
839,140834014644080
840,140834034923092
841,140834054812374
842,140834074509340
843,140834094731785
844,140834114336726
845,140834134580674
846,140834154426743
847,140834174533912
848,140834194375980
849,140834214347431
850,140834234423510
851,140834254274877
852,140834274299125
853,140834294359392
854,140834314913415
855,140834337522962
856,140834354328980
857,140834378096700
858,140834398241681
859,140834418367958
860,140834438302994
861,140834458610469
862,140834478296069
863,140834498221854
864,140834518392768
865,140834538237056
866,140834558965303
867,140834579029287
868,140834599013368
869,140834618888860
870,140834638250308
871,140834658548612
872,140834678214724
873,140834698730782
874,140834718501508
875,140834738514336
876,140834758791080
877,140834778561062
878,140834798486427
879,140834819312126
880,140834838581977
881,140834858391479
882,140834882495310
883,140834902441295
884,140834922161431
885,140834942497055
886,140834962408070
887,140834982521046
888,140835002540327
889,140835022575881
890,140835042646600
891,140835063115604
892,140835082403955
893,140835102417738
894,140835122403550
895,140835142487008
896,140835162468458
897,140835182275041
898,140835202274976
899,140835222355386
900,140835242220323
901,140835262336290
902,140835282182038
903,140835302414755
904,140835322435483
905,140835342365979
906,140835362302969
907,140835386354203
908,140835406196583
909,140835426299362
910,140835446196762
911,140835466109927
912,140835486127227
913,140835506499753
914,140835525982826
915,140835546226246
916,140835566510654
917,140835586825280
918,140835606100799
919,140835625926122
920,140835646534067
921,140835666105232
922,140835686507735
923,140835706065324
924,140835726564952
925,140835746604036
926,140835766527603
927,140835786377063
928,140835805936739
929,140835826404860
930,140835846029446
931,140835866332686
932,140835889796687
933,140835909988457
934,140835930019963
935,140835951355280
936,140835970329143
937,140835990271223
938,140836010023453
939,140836030124005
940,140836049993523
941,140836071146330
942,140836090770372
943,140836110355193
944,140836130340868
945,140836150399425
946,140836170465273
947,140836190054877
948,140836210153756
949,140836230050454
950,140836250203164
951,140836270322245
952,140836290203394
953,140836310295395
954,140836330326113
955,140836350359845
956,140836370206385
957,140836394285835
958,140836414007962
959,140836433865259
960,140836454202050
961,140836473960128
962,140836493960390
963,140836513887707
964,140836534198676
965,140836554124790
966,140836574539086
967,140836594629094
968,140836614182623
969,140836634530254
970,140836654024262
971,140836674405390
972,140836694088718
973,140836714540240
974,140836734545763
975,140836754313344
976,140836774671388
977,140836794090141
978,140836814050639
979,140836834148737
980,140836854409763
981,140836874419801
982,140836897848633
983,140836918181143
984,140836938030550
985,140836958066179
986,140836978240658
987,140836998367854
988,140837018255296
989,140837038325375
990,140837058212064
991,140837080047059
992,140837098369052
993,140837118811513
994,140837138703384
995,140837158811087
996,140837178062171
997,140837198526175
998,140837218173665
999,140837238326528
1000,140837258354213
1001,140837278509004
1002,140837298670729
1003,140837318800558
1004,140837338722259
1005,140837358119520
1006,140837378637659
1007,140837402737484
1008,140837422412175
1009,140837442174701
1010,140837461976759
1011,140837482264746
1012,140837501988247
1013,140837522722761
1014,140837542509892
1015,140837562648997
1016,140837583233071
1017,140837602428674
1018,140837622455754
1019,140837642365879
1020,140837662250479
1021,140837682362243
1022,140837702297060
1023,140837722728318
1024,140837742141278
1025,140837762538634
1026,140837782649931
1027,140837802435208
1028,140837822718288
1029,140837842551357
1030,140837862410858
1031,140837882370661
1032,140837906555888
1033,140837926436377
1034,140837947115760
1035,140837966429626
1036,140837986320816
1037,140838006659704
1038,140838026210819
1039,140838046392808
1040,140838066322357
1041,140838086910100
1042,140838106834078
1043,140838126591278
1044,140838146446945
1045,140838166023559
1046,140838186486321
1047,140838206573213
1048,140838226510216
1049,140838246969176
1050,140838266471736
1051,140838286786708
1052,140838306474551
1053,140838327244444
1054,140838346312078
1055,140838366579449
1056,140838385984936
1057,140838410887654
1058,140838430533815
1059,140838450121400
1060,140838471540207
1061,140838490262808
1062,140838510200341
1063,140838530105085
1064,140838550030303
1065,140838570047470
1066,140838590518079
1067,140838610458260
1068,140838630482496
1069,140838650216473
1070,140838670216395
1071,140838690360472
1072,140838710220756
1073,140838730473309
1074,140838750088929
1075,140838770344815
1076,140838790239355
1077,140838810478283
1078,140838831313751
1079,140838850757081
1080,140838870181973
1081,140838890481203
1082,140838914489410
1083,140838935021614
1084,140838954514976
1085,140838974175753
1086,140838994509566
1087,140839014326529
1088,140839034683360
1089,140839054399503
1090,140839074312778
1091,140839095190472
1092,140839114346612
1093,140839134746764
1094,140839154272271
1095,140839174361255
1096,140839194350783
1097,140839214343151
1098,140839234140907
1099,140839254213378
1100,140839278191857
1101,140839304130796
1102,140839321041944
1103,140839342256169
1104,140839360222988
1105,140839381005232
1106,140839399174016
1107,140839423182383
1108,140839442217164
1109,140839462544787
1110,140839483376959
1111,140839502912498
1112,140839522802253
1113,140839542839975
1114,140839562838364
1115,140839579612671
1116,140839598862785
1117,140839618695956
1118,140839638531562
1119,140839658342863
1120,140839678207180
1121,140839698403402
1122,140839718205172
1123,140839738436870
1124,140839758290273
1125,140839778272744
1126,140839798753212
1127,140839818261195
1128,140839838952251
1129,140839858267495
1130,140839878293530
1131,140839898304967
1132,140839922217789
1133,140839942378187
1134,140839962204953
1135,140839982207235
1136,140840003149167
1137,140840022339862
1138,140840042207604
1139,140840062350225
1140,140840083068430
1141,140840102373608
1142,140840122429109
1143,140840142369755
1144,140840162308094
1145,140840182287718
1146,140840202169040
1147,140840222294130
1148,140840242293597
1149,140840262397464
1150,140840282448094
1151,140840302380369
1152,140840322240497
1153,140840342504789
1154,140840362484883
1155,140840382549381
1156,140840402428317
1157,140840426460619
1158,140840446268688
1159,140840466365879
1160,140840486577353
1161,140840506866283
1162,140840528381637
1163,140840546490980
1164,140840569428324
1165,140840589322814
1166,140840606969169
1167,140840627254926
1168,140840646717431
1169,140840669381339
1170,140840687335205
1171,140840706636860
1172,140840728543998
1173,140840749135392
1174,140840769755876
1175,140840790751300
1176,140840808108639
1177,140840826479899
1178,140840848759862
1179,140840866795163
1180,140840886476583
1181,140840906477964
1182,140840932872837
1183,140840951199439
1184,140840971440557
1185,140840990371599
1186,140841010412244
1187,140841030422023
1188,140841050852475
1189,140841070518439
1190,140841090973820
1191,140841110516659
1192,140841130384560
1193,140841150191521
1194,140841170677080
1195,140841190325707
1196,140841210294594
1197,140841230268323
1198,140841250436162
1199,140841270336840
1200,140841290232720
1201,140841310177434
1202,140841330146880
1203,140841352772644
1204,140841370160589
1205,140841390081282
1206,140841410475211
1207,140841433992916
1208,140841454456508
1209,140841474000061
1210,140841494560577
1211,140841514293114
1212,140841534437533
1213,140841554324704
1214,140841574260316
1215,140841594205586
1216,140841614193705
1217,140841634229898
1218,140841654180580
1219,140841674166932
1220,140841694115344
1221,140841714194696
1222,140841734076409
1223,140841754164947
1224,140841774165312
1225,140841794233257
1226,140841814145644
1227,140841835070096
1228,140841854053289
1229,140841874144985
1230,140841894115183
1231,140841914063820
1232,140841937952300
1233,140841958541355
1234,140841978482394
1235,140841998412278
1236,140842018348548
1237,140842038431166
1238,140842058287855
1239,140842078263586
1240,140842100335366
1241,140842118299829
1242,140842138387238
1243,140842158278259
1244,140842178172236
1245,140842198717282
1246,140842218286280
1247,140842239231907
1248,140842258231964
1249,140842278416857
1250,140842297901986
1251,140842318141164
1252,140842339029227
1253,140842358310622
1254,140842378102387
1255,140842398054820
1256,140842418034017
1257,140842442051138
1258,140842462008531
1259,140842482126078
1260,140842502112079
1261,140842522080518
1262,140842541969108
1263,140842562044150
1264,140842582297637
1265,140842602487253
1266,140842622136913
1267,140842642070240
1268,140842662013274
1269,140842684801217
1270,140842703287668
1271,140842722322292
1272,140842742093048
1273,140842762146929
1274,140842782049347
1275,140842802289834
1276,140842821845082
1277,140842842730096
1278,140842862279700
1279,140842882167237
1280,140842902337445
1281,140842922214221
1282,140842946770237
1283,140842966172789
1284,140842986102085
1285,140843006302914
1286,140843026061980
1287,140843045947270
1288,140843066046971
1289,140843087188767
1290,140843106505603
1291,140843126364532
1292,140843146052474
1293,140843166143688
1294,140843186025564
1295,140843206308987
1296,140843226127012
1297,140843246138528
1298,140843266028608
1299,140843286233227
1300,140843306260221
1301,140843326204690
1302,140843346709482
1303,140843366391716
1304,140843386044271
1305,140843406418866
1306,140843426215757
1307,140843450252531
1308,140843470046427
1309,140843490103015
1310,140843510159354
1311,140843530188332
1312,140843550108019
1313,140843570186852
1314,140843590223467
1315,140843610472027
1316,140843630266996
1317,140843650093124
1318,140843669991987
1319,140843690332689
1320,140843710193721
1321,140843729996026
1322,140843750032142
1323,140843770101994
1324,140843789911632
1325,140843810303657
1326,140843830130759
1327,140843850350867
1328,140843870184511
1329,140843890292800
1330,140843910420828
1331,140843930369326
1332,140843954519324
1333,140843974283299
1334,140843994067904
1335,140844015218962
1336,140844034182124
1337,140844054268765
1338,140844074163580
1339,140844094795167
1340,140844114492503
1341,140844134398213
1342,140844154119344
1343,140844174300687
1344,140844194162255
1345,140844214321005
1346,140844234211311
1347,140844254131169
1348,140844273851665
1349,140844294088119
1350,140844314215811
1351,140844334094248
1352,140844354532354
1353,140844374269294
1354,140844396964526
1355,140844414497470
1356,140844434164449
1357,140844458377030
1358,140844478155811
1359,140844498304187
1360,140844518138822
1361,140844538208332
1362,140844558179224
1363,140844578400839
1364,140844599440249
1365,140844618219367
1366,140844638173738
1367,140844658241004
1368,140844678257073
1369,140844698128866
1370,140844718264726
1371,140844738136098
1372,140844757961346
1373,140844778151362
1374,140844797892188
1375,140844818390771
1376,140844838054775
1377,140844858360656
1378,140844878037423
1379,140844898144899
1380,140844918240912
1381,140844938159162
1382,140844962518745
1383,140844982451879
1384,140845002352963
1385,140845022339765
1386,140845042270726
1387,140845062388350
1388,140845082479080
1389,140845103681259
1390,140845122829742
1391,140845142854479
1392,140845162508911
1393,140845182421813
1394,140845202649915
1395,140845222331362
1396,140845242299478
1397,140845262456015
1398,140845282453437
1399,140845302540118
1400,140845322212648
1401,140845342536963
1402,140845362998008
1403,140845382526004
1404,140845402359993
1405,140845422330772
1406,140845442405797
1407,140845466202947
1408,140845486222690
1409,140845506395214
1410,140845526468974
1411,140845546444548
1412,140845566261616
1413,140845586293407
1414,140845607336926
1415,140845626532986
1416,140845646535037
1417,140845666377547
1418,140845686522925
1419,140845706312976
1420,140845726345535
1421,140845746291692
1422,140845766357390
1423,140845786482501
1424,140845806324412
1425,140845826350320
1426,140845846715774
1427,140845867346506
1428,140845886393911
1429,140845906374269
1430,140845926283127
1431,140845946965246
1432,140845970395952
1433,140845990281952
1434,140846010723894
1435,140846030066485
1436,140846049896539
1437,140846070189216
1438,140846089986188
1439,140846110649622
1440,140846132128937
1441,140846150622122
1442,140846170435824
1443,140846190321509
1444,140846210267921
1445,140846230245569
1446,140846250278910
1447,140846270309106
1448,140846290359481
1449,140846310253031
1450,140846330180994
1451,140846350387091
1452,140846370100269
1453,140846390047703
1454,140846410419038
1455,140846429978289
1456,140846449974802
1457,140846473830530
1458,140846493868024
1459,140846513979114
1460,140846534422480
1461,140846553954473
1462,140846573899430
1463,140846594011656
1464,140846614468575
1465,140846634119860
1466,140846653961980
1467,140846674246497
1468,140846694027482
1469,140846713959234
1470,140846734135512
1471,140846754018220
1472,140846774038563
1473,140846794019548
1474,140846814066732
1475,140846834135445
1476,140846857468763
1477,140846877993833
1478,140846894609093
1479,140846914450545
1480,140846935633598
1481,140846957032299
1482,140846981742059
1483,140846998574533
1484,140847019059919
1485,140847038335966
1486,140847058808381
1487,140847081229549
1488,140847099053247
1489,140847119395244
1490,140847138044850
1491,140847159787229
1492,140847179490110
1493,140847198368632
1494,140847219950280
1495,140847242141750
1496,140847260531914
1497,140847278760721
1498,140847298323310
1499,140847318466036
1500,140847338300452
1501,140847361642866
1502,140847379608139
1503,140847402527179
1504,140847421471735
1505,140847438162778
1506,140847458437092
1507,140847482304318
1508,140847502341989
1509,140847522198010
1510,140847542274668
1511,140847562376970
1512,140847582299409
1513,140847602215467
1514,140847622668930
1515,140847642397831
1516,140847662474191
1517,140847682672807
1518,140847702518446
1519,140847722356334
1520,140847742508093
1521,140847762279866
1522,140847782557913
1523,140847802414570
1524,140847822385427
1525,140847842253805
1526,140847862986970
1527,140847882523444
1528,140847902399742
1529,140847922278605
1530,140847942289443
1531,140847962577673
1532,140847986420122
1533,140848006551058
1534,140848026361870
1535,140848046312667
1536,140848066340766
1537,140848086513583
1538,140848106394803
1539,140848127237587
1540,140848146603170
1541,140848166369191
1542,140848186421258
1543,140848206410270
1544,140848226566044
1545,140848246788486
1546,140848266379233
1547,140848286543103
1548,140848306646561
1549,140848326222012
1550,140848346584140
1551,140848367282442
1552,140848386558578
1553,140848406417082
1554,140848426240502
1555,140848446411092
1556,140848466302907
1557,140848490265702
1558,140848510305070
1559,140848530334142
1560,140848550473880
1561,140848570296330
1562,140848590260800
1563,140848611156871
1564,140848630312658
1565,140848650388063
1566,140848670134459
1567,140848690573645
1568,140848710304523
1569,140848730395046
1570,140848750368369
1571,140848770489189
1572,140848790421757
1573,140848810335034
1574,140848830369820
1575,140848850418646
1576,140848872369109
1577,140848890564414
1578,140848910438708
1579,140848930275203
1580,140848950995426
1581,140848970458898
1582,140848994244432
1583,140849014369206
1584,140849034618615
1585,140849054537096
1586,140849074360627
1587,140849096445020
1588,140849117372497
1589,140849134083725
1590,140849154371274
1591,140849174282472
1592,140849194210662
1593,140849214225435
1594,140849234192251
1595,140849254250671
1596,140849274837464
1597,140849294039214
1598,140849314148762
1599,140849334199186
1600,140849354188384
1601,140849374350092
1602,140849394394141
1603,140849414028668
1604,140849435135295
1605,140849454063409
1606,140849474165035
1607,140849498768519
1608,140849518302398
1609,140849538256794
1610,140849558203700
1611,140849578116143
1612,140849598229749
1613,140849619000572
1614,140849638504582
1615,140849658255168
1616,140849678197441
1617,140849698224599
1618,140849718227889
1619,140849738315467
1620,140849758225555
1621,140849778005574
1622,140849798012252
1623,140849817972842
1624,140849838197980
1625,140849858095528
1626,140849878306403
1627,140849899189499
1628,140849918145000
1629,140849938139343
1630,140849958077992
1631,140849977921293
1632,140850002049425
1633,140850022243758
1634,140850042403651
1635,140850062281686
1636,140850082198238
1637,140850102197445
1638,140850122572879
1639,140850142421697
1640,140850162151979
1641,140850182448961
1642,140850202631801
1643,140850222586355
1644,140850242479593
1645,140850262453247
1646,140850282441155
1647,140850302847432
1648,140850322043718
1649,140850342430633
1650,140850362232609
1651,140850382315918
1652,140850402168150
1653,140850422080746
1654,140850442429054
1655,140850462193973
1656,140850482488994
1657,140850506678038
1658,140850526470798
1659,140850546495255
1660,140850566147583
1661,140850586166777
1662,140850606540129
1663,140850626353372
1664,140850646479751
1665,140850666334880
1666,140850686311569
1667,140850706439253
1668,140850726364297
1669,140850746242213
1670,140850766233072
1671,140850786258202
1672,140850806425760
1673,140850826210384
1674,140850846519163
1675,140850866373072
1676,140850886379763
1677,140850906279802
1678,140850926108302
1679,140850946961783
1680,140850966253771
1681,140850986316903
1682,140851010433869
1683,140851030602207
1684,140851050232132
1685,140851070245510
1686,140851090117259
1687,140851111472937
1688,140851130365692
1689,140851150217731
1690,140851170233773
1691,140851190705472
1692,140851210742444
1693,140851230630134
1694,140851250423668
1695,140851270257847
1696,140851290283761
1697,140851310481493
1698,140851330456155
1699,140851350227810
1700,140851370531148
1701,140851390299027
1702,140851410442242
1703,140851430235260
1704,140851450211846
1705,140851470418248
1706,140851490174710
1707,140851514744895
1708,140851534605106
1709,140851554326327
1710,140851574279596
1711,140851594213209
1712,140851614163755
1713,140851634207353
1714,140851654309569
1715,140851674251684
1716,140851694140748
1717,140851714158958
1718,140851734236250
1719,140851754229001
1720,140851774284812
1721,140851794212552
1722,140851814253983
1723,140851834222933
1724,140851854210169
1725,140851875046256
1726,140851894491828
1727,140851914452876
1728,140851934475361
1729,140851954146927
1730,140851974794785
1731,140851994211600
1732,140852018345912
1733,140852038107410
1734,140852058224332
1735,140852078601043
1736,140852098248385
1737,140852118530271
1738,140852138275615
1739,140852158300492
1740,140852177957357
1741,140852198040039
1742,140852218124632
1743,140852238045116
1744,140852257979540
1745,140852278385213
1746,140852298606511
1747,140852318321795
1748,140852341033270
1749,140852358807103
1750,140852379410662
1751,140852398796095
1752,140852418395661
1753,140852438393983
1754,140852458323370
1755,140852478327668
1756,140852498329453
1757,140852522299490
1758,140852542254043
1759,140852562340936
1760,140852582252706
1761,140852602348627
1762,140852623636990
1763,140852642782664
1764,140852662371917
1765,140852682384969
1766,140852702467202
1767,140852722172463
1768,140852742317330
1769,140852762182509
1770,140852782321732
1771,140852802351107
1772,140852822317314
1773,140852842310750
1774,140852862176113
1775,140852883713368
1776,140852902331872
1777,140852922510824
1778,140852942626948
1779,140852964717748
1780,140852982250528
1781,140853002302508
1782,140853026994275
1783,140853046421589
1784,140853066517330
1785,140853086334222
1786,140853106722179
1787,140853126877897
1788,140853146184895
1789,140853166348529
1790,140853188433287
1791,140853208236297
1792,140853230926537
1793,140853250361629
1794,140853268779364
1795,140853288739756
1796,140853308104905
1797,140853327486704
1798,140853349441497
1799,140853369529626
1800,140853389705420
1801,140853408311887
1802,140853427944976
1803,140853449982724
1804,140853469390461
1805,140853488370211
1806,140853507157484
1807,140853531560326
1808,140853553432675
1809,140853572295616
1810,140853594003076
1811,140853611852237
1812,140853631937585
1813,140853653013116
1814,140853672436412
1815,140853692119111
1816,140853710915744
1817,140853732335061
1818,140853753883666
1819,140853771372754
1820,140853790857206
1821,140853810230587
1822,140853831748301
1823,140853850218987
1824,140853870255814
1825,140853890233078
1826,140853913543276
1827,140853930415433
1828,140853951592506
1829,140853970598219
1830,140853990383499
1831,140854010456532
1832,140854034226484
1833,140854054374848
1834,140854077364292
1835,140854094408486
1836,140854114885866
1837,140854135681181
1838,140854154562798
1839,140854174598963
1840,140854194187627
1841,140854214569523
1842,140854234380255
1843,140854254322041
1844,140854274415304
1845,140854294522402
1846,140854314755798
1847,140854334530581
1848,140854354397711
1849,140854374321558
1850,140854394979665
1851,140854418903821
1852,140854434442613
1853,140854454310322
1854,140854474561504
1855,140854494400681
1856,140854514416877
1857,140854538773615
1858,140854558329575
1859,140854578495029
1860,140854598412553
1861,140854618587631
1862,140854638826805
1863,140854658535128
1864,140854678411082
1865,140854698516653
1866,140854718415649
1867,140854738861043
1868,140854758261493
1869,140854778375433
1870,140854798366785
1871,140854818364385
1872,140854838191056
1873,140854858160503
1874,140854879622716
1875,140854898143474
1876,140854918386568
1877,140854938040197
1878,140854958083617
1879,140854978140176
1880,140854998008588
1881,140855023076722
1882,140855046990683
1883,140855067130905
1884,140855087057932
1885,140855102085258
1886,140855122027522
1887,140855142168114
1888,140855162335650
1889,140855182084379
1890,140855202098018
1891,140855222170564
1892,140855242268267
1893,140855262198454
1894,140855282360248
1895,140855302158196
1896,140855322291495
1897,140855342254968
1898,140855362058573
1899,140855382471756
1900,140855402209613
1901,140855422150420
1902,140855442247467
1903,140855463118219
1904,140855482213301
1905,140855503060880
1906,140855522286139
1907,140855546124789
1908,140855566028783
1909,140855586054251
1910,140855606055095
1911,140855626533259
1912,140855646238937
1913,140855666181190
1914,140855686672787
1915,140855706801571
1916,140855726371111
1917,140855746301952
1918,140855766207023
1919,140855786475039
1920,140855806396127
1921,140855826483954
1922,140855846413679
1923,140855866623793
1924,140855888147674
1925,140855908677634
1926,140855926751047
1927,140855947218828
1928,140855966580052
1929,140855986458993
1930,140856007518585
1931,140856026464452
1932,140856050376287
1933,140856070404199
1934,140856090433757
1935,140856110214661
1936,140856130670657
1937,140856150663979
1938,140856170492990
1939,140856190295153
1940,140856210371448
1941,140856230450983
1942,140856250294105
1943,140856270353515
1944,140856290490906
1945,140856310145774
1946,140856330376423
1947,140856350246901
1948,140856370343863
1949,140856390520930
1950,140856410433536
1951,140856430453215
1952,140856450419045
1953,140856470298444
1954,140856490383382
1955,140856510370906
1956,140856530417313
1957,140856554390557
1958,140856574342065
1959,140856594407877
1960,140856614272165
1961,140856635462087
1962,140856654564362
1963,140856674483146
1964,140856694468990
1965,140856714484078
1966,140856734396292
1967,140856754519041
1968,140856774296083
1969,140856794310716
1970,140856814290873
1971,140856834406106
1972,140856854352383
1973,140856874339224
1974,140856895851139
1975,140856914330510
1976,140856934364003
1977,140856957135372
1978,140856974263789
1979,140856994417447
1980,140857014731605
1981,140857034407438
1982,140857058241436
1983,140857078458356
1984,140857098353138
1985,140857118316079
1986,140857139273341
1987,140857158182152
1988,140857178268699
1989,140857198100002
1990,140857217958264
1991,140857238048593
1992,140857258079536
1993,140857277965448
1994,140857298015229
1995,140857318076560
1996,140857337939940
1997,140857358077748
1998,140857378052565
1999,140857398380543
2000,140857418126353
2001,140857438118526
2002,140857458255752
2003,140857478098474
2004,140857498223846
2005,140857518095490
2006,140857538224233
2007,140857562193145
2008,140857582252100
2009,140857602276311
2010,140857622232586
2011,140857643585935
2012,140857662143786
2013,140857682123054
2014,140857702084496
2015,140857722015018
2016,140857742119929
2017,140857762056154
2018,140857782071221
2019,140857802051027
2020,140857822048610
2021,140857842022212
2022,140857862065325
2023,140857883019092
2024,140857903147140
2025,140857922292658
2026,140857942134885
2027,140857962456987
2028,140857982374542
2029,140858002845980
2030,140858022632325
2031,140858042402942
2032,140858066315040
2033,140858086310460
2034,140858106349071
2035,140858126316895
2036,140858147646008
2037,140858166425990
2038,140858186311436
2039,140858206345614
2040,140858226292967
2041,140858246480149
2042,140858266074783
2043,140858286090014
2044,140858306400644
2045,140858326585966
2046,140858346527287
2047,140858365952730
2048,140858386063389
2049,140858406144424
2050,140858426642058
2051,140858446193961
2052,140858466003772
2053,140858486095690
2054,140858506073903
2055,140858526064045
2056,140858546092825
2057,140858570109969
2058,140858590171964
2059,140858610252338
2060,140858630548895
2061,140858651520747
2062,140858670484914
2063,140858690810053
2064,140858710271444
2065,140858730436327
2066,140858750451751
2067,140858770460394
2068,140858790692278
2069,140858810399987
2070,140858830197153
2071,140858850547040
2072,140858870361022
2073,140858890585347
2074,140858910611011
2075,140858930426937
2076,140858951063411
2077,140858970345531
2078,140858990489318
2079,140859010271408
2080,140859030312772
2081,140859050073950
2082,140859074264276
2083,140859094462534
2084,140859114890038
2085,140859134491493
2086,140859155144737
2087,140859174319663
2088,140859194488394
2089,140859214104970
2090,140859234079458
2091,140859254041858
2092,140859273975002
2093,140859294392201
2094,140859314251030
2095,140859334272109
2096,140859354348899
2097,140859374288538
2098,140859395278078
2099,140859414489833
2100,140859435222598
2101,140859454258826
2102,140859474276449
2103,140859494361191
2104,140859514698096
2105,140859534348274
2106,140859554358866
2107,140859578281290
2108,140859598275998
2109,140859618347733
2110,140859638111976
2111,140859658185175
2112,140859678314923
2113,140859700254091
2114,140859718297272
2115,140859738172106
2116,140859758159077
2117,140859778282511
2118,140859798375891
2119,140859818242500
2120,140859839207962
2121,140859858168938
2122,140859878219822
2123,140859900477327
2124,140859918714903
2125,140859938487231
2126,140859959478071
2127,140859978327664
2128,140859998347562
2129,140860018362474
2130,140860038356943
2131,140860058460017
2132,140860082628692
2133,140860102322023
2134,140860122415258
2135,140860143474075
2136,140860162654341
2137,140860182486506
2138,140860202202587
2139,140860222433259
2140,140860242359576
2141,140860262283160
2142,140860282388155
2143,140860302710260
2144,140860322695792
2145,140860342444103
2146,140860362546236
2147,140860382397777
2148,140860404043108
2149,140860422385234
2150,140860442508652
2151,140860462423410
2152,140860482407483
2153,140860502537631
2154,140860522363805
2155,140860542442081
2156,140860562339932
2157,140860586368432
2158,140860606412684
2159,140860626216333
2160,140860646735937
2161,140860666558085
2162,140860686563514
2163,140860706434371
2164,140860726336168
2165,140860746212240
2166,140860766158484
2167,140860786352561
2168,140860806142680
2169,140860826099198
2170,140860846215824
2171,140860866065196
2172,140860886597457
2173,140860907982994
2174,140860926481514
2175,140860947222651
2176,140860966262883
2177,140860986898445
2178,140861006375612
2179,140861026168045
2180,140861046019704
2181,140861066532076
2182,140861090143451
2183,140861110128546
2184,140861130134628
2185,140861151781636
2186,140861170530128
2187,140861190191180
2188,140861210123847
2189,140861230112379
2190,140861250031982
2191,140861270318888
2192,140861290204651
2193,140861310303051
2194,140861330103471
2195,140861350118198
2196,140861370259121
2197,140861390235194
2198,140861410687269
2199,140861430321124
2200,140861450380212
2201,140861470195659
2202,140861490067927
2203,140861510079392
2204,140861530442637
2205,140861550320270
2206,140861570113784
2207,140861594168603
2208,140861614261378
2209,140861634154907
2210,140861655230426
2211,140861674115498
2212,140861694140918
2213,140861714257699
2214,140861734302179
2215,140861754253733
2216,140861774244896
2217,140861794281077
2218,140861814315786
2219,140861834363267
2220,140861854274714
2221,140861874258750
2222,140861894182826
2223,140861914324201
2224,140861934420754
2225,140861954280793
2226,140861974240975
2227,140861994129970
2228,140862016298613
2229,140862034350182
2230,140862054564477
2231,140862074488716
2232,140862098251865
2233,140862118414779
2234,140862138383276
2235,140862160135918
2236,140862178432583
2237,140862198459723
2238,140862218332192
2239,140862238446028
2240,140862258388739
2241,140862278329976
2242,140862298760710
2243,140862318316747
2244,140862338383401
2245,140862358361245
2246,140862378410560
2247,140862398469210
2248,140862418400665
2249,140862438318966
2250,140862458397103
2251,140862478069425
2252,140862498102734
2253,140862518073012
2254,140862538090752
2255,140862558101933
2256,140862578101453
2257,140862602210209
2258,140862621972849
2259,140862642088154
2260,140862663085752
2261,140862682374477
2262,140862702128656
2263,140862722699688
2264,140862742190857
2265,140862762635169
2266,140862782289260
2267,140862802222500
2268,140862822165689
2269,140862842219104
2270,140862862305704
2271,140862882172675
2272,140862902083739
2273,140862922197240
2274,140862942151410
2275,140862962433279
2276,140862982276121
2277,140863002201048
2278,140863022290247
2279,140863042192403
2280,140863062287343
2281,140863082229907
2282,140863106230004
2283,140863126790333
2284,140863147202474
2285,140863166673333
2286,140863186137255
2287,140863206184419
2288,140863226081194
2289,140863246093525
2290,140863266352683
2291,140863286109948
2292,140863306147832
2293,140863326082342
2294,140863346187488
2295,140863366179049
2296,140863386140444
2297,140863406207243
2298,140863426453340
2299,140863446398699
2300,140863466316330
2301,140863486103198
2302,140863506060593
2303,140863526053231
2304,140863546004681
2305,140863566242312
2306,140863586329319
2307,140863610175870
2308,140863630277684
2309,140863650254203
2310,140863670268217
2311,140863690165152
2312,140863710083734
2313,140863730109804
2314,140863750121572
2315,140863770016000
2316,140863790302412
2317,140863810088764
2318,140863830192106
2319,140863850115596
2320,140863870029256
2321,140863890306006
2322,140863911689011
2323,140863930519321
2324,140863951101469
2325,140863970477116
2326,140863990132382
2327,140864009998231
2328,140864030135427
2329,140864050130930
2330,140864070385125
2331,140864090213265
2332,140864114260445
2333,140864134139534
2334,140864154176817
2335,140864174298674
2336,140864194188890
2337,140864214361922
2338,140864234138497
2339,140864254019285
2340,140864274053058
2341,140864293946249
2342,140864314183629
2343,140864334144504
2344,140864354255130
2345,140864374045277
2346,140864394087288
2347,140864415144549
2348,140864436494118
2349,140864454296736
2350,140864474382328
2351,140864493976598
2352,140864514094201
2353,140864534212542
2354,140864554215637
2355,140864574318188
2356,140864594138806
2357,140864618271746
2358,140864638282006
2359,140864658601101
2360,140864678464037
2361,140864698405445
2362,140864718331171
2363,140864738344833
2364,140864758309358
2365,140864778251399
2366,140864798325668
2367,140864818320095
2368,140864838382283
2369,140864858233115
2370,140864878269428
2371,140864898307482
2372,140864918915240
2373,140864938377144
2374,140864958356994
2375,140864978153091
2376,140864998315538
2377,140865018095379
2378,140865038253511
2379,140865058234615
2380,140865078137889
2381,140865098208778
2382,140865122120557
2383,140865142369633
2384,140865163165738
2385,140865182288025
2386,140865202313239
2387,140865222211496
2388,140865242159345
2389,140865262085256
2390,140865282127990
2391,140865302393480
2392,140865322149457
2393,140865342157861
2394,140865362095302
2395,140865382130557
2396,140865402918983
2397,140865422423214
2398,140865442380902
2399,140865462057120
2400,140865482019957
2401,140865502233586
2402,140865522169917
2403,140865542304088
2404,140865562386383
2405,140865582276344
2406,140865602297910
2407,140865626250809
2408,140865646362939
2409,140865667069492
2410,140865686424655
2411,140865706256486
2412,140865726226794
2413,140865746231648
2414,140865766320661
2415,140865786229950
2416,140865806309928
2417,140865826266012
2418,140865846224209
2419,140865866293173
2420,140865886324571
2421,140865906251698
2422,140865926331757
2423,140865947754113
2424,140865966282433
2425,140865986223494
2426,140866006343673
2427,140866026050843
2428,140866046216269
2429,140866066274783
2430,140866086311676
2431,140866106264186
2432,140866130271206
2433,140866150941067
2434,140866172458964
2435,140866190341223
2436,140866210275300
2437,140866230248984
2438,140866250337827
2439,140866270236392
2440,140866290348409
2441,140866310078875
2442,140866330585745
2443,140866350214510
2444,140866370330094
2445,140866390081473
2446,140866410181059
2447,140866430334291
2448,140866450251502
2449,140866470125939
2450,140866490037783
2451,140866510058895
2452,140866530345776
2453,140866550114481
2454,140866570151190
2455,140866590169379
2456,140866610156602
2457,140866634355052
2458,140866654585672
2459,140866676151481
2460,140866694486235
2461,140866714414162
2462,140866734407885
2463,140866754385086
2464,140866774525537
2465,140866794364889
2466,140866814439527
2467,140866834551033
2468,140866854512798
2469,140866874396194
2470,140866894399392
2471,140866914613104
2472,140866934744282
2473,140866954285122
2474,140866974412495
2475,140866994224612
2476,140867014124199
2477,140867034154230
2478,140867054197067
2479,140867074078814
2480,140867094173859
2481,140867114167018
2482,140867138202574
2483,140867158171595
2484,140867178443359
2485,140867198349295
2486,140867218251396
2487,140867238253098
2488,140867258130759
2489,140867278256669
2490,140867298230128
2491,140867318090639
2492,140867338399984
2493,140867358221538
2494,140867378215051
2495,140867398229811
2496,140867418355916
2497,140867438623024
2498,140867458478708
2499,140867478252663
2500,140867498112690
2501,140867518254523
2502,140867541347807
2503,140867560610090
2504,140867579505340
2505,140867600910999
2506,140867620035799
2507,140867644229964
2508,140867664142638
2509,140867683508696
2510,140867704738343
2511,140867726363865
2512,140867744288962
2513,140867763130718
2514,140867785636524
2515,140867805912959
2516,140867822525480
2517,140867842713174
2518,140867862689603
2519,140867882459943
2520,140867902601204
2521,140867922979339
2522,140867942902981
2523,140867962535640
2524,140867982523181
2525,140868002542656
2526,140868022604585
2527,140868042416724
2528,140868062419590
2529,140868082468790
2530,140868104518857
2531,140868122823214
2532,140868146511091
2533,140868167114714
2534,140868190227079
2535,140868209427382
2536,140868227369248
2537,140868246538402
2538,140868267724717
2539,140868287914949
2540,140868306836038
2541,140868326623053
2542,140868346251812
2543,140868366285775
2544,140868386489058
2545,140868408926757
2546,140868428317012
2547,140868446307823
2548,140868466508763
2549,140868486487988
2550,140868506660176
2551,140868528336481
2552,140868546596251
2553,140868566486664
2554,140868586206329
2555,140868606130773
2556,140868626175455
2557,140868650163693
2558,140868670115296
2559,140868690732959
2560,140868710381397
2561,140868730183284
2562,140868750170137
2563,140868770057164
2564,140868790348718
2565,140868810618300
2566,140868830207784
2567,140868850352034
2568,140868870165504
2569,140868891032002
2570,140868910264852
2571,140868932428929
2572,140868951348521
2573,140868970352928
2574,140868990954543
2575,140869010632320
2576,140869030647632
2577,140869050482769
2578,140869070502180
2579,140869090393413
2580,140869110607305
2581,140869130627023
2582,140869155909704
2583,140869174529252
2584,140869194610530
2585,140869214229965
2586,140869234161864
2587,140869254226450
2588,140869274321140
2589,140869294556796
2590,140869320793775
2591,140869338807931
2592,140869358798180
2593,140869378285676
2594,140869395286215
2595,140869414373059
2596,140869436693098
2597,140869456602123
2598,140869474220974
2599,140869494341366
2600,140869514174614
2601,140869534577638
2602,140869554202330
2603,140869574125838
2604,140869594335878
2605,140869614242609
2606,140869634191359
2607,140869658192253
2608,140869678955509
2609,140869698486039
2610,140869718307864
2611,140869738164121
2612,140869757981819
2613,140869778162497
2614,140869798385458
2615,140869818164683
2616,140869838316138
2617,140869858307859
2618,140869878353965
2619,140869898295872
2620,140869918224080
2621,140869939568661
2622,140869958531631
2623,140869978416387
2624,140869998446129
2625,140870018414921
2626,140870039072739
2627,140870058415811
2628,140870078545833
2629,140870098433001
2630,140870118425546
2631,140870138467529
2632,140870165760949
2633,140870184651855
2634,140870203179123
2635,140870222518061
2636,140870242511688
2637,140870262552086
2638,140870282440080
2639,140870302373747
2640,140870322428091
2641,140870342449683
2642,140870362511164
2643,140870382462189
2644,140870402467224
2645,140870422441418
2646,140870442527380
2647,140870462465653
2648,140870482503176
2649,140870502471409
2650,140870522518246
2651,140870542387860
2652,140870562536722
2653,140870582572627
2654,140870602442491
2655,140870622463029
2656,140870642333585
2657,140870666578115
2658,140870686922361
2659,140870706640478
2660,140870726435075
2661,140870746430680
2662,140870766440503
2663,140870786408996
2664,140870806309500
2665,140870826469244
2666,140870846264729
2667,140870866458303
2668,140870886408928
2669,140870906508833
2670,140870926328605
2671,140870947414037
2672,140870966447322
2673,140870986402927
2674,140871006622393
2675,140871026374754
2676,140871046671238
2677,140871066235915
2678,140871086437677
2679,140871106396973
2680,140871126427056
2681,140871146425182
2682,140871170385404
2683,140871191369261
2684,140871210435521
2685,140871230475543
2686,140871250438031
2687,140871270395989
2688,140871290411342
2689,140871310584384
2690,140871330603773
2691,140871350502343
2692,140871370318204
2693,140871390341346
2694,140871412171185
2695,140871430468127
2696,140871450575782
2697,140871470581536
2698,140871490551501
2699,140871510503145
2700,140871530280485
2701,140871550487695
2702,140871570442048
2703,140871590463073
2704,140871610497287
2705,140871630305889
2706,140871650505298
2707,140871674394884
2708,140871696107006
2709,140871714568736
2710,140871734539445
2711,140871754551386
2712,140871774500083
2713,140871794514213
2714,140871814532944
2715,140871834449560
2716,140871854414478
2717,140871874418719
2718,140871894565646
2719,140871914370588
2720,140871934316185
2721,140871955609370
2722,140871974505078
2723,140871994795054
2724,140872014449081
2725,140872034314350
2726,140872054158664
2727,140872074190035
2728,140872094212064
2729,140872114375394
2730,140872134202619
2731,140872154293230
2732,140872178306430
2733,140872199081287
2734,140872218391195
2735,140872238198626
2736,140872258348382
2737,140872278151136
2738,140872298177360
2739,140872318153746
2740,140872338136956
2741,140872358216272
2742,140872378199014
2743,140872398364501
2744,140872418191682
2745,140872438254219
2746,140872458253748
2747,140872478131973
2748,140872498214071
2749,140872518152932
2750,140872538153629
2751,140872558149569
2752,140872578043122
2753,140872598194657
2754,140872618044787
2755,140872638137106
2756,140872658191759
2757,140872682156243
2758,140872703227444
2759,140872722592316
2760,140872742469190
2761,140872762411972
2762,140872782291562
2763,140872802402577
2764,140872822413245
2765,140872842468627
2766,140872862452065
2767,140872882450279
2768,140872902453419
2769,140872923458186
2770,140872942861716
2771,140872962701144
2772,140872982563519
2773,140873002497760
2774,140873022557691
2775,140873042470597
2776,140873062498069
2777,140873082505731
2778,140873102458348
2779,140873122481043
2780,140873142462530
2781,140873162585382
2782,140873186388635
2783,140873207057211
2784,140873226704049
2785,140873246485832
2786,140873266504739
2787,140873286292498
2788,140873306335509
2789,140873326544876
2790,140873346481825
2791,140873366480970
2792,140873386441159
2793,140873406482575
2794,140873426476208
2795,140873447737898
2796,140873466659106
2797,140873486647155
2798,140873506513303
2799,140873526497997
2800,140873546450149
2801,140873566447650
2802,140873586434477
2803,140873606302017
2804,140873626585041
2805,140873646459823
2806,140873666809315
2807,140873690497780
2808,140873710686884
2809,140873730545838
2810,140873750571366
2811,140873770600240
2812,140873790377837
2813,140873810351653
2814,140873830442255
2815,140873850638303
2816,140873870552796
2817,140873890424665
2818,140873910412832
2819,140873930361730
2820,140873952571464
2821,140873970713789
2822,140873990610548
2823,140874010682274
2824,140874030378023
2825,140874050584518
2826,140874070847690
2827,140874090476952
2828,140874110447084
2829,140874130453956
2830,140874150571083
2831,140874173039113
2832,140874198230605
2833,140874214733453
2834,140874234596232
2835,140874254591597
2836,140874274589474
2837,140874295570329
2838,140874315348161
2839,140874336450925
2840,140874358820444
2841,140874376164331
2842,140874394692614
2843,140874415096749
2844,140874435021700
2845,140874456923633
2846,140874479067340
2847,140874498128510
2848,140874514878532
2849,140874534361613
2850,140874554544502
2851,140874574458210
2852,140874594142110
2853,140874614593382
2854,140874634114983
2855,140874654152836
2856,140874674343357
2857,140874698891862
2858,140874718300188
2859,140874738458861
2860,140874758172175
2861,140874778456520
2862,140874798373177
2863,140874818331456
2864,140874840748745
2865,140874858956394
2866,140874878939427
2867,140874898304139
2868,140874918245191
2869,140874938888278
2870,140874960606446
2871,140874978475892
2872,140874998997508
2873,140875018241337
2874,140875038498349
2875,140875058632609
2876,140875078528036
2877,140875098179798
2878,140875118056787
2879,140875138181444
2880,140875158288555
2881,140875178465709
2882,140875203726120
2883,140875222239671
2884,140875242311466
2885,140875262610867
2886,140875282579031
2887,140875302573345
2888,140875323737969
2889,140875343016227
2890,140875362359006
2891,140875382970558
2892,140875402372599
2893,140875422680477
2894,140875442361250
2895,140875462778677
2896,140875482569636
2897,140875502869252
2898,140875522250679
2899,140875542682667
2900,140875562322922
2901,140875582933105
2902,140875603158903
2903,140875623986033
2904,140875642329836
2905,140875663288388
2906,140875682544865
2907,140875707373949
2908,140875726674050
2909,140875746863423
2910,140875766302599
2911,140875786645125
2912,140875806376305
2913,140875827040263
2914,140875846333284
2915,140875866663652
2916,140875886332048
2917,140875906750417
2918,140875927560787
2919,140875947396522
2920,140875966570630
2921,140875986920172
2922,140876006472759
2923,140876026811369
2924,140876046384373
2925,140876066929965
2926,140876086517122
2927,140876106800562
2928,140876126423105
2929,140876146766134
2930,140876166301663
2931,140876187216687
2932,140876211129944
2933,140876231060583
2934,140876250436900
2935,140876270745009
2936,140876290338439
2937,140876311095194
2938,140876330312157
2939,140876350736985
2940,140876370272137
2941,140876390641309
2942,140876410252213
2943,140876430665106
2944,140876450386342
2945,140876471022138
2946,140876490502643
2947,140876510713484
2948,140876530329905
2949,140876550612254
2950,140876570220127
2951,140876590757782
2952,140876610298293
2953,140876630735177
2954,140876650330950
2955,140876671738113
2956,140876690440070
2957,140876715452824
2958,140876734484358
2959,140876754691622
2960,140876774265079
2961,140876794919734
2962,140876814283797
2963,140876834678780
2964,140876854337828
2965,140876874712874
2966,140876894351538
2967,140876914772466
2968,140876934373851
2969,140876959837255
2970,140876979583338
2971,140876999386054
2972,140877018214494
2973,140877038002640
2974,140877054541517
2975,140877074336701
2976,140877094544327
2977,140877114736726
2978,140877134229145
2979,140877154537709
2980,140877174209279
2981,140877194568621
2982,140877220065435
2983,140877237916769
2984,140877257273419
2985,140877277618636
2986,140877297232966
2987,140877317748653
2988,140877337333449
2989,140877357591437
2990,140877377241109
2991,140877398491865
2992,140877420453213
2993,140877443194844
2994,140877461835541
2995,140877482249286
2996,140877501891916
2997,140877521861032
2998,140877542291475
2999,140877561819880
3000,140877577249339
3001,140877597869931
3002,140877617173315
3003,140877637491485
3004,140877657379065
3005,140877677569982
3006,140877697320175
3007,140877721965719
3008,140877741581142
3009,140877761887979
3010,140877781632165
3011,140877801899246
3012,140877821566435
3013,140877841739775
3014,140877861446740
3015,140877881706502
3016,140877901472873
3017,140877921801967
3018,140877941471946
3019,140877962275502
3020,140877981336187
3021,140878001895949
3022,140878021475009
3023,140878041927504
3024,140878061384599
3025,140878081812744
3026,140878101722295
3027,140878121705938
3028,140878141734590
3029,140878161731762
3030,140878186027085
3031,140878202700378
3032,140878226692558
3033,140878246886526
3034,140878266669539
3035,140878286854570
3036,140878306625696
3037,140878327218127
3038,140878346693188
3039,140878366979743
3040,140878386592103
3041,140878406860404
3042,140878426528113
3043,140878446939101
3044,140878466908409
3045,140878487082472
3046,140878506655095
3047,140878527008001
3048,140878546490622
3049,140878566963115
3050,140878586501667
3051,140878606915721
3052,140878626531723
3053,140878646861912
3054,140878666424141
3055,140878686911945
3056,140878706487615
3057,140878731165141
3058,140878750565197
3059,140878770927927
3060,140878790426028
3061,140878810798131
3062,140878830445219
3063,140878850960552
3064,140878870463544
3065,140878890750583
3066,140878910443917
3067,140878931755249
3068,140878951551083
3069,140878971590724
3070,140878990775373
3071,140879010973765
3072,140879030570782
3073,140879051059778
3074,140879070478154
3075,140879090962586
3076,140879110569278
3077,140879131104322
3078,140879150544185
3079,140879170923543
3080,140879190495659
3081,140879210924083
3082,140879235099869
3083,140879254997703
3084,140879274486413
3085,140879295020453
3086,140879314541641
3087,140879335040531
3088,140879354455780
3089,140879375242818
3090,140879394595487
3091,140879414941718
3092,140879434460875
3093,140879454749000
3094,140879476194727
3095,140879497085800
3096,140879514511843
3097,140879534895289
3098,140879554460236
3099,140879574984287
3100,140879594662130
3101,140879614897348
3102,140879634497678
3103,140879655011873
3104,140879674623672
3105,140879695385912
3106,140879714620769
3107,140879739069626
3108,140879758592881
3109,140879778873172
3110,140879798488883
3111,140879818878230
3112,140879838396083
3113,140879858839244
3114,140879878453036
3115,140879898882596
3116,140879918454783
3117,140879938830120
3118,140879958494968
3119,140879981328350
3120,140879998533975
3121,140880022952291
3122,140880038315280
3123,140880058756098
3124,140880078503771
3125,140880098670274
3126,140880118342292
3127,140880139170502
3128,140880158398425
3129,140880178743328
3130,140880198392460
3131,140880218765740
3132,140880242525222
3133,140880262855577
3134,140880282387414
3135,140880302813220
3136,140880322458317
3137,140880342684770
3138,140880362176775
3139,140880382711341
3140,140880402390869
3141,140880422739419
3142,140880442358728
3143,140880462704059
3144,140880482429974
3145,140880502863210
3146,140880522235200
3147,140880542558135
3148,140880562226979
3149,140880582580635
3150,140880602302485
3151,140880622558982
3152,140880642202036
3153,140880662593334
3154,140880682175194
3155,140880702684021
3156,140880722379762
3157,140880746723547
3158,140880766287398
3159,140880786602829
3160,140880806345396
3161,140880826769600
3162,140880846284139
3163,140880866412415
3164,140880886136985
3165,140880906701841
3166,140880926219442
3167,140880947477940
3168,140880966337148
3169,140880988423711
3170,140881006352655
3171,140881026733813
3172,140881046275721
3173,140881066595525
3174,140881086183412
3175,140881106479584
3176,140881126231298
3177,140881146610261
3178,140881166274149
3179,140881186739010
3180,140881206398137
3181,140881227430703
3182,140881250342695
3183,140881270810513
3184,140881290290091
3185,140881310733022
3186,140881330387762
3187,140881350706248
3188,140881370391859
3189,140881390774514
3190,140881410342013
3191,140881430555460
3192,140881450377187
3193,140881470692351
3194,140881490431976
3195,140881510628114
3196,140881530370301
3197,140881550604221
3198,140881570246873
3199,140881590600819
3200,140881610220637
3201,140881630532947
3202,140881650251416
3203,140881670598936
3204,140881690220530
3205,140881710559996
3206,140881731874337
3207,140881754732458
3208,140881774347214
3209,140881794593285
3210,140881814243780
3211,140881834654183
3212,140881854268352
3213,140881874538013
3214,140881894162053
3215,140881914655480
3216,140881936085105
3217,140881954684336
3218,140881974312055
3219,140881994767900
3220,140882014405765
3221,140882034673105
3222,140882054278145
3223,140882074577854
3224,140882094219192
3225,140882114630660
3226,140882134266022
3227,140882154613108
3228,140882174263453
3229,140882194605957
3230,140882214213499
3231,140882237179839
3232,140882258522984
3233,140882278755707
3234,140882298458657
3235,140882319011076
3236,140882338456378
3237,140882358867509
3238,140882378420555
3239,140882398959289
3240,140882418332009
3241,140882438896309
3242,140882458534460
3243,140882479448071
3244,140882498652871
3245,140882518990610
3246,140882538450534
3247,140882558693063
3248,140882578478630
3249,140882598497741
3250,140882618551987
3251,140882638418040
3252,140882658541973
3253,140882678431467
3254,140882700247563
3255,140882718620984
3256,140882738455840
3257,140882762278114
3258,140882782305980
3259,140882802256522
3260,140882822420355
3261,140882842232906
3262,140882862276423
3263,140882882281608
3264,140882902192218
3265,140882922240697
3266,140882942367973
3267,140882962353982
3268,140882982345221
3269,140883002422673
3270,140883022154041
3271,140883042268974
3272,140883062347372
3273,140883082170476
3274,140883102284104
3275,140883122308384
3276,140883142605338
3277,140883162539863
3278,140883182243988
3279,140883202327351
3280,140883222292732
3281,140883242498796
3282,140883266348029
3283,140883286375109
3284,140883306400073
3285,140883326312296
3286,140883346223365
3287,140883366352296
3288,140883386400413
3289,140883406436856
3290,140883426357341
3291,140883446425293
3292,140883466416972
3293,140883486651265
3294,140883506498325
3295,140883526439673
3296,140883546309501
3297,140883566542928
3298,140883586466943
3299,140883606409771
3300,140883626524007
3301,140883646444672
3302,140883666414754
3303,140883686501476
3304,140883706291069
3305,140883726427648
3306,140883746619895
3307,140883770480134
3308,140883790484207
3309,140883810383408
3310,140883830483392
3311,140883850410296
3312,140883870756303
3313,140883890664252
3314,140883910462250
3315,140883930719479
3316,140883952033812
3317,140883970590124
3318,140883990984320
3319,140884010501287
3320,140884030339443
3321,140884050611866
3322,140884070401477
3323,140884090405957
3324,140884110332040
3325,140884130948740
3326,140884150703185
3327,140884170476198
3328,140884190794261
3329,140884210730558
3330,140884230431276
3331,140884250911102
3332,140884274556429
3333,140884294541135
3334,140884314570302
3335,140884334626769
3336,140884354529137
3337,140884374619892
3338,140884394617924
3339,140884414587694
3340,140884434516175
3341,140884454610180
3342,140884474572374
3343,140884494706890
3344,140884514587746
3345,140884534526938
3346,140884554385166
3347,140884574447537
3348,140884594783422
3349,140884614728950
3350,140884634747581
3351,140884654819854
3352,140884674742543
3353,140884694602771
3354,140884714385024
3355,140884734808485
3356,140884754666097
3357,140884778683886
3358,140884799064908
3359,140884818529832
3360,140884838356052
3361,140884858708657
3362,140884878362395
3363,140884899240488
3364,140884918800067
3365,140884939079634
3366,140884958615616
3367,140884978520059
3368,140884998488150
3369,140885018774846
3370,140885038613894
3371,140885058557568
3372,140885078577924
3373,140885098612354
3374,140885118528165
3375,140885138586263
3376,140885158547813
3377,140885178608125
3378,140885198575464
3379,140885218594299
3380,140885238859242
3381,140885258730060
3382,140885282999877
3383,140885302619665
3384,140885322723737
3385,140885342589618
3386,140885362573989
3387,140885382629046
3388,140885402581465
3389,140885422617644
3390,140885442503717
3391,140885462552240
3392,140885482481568
3393,140885502929961
3394,140885522682423
3395,140885542739825
3396,140885562499153
3397,140885582574738
3398,140885602522953
3399,140885622624550
3400,140885642494685
3401,140885662536390
3402,140885682454417
3403,140885702592139
3404,140885722587897
3405,140885744427199
3406,140885762428955
3407,140885786796100
3408,140885806668645
3409,140885826578484
3410,140885846575796
3411,140885866567301
3412,140885886484520
3413,140885906530714
3414,140885926491881
3415,140885947427050
3416,140885966617718
3417,140885986538388
3418,140886007044744
3419,140886026654595
3420,140886046445709
3421,140886066544286
3422,140886086468642
3423,140886106515852
3424,140886126497801
3425,140886146559397
3426,140886166893559
3427,140886186514237
3428,140886206487802
3429,140886226581317
3430,140886247997178
3431,140886266618998
3432,140886290483493
3433,140886310542082
3434,140886330418461
3435,140886350450962
3436,140886370487139
3437,140886390519343
3438,140886410528464
3439,140886430491244
3440,140886451298031
3441,140886470668855
3442,140886490490198
3443,140886511094260
3444,140886530747920
3445,140886550585503
3446,140886570498848
3447,140886590504895
3448,140886610513699
3449,140886630500918
3450,140886650419197
3451,140886670530281
3452,140886690549877
3453,140886710600476
3454,140886730483235
3455,140886751792988
3456,140886770686055
3457,140886794677507
3458,140886814470224
3459,140886834505933
3460,140886854473801
3461,140886874479007
3462,140886894561343
3463,140886914530249
3464,140886934447875
3465,140886954747871
3466,140886974487787
3467,140886994629183
3468,140887015000143
3469,140887034646892
3470,140887054591434
3471,140887074434505
3472,140887094496302
3473,140887114612906
3474,140887134436046
3475,140887154805564
3476,140887174525004
3477,140887195349073
3478,140887214475600
3479,140887234575185
3480,140887256153622
3481,140887274681718
3482,140887298573210
3483,140887318549926
3484,140887338567241
3485,140887358623360
3486,140887378643548
3487,140887398510643
3488,140887418475192
3489,140887438805504
3490,140887458599338
3491,140887478535098
3492,140887499615207
3493,140887518722508
3494,140887538453391
3495,140887558550688
3496,140887578458688
3497,140887598460561
3498,140887618527206
3499,140887638554574
3500,140887658510231
3501,140887678538235
3502,140887698861805
3503,140887718751731
3504,140887738534443
3505,140887759206875
3506,140887778609148
3507,140887802551412
3508,140887822448978
3509,140887842605821
3510,140887862435006
3511,140887882682412
3512,140887902805226
3513,140887922678623
3514,140887943036324
3515,140887962820458
3516,140887982551002
3517,140888005052295
3518,140888023558067
3519,140888042630817
3520,140888062478018
3521,140888082546913
3522,140888102568289
3523,140888122610318
3524,140888142479381
3525,140888162636123
3526,140888182649740
3527,140888202394135
3528,140888222516932
3529,140888242485438
3530,140888262580292
3531,140888282976823
3532,140888306729194
3533,140888326724936
3534,140888346447335
3535,140888366469814
3536,140888386578379
3537,140888406524077
3538,140888426432776
3539,140888446477011
3540,140888466418077
3541,140888486609836
3542,140888508180366
3543,140888526480821
3544,140888547035171
3545,140888566954801
3546,140888586478091
3547,140888606557137
3548,140888626437525
3549,140888646487146
3550,140888666388648
3551,140888686536780
3552,140888706490628
3553,140888726296201
3554,140888746697807
3555,140888766510156
3556,140888786573025
3557,140888811023494
3558,140888830964932
3559,140888850764773
3560,140888870807802
3561,140888892170740
3562,140888910289205
3563,140888930439366
3564,140888951425313
3565,140888970365405
3566,140888990721788
3567,140889013229433
3568,140889030568920
3569,140889050779519
3570,140889070487220
3571,140889090510192
3572,140889110655774
3573,140889130504295
3574,140889150620860
3575,140889170552036
3576,140889190435414
3577,140889210518375
3578,140889230417968
3579,140889250662619
3580,140889271150625
3581,140889290657042
3582,140889314796595
3583,140889334744961
3584,140889354692720
3585,140889374541522
3586,140889394506950
3587,140889414505336
3588,140889434456698
3589,140889455844296
3590,140889474512261
3591,140889494347039
3592,140889515263720
3593,140889537730802
3594,140889554451601
3595,140889574462498
3596,140889594466329
3597,140889614725128
3598,140889634511064
3599,140889654488889
3600,140889674414619
3601,140889694533499
3602,140889714432923
3603,140889734482757
3604,140889755177318
3605,140889774507120
3606,140889794537754
3607,140889818670377
3608,140889838422846
3609,140889858824843
3610,140889878564841
3611,140889898456491
3612,140889918486127
3613,140889938424693
3614,140889958541660
3615,140889978508177
3616,140889998245320
3617,140890018641808
3618,140890038488236
3619,140890058321220
3620,140890078903499
3621,140890098631093
3622,140890118600074
3623,140890138426313
3624,140890158567496
3625,140890178735377
3626,140890199906286
3627,140890218610484
3628,140890238652871
3629,140890259632959
3630,140890278616857
3631,140890298951959
3632,140890323046439
3633,140890342449379
3634,140890362575548
3635,140890382486330
3636,140890402406854
3637,140890422479320
3638,140890442450813
3639,140890462389422
3640,140890482472735
3641,140890502681409
3642,140890522558327
3643,140890542541873
3644,140890562446218
3645,140890582499773
3646,140890602337805
3647,140890622468718
3648,140890642372203
3649,140890662520797
3650,140890682480322
3651,140890702802058
3652,140890722343246
3653,140890742506736
3654,140890763257073
3655,140890782623521
3656,140890802758465
3657,140890827031292
3658,140890846765804
3659,140890866994199
3660,140890886994172
3661,140890907166521
3662,140890926335647
3663,140890947671821
3664,140890966663660
3665,140890986983583
3666,140891006883516
3667,140891026426046
3668,140891046348720
3669,140891066658761
3670,140891086949490
3671,140891106703456
3672,140891126764670
3673,140891146977252
3674,140891167008324
3675,140891186893656
3676,140891206666254
3677,140891227252398
3678,140891246462901
3679,140891267545840
3680,140891286529108
3681,140891306443446
3682,140891330415732
3683,140891350586666
3684,140891370285344
3685,140891390312967
3686,140891410576451
3687,140891430584214
3688,140891450798033
3689,140891470926269
3690,140891490640470
3691,140891511467728
3692,140891530469527
3693,140891550539181
3694,140891570619714
3695,140891590465076
3696,140891610425243
3697,140891630413808
3698,140891650460016
3699,140891670709892
3700,140891690566764
3701,140891710427154
3702,140891730876877
3703,140891750662158
3704,140891770785033
3705,140891790462658
3706,140891810781129
3707,140891834852560
3708,140891854839476
3709,140891874727653
3710,140891894661485
3711,140891914830376
3712,140891934721198
3713,140891954292736
3714,140891974581341
3715,140891994587335
3716,140892016443301
3717,140892034507883
3718,140892054508056
3719,140892074670436
3720,140892094818171
3721,140892114709983
3722,140892134713678
3723,140892154466695
3724,140892174632243
3725,140892194477950
3726,140892214437744
3727,140892234759016
3728,140892254437213
3729,140892274866064
3730,140892294366427
3731,140892314900661
3732,140892339020476
3733,140892359014495
3734,140892378836138
3735,140892398701338
3736,140892418714527
3737,140892438726111
3738,140892460517378
3739,140892478501836
3740,140892498587291
3741,140892519551337
3742,140892538399065
3743,140892558384253
3744,140892578247729
3745,140892598703552
3746,140892618780432
3747,140892638682993
3748,140892658665168
3749,140892678622085
3750,140892698923208
3751,140892718832921
3752,140892738808729
3753,140892758992439
3754,140892778427048
3755,140892798903550
3756,140892818638286
3757,140892843040347
3758,140892863013135
3759,140892883142266
3760,140892903011403
3761,140892922843092
3762,140892942812359
3763,140892962303816
3764,140892982659582
3765,140893002614322
3766,140893024608193
3767,140893042398786
3768,140893062705273
3769,140893082697344
3770,140893102383898
3771,140893122491200
3772,140893142431322
3773,140893162462711
3774,140893182415323
3775,140893202778750
3776,140893222452252
3777,140893242645279
3778,140893262417331
3779,140893282502813
3780,140893302773327
3781,140893327061340
3782,140893347078537
3783,140893366735707
3784,140893386793565
3785,140893406854762
3786,140893426690239
3787,140893446869134
3788,140893467017399
3789,140893486818062
3790,140893507002602
3791,140893527647709
3792,140893546527089
3793,140893566510730
3794,140893586756972
3795,140893607004327
3796,140893626491469
3797,140893646669951
3798,140893666585676
3799,140893686491383
3800,140893706576363
3801,140893726489854
3802,140893746426291
3803,140893766790700
3804,140893786592115
3805,140893806471014
3806,140893830841580
3807,140893850877053
3808,140893870851260
3809,140893890641113
3810,140893910555845
3811,140893930701876
3812,140893951406123
3813,140893970614781
3814,140893990351529
3815,140894010736144
3816,140894031477983
3817,140894050617165
3818,140894070587170
3819,140894090303593
3820,140894110307120
3821,140894130865606
3822,140894150576012
3823,140894171194932
3824,140894190826992
3825,140894210771163
3826,140894230854525
3827,140894250438894
3828,140894271386664
3829,140894290431996
3830,140894310418383
3831,140894335366019
3832,140894354456652
3833,140894374444755
3834,140894394481403
3835,140894414687206
3836,140894434590777
3837,140894454495126
3838,140894474424367
3839,140894494478714
3840,140894514685120
3841,140894534706085
3842,140894554855842
3843,140894574470226
3844,140894594390450
3845,140894614523217
3846,140894634491983
3847,140894654735329
3848,140894674694955
3849,140894695045106
3850,140894716579848
3851,140894734849151
3852,140894754558695
3853,140894775437729
3854,140894794415041
3855,140894814711474
3856,140894838821839
3857,140894858665062
3858,140894878518111
3859,140894898701083
3860,140894918646197
3861,140894939019570
3862,140894958349611
3863,140894978210177
3864,140894998620329
3865,140895018329701
3866,140895038725095
3867,140895058560310
3868,140895078499874
3869,140895098473189
3870,140895118469301
3871,140895138639799
3872,140895158456860
3873,140895178494486
3874,140895198469169
3875,140895218458994
3876,140895238596643
3877,140895258755094
3878,140895279243351
3879,140895298505856
3880,140895318587089
3881,140895342500965
3882,140895362459016
3883,140895382473346
3884,140895402620414
3885,140895422496082
3886,140895442569055
3887,140895464288459
3888,140895482512112
3889,140895502615626
3890,140895523696519
3891,140895542681280
3892,140895562555249
3893,140895582492011
3894,140895602471075
3895,140895622583497
3896,140895642600171
3897,140895662505456
3898,140895682433137
3899,140895702501592
3900,140895722472620
3901,140895742641625
3902,140895762847280
3903,140895782458617
3904,140895802514527
3905,140895822538753
3906,140895847042855
3907,140895867030648
3908,140895887028760
3909,140895906863720
3910,140895927014405
3911,140895948137416
3912,140895966504342
3913,140895986647739
3914,140896006786751
3915,140896027699972
3916,140896046471539
3917,140896066526753
3918,140896086730506
3919,140896106835704
3920,140896126404789
3921,140896146756878
3922,140896166815711
3923,140896187031456
3924,140896207036430
3925,140896226456125
3926,140896246400997
3927,140896266349759
3928,140896286884664
3929,140896306841126
3930,140896326787670
3931,140896350677695
3932,140896370830168
3933,140896390703944
3934,140896410522975
3935,140896430486117
3936,140896450818256
3937,140896470497556
3938,140896490689234
3939,140896510712344
3940,140896532504549
3941,140896550530795
3942,140896570581421
3943,140896590431762
3944,140896610446148
3945,140896630424064
3946,140896650275669
3947,140896670961048
3948,140896690470926
3949,140896710628742
3950,140896730446423
3951,140896750661868
3952,140896770439490
3953,140896790456543
3954,140896810938945
3955,140896830858112
3956,140896854920294
3957,140896874699313
3958,140896894652845
3959,140896914398518
3960,140896934518613
3961,140896954518078
3962,140896974300584
3963,140896994632840
3964,140897015087175
3965,140897036521382
3966,140897054509728
3967,140897074753150
3968,140897094792698
3969,140897114722266
3970,140897134760729
3971,140897155027384
3972,140897174747606
3973,140897195167248
3974,140897214769611
3975,140897234666421
3976,140897254902377
3977,140897274996020
3978,140897294720126
3979,140897314474326
3980,140897335302657
3981,140897359243071
3982,140897378812553
3983,140897398790394
3984,140897418758502
3985,140897438883339
3986,140897459023620
3987,140897478778114
3988,140897499136403
3989,140897518779792
3990,140897539568410
3991,140897559172324
3992,140897579219442
3993,140897599251993
3994,140897619069897
3995,140897639145590
3996,140897658881353
3997,140897679031422
3998,140897699154066
3999,140897719355486
4000,140897738567379
4001,140897758648035
4002,140897778472789
4003,140897798824614
4004,140897818594744
4005,140897838379746
4006,140897862910937
4007,140897882903078
4008,140897902722535
4009,140897922985589
4010,140897942852181
4011,140897962388922
4012,140897982399711
4013,140898002941938
4014,140898022929786
4015,140898044352279
4016,140898062648639
4017,140898082552193
4018,140898102489240
4019,140898122772905
4020,140898142903531
4021,140898162440173
4022,140898182757573
4023,140898203025517
4024,140898222712497
4025,140898243087071
4026,140898263009447
4027,140898283266606
4028,140898302724462
4029,140898322832832
4030,140898342754582
4031,140898367080000
4032,140898386704815
4033,140898407215969
4034,140898426724498
4035,140898446906255
4036,140898467543688
4037,140898486603475
4038,140898506623186
4039,140898526522906
4040,140898547001201
4041,140898566647978
4042,140898586754756
4043,140898606906742
4044,140898626986381
4045,140898647006459
4046,140898666833196
4047,140898687030655
4048,140898706653287
4049,140898726856277
4050,140898746725648
4051,140898767091321
4052,140898787554716
4053,140898806553098
4054,140898826693748
4055,140898846725685
4056,140898870545977
4057,140898890483465
4058,140898910979850
4059,140898930704281
4060,140898951166746
4061,140898970569400
4062,140898991758215
4063,140899010771441
4064,140899030581945
4065,140899050399033
4066,140899070611196
4067,140899090671773
4068,140899110507105
4069,140899130444990
4070,140899150484608
4071,140899170845037
4072,140899190860091
4073,140899210532210
4074,140899230694132
4075,140899250444228
4076,140899270871212
4077,140899291911410
4078,140899310725946
4079,140899335552084
4080,140899351199020
4081,140899381313191
4082,140899398019884
4083,140899420671334
4084,140899440597353
4085,140899460742522
4086,140899479650109
4087,140899499475615
4088,140899518046766
4089,140899542965044
4090,140899560223714
4091,140899579984365
4092,140899599226834
4093,140899619122544
4094,140899639110666
4095,140899659280084
4096,140899674346191
4097,140899694290061
4098,140899714556265
4099,140899734775392
4100,140899754826078
4101,140899774939189
4102,140899795768778
4103,140899814510921
4104,140899834987981
4105,140899855088125
4106,140899879116925
4107,140899899118859
4108,140899918748516
4109,140899938724674
4110,140899958438280
4111,140899978574112
4112,140899998428075
4113,140900018541679
4114,140900038480474
4115,140900058629341
4116,140900078604727
4117,140900098499023
4118,140900118448516
4119,140900138527337
4120,140900158476174
4121,140900178703677
4122,140900198496944
4123,140900218445749
4124,140900238456329
4125,140900258503095
4126,140900278852278
4127,140900299160473
4128,140900318675111
4129,140900339194009
4130,140900358798556
4131,140900383105379
4132,140900403012356
4133,140900423172661
4134,140900443171618
4135,140900463331927
4136,140900482449852
4137,140900502531178
4138,140900522412927
4139,140900542472851
4140,140900562594347
4141,140900582510131
4142,140900602688757
4143,140900622311455
4144,140900642790222
4145,140900662837645
4146,140900682760950
4147,140900703044349
4148,140900723490719
4149,140900742483108
4150,140900763171523
4151,140900783023656
4152,140900804225438
4153,140900822858352
4154,140900842764059
4155,140900862546672
4156,140900886670632
4157,140900907497451
4158,140900926449618
4159,140900947495266
4160,140900966634352
4161,140900986451215
4162,140901007044152
4163,140901026509199
4164,140901046870903
4165,140901071610631
4166,140901091491006
4167,140901111309639
4168,140901131291239
4169,140901151332779
4170,140901171437969
4171,140901189303737
4172,140901206497638
4173,140901226482702
4174,140901246384515
4175,140901266479396
4176,140901286424288
4177,140901307113587
4178,140901326571167
4179,140901346557241
4180,140901371581236
4181,140901394621994
4182,140901410342812
4183,140901430291786
4184,140901450278756
4185,140901470566208
4186,140901490649263
4187,140901510439181
4188,140901530383996
4189,140901552148500
4190,140901572266339
4191,140901598565029
4192,140901615684129
4193,140901631618560
4194,140901650301537
4195,140901670520180
4196,140901690719611
4197,140901710748251
4198,140901730749344
4199,140901750998799
4200,140901770762438
4201,140901790614802
4202,140901810571445
4203,140901831031730
4204,140901851033374
4205,140901871196519
4206,140901895032130
4207,140901914992239
4208,140901935110025
4209,140901955428207
4210,140901974594456
4211,140901994328128
4212,140902014485035
4213,140902034869192
4214,140902056548864
4215,140902074683317
4216,140902094764147
4217,140902114858048
4218,140902135001019
4219,140902155076428
4220,140902174906797
4221,140902195017993
4222,140902214656918
4223,140902237142017
4224,140902254492429
4225,140902274875404
4226,140902295131367
4227,140902314580947
4228,140902334624030
4229,140902354765220
4230,140902374537527
4231,140902398832088
4232,140902418789203
4233,140902438583034
4234,140902458680259
4235,140902478660262
4236,140902498818138
4237,140902518925211
4238,140902538718331
4239,140902559172436
4240,140902578877694
4241,140902598699330
4242,140902618612670
4243,140902638565291
4244,140902658639676
4245,140902678651652
4246,140902698969942
4247,140902718656585
4248,140902738729705
4249,140902758640557
4250,140902778561680
4251,140902798588826
4252,140902818760798
4253,140902838599816
4254,140902858879283
4255,140902878994974
4256,140902903233914
4257,140902923053749
4258,140902943193440
4259,140902962546240
4260,140902983276874
4261,140903002848444
4262,140903022732561
4263,140903043456865
4264,140903065202327
4265,140903082796696
4266,140903102693139
4267,140903122689160
4268,140903142582716
4269,140903162646413
4270,140903182548813
4271,140903202638540
4272,140903222643866
4273,140903242637340
4274,140903262567015
4275,140903282602194
4276,140903302650250
4277,140903323068039
4278,140903343009797
4279,140903362667545
4280,140903382889863
4281,140903406319947
4282,140903426437908
4283,140903446419004
4284,140903466781663
4285,140903486712528
4286,140903506590652
4287,140903526659586
4288,140903546619488
4289,140903568150901
4290,140903586768347
4291,140903606703265
4292,140903626597126
4293,140903647281278
4294,140903666901234
4295,140903686652488
4296,140903706648148
4297,140903727142747
4298,140903746892976
4299,140903766701564
4300,140903786607426
4301,140903806659560
4302,140903827023898
4303,140903846763814
4304,140903866611607
4305,140903886898162
4306,140903911097450
4307,140903931193006
4308,140903951788663
4309,140903970657167
4310,140903990631042
4311,140904011922865
4312,140904030561155
4313,140904050635113
4314,140904070837910
4315,140904091162681
4316,140904111009827
4317,140904130837707
4318,140904150899261
4319,140904171027562
4320,140904190844656
4321,140904210986876
4322,140904230997969
4323,140904251436130
4324,140904271244845
4325,140904291350878
4326,140904311274792
4327,140904330902089
4328,140904350861502
4329,140904370946735
4330,140904391017441
4331,140904415162548
4332,140904434963657
4333,140904454938231
4334,140904474922728
4335,140904495211433
4336,140904514731588
4337,140904534926849
4338,140904554785238
4339,140904575287884
4340,140904595487258
4341,140904614617418
4342,140904634590097
4343,140904654650368
4344,140904674605336
4345,140904694866691
4346,140904715022494
4347,140904735062943
4348,140904754968792
4349,140904774759549
4350,140904795156619
4351,140904815922584
4352,140904834902399
4353,140904854957876
4354,140904874678743
4355,140904894592063
4356,140904918899750
4357,140904938913732
4358,140904958563533
4359,140904978641704
4360,140904998639392
4361,140905019074539
4362,140905039051873
4363,140905059098149
4364,140905078979839
4365,140905098733345
4366,140905118535650
4367,140905139074551
4368,140905159013693
4369,140905179005511
4370,140905198724773
4371,140905219046357
4372,140905239687009
4373,140905258626481
4374,140905278627763
4375,140905298802278
4376,140905319394820
4377,140905338682851
4378,140905358849897
4379,140905378642957
4380,140905398645324
4381,140905422623679
4382,140905442643620
4383,140905462547053
4384,140905482620234
4385,140905502584546
4386,140905522639886
4387,140905542653903
4388,140905562822993
4389,140905582979659
4390,140905602560253
4391,140905622749197
4392,140905642617809
4393,140905662927567
4394,140905682843011
4395,140905703078815
4396,140905723006437
4397,140905743053376
4398,140905762980177
4399,140905782966520
4400,140905802812316
4401,140905824216028
4402,140905842915139
4403,140905862646382
4404,140905882603752
4405,140905902618027
4406,140905927085565
4407,140905948042388
4408,140905966583297
4409,140905988492813
4410,140906006902101
4411,140906026753012
4412,140906046608238
4413,140906067408377
4414,140906086732238
4415,140906106726120
4416,140906126711356
4417,140906146717883
4418,140906166595104
4419,140906186930049
4420,140906206585883
4421,140906226707736
4422,140906246529084
4423,140906266797936
4424,140906286556076
4425,140906306904403
4426,140906328248928
4427,140906346764123
4428,140906366645504
4429,140906386591298
4430,140906407046069
4431,140906431110527
4432,140906450947090
4433,140906471092035
4434,140906490985658
4435,140906511024531
4436,140906531170620
4437,140906550977841
4438,140906571238700
4439,140906590745262
4440,140906611098455
4441,140906630955008
4442,140906650961303
4443,140906671027113
4444,140906690862122
4445,140906711042713
4446,140906731029638
4447,140906750918336
4448,140906770781143
4449,140906790849100
4450,140906811161601
4451,140906830671476
4452,140906850670193
4453,140906870659612
4454,140906890619277
4455,140906911079131
4456,140906934612515
4457,140906954650562
4458,140906974615005
4459,140906994682546
4460,140907014758133
4461,140907034845738
4462,140907055043057
4463,140907075325397
4464,140907094624569
4465,140907115440119
4466,140907134959254
4467,140907154990539
4468,140907174982432
4469,140907194960665
4470,140907214896004
4471,140907235311676
4472,140907254966846
4473,140907274839957
4474,140907294896057
4475,140907315127719
4476,140907334807929
4477,140907354703447
4478,140907374595657
4479,140907394615525
4480,140907414627378
4481,140907439109752
4482,140907458962279
4483,140907479112201
4484,140907498875604
4485,140907518704716
4486,140907538810960
4487,140907558657108
4488,140907579330205
4489,140907598713375
4490,140907618585946
4491,140907639075173
4492,140907658880094
4493,140907678881168
4494,140907699155832
4495,140907719105619
4496,140907738947728
4497,140907758933402
4498,140907779096442
4499,140907798849919
4500,140907818901027
4501,140907839174301
4502,140907858724683
4503,140907878585337
4504,140907898795712
4505,140907918983254
4506,140907943272503
4507,140907962465995
4508,140907982871862
4509,140908003861976
4510,140908027801027
4511,140908047649031
4512,140908067651051
4513,140908087667348
4514,140908107372929
4515,140908127229867
4516,140908142674509
4517,140908162644364
4518,140908182619942
4519,140908202639402
4520,140908222533514
4521,140908243539678
4522,140908262675504
4523,140908283158115
4524,140908303040751
4525,140908323229026
4526,140908343700245
4527,140908362728473
4528,140908383055972
4529,140908403040957
4530,140908423093959
4531,140908447151093
4532,140908466915190
4533,140908486810455
4534,140908506936553
4535,140908526978753
4536,140908546908591
4537,140908567415824
4538,140908587314698
4539,140908606767493
4540,140908626727542
4541,140908646664850
4542,140908666664628
4543,140908686640228
4544,140908706613794
4545,140908726656061
4546,140908746637227
4547,140908766459559
4548,140908786658720
4549,140908806593575
4550,140908827693635
4551,140908846709262
4552,140908866715473
4553,140908886603007
4554,140908906669295
4555,140908927062224
4556,140908951966552
4557,140908970790388
4558,140908992499769
4559,140909010602510
4560,140909031056738
4561,140909050921161
4562,140909070815050
4563,140909090690770
4564,140909110767060
4565,140909130758683
4566,140909150797000
4567,140909171064211
4568,140909190863830
4569,140909210798149
4570,140909230919350
4571,140909250829491
4572,140909271061861
4573,140909290807727
4574,140909310904952
4575,140909331883982
4576,140909350853102
4577,140909371080604
4578,140909390376375
4579,140909410476925
4580,140909430389943
4581,140909455218333
4582,140909475119938
4583,140909495069568
4584,140909519548305
4585,140909535342834
4586,140909554516006
4587,140909574903421
4588,140909595015073
4589,140909618649103
4590,140909634557071
4591,140909654606733
4592,140909674768371
4593,140909694729893
4594,140909714682441
4595,140909734805215
4596,140909755017015
4597,140909774647858
4598,140909794892189
4599,140909814887511
4600,140909836234756
4601,140909854785514
4602,140909874816859
4603,140909894574531
4604,140909914644334
4605,140909934899208
4606,140909958593074
4607,140909978586576
4608,140909998665419
4609,140910019026940
4610,140910038632467
4611,140910058564815
4612,140910078762860
4613,140910098825594
4614,140910118783287
4615,140910138695086
4616,140910158819707
4617,140910178651816
4618,140910198729145
4619,140910218650425
4620,140910238656888
4621,140910258554987
4622,140910278650722
4623,140910298653400
4624,140910318717656
4625,140910340120664
4626,140910358851740
4627,140910378658689
4628,140910398703761
4629,140910418660876
4630,140910438644414
4631,140910462598453
4632,140910482889581
4633,140910503416748
4634,140910522779442
4635,140910542670128
4636,140910562654903
4637,140910583166853
4638,140910602834373
4639,140910622628818
4640,140910642624976
4641,140910662651668
4642,140910682667185
4643,140910702773917
4644,140910722723566
4645,140910742918338
4646,140910762658863
4647,140910782822969
4648,140910802648932
4649,140910822849319
4650,140910843760075
4651,140910862914091
4652,140910882737453
4653,140910902844999
4654,140910922678698
4655,140910943069182
4656,140910966668856
4657,140910986941960
4658,140911006726027
4659,140911026887890
4660,140911046835558
4661,140911066877615
4662,140911087662842
4663,140911107153751
4664,140911126796008
4665,140911146931152
4666,140911166648746
4667,140911186814200
4668,140911206738864
4669,140911226825397
4670,140911248501777
4671,140911267116516
4672,140911286690122
4673,140911307087745
4674,140911326644667
4675,140911347238659
4676,140911367067072
4677,140911386798826
4678,140911406681945
4679,140911427041081
4680,140911446796461
4681,140911470955162
4682,140911491406097
4683,140911511235889
4684,140911533691783
4685,140911556065747
4686,140911573559393
4687,140911593975179
4688,140911612601612
4689,140911632441947
4690,140911654163823
4691,140911671557547
4692,140911691180091
4693,140911712792490
4694,140911734869603
4695,140911753110431
4696,140911774306638
4697,140911791124707
4698,140911810877589
4699,140911833684409
4700,140911851488468
4701,140911870938707
4702,140911890731861
4703,140911910991268
4704,140911930783437
4705,140911951524092
4706,140911974530439
4707,140911995093819
4708,140912015267441
4709,140912035251021
4710,140912054941641
4711,140912074814030
4712,140912096213451
4713,140912116397610
4714,140912134861497
4715,140912154919091
4716,140912176094505
4717,140912194990052
4718,140912214878099
4719,140912234845104
4720,140912254629717
4721,140912274910169
4722,140912294628550
4723,140912314913272
4724,140912334690440
4725,140912355562770
4726,140912374914223
4727,140912394959854
4728,140912414758089
4729,140912434902484
4730,140912454734269
4731,140912478726567
4732,140912498608577
4733,140912518861298
4734,140912538740574
4735,140912558768024
4736,140912578746439
4737,140912599417428
4738,140912618790164
4739,140912638785885
4740,140912658692762
4741,140912678910828
4742,140912698751647
4743,140912718900976
4744,140912738649856
4745,140912758727993
4746,140912778720716
4747,140912798907090
4748,140912818628444
4749,140912838904357
4750,140912859022445
4751,140912878987624
4752,140912898703329
4753,140912918944078
4754,140912938722628
4755,140912958946366
4756,140912982811964
4757,140913002947757
4758,140913022712525
4759,140913042993736
4760,140913062767105
4761,140913083323788
4762,140913103826303
4763,140913123051169
4764,140913142775722
4765,140913162967495
4766,140913182641134
4767,140913202953855
4768,140913222787790
4769,140913242671226
4770,140913262805598
4771,140913282944649
4772,140913302831623
4773,140913322938671
4774,140913342862894
4775,140913364150783
4776,140913382739669
4777,140913402902066
4778,140913422676795
4779,140913443100077
4780,140913462606825
4781,140913486848551
4782,140913506603423
4783,140913526856726
4784,140913546663478
4785,140913566797512
4786,140913586497257
4787,140913606686850
4788,140913627036655
4789,140913647084805
4790,140913666948830
4791,140913687136652
4792,140913706405901
4793,140913726768042
4794,140913746456057
4795,140913766826796
4796,140913786605137
4797,140913806740769
4798,140913826485718
4799,140913847315155
4800,140913866863852
4801,140913887064589
4802,140913906660583
4803,140913927062945
4804,140913948170073
4805,140913967175050
4806,140913990836729
4807,140914010923690
4808,140914030883797
4809,140914051140100
4810,140914071217187
4811,140914091714773
4812,140914110940515
4813,140914130732822
4814,140914150955104
4815,140914171161759
4816,140914190968411
4817,140914211040243
4818,140914230673106
4819,140914252275443
4820,140914270757213
4821,140914291263069
4822,140914310767731
4823,140914331014141
4824,140914351393314
4825,140914370847833
4826,140914390458766
4827,140914410608494
4828,140914430442250
4829,140914450811166
4830,140914470259365
4831,140914494744393
4832,140914514410419
4833,140914534658898
4834,140914554567948
4835,140914574630145
4836,140914594820477
4837,140914615465102
4838,140914635612860
4839,140914654862926
4840,140914675064436
4841,140914694842103
4842,140914714694215
4843,140914734928784
4844,140914754948876
4845,140914775317513
4846,140914794888337
4847,140914815219485
4848,140914834630854
4849,140914856338926
4850,140914874921666
4851,140914895166425
4852,140914915006931
4853,140914935246068
4854,140914954809949
4855,140914974472277
4856,140914998613829
4857,140915018918201
4858,140915038690578
4859,140915058710713
4860,140915078530657
4861,140915099332960
4862,140915118789235
4863,140915139048352
4864,140915158806969
4865,140915178989979
4866,140915199074751
4867,140915219005356
4868,140915238769538
4869,140915258770262
4870,140915278892818
4871,140915299378153
4872,140915318950998
4873,140915339153432
4874,140915359235261
4875,140915379229610
4876,140915398969799
4877,140915419211070
4878,140915438493306
4879,140915459093273
4880,140915478620371
4881,140915502715920
4882,140915522701289
4883,140915542759791
4884,140915562616503
4885,140915582866484
4886,140915603330483
4887,140915622757977
4888,140915642573601
4889,140915662622987
4890,140915682361537
4891,140915702580849
4892,140915722455031
4893,140915742770615
4894,140915762746903
4895,140915783176706
4896,140915803079884
4897,140915823080446
4898,140915842577701
4899,140915862875256
4900,140915883042424
4901,140915902647910
4902,140915922891604
4903,140915943242208
4904,140915962497591
4905,140915982773231
4906,140916006657297
4907,140916026777938
4908,140916046547429
4909,140916066842427
4910,140916086590465
4911,140916107528690
4912,140916126555781
4913,140916146778995
4914,140916166544925
4915,140916186775930
4916,140916206544511
4917,140916226756278
4918,140916246572932
4919,140916266714316
4920,140916286556377
4921,140916306736772
4922,140916326493260
4923,140916346772515
4924,140916366856070
4925,140916386854751
4926,140916406964251
4927,140916426719601
4928,140916446568868
4929,140916466464982
4930,140916486774803
4931,140916511467464
4932,140916530622179
4933,140916550936972
4934,140916570788112
4935,140916592158695
4936,140916611579904
4937,140916630691280
4938,140916650949550
4939,140916671173640
4940,140916691002907
4941,140916710804411
4942,140916730644011
4943,140916750922559
4944,140916770742717
4945,140916790992593
4946,140916810639826
4947,140916830858677
4948,140916850671103
4949,140916870902784
4950,140916890834094
4951,140916911202388
4952,140916930567721
4953,140916951363999
4954,140916970577414
4955,140916990660250
4956,140917014474739
4957,140917035619910
4958,140917054545417
4959,140917074668639
4960,140917094363649
4961,140917115858249
4962,140917134782482
4963,140917154995748
4964,140917174730003
4965,140917194961164
4966,140917214810283
4967,140917234920356
4968,140917255269742
4969,140917275220190
4970,140917294825844
4971,140917315133073
4972,140917334798063
4973,140917355395621
4974,140917375155626
4975,140917395238168
4976,140917414757375
4977,140917435155585
4978,140917454697215
4979,140917475189819
4980,140917494789805
4981,140917519328988
4982,140917539102403
4983,140917559267829
4984,140917578820728
4985,140917599023589
4986,140917619329605
4987,140917639274706
4988,140917658772613
4989,140917679210267
4990,140917698689672
4991,140917719171300
4992,140917738948189
4993,140917759248929
4994,140917778940780
4995,140917798907424
4996,140917818880051
4997,140917838826778
4998,140917859627640
4999,140917879445096
5000,140917898954442
5001,140917919052167
5002,140917938880121
5003,140917959348009
5004,140917978698298
5005,140917999320009
5006,140918023456064
5007,140918043374219
5008,140918063218779
5009,140918082886986
5010,140918102780190
5011,140918123296519
5012,140918142954954
5013,140918163376054
5014,140918182872009
5015,140918203359904
5016,140918222704128
5017,140918243177689
5018,140918262736790
5019,140918283116034
5020,140918302873517
5021,140918323076642
5022,140918342973972
5023,140918364305512
5024,140918382860155
5025,140918402761044
5026,140918423593643
5027,140918442939816
5028,140918463021836
5029,140918482874956
5030,140918502909880
5031,140918526941157
5032,140918546859930
5033,140918566929708
5034,140918586787386
5035,140918606750554
5036,140918627272662
5037,140918646962916
5038,140918666802756
5039,140918687184981
5040,140918706809295
5041,140918727239071
5042,140918747072071
5043,140918767825022
5044,140918786583809
5045,140918806888090
5046,140918826662207
5047,140918846988687
5048,140918869138647
5049,140918887258383
5050,140918906905960
5051,140918927205719
5052,140918947411773
5053,140918967137231
5054,140918986702106
5055,140919006598887
5056,140919030608221
5057,140919050782269
5058,140919070594927
5059,140919090795018
5060,140919110736805
5061,140919130976344
5062,140919150671878
5063,140919170810991
5064,140919190599373
5065,140919210794726
5066,140919230531355
5067,140919250829117
5068,140919270568758
5069,140919290794722
5070,140919310634927
5071,140919330941331
5072,140919350518297
5073,140919372284295
5074,140919390627515
5075,140919410806095
5076,140919430411341
5077,140919450919812
5078,140919470579189
5079,140919490650128
5080,140919511317860
5081,140919534870918
5082,140919554639504
5083,140919574842869
5084,140919594594269
5085,140919615481915
5086,140919637738713
5087,140919654832373
5088,140919674518925
5089,140919695566870
5090,140919714554992
5091,140919734715070
5092,140919754468079
5093,140919774784312
5094,140919794691830
5095,140919814730836
5096,140919834967813
5097,140919855293799
5098,140919874937797
5099,140919895097820
5100,140919914807712
5101,140919934853017
5102,140919955757681
5103,140919975447675
5104,140919994794835
5105,140920015317075
5106,140920038881797
5107,140920059204280
5108,140920078717100
5109,140920098875411
5110,140920120590549
5111,140920138974914
5112,140920158783228
5113,140920178996635
5114,140920198799754
5115,140920218784909
5116,140920238800771
5117,140920258928317
5118,140920279137448
5119,140920298965377
5120,140920318851629
5121,140920338976637
5122,140920359097540
5123,140920379300891
5124,140920398779139
5125,140920419174698
5126,140920439537123
5127,140920458914697
5128,140920478830348
5129,140920498994793
5130,140920518728332
5131,140920543356470
5132,140920562732842
5133,140920582951438
5134,140920602722459
5135,140920624437649
5136,140920643022790
5137,140920663005699
5138,140920682658794
5139,140920702966361
5140,140920722745591
5141,140920742991208
5142,140920762683141
5143,140920782968676
5144,140920802765360
5145,140920822967565
5146,140920842806913
5147,140920862877746
5148,140920883005306
5149,140920903066004
5150,140920922592133
5151,140920943015551
5152,140920962644948
5153,140920982921504
5154,140921002932050
5155,140921023918267
5156,140921046860768
5157,140921066806825
5158,140921086627421
5159,140921106869664
5160,140921128138491
5161,140921146801353
5162,140921166876221
5163,140921187026535
5164,140921206799124
5165,140921227004528
5166,140921246696548
5167,140921266955371
5168,140921286801301
5169,140921306994895
5170,140921326686810
5171,140921346912378
5172,140921366727541
5173,140921387077450
5174,140921406901291
5175,140921426985282
5176,140921446654726
5177,140921466990184
5178,140921486853427
5179,140921506877461
5180,140921526746240
5181,140921550990282
5182,140921570597414
5183,140921590839923
5184,140921610501453
5185,140921631420545
5186,140921650902667
5187,140921670903083
5188,140921690752245
5189,140921710930819
5190,140921730783968
5191,140921750942211
5192,140921771961762
5193,140921790886884
5194,140921810778839
5195,140921830976231
5196,140921850727048
5197,140921871800976
5198,140921891131297
5199,140921911160662
5200,140921930675080
5201,140921951456105
5202,140921970883871
5203,140921991046372
5204,140922012336147
5205,140922030967286
5206,140922054707736
5207,140922075093254
5208,140922094719962
5209,140922114938289
5210,140922134761437
5211,140922154939387
5212,140922175157651
5213,140922194926018
5214,140922214910756
5215,140922235735530
5216,140922254662913
5217,140922275212480
5218,140922294674317
5219,140922315211262
5220,140922334711103
5221,140922354851832
5222,140922376255521
5223,140922394945579
5224,140922414504874
5225,140922434791561
5226,140922454594030
5227,140922474790578
5228,140922494494552
5229,140922514441892
5230,140922534495430
5231,140922558465470
5232,140922578723646
5233,140922598444644
5234,140922618401819
5235,140922638768219
5236,140922658513417
5237,140922678392121
5238,140922698389579
5239,140922718672569
5240,140922738570287
5241,140922758388629
5242,140922778406401
5243,140922798460212
5244,140922818483918
5245,140922838613008
5246,140922858391188
5247,140922878611727
5248,140922898448685
5249,140922918687839
5250,140922938484481
5251,140922958564730
5252,140922978427923
5253,140922998595769
5254,140923018663988
5255,140923038607660
5256,140923062566800
5257,140923082509061
5258,140923102504639
5259,140923122519287
5260,140923143207057
5261,140923162591634
5262,140923182598444
5263,140923202851009
5264,140923222709992
5265,140923242846307
5266,140923262766190
5267,140923283120595
5268,140923303141303
5269,140923322792076
5270,140923342807720
5271,140923363030558
5272,140923383712301
5273,140923403953860
5274,140923422730811
5275,140923442742488
5276,140923462779041
5277,140923482674943
5278,140923502860921
5279,140923522681082
5280,140923542685165
5281,140923566891991
5282,140923586840641
5283,140923606838604
5284,140923626744535
5285,140923646834054
5286,140923666858703
5287,140923686788248
5288,140923706753353
5289,140923726835059
5290,140923746755538
5291,140923766728007
5292,140923786693726
5293,140923806762124
5294,140923826658561
5295,140923846777520
5296,140923866717756
5297,140923887794410
5298,140923906833091
5299,140923926808203
5300,140923947235696
5301,140923966902719
5302,140923986764687
5303,140924006880322
5304,140924028788904
5305,140924046837879
5306,140924070869801
5307,140924090704055
5308,140924110701012
5309,140924131175099
5310,140924150819662
5311,140924170598374
5312,140924190687877
5313,140924210657151
5314,140924230708639
5315,140924250904236
5316,140924270798887
5317,140924290629842
5318,140924310759333
5319,140924330796427
5320,140924350676412
5321,140924370677635
5322,140924392449868
5323,140924410848287
5324,140924430917107
5325,140924450714583
5326,140924470769498
5327,140924490569520
5328,140924510644233
5329,140924530815430
5330,140924550764021
5331,140924574679445
5332,140924594706950
5333,140924614829123
5334,140924636467629
5335,140924657018179
5336,140924675983026
5337,140924694876789
5338,140924714642972
5339,140924734782442
5340,140924754758108
5341,140924776827611
5342,140924794823066
5343,140924814945451
5344,140924835222975
5345,140924854769773
5346,140924874613898
5347,140924894545358
5348,140924915040366
5349,140924934515597
5350,140924954362615
5351,140924974417701
5352,140924994319853
5353,140925014452952
5354,140925034571006
5355,140925054402459
5356,140925078375168
5357,140925098686831
5358,140925118417922
5359,140925139807462
5360,140925158501984
5361,140925178566847
5362,140925198408990
5363,140925218404973
5364,140925238457371
5365,140925258548996
5366,140925278424038
5367,140925298382115
5368,140925318452856
5369,140925338705312
5370,140925358446251
5371,140925378459725
5372,140925398518929
5373,140925418660285
5374,140925438634622
5375,140925458591827
5376,140925478624804
5377,140925498575742
5378,140925518587478
5379,140925538851592
5380,140925558629716
5381,140925582679149
5382,140925602628975
5383,140925622534228
5384,140925643487506
5385,140925662692134
5386,140925682670397
5387,140925702596646
5388,140925722618452
5389,140925742586861
5390,140925762441119
5391,140925782627194
5392,140925802450372
5393,140925822613628
5394,140925842603845
5395,140925862535312
5396,140925882630000
5397,140925902763104
5398,140925922660876
5399,140925942860147
5400,140925962542031
5401,140925982826902
5402,140926002901169
5403,140926022842038
5404,140926043855001
5405,140926062545271
5406,140926086496621
5407,140926106520903
5408,140926126473537
5409,140926147968304
5410,140926166920605
5411,140926186883079
5412,140926207031572
5413,140926226654666
5414,140926246753755
5415,140926266696193
5416,140926286520794
5417,140926306458003
5418,140926326439965
5419,140926346537256
5420,140926366813434
5421,140926386784767
5422,140926407039957
5423,140926426721090
5424,140926446621454
5425,140926466411744
5426,140926486661755
5427,140926506562936
5428,140926526612276
5429,140926546601722
5430,140926566620302
5431,140926590555634
5432,140926610337231
5433,140926630418554
5434,140926651226493
5435,140926670964918
5436,140926690970845
5437,140926710937398
5438,140926730741060
5439,140926750758484
5440,140926770718257
5441,140926790525453
5442,140926810588489
5443,140926830579734
5444,140926850707231
5445,140926870572833
5446,140926891615958
5447,140926910736349
5448,140926930750137
5449,140926951630448
5450,140926970517160
5451,140926990874047
5452,140927011006448
5453,140927030975255
5454,140927050891137
5455,140927070745405
5456,140927094764065
5457,140927114877196
5458,140927134734107
5459,140927154892774
5460,140927174861070
5461,140927194742992
5462,140927214951165
5463,140927234921179
5464,140927254745487
5465,140927274816105
5466,140927294740485
5467,140927314898028
5468,140927334839522
5469,140927354678796
5470,140927375074565
5471,140927397058235
5472,140927418146282
5473,140927437482796
5474,140927458925711
5475,140927478653846
5476,140927495978704
5477,140927518241010
5478,140927536898004
5479,140927555830754
5480,140927576137127
5481,140927600917613
5482,140927621730764
5483,140927643245712
5484,140927660934277
5485,140927679248672
5486,140927700217984
5487,140927722547143
5488,140927742454761
5489,140927760471489
5490,140927780188637
5491,140927798639007
5492,140927819162438
5493,140927838591152
5494,140927858463816
5495,140927880201756
5496,140927901297690
5497,140927918972352
5498,140927938860700
5499,140927958790669
5500,140927981208366
5501,140928001115474
5502,140928020328614
5503,140928038821559
5504,140928060737674
5505,140928081014434
5506,140928103253912
5507,140928124417754
5508,140928142901256
5509,140928165533997
5510,140928186649682
5511,140928204914890
5512,140928223149290
5513,140928242798927
5514,140928262770044
5515,140928282835124
5516,140928305333723
5517,140928326205016
5518,140928342695229
5519,140928363026326
5520,140928382829204
5521,140928403617994
5522,140928422976275
5523,140928442861903
5524,140928462619630
5525,140928482753997
5526,140928502984192
5527,140928523159431
5528,140928543373994
5529,140928563169662
5530,140928582733375
5531,140928606977653
5532,140928626620152
5533,140928647450498
5534,140928666742282
5535,140928687089002
5536,140928706716787
5537,140928727159262
5538,140928746958218
5539,140928766628618
5540,140928786759773
5541,140928806376912
5542,140928827314641
5543,140928846619838
5544,140928866750505
5545,140928887221325
5546,140928907233239
5547,140928926464015
5548,140928947874133
5549,140928966646978
5550,140928986622446
5551,140929006796038
5552,140929026635761
5553,140929046745893
5554,140929066623918
5555,140929086638452
5556,140929110659315
5557,140929130786323
5558,140929151321380
5559,140929170765575
5560,140929190651574
5561,140929210541232
5562,140929230609650
5563,140929250449254
5564,140929270440181
5565,140929290986809
5566,140929310713535
5567,140929330659448
5568,140929350649091
5569,140929370682654
5570,140929390958615
5571,140929416320593
5572,140929436686410
5573,140929459437942
5574,140929474232862
5575,140929496218440
5576,140929516042568
5577,140929533526101
5578,140929550646909
5579,140929570814994
5580,140929590641810
5581,140929620515109
5582,140929658788178
5583,140929673328428
5584,140929685605167
5585,140929695090998
5586,140929714998385
5587,140929734600640
5588,140929754579424
5589,140929774544557
5590,140929794512753
5591,140929814641031
5592,140929834405472
5593,140929854672489
5594,140929874470200
5595,140929894426689
5596,140929914537301
5597,140929934817171
5598,140929954703424
5599,140929974767440
5600,140929994725780
5601,140930014795685
5602,140930036613874
5603,140930054523390
5604,140930074741792
5605,140930094633681
5606,140930118585787
5607,140930138505140
5608,140930159729134
5609,140930178753350
5610,140930198690085
5611,140930218584979
5612,140930238544108
5613,140930258559555
5614,140930278640121
5615,140930298758866
5616,140930318801405
5617,140930338705777
5618,140930358460066
5619,140930378755433
5620,140930398668814
5621,140930419035334
5622,140930438913414
5623,140930458809576
5624,140930478679646
5625,140930498558340
5626,140930518684396
5627,140930538465335
5628,140930558648493
5629,140930578612374
5630,140930598599437
5631,140930622566802
5632,140930642639298
5633,140930663430923
5634,140930682551555
5635,140930702510904
5636,140930722611108
5637,140930742549606
5638,140930762423546
5639,140930782753394
5640,140930802713809
5641,140930822530074
5642,140930842442207
5643,140930862437422
5644,140930882518495
5645,140930902672104
5646,140930922629262
5647,140930943038935
5648,140930962391159
5649,140930982475855
5650,140931002639909
5651,140931022642803
5652,140931042734300
5653,140931062470255
5654,140931082558510
5655,140931102595265
5656,140931126617985
5657,140931146718068
5658,140931166881247
5659,140931186783376
5660,140931206466077
5661,140931226592967
5662,140931246490056
5663,140931266528491
5664,140931286600844
5665,140931306512231
5666,140931326569741
5667,140931346458648
5668,140931366798462
5669,140931386575375
5670,140931406645308
5671,140931426574907
5672,140931446471930
5673,140931466481909
5674,140931486577258
5675,140931506628663
5676,140931526318822
5677,140931546749517
5678,140931566676513
5679,140931588537033
5680,140931608952300
5681,140931630567884
5682,140931650703573
5683,140931671134231
5684,140931690775184
5685,140931710972420
5686,140931732271141
5687,140931754676795
5688,140931773502790
5689,140931792337191
5690,140931811668625
5691,140931830969403
5692,140931850927775
5693,140931870605219
5694,140931890803152
5695,140931911768840
5696,140931934426183
5697,140931952509397
5698,140931970870585
5699,140931990985362
5700,140932010833175
5701,140932030756750
5702,140932050839350
5703,140932070825373
5704,140932090871086
5705,140932110906398
5706,140932134766043
5707,140932154724199
5708,140932174949201
5709,140932194870100
5710,140932214840323
5711,140932234557541
5712,140932254695428
5713,140932274809088
5714,140932294967073
5715,140932314973140
5716,140932334755747
5717,140932354816683
5718,140932374720112
5719,140932394678917
5720,140932417624981
5721,140932434912630
5722,140932454852833
5723,140932474699838
5724,140932494724494
5725,140932514783107
5726,140932534773833
5727,140932554757512
5728,140932574725953
5729,140932594992645
5730,140932614609851
5731,140932638596743
5732,140932658796600
5733,140932680814566
5734,140932698869198
5735,140932718930111
5736,140932738779937
5737,140932758714144
5738,140932780175871
5739,140932798886113
5740,140932818980535
5741,140932839332276
5742,140932858749958
5743,140932880432439
5744,140932898800048
5745,140932920444633
5746,140932938822004
5747,140932958840929
5748,140932978787920
5749,140932998727842
5750,140933018778803
5751,140933038938209
5752,140933059027956
5753,140933079136519
5754,140933098742944
5755,140933118693282
5756,140933142774774
5757,140933162938993
5758,140933183218824
5759,140933202808888
5760,140933222817320
5761,140933242766316
5762,140933262768787
5763,140933282703793
5764,140933302804929
5765,140933322784647
5766,140933342770850
5767,140933362740085
5768,140933382705942
5769,140933404107579
5770,140933424317579
5771,140933442854472
5772,140933462766730
5773,140933482764331
5774,140933502799667
5775,140933522811978
5776,140933542869854
5777,140933562804426
5778,140933582873702
5779,140933602735075
5780,140933622843727
5781,140933646820028
5782,140933666848261
5783,140933686940178
5784,140933706764474
5785,140933726646978
5786,140933747089701
5787,140933766717852
5788,140933786768917
5789,140933806710738
5790,140933826898527
5791,140933847969217
5792,140933867840959
5793,140933886830575
5794,140933907148754
5795,140933927543809
5796,140933947876864
5797,140933966847780
5798,140933986750082
5799,140934007414329
5800,140934026575949
5801,140934046822832
5802,140934066611675
5803,140934086753000
5804,140934106791720
5805,140934128576642
5806,140934150986337
5807,140934171200773
5808,140934190718104
5809,140934210821855
5810,140934230820012
5811,140934250860953
5812,140934270812021
5813,140934290812172
5814,140934310767676
5815,140934330678258
5816,140934350818578
5817,140934370678083
5818,140934390821246
5819,140934413582493
5820,140934432143561
5821,140934452174415
5822,140934470897072
5823,140934492268953
5824,140934514530942
5825,140934533743922
5826,140934552177137
5827,140934573144491
5828,140934592436228
5829,140934611405548
5830,140934631413542
5831,140934655429288
5832,140934677858061
5833,140934696408786
5834,140934719538527
5835,140934736280351
5836,140934755347392
5837,140934777905640
5838,140934795043606
5839,140934814985934
5840,140934834701862
5841,140934854807513
5842,140934874805866
5843,140934896272076
5844,140934914931831
5845,140934935680260
5846,140934958745635
5847,140934977641703
5848,140934997684959
5849,140935014869778
5850,140935037482496
5851,140935055725560
5852,140935077005814
5853,140935094863025
5854,140935114806769
5855,140935134759697
5856,140935158888506
5857,140935179762672
5858,140935198991208
5859,140935218858901
5860,140935238745084
5861,140935258831450
5862,140935279157405
5863,140935299750532
5864,140935318571781
5865,140935338782433
5866,140935359021776
5867,140935378465295
5868,140935398425946
5869,140935418658591
5870,140935438831508
5871,140935458580993
5872,140935478481193
5873,140935498713787
5874,140935520777488
5875,140935538626860
5876,140935558634988
5877,140935578524850
5878,140935598466547
5879,140935618444956
5880,140935638417319
5881,140935662708558
5882,140935683357463
5883,140935702583798
5884,140935722531778
5885,140935742452709
5886,140935762668326
5887,140935782432298
5888,140935802455180
5889,140935822397617
5890,140935842461663
5891,140935862652737
5892,140935882404911
5893,140935902305157
5894,140935922836136
5895,140935942972510
5896,140935962632204
5897,140935982422443
5898,140936002630092
5899,140936022695648
5900,140936042429495
5901,140936063062835
5902,140936082782923
5903,140936102511844
5904,140936122625790
5905,140936142582021
5906,140936166721299
5907,140936186608492
5908,140936206628735
5909,140936226533042
5910,140936246380819
5911,140936266667705
5912,140936286427006
5913,140936306374798
5914,140936326465803
5915,140936346329466
5916,140936366651458
5917,140936386482590
5918,140936406619426
5919,140936427997562
5920,140936446661290
5921,140936466854693
5922,140936486570173
5923,140936506601813
5924,140936526492933
5925,140936546452809
5926,140936566703104
5927,140936586468944
5928,140936606459337
5929,140936626458804
5930,140936646613407
5931,140936670641769
5932,140936690882644
5933,140936710655266
5934,140936730459807
5935,140936750528171
5936,140936770671748
5937,140936790504272
5938,140936810621446
5939,140936830614806
5940,140936850866029
5941,140936870713426
5942,140936890458698
5943,140936910349738
5944,140936932386985
5945,140936951368699
5946,140936970768163
5947,140936990353361
5948,140937010576796
5949,140937030486809
5950,140937050484468
5951,140937070784332
5952,140937090515617
5953,140937110489100
5954,140937130354346
5955,140937150526382
5956,140937175241169
5957,140937196217882
5958,140937214519921
5959,140937234763064
5960,140937254583638
5961,140937274780828
5962,140937294661526
5963,140937314620199
5964,140937334609785
5965,140937354637956
5966,140937374666152
5967,140937394702244
5968,140937414536591
5969,140937434761193
5970,140937454613923
5971,140937474803337
5972,140937494439478
5973,140937514501474
5974,140937534575736
5975,140937554568591
5976,140937574778005
5977,140937594473711
5978,140937614678096
5979,140937634380129
5980,140937654357749
5981,140937678641003
5982,140937698656938
5983,140937718617999
5984,140937738740185
5985,140937758740874
5986,140937778560061
5987,140937798661936
5988,140937818662927
5989,140937838720468
5990,140937858639926
5991,140937878593233
5992,140937898513080
5993,140937918671380
5994,140937938794862
5995,140937958720320
5996,140937978662494
5997,140937998638459
5998,140938018651542
5999,140938038747478
6000,140938058682757
6001,140938078562299
6002,140938098650342
6003,140938118574599
6004,140938138688812
6005,140938158783675
6006,140938183067458
6007,140938202473903
6008,140938222583402
6009,140938242455217
6010,140938262523349
6011,140938282578842
6012,140938303051863
6013,140938322705967
6014,140938342555602
6015,140938362632185
6016,140938382376768
6017,140938402776728
6018,140938422453385
6019,140938443240756
6020,140938462869736
6021,140938482721611
6022,140938502776617
6023,140938522766116
6024,140938542748137
6025,140938562843229
6026,140938582776277
6027,140938602826326
6028,140938626970286
6029,140938642984107
6030,140938662763375
6031,140938688501304
6032,140938706689031
6033,140938726716428
6034,140938746528070
6035,140938766626479
6036,140938786677610
6037,140938806648412
6038,140938826603587
6039,140938846652626
6040,140938866675917
6041,140938886622349
6042,140938906620261
6043,140938926622504
6044,140938947256943
6045,140938966662613
6046,140938986718598
6047,140939006736955
6048,140939026702235
6049,140939046651851
6050,140939066601012
6051,140939086799492
6052,140939106488739
6053,140939126674652
6054,140939146622462
6055,140939166621033
6056,140939190813092
6057,140939210849820
6058,140939230901621
6059,140939250645084
6060,140939270556479
6061,140939290697939
6062,140939310624788
6063,140939330688630
6064,140939350682216
6065,140939370637815
6066,140939390493620
6067,140939410661936
6068,140939430687404
6069,140939450553125
6070,140939470675305
6071,140939490669840
6072,140939510814083
6073,140939530667199
6074,140939550670174
6075,140939570662465
6076,140939590535184
6077,140939610647914
6078,140939630687075
6079,140939650607287
6080,140939670647126
6081,140939695240244
6082,140939717342332
6083,140939734998026
6084,140939754792340
6085,140939774788370
6086,140939794718953
6087,140939815077456
6088,140939834972271
6089,140939854932146
6090,140939874714249
6091,140939894867382
6092,140939914675453
6093,140939935160407
6094,140939955590086
6095,140939974851687
6096,140939994802090
6097,140940015853495
6098,140940034658562
6099,140940054766157
6100,140940075066192
6101,140940094698025
6102,140940114674289
6103,140940134497954
6104,140940154706620
6105,140940174814569
6106,140940198948076
6107,140940218776852
6108,140940238995341
6109,140940258756581
6110,140940278742431
6111,140940298707839
6112,140940318806229
6113,140940338916245
6114,140940358805620
6115,140940379031071
6116,140940398900185
6117,140940418839056
6118,140940439673839
6119,140940458824166
6120,140940478969095
6121,140940498773582
6122,140940518643777
6123,140940538941299
6124,140940559437014
6125,140940578807279
6126,140940599603649
6127,140940618784811
6128,140940638926619
6129,140940658648820
6130,140940678835805
6131,140940703384262
6132,140940722860378
6133,140940743028416
6134,140940762772931
6135,140940782807953
6136,140940802818287
6137,140940822790117
6138,140940842907892
6139,140940862731762
6140,140940882856354
6141,140940902634395
6142,140940922766717
6143,140940944789439
6144,140940962799977
6145,140940982876835
6146,140941002670853
6147,140941022697259
6148,140941042907467
6149,140941062831759
6150,140941082716729
6151,140941102850582
6152,140941122778868
6153,140941143001140
6154,140941162806215
6155,140941182825257
6156,140941207089740
6157,140941226908658
6158,140941246862901
6159,140941266801412
6160,140941286742577
6161,140941308557966
6162,140941326944636
6163,140941346943272
6164,140941366782642
6165,140941386777786
6166,140941406814308
6167,140941426868600
6168,140941448510450
6169,140941466817489
6170,140941486895873
6171,140941506801698
6172,140941526931945
6173,140941546983503
6174,140941566746337
6175,140941586803180
6176,140941606758805
6177,140941626836770
6178,140941646937778
6179,140941666807367
6180,140941687092885
6181,140941710757486
6182,140941731120250
6183,140941750751405
6184,140941770813223
6185,140941790615402
6186,140941810799806
6187,140941830932561
6188,140941850677266
6189,140941870836482
6190,140941890568801
6191,140941910793525
6192,140941930828337
6193,140941952252478
6194,140941970986550
6195,140941990698030
6196,140942010914921
6197,140942030730208
6198,140942050841544
6199,140942071300023
6200,140942090898160
6201,140942110805909
6202,140942130816704
6203,140942150827200
6204,140942170825184
6205,140942190869099
6206,140942215063445
6207,140942235507610
6208,140942254599565
6209,140942274599519
6210,140942294656618
6211,140942314620333
6212,140942334547638
6213,140942354538665
6214,140942374649477
6215,140942394603579
6216,140942414386165
6217,140942434535886
6218,140942454926933
6219,140942474833293
6220,140942494695777
6221,140942514645132
6222,140942534752555
6223,140942554597529
6224,140942574690685
6225,140942594703178
6226,140942614699820
6227,140942634679645
6228,140942654657037
6229,140942674697329
6230,140942694760591
6231,140942718578046
6232,140942738699840
6233,140942758810303
6234,140942778667320
6235,140942798722769
6236,140942818697265
6237,140942838741298
6238,140942858693553
6239,140942878748181
6240,140942898671202
6241,140942919005757
6242,140942938636040
6243,140942958568834
6244,140942978861868
6245,140942998772956
6246,140943018594043
6247,140943038914871
6248,140943058680676
6249,140943078670290
6250,140943098920568
6251,140943118811943
6252,140943138882821
6253,140943158920928
6254,140943178699702
6255,140943199036969
6256,140943222624220
6257,140943242793193
6258,140943263022077
6259,140943282707769
6260,140943302737332
6261,140943322668028
6262,140943342689283
6263,140943362991195
6264,140943383007931
6265,140943402724037
6266,140943423104062
6267,140943442697798
6268,140943462624149
6269,140943483174821
6270,140943502999890
6271,140943522694919
6272,140943542916174
6273,140943563724107
6274,140943582780290
6275,140943602687729
6276,140943622697707
6277,140943643027696
6278,140943662712725
6279,140943682699683
6280,140943703448919
6281,140943726767229
6282,140943747040821
6283,140943767204003
6284,140943786714945
6285,140943806716552
6286,140943826894143
6287,140943846716505
6288,140943866945188
6289,140943886724989
6290,140943906668549
6291,140943926949647
6292,140943948351460
6293,140943966790016
6294,140943986969568
6295,140944007417566
6296,140944027248207
6297,140944047146862
6298,140944067146089
6299,140944086889266
6300,140944106863774
6301,140944126738545
6302,140944146744115
6303,140944166731320
6304,140944186806056
6305,140944207302165
6306,140944230970218
6307,140944251485236
6308,140944271421127
6309,140944291268981
6310,140944312700423
6311,140944330692418
6312,140944350835207
6313,140944370743475
6314,140944390695879
6315,140944410916453
6316,140944430772419
6317,140944450900420
6318,140944471126729
6319,140944490847903
6320,140944510895938
6321,140944530708929
6322,140944551061534
6323,140944571317830
6324,140944591278818
6325,140944611393151
6326,140944631955566
6327,140944651050381
6328,140944671069939
6329,140944691354487
6330,140944711817891
6331,140944738520146
6332,140944754696246
6333,140944774718755
6334,140944795041509
6335,140944815258001
6336,140944835096873
6337,140944855404001
6338,140944875253184
6339,140944895020497
6340,140944915351143
6341,140944936109889
6342,140944955261307
6343,140944974759750
6344,140944995005297
6345,140945015059464
6346,140945034909766
6347,140945054944690
6348,140945074506770
6349,140945095145529
6350,140945115440472
6351,140945135089312
6352,140945155074530
6353,140945175375682
6354,140945195259297
6355,140945216278371
6356,140945238970111
6357,140945258918878
6358,140945279119857
6359,140945298969839
6360,140945319018701
6361,140945339090701
6362,140945358949770
6363,140945379439760
6364,140945399108932
6365,140945419133510
6366,140945439094194
6367,140945460591618
6368,140945479077957
6369,140945500254033
6370,140945519105024
6371,140945538788438
6372,140945558709356
6373,140945578693957
6374,140945598977263
6375,140945618925159
6376,140945638749685
6377,140945658686188
6378,140945679134232
6379,140945699150216
6380,140945718632191
6381,140945742631664
6382,140945763000857
6383,140945783124005
6384,140945802903446
6385,140945822610450
6386,140945842776237
6387,140945862790104
6388,140945882704988
6389,140945902680489
6390,140945923017719
6391,140945943042382
6392,140945964512992
6393,140945982606071
6394,140946002653912
6395,140946023340453
6396,140946043257426
6397,140946062833753
6398,140946082827522
6399,140946102997689
6400,140946123286877
6401,140946143383814
6402,140946163178114
6403,140946183351485
6404,140946203234219
6405,140946223204651
6406,140946246833076
6407,140946267275860
6408,140946287110311
6409,140946307076660
6410,140946327226707
6411,140946347261756
6412,140946367384183
6413,140946387624777
6414,140946407101258
6415,140946426745608
6416,140946446746779
6417,140946468158552
6418,140946486770079
6419,140946506878245
6420,140946526774678
6421,140946546777699
6422,140946568202189
6423,140946586832990
6424,140946606628594
6425,140946626649569
6426,140946647515510
6427,140946666757273
6428,140946686777172
6429,140946707036036
6430,140946726950825
6431,140946750944524
6432,140946771505212
6433,140946790946494
6434,140946810975635
6435,140946831359393
6436,140946851648041
6437,140946870994192
6438,140946890662520
6439,140946910822979
6440,140946930824998
6441,140946951735761
6442,140946973104797
6443,140946991045030
6444,140947010788357
6445,140947030791523
6446,140947056512421
6447,140947071030998
6448,140947090862010
6449,140947111437372
6450,140947130699061
6451,140947150585092
6452,140947170548661
6453,140947190574231
6454,140947210496593
6455,140947230806316
6456,140947254629063
6457,140947274785762
6458,140947294566804
6459,140947314383140
6460,140947334889610
6461,140947354671712
6462,140947374749644
6463,140947394565148
6464,140947414363427
6465,140947434510103
6466,140947454745831
6467,140947475071967
6468,140947494536355
6469,140947514693454
6470,140947534497155
6471,140947554594838
6472,140947574760955
6473,140947594985887
6474,140947614706994
6475,140947634520215
6476,140947654580430
6477,140947674723333
6478,140947694748651
6479,140947715354673
6480,140947734880208
6481,140947758664406
6482,140947778775007
6483,140947798667182
6484,140947818691320
6485,140947838706782
6486,140947859006839
6487,140947879057350
6488,140947898884301
6489,140947918632109
6490,140947938819736
6491,140947958938217
6492,140947979504141
6493,140947998927949
6494,140948018756960
6495,140948038715867
6496,140948058734497
6497,140948079457041
6498,140948098874183
6499,140948118769457
6500,140948138743623
6501,140948159084323
6502,140948179125319
6503,140948198901124
6504,140948220580763
6505,140948238800078
6506,140948262932731
6507,140948282789963
6508,140948302769441
6509,140948322733971
6510,140948343222437
6511,140948362755845
6512,140948383066001
6513,140948402905785
6514,140948423066879
6515,140948443086452
6516,140948462979229
6517,140948483169593
6518,140948502904837
6519,140948522756065
6520,140948542750912
6521,140948562744806
6522,140948582981704
6523,140948602757601
6524,140948622761639
6525,140948642710789
6526,140948663701472
6527,140948682834530
6528,140948703163518
6529,140948723375268
6530,140948742787618
6531,140948767321814
6532,140948787208621
6533,140948806939167
6534,140948827120989
6535,140948846901525
6536,140948867102697
6537,140948886924458
6538,140948906867622
6539,140948926783058
6540,140948947436371
6541,140948966761719
6542,140948987109622
6543,140949006974072
6544,140949027101061
6545,140949047246356
6546,140949067001753
6547,140949086881995
6548,140949107211429
6549,140949126739204
6550,140949147117046
6551,140949167308893
6552,140949186987929
6553,140949207162067
6554,140949227961605
6555,140949246841240
6556,140949271209256
6557,140949291099725
6558,140949311181987
6559,140949331182664
6560,140949351082954
6561,140949371068637
6562,140949391639852
6563,140949411310386
6564,140949431398688
6565,140949451260288
6566,140949471096589
6567,140949491038032
6568,140949510838271
6569,140949530887786
6570,140949551253200
6571,140949571100401
6572,140949590996777
6573,140949610995741
6574,140949631269102
6575,140949651351625
6576,140949671406380
6577,140949691162719
6578,140949711124590
6579,140949731798340
6580,140949752314174
6581,140949774760481
6582,140949794686395
6583,140949814743821
6584,140949834751795
6585,140949855726465
6586,140949874899181
6587,140949894744024
6588,140949914785055
6589,140949934744836
6590,140949955433066
6591,140949976073961
6592,140949994970627
6593,140950014981052
6594,140950035278879
6595,140950054936197
6596,140950074934626
6597,140950095359028
6598,140950114791297
6599,140950134840941
6600,140950155318137
6601,140950174926601
6602,140950194930154
6603,140950214963554
6604,140950234812626
6605,140950256208829
6606,140950279206787
6607,140950299286945
6608,140950319245984
6609,140950338907780
6610,140950358650223
6611,140950378959894
6612,140950399089639
6613,140950419024992
6614,140950439486353
6615,140950459160027
6616,140950479733470
6617,140950498974572
6618,140950518849075
6619,140950538779831
6620,140950558694437
6621,140950578737790
6622,140950598574808
6623,140950618988793
6624,140950639028532
6625,140950658778917
6626,140950679076256
6627,140950699314531
6628,140950719231140
6629,140950738759427
6630,140950758826015
6631,140950782731041
6632,140950803115567
6633,140950822954381
6634,140950843061982
6635,140950862781835
6636,140950882907052
6637,140950902764032
6638,140950922785756
6639,140950942924320
6640,140950962766669
6641,140950985075087
6642,140951002815053
6643,140951022879376
6644,140951042849228
6645,140951063654873
6646,140951084430171
6647,140951102844176
6648,140951122887883
6649,140951142789966
6650,140951162778762
6651,140951182759391
6652,140951202866193
6653,140951222771812
6654,140951243055365
6655,140951262937086
6656,140951286780574
6657,140951306951649
6658,140951327032299
6659,140951346766675
6660,140951366779224
6661,140951387272837
6662,140951407088558
6663,140951427077820
6664,140951447131240
6665,140951467129724
6666,140951488728863
6667,140951506948199
6668,140951526932020
6669,140951547058509
6670,140951566901706
6671,140951586711404
6672,140951606821264
6673,140951626976958
6674,140951646985553
6675,140951666840882
6676,140951687075899
6677,140951706921856
6678,140951727007204
6679,140951747307534
6680,140951766982765
6681,140951790819108
6682,140951810822570
6683,140951832684564
6684,140951851012103
6685,140951870932886
6686,140951890809965
6687,140951910856815
6688,140951930760845
6689,140951951758541
6690,140951970827708
6691,140951990881930
6692,140952012306473
6693,140952030829158
6694,140952050688733
6695,140952070789916
6696,140952090667172
6697,140952110814525
6698,140952130761331
6699,140952150850066
6700,140952170757047
6701,140952190998685
6702,140952213133432
6703,140952232792793
6704,140952251090995
6705,140952271400980
6706,140952294875412
6707,140952314820569
6708,140952334852654
6709,140952354833857
6710,140952374831886
6711,140952395110055
6712,140952414802512
6713,140952434852825
6714,140952455271562
6715,140952475824189
6716,140952494885095
6717,140952518364218
6718,140952534642688
6719,140952554904422
6720,140952574915155
6721,140952595161801
6722,140952614845722
6723,140952635616370
6724,140952655002093
6725,140952675056145
6726,140952695412972
6727,140952714795973
6728,140952736464464
6729,140952754932799
6730,140952774973517
6731,140952798864036
6732,140952818872207
6733,140952838785886
6734,140952858879773
6735,140952878849269
6736,140952898936700
6737,140952918865192
6738,140952939672841
6739,140952958836941
6740,140952978769239
6741,140952999373884
6742,140953018964378
6743,140953038836327
6744,140953058877024
6745,140953078719824
6746,140953098881400
6747,140953118819589
6748,140953138775287
6749,140953158920105
6750,140953178703943
6751,140953198889746
6752,140953218871527
6753,140953240505307
6754,140953258949845
6755,140953278931373
6756,140953302962271
6757,140953322830414
6758,140953342954351
6759,140953363022176
6760,140953382784958
6761,140953402808636
6762,140953422866415
6763,140953442829248
6764,140953464164931
6765,140953483139719
6766,140953503005314
6767,140953522844944
6768,140953542827884
6769,140953562811993
6770,140953582783467
6771,140953602799065
6772,140953623321615
6773,140953643023991
6774,140953662970596
6775,140953682778653
6776,140953703003442
6777,140953722971217
6778,140953744551993
6779,140953762865684
6780,140953782830196
6781,140953806666267
6782,140953826974678
6783,140953846781490
6784,140953868376437
6785,140953886973520
6786,140953907289158
6787,140953927035559
6788,140953947812134
6789,140953966798366
6790,140953987723185
6791,140954007002233
6792,140954026994734
6793,140954046801728
6794,140954066864951
6795,140954088852954
6796,140954106887989
6797,140954126831167
6798,140954146781659
6799,140954166709012
6800,140954186856359
6801,140954206829713
6802,140954226879212
6803,140954246995790
6804,140954267133677
6805,140954286727673
6806,140954311172877
6807,140954330780396
6808,140954350974834
6809,140954371108574
6810,140954390752921
6811,140954410973282
6812,140954430685849
6813,140954450743648
6814,140954470674931
6815,140954492393988
6816,140954510889724
6817,140954530945192
6818,140954550851924
6819,140954571369761
6820,140954591146481
6821,140954611261801
6822,140954631129603
6823,140954651013514
6824,140954671299700
6825,140954691238153
6826,140954711402405
6827,140954730641212
6828,140954751076840
6829,140954775108509
6830,140954790586344
6831,140954814801725
6832,140954835891115
6833,140954855127711
6834,140954875176242
6835,140954895240151
6836,140954915434266
6837,140954935163593
6838,140954955017190
6839,140954974891133
6840,140954997509644
6841,140955014911543
6842,140955034928321
6843,140955055092981
6844,140955075481295
6845,140955095086963
6846,140955115279268
6847,140955134771006
6848,140955155141693
6849,140955175307839
6850,140955195294699
6851,140955215295953
6852,140955235224330
6853,140955254953587
6854,140955274988908
6855,140955295090166
6856,140955319686936
6857,140955339421997
6858,140955359174119
6859,140955379311181
6860,140955398966568
6861,140955419426669
6862,140955439156680
6863,140955459181622
6864,140955479115460
6865,140955500381318
6866,140955519367752
6867,140955538922836
6868,140955558965947
6869,140955578800740
6870,140955599165922
6871,140955618978667
6872,140955638849382
6873,140955658775246
6874,140955678810857
6875,140955699157970
6876,140955718813103
6877,140955738882554
6878,140955759017197
6879,140955778872090
6880,140955798692161
6881,140955822859599
6882,140955843002412
6883,140955863157698
6884,140955882892953
6885,140955902894761
6886,140955922875108
6887,140955943172485
6888,140955963384452
6889,140955982915844
6890,140956004235713
6891,140956022999173
6892,140956042890192
6893,140956062895011
6894,140956082825442
6895,140956102869791
6896,140956122892772
6897,140956142855838
6898,140956162933192
6899,140956182735619
6900,140956202852771
6901,140956222845608
6902,140956242894915
6903,140956263525675
6904,140956282913399
6905,140956302946790
6906,140956326859071
6907,140956347412380
6908,140956366948843
6909,140956386899154
6910,140956406872370
6911,140956426667247
6912,140956446878539
6913,140956466815169
6914,140956486811884
6915,140956507111593
6916,140956526973033
6917,140956546906437
6918,140956566923575
6919,140956586935010
6920,140956606862313
6921,140956626849286
6922,140956646614534
6923,140956666793306
6924,140956686950608
6925,140956706871142
6926,140956727637468
6927,140956747266992
6928,140956766869768
6929,140956787062411
6930,140956806922701
6931,140956830820498
6932,140956850853122
6933,140956870926612
6934,140956891264401
6935,140956910854745
6936,140956930855082
6937,140956951833657
6938,140956970985130
6939,140956990960501
6940,140957011509440
6941,140957031010302
6942,140957050734077
6943,140957072406822
6944,140957092860698
6945,140957110862837
6946,140957130989220
6947,140957150772541
6948,140957170805430
6949,140957190954058
6950,140957210774866
6951,140957230884284
6952,140957251729635
6953,140957270821482
6954,140957290787911
6955,140957310879967
6956,140957334884619
6957,140957354884508
6958,140957374887710
6959,140957395148680
6960,140957414873206
6961,140957434960863
6962,140957454720925
6963,140957475527281
6964,140957494996391
6965,140957514934993
6966,140957534974499
6967,140957554925294
6968,140957574907370
6969,140957594648239
6970,140957614861455
6971,140957634785509
6972,140957654849296
6973,140957674883310
6974,140957694991319
6975,140957714858194
6976,140957734834064
6977,140957755159308
6978,140957775006162
6979,140957795006190
6980,140957814937494
6981,140957839035228
6982,140957859025755
6983,140957878828359
6984,140957898782618
6985,140957918771428
6986,140957938846553
6987,140957958888920
6988,140957978814539
6989,140957998897669
6990,140958018959948
6991,140958039074261
6992,140958058841431
6993,140958078854408
6994,140958098802606
6995,140958118859629
6996,140958138906579
6997,140958158821495
6998,140958178945247
6999,140958198939311
7000,140958219007444
7001,140958238899744
7002,140958259051391
7003,140958279100586
7004,140958298936168
7005,140958318974832
7006,140958342890134
7007,140958362937364
7008,140958382863126
7009,140958402704962
7010,140958423042017
7011,140958442836387
7012,140958462904405
7013,140958482827457
7014,140958502935010
7015,140958523154784
7016,140958542940641
7017,140958562898962
7018,140958582780839
7019,140958602991652
7020,140958623010874
7021,140958642861454
7022,140958662833213
7023,140958683039921
7024,140958702933124
7025,140958723027652
7026,140958743633056
7027,140958764529833
7028,140958782948297
7029,140958802841292
7030,140958822890896
7031,140958846828846
7032,140958866910365
7033,140958886896468
7034,140958906863315
7035,140958926804485
7036,140958948977668
7037,140958966869919
7038,140958986866974
7039,140959007003832
7040,140959027192325
7041,140959046978045
7042,140959066820703
7043,140959086804730
7044,140959106842808
7045,140959126819906
7046,140959147008193
7047,140959166865006
7048,140959186865267
7049,140959206854250
7050,140959226890938
7051,140959246913921
7052,140959266914156
7053,140959286781789
7054,140959307039579
7055,140959326811032
7056,140959352383139
7057,140959371054653
7058,140959391036257
7059,140959410887381
7060,140959433164717
7061,140959456678401
7062,140959479203413
7063,140959497434969
7064,140959514404801
7065,140959531284524
7066,140959554552752
7067,140959573963508
7068,140959592509563
7069,140959613690883
7070,140959635702274
7071,140959652200442
7072,140959670757149
7073,140959691173571
7074,140959710742675
7075,140959730891324
7076,140959750802687
7077,140959771508883
7078,140959792782856
7079,140959810843137
7080,140959830912125
7081,140959854964067
7082,140959875410764
7083,140959895337797
7084,140959914976514
7085,140959935052507
7086,140959954936562
7087,140959974770673
7088,140959994773604
7089,140960016458428
7090,140960034790665
7091,140960054588618
7092,140960074609644
7093,140960094835431
7094,140960114686481
7095,140960134715993
7096,140960154738370
7097,140960174769750
7098,140960194857762
7099,140960214735527
7100,140960234798793
7101,140960254786027
7102,140960274787186
7103,140960294876799
7104,140960314760913
7105,140960334700032
7106,140960358780127
7107,140960378686723
7108,140960399128332
7109,140960418735697
7110,140960438771321
7111,140960458774031
7112,140960478620385
7113,140960498757467
7114,140960519620986
7115,140960538776736
7116,140960558626343
7117,140960578598033
7118,140960598589610
7119,140960618747398
7120,140960638626831
7121,140960658607947
7122,140960679004277
7123,140960698672617
7124,140960718649959
7125,140960738888059
7126,140960758579969
7127,140960778678872
7128,140960798919105
7129,140960818782241
7130,140960838778229
7131,140960862889780
7132,140960882872506
7133,140960902790523
7134,140960922857614
7135,140960943509280
7136,140960962745807
7137,140960983870454
7138,140961005796409
7139,140961030933447
7140,140961046537368
7141,140961064386047
7142,140961087404150
7143,140961111579190
7144,140961125504328
7145,140961146166381
7146,140961166752287
7147,140961184789660
7148,140961203626054
7149,140961224809601
7150,140961242970288
7151,140961263612610
7152,140961283114191
7153,140961302997840
7154,140961322962932
7155,140961346066069
7156,140961367365074
7157,140961387323526
7158,140961406901459
7159,140961426878323
7160,140961446906090
7161,140961466974410
7162,140961486875259
7163,140961506783048
7164,140961527780102
7165,140961546995296
7166,140961566977537
7167,140961586901743
7168,140961607555349
7169,140961627023128
7170,140961646972913
7171,140961666897408
7172,140961687030186
7173,140961706969252
7174,140961726762157
7175,140961746924394
7176,140961766985247
7177,140961787322580
7178,140961807074504
7179,140961826926514
7180,140961846945148
7181,140961870828374
7182,140961891305674
7183,140961911065025
7184,140961930899251
7185,140961953556600
7186,140961971164686
7187,140961991029267
7188,140962011205947
7189,140962030969197
7190,140962051066743
7191,140962070944148
7192,140962090982381
7193,140962111055287
7194,140962130957184
7195,140962151085075
7196,140962170919858
7197,140962191062891
7198,140962211021391
7199,140962232868300
7200,140962250833310
7201,140962271354062
7202,140962291399983
7203,140962311090018
7204,140962331114677
7205,140962351741696
7206,140962374678328
7207,140962394718896
7208,140962414699877
7209,140962434630094
7210,140962454574834
7211,140962474592378
7212,140962494499256
7213,140962514672546
7214,140962535018382
7215,140962554827113
7216,140962575154587
7217,140962594796262
7218,140962614588979
7219,140962634494068
7220,140962654613676
7221,140962674746429
7222,140962694684993
7223,140962714636641
7224,140962734633020
7225,140962754659076
7226,140962775668620
7227,140962794949820
7228,140962815221652
7229,140962835033631
7230,140962854980562
7231,140962878809975
7232,140962898869461
7233,140962918871851
7234,140962938906537
7235,140962958940119
7236,140962978853452
7237,140962998872465
7238,140963018781402
7239,140963041078684
7240,140963058844368
7241,140963079617846
7242,140963099148192
7243,140963119338667
7244,140963139008927
7245,140963159025143
7246,140963178949018
7247,140963198832099
7248,140963218978021
7249,140963238984837
7250,140963258873744
7251,140963280763606
7252,140963299078938
7253,140963318936536
7254,140963338888215
7255,140963358851538
7256,140963382946952
7257,140963402743966
7258,140963422835915
7259,140963442770288
7260,140963462936954
7261,140963482693410
7262,140963502755907
7263,140963522791868
7264,140963542843786
7265,140963562901318
7266,140963582779557
7267,140963602729259
7268,140963622773247
7269,140963642834795
7270,140963662745517
7271,140963682769910
7272,140963702732804
7273,140963722513464
7274,140963742583628
7275,140963763059898
7276,140963784896280
7277,140963802938898
7278,140963822945716
7279,140963842873770
7280,140963863354273
7281,140963887298718
7282,140963906971574
7283,140963926961384
7284,140963947553701
7285,140963966894654
7286,140963986806730
7287,140964007799850
7288,140964027204306
7289,140964046914857
7290,140964066925085
7291,140964086874350
7292,140964107214327
7293,140964126858026
7294,140964148102683
7295,140964166916095
7296,140964186857902
7297,140964206926588
7298,140964226868345
7299,140964246953376
7300,140964266933347
7301,140964287586572
7302,140964306914669
7303,140964326825067
7304,140964347038780
7305,140964366953031
7306,140964390843379
7307,140964410892334
7308,140964430799515
7309,140964450931329
7310,140964471054444
7311,140964490803039
7312,140964510889814
7313,140964531391615
7314,140964550957281
7315,140964571004477
7316,140964590963012
7317,140964611363037
7318,140964631096444
7319,140964650923461
7320,140964670853827
7321,140964690895228
7322,140964710928470
7323,140964730907286
7324,140964750949017
7325,140964770981128
7326,140964791007578
7327,140964815469559
7328,140964831032057
7329,140964850799186
7330,140964871116973
7331,140964894988889
7332,140964914900219
7333,140964934831219
7334,140964954874761
7335,140964975077521
7336,140964994832073
7337,140965014924223
7338,140965035356266
7339,140965055322335
7340,140965075033766
7341,140965094893715
7342,140965114855040
7343,140965134852176
7344,140965154963394
7345,140965175415099
7346,140965194943531
7347,140965214812627
7348,140965235197564
7349,140965254887912
7350,140965275194685
7351,140965295030605
7352,140965314981768
7353,140965334871605
7354,140965355659468
7355,140965374980507
7356,140965398903856
7357,140965418838566
7358,140965438844234
7359,140965459177693
7360,140965479390224
7361,140965499042732
7362,140965519187482
7363,140965539216075
7364,140965558982663
7365,140965579285921
7366,140965598863242
7367,140965618727991
7368,140965638858430
7369,140965659028945
7370,140965679073101
7371,140965699311148
7372,140965718893749
7373,140965738870708
7374,140965759064949
7375,140965779200887
7376,140965799011119
7377,140965819036081
7378,140965839176900
7379,140965859323412
7380,140965879440426
7381,140965903630100
7382,140965923375309
7383,140965943835473
7384,140965962721336
7385,140965983008048
7386,140966003142105
7387,140966022722658
7388,140966043739486
7389,140966063152742
7390,140966083173469
7391,140966102971062
7392,140966123146379
7393,140966143001547
7394,140966162821382
7395,140966183058977
7396,140966202887050
7397,140966222917075
7398,140966243137272
7399,140966263059552
7400,140966283084704
7401,140966302717015
7402,140966322743277
7403,140966342602912
7404,140966362782604
7405,140966382738003
7406,140966407363001
7407,140966426918233
7408,140966446722331
7409,140966466638412
7410,140966486934074
7411,140966506762301
7412,140966526651134
7413,140966547021759
7414,140966566786110
7415,140966586909031
7416,140966606658394
7417,140966626609337
7418,140966646623211
7419,140966666638476
7420,140966687015119
7421,140966706747038
7422,140966726738028
7423,140966746664306
7424,140966766731405
7425,140966787732527
7426,140966806731950
7427,140966826723557
7428,140966846634887
7429,140966867639296
7430,140966887038839
7431,140966910768762
7432,140966930649677
7433,140966951484473
7434,140966970724578
7435,140966990516814
7436,140967010657440
7437,140967030706588
7438,140967050969570
7439,140967070756910
7440,140967090794851
7441,140967110695056
7442,140967130624402
7443,140967150609450
7444,140967170672477
7445,140967190926279
7446,140967210804023
7447,140967230779510
7448,140967250619862
7449,140967270634974
7450,140967291823528
7451,140967310846864
7452,140967330647116
7453,140967350622006
7454,140967370629087
7455,140967390852389
7456,140967414597701
7457,140967434812212
7458,140967454539969
7459,140967474501605
7460,140967494618386
7461,140967514691940
7462,140967534865800
7463,140967554866105
7464,140967574730156
7465,140967594618418
7466,140967615111138
7467,140967634941832
7468,140967654706835
7469,140967674766654
7470,140967694596916
7471,140967714834587
7472,140967734731479
7473,140967754831140
7474,140967774831076
7475,140967795425195
7476,140967814910586
7477,140967834832863
7478,140967854842705
7479,140967874829089
7480,140967894728022
7481,140967918780129
7482,140967938810573
7483,140967958654784
7484,140967978861055
7485,140967998701458
7486,140968018885901
7487,140968039589553
7488,140968058945347
7489,140968078712555
7490,140968098822157
7491,140968118876336
7492,140968138893747
7493,140968158603426
7494,140968178510964
7495,140968198674668
7496,140968218677047
7497,140968239103803
7498,140968258537781
7499,140968278587483
7500,140968299488047
7501,140968318807535
7502,140968338667283
7503,140968358707578
7504,140968378948300
7505,140968398759661
7506,140968422715079
7507,140968442663619
7508,140968463019288
7509,140968483008442
7510,140968503279095
7511,140968522857182
7512,140968544659262
7513,140968562832915
7514,140968582911703
7515,140968602658963
7516,140968622664607
7517,140968642864087
7518,140968662621232
7519,140968682689040
7520,140968702676197
7521,140968722633144
7522,140968742888926
7523,140968762638547
7524,140968782568399
7525,140968802785213
7526,140968822731074
7527,140968842958561
7528,140968862686108
7529,140968882693952
7530,140968902630012
7531,140968926914464
7532,140968947994937
7533,140968966848471
7534,140968986978733
7535,140969006881802
7536,140969026728606
7537,140969048754252
7538,140969066913116
7539,140969086727570
7540,140969106640297
7541,140969126795517
7542,140969146912025
7543,140969166833269
7544,140969186773549
7545,140969206841460
7546,140969226662717
7547,140969246830360
7548,140969266812750
7549,140969286853099
7550,140969306606805
7551,140969326886674
7552,140969346912684
7553,140969366840577
7554,140969386852791
7555,140969407057137
7556,140969430928146
7557,140969450886892
7558,140969470954742
7559,140969490808652
7560,140969510837250
7561,140969530826681
7562,140969551800469
7563,140969571005204
7564,140969590930417
7565,140969613375222
7566,140969630714557
7567,140969650891195
7568,140969670686681
7569,140969690858155
7570,140969710684454
7571,140969730699145
7572,140969750991452
7573,140969770746239
7574,140969790855885
7575,140969810951912
7576,140969832490443
7577,140969851153607
7578,140969871170710
7579,140969890737193
7580,140969910761317
7581,140969934739330
7582,140969954835428
7583,140969974818691
7584,140969994660353
7585,140970016632866
7586,140970034794042
7587,140970055720360
7588,140970074856436
7589,140970094921155
7590,140970114825265
7591,140970134813840
7592,140970154729839
7593,140970174870152
7594,140970194716247
7595,140970216321462
7596,140970235779405
7597,140970256201705
7598,140970276502527
7599,140970296088825
7600,140970314934978
7601,140970334911815
7602,140970356290143
7603,140970376416453
7604,140970397793566
7605,140970415658572
7606,140970438951414
7607,140970458936455
7608,140970478878451
7609,140970498749194
7610,140970518815662
7611,140970538860690
7612,140970559826826
7613,140970579126046
7614,140970600434296
7615,140970620265992
7616,140970638972352
7617,140970658829571
7618,140970678814386
7619,140970698807085
7620,140970718785522
7621,140970740642992
7622,140970761882223
7623,140970780281836
7624,140970800513959
7625,140970819020838
7626,140970839109968
7627,140970858917777
7628,140970879409847
7629,140970899658829
7630,140970919265960
7631,140970943421049
7632,140970962920615
7633,140970983047242
7634,140971004342672
7635,140971022961622
7636,140971042849802
7637,140971063411461
7638,140971082966054
7639,140971102735858
7640,140971122850076
7641,140971142900235
7642,140971162602596
7643,140971182751574
7644,140971202523199
7645,140971222712391
7646,140971242639316
7647,140971262934153
7648,140971282647026
7649,140971303574089
7650,140971322729596
7651,140971342745877
7652,140971362798004
7653,140971383265088
7654,140971402966299
7655,140971422950925
7656,140971446773533
7657,140971467153054
7658,140971488186035
7659,140971509945792
7660,140971528590007
7661,140971546931655
7662,140971566716504
7663,140971586941556
7664,140971606973189
7665,140971626808880
7666,140971646842131
7667,140971668438529
7668,140971688966834
7669,140971708879782
7670,140971727228132
7671,140971747056338
7672,140971766953828
7673,140971786962984
7674,140971808821234
7675,140971827086897
7676,140971847184893
7677,140971867089344
7678,140971886974467
7679,140971907014556
7680,140971926902940
7681,140971951660717
7682,140971971072883
7683,140971991010196
7684,140972011544767
7685,140972030945949
7686,140972050892047
7687,140972071244853
7688,140972092662674
7689,140972111512775
7690,140972131962172
7691,140972152229062
7692,140972170949096
7693,140972190954910
7694,140972210815929
7695,140972231962133
7696,140972254098926
7697,140972273619596
7698,140972293859116
7699,140972313743193
7700,140972331733614
7701,140972350914379
7702,140972370844140
7703,140972394204520
7704,140972411607849
7705,140972437844442
7706,140972458406992
7707,140972477241620
7708,140972494962240
7709,140972515488293
7710,140972536598085
7711,140972558278976
7712,140972577515534
7713,140972596124266
7714,140972615428225
7715,140972634909254
7716,140972654910032
7717,140972675276190
7718,140972696268158
7719,140972716557494
7720,140972738516322
7721,140972754850913
7722,140972774932218
7723,140972794883208
7724,140972815400178
7725,140972834770728
7726,140972855270123
7727,140972875422279
7728,140972894807549
7729,140972914805683
7730,140972934862114
7731,140972960054847
7732,140972979204238
7733,140973001079012
7734,140973022844623
7735,140973038869464
7736,140973059236257
7737,140973080287333
7738,140973098812607
7739,140973122456504
7740,140973140663305
7741,140973159434684
7742,140973179188385
7743,140973202297998
7744,140973219043093
7745,140973239241964
7746,140973258829130
7747,140973279005032
7748,140973298958918
7749,140973319763658
7750,140973339088126
7751,140973359077740
7752,140973379218602
7753,140973398848613
7754,140973418976378
7755,140973438991984
7756,140973462808727
7757,140973483132943
7758,140973502757889
7759,140973522995926
7760,140973542858591
7761,140973565609306
7762,140973583261162
7763,140973603463787
7764,140973623607722
7765,140973644494579
7766,140973662946257
7767,140973682943546
7768,140973702845394
7769,140973723107012
7770,140973742814207
7771,140973762845188
7772,140973782978144
7773,140973802937048
7774,140973823665239
7775,140973842979073
7776,140973862814237
7777,140973882745575
7778,140973902879151
7779,140973922816680
7780,140973943355227
7781,140973966798155
7782,140973986938186
7783,140974006999206
7784,140974026873128
7785,140974046880284
7786,140974067217755
7787,140974086887396
7788,140974106827684
7789,140974126846469
7790,140974146918507
7791,140974166840025
7792,140974186829919
7793,140974206698236
7794,140974226908082
7795,140974248499567
7796,140974267626604
7797,140974287967992
7798,140974308119219
7799,140974329912233
7800,140974348523769
7801,140974366893688
7802,140974386911203
7803,140974407072913
7804,140974432417639
7805,140974450659920
7806,140974472067993
7807,140974491809340
7808,140974511121820
7809,140974531157339
7810,140974551004531
7811,140974571601764
7812,140974591112291
7813,140974611002455
7814,140974631093317
7815,140974651098933
7816,140974670913316
7817,140974691541774
7818,140974710998015
7819,140974731087735
7820,140974750986075
7821,140974770938001
7822,140974790981940
7823,140974811190741
7824,140974832616698
7825,140974851103682
7826,140974871739571
7827,140974890922626
7828,140974911025682
7829,140974930970307
7830,140974952121326
7831,140974974976655
7832,140974995039741
7833,140975014955935
7834,140975034870999
7835,140975055106295
7836,140975075553025
7837,140975094791263
7838,140975115131851
7839,140975135069406
7840,140975154986597
7841,140975174977146
7842,140975194908422
7843,140975214980208
7844,140975234951259
7845,140975255041246
7846,140975274728388
7847,140975294895440
7848,140975315027244
7849,140975335083523
7850,140975354880869
7851,140975374792069
7852,140975394906794
7853,140975415233641
7854,140975435109508
7855,140975455105976
7856,140975479166931
7857,140975499482078
7858,140975518874103
7859,140975539356000
7860,140975558876905
7861,140975579575490
7862,140975599194719
7863,140975619343803
7864,140975639443054
7865,140975659432276
7866,140975679518888
7867,140975698994256
7868,140975719381085
7869,140975738957742
7870,140975759472419
7871,140975779180422
7872,140975799008553
7873,140975820297372
7874,140975838977053
7875,140975859567598
7876,140975879391922
7877,140975899071777
7878,140975919273892
7879,140975939400960
7880,140975959012568
7881,140975983200738
7882,140976003185806
7883,140976023192495
7884,140976042752788
7885,140976062860623
7886,140976083447057
7887,140976103054900
7888,140976122979194
7889,140976142946467
7890,140976162998385
7891,140976183075196
7892,140976203105860
7893,140976223249145
7894,140976243753433
7895,140976263163054
7896,140976283581163
7897,140976302952841
7898,140976323982323
7899,140976343500724
7900,140976363586040
7901,140976383504366
7902,140976403272423
7903,140976423402626
7904,140976442933018
7905,140976462916166
7906,140976487011082
7907,140976506898982
7908,140976526951286
7909,140976547144097
7910,140976567108652
7911,140976587083815
7912,140976606841257
7913,140976626863990
7914,140976646763097
7915,140976666892043
7916,140976686982925
7917,140976707116634
7918,140976726710131
7919,140976746741187
7920,140976766796661
7921,140976787024848
7922,140976806725742
7923,140976827754439
7924,140976846908462
7925,140976866956998
7926,140976886749782
7927,140976906758576
7928,140976926699981
7929,140976947370725
7930,140976967072025
7931,140976990904689
7932,140977010699808
7933,140977030771071
7934,140977050734791
7935,140977071063829
7936,140977091112280
7937,140977111040969
7938,140977130721496
7939,140977150731500
7940,140977170714698
7941,140977190960613
7942,140977210845627
7943,140977230581985
7944,140977250744359
7945,140977270573326
7946,140977290940416
7947,140977310705333
7948,140977330915048
7949,140977351271407
7950,140977370957307
7951,140977391227958
7952,140977410914399
7953,140977431011703
7954,140977450915160
7955,140977470875430
7956,140977495006183
7957,140977514878965
7958,140977535029450
7959,140977554926483
7960,140977575088580
7961,140977595090075
7962,140977614980681
7963,140977635024904
7964,140977655011044
7965,140977675066636
7966,140977695407183
7967,140977715286528
7968,140977735018670
7969,140977755208763
7970,140977775028428
7971,140977795198982
7972,140977815131612
7973,140977835009097
7974,140977855010113
7975,140977874752431
7976,140977895165689
7977,140977915331868
7978,140977935388740
7979,140977954915372
7980,140977975098801
7981,140977999526789
7982,140978018745541
7983,140978038861608
7984,140978058907790
7985,140978079004056
7986,140978098996293
7987,140978118959017
7988,140978139590119
7989,140978158892019
7990,140978178782559
7991,140978199351483
7992,140978219146766
7993,140978239310724
7994,140978258993874
7995,140978279108016
7996,140978299354753
7997,140978318935375
7998,140978339300470
7999,140978359098642
8000,140978379140620
8001,140978399076204
8002,140978419543940
8003,140978439467433
8004,140978459634346
8005,140978479476784
8006,140978503723563
8007,140978523323028
8008,140978543384547
8009,140978563248406
8010,140978583908357
8011,140978603229057
8012,140978623161214
8013,140978643272818
8014,140978662882658
8015,140978682859061
8016,140978703740789
8017,140978723465182
8018,140978743509474
8019,140978763573592
8020,140978783505155
8021,140978803284592
8022,140978823742438
8023,140978842955706
8024,140978864758100
8025,140978884592278
8026,140978903119162
8027,140978922866269
8028,140978943707792
8029,140978963209601
8030,140978983053928
8031,140979007271057
8032,140979027023691
8033,140979047051786
8034,140979067090689
8035,140979087840607
8036,140979106943352
8037,140979127284230
8038,140979146968176
8039,140979167197511
8040,140979186909127
8041,140979206891348
8042,140979227304806
8043,140979247323760
8044,140979267471863
8045,140979287551412
8046,140979307534173
8047,140979327867695
8048,140979346972372
8049,140979367586852
8050,140979387438290
8051,140979406937601
8052,140979426901704
8053,140979447163871
8054,140979467447230
8055,140979487563095
8056,140979511574568
8057,140979531252660
8058,140979551657687
8059,140979571491681
8060,140979591139984
8061,140979611009663
8062,140979631104688
8063,140979651082793
8064,140979670940106
8065,140979691827592
8066,140979710801283
8067,140979730902512
8068,140979751278077
8069,140979770873954
8070,140979791219346
8071,140979810915156
8072,140979831151852
8073,140979854646181
8074,140979870917074
8075,140979890953545
8076,140979910919721
8077,140979930979455
8078,140979952318839
8079,140979970968691
8080,140979990875324
8081,140980015218831
8082,140980034634681
8083,140980055147275
8084,140980075640903
8085,140980094948649
8086,140980114818835
8087,140980134772818
8088,140980155261342
8089,140980175274449
8090,140980195008291
8091,140980215197548
8092,140980235212602
8093,140980255287586
8094,140980275157424
8095,140980295385433
8096,140980314865154
8097,140980336739551
8098,140980354901909
8099,140980375229407
8100,140980395694595
8101,140980414781259
8102,140980435046093
8103,140980455041536
8104,140980475132167
8105,140980495426031
8106,140980519486650
8107,140980539275861
8108,140980559157030
8109,140980580360184
8110,140980598964529
8111,140980618730524
8112,140980638920205
8113,140980658703221
8114,140980679232246
8115,140980699488050
8116,140980719525956
8117,140980739269032
8118,140980759233286
8119,140980779170756
8120,140980799407477
8121,140980819202821
8122,140980839892281
8123,140980858840623
8124,140980879268948
8125,140980899179826
8126,140980919170210
8127,140980939101240
8128,140980958655039
8129,140980978742876
8130,140980998636126
8131,140981023261338
8132,140981043206107
8133,140981063239339
8134,140981085238219
8135,140981102805201
8136,140981123284259
8137,140981145417806
8138,140981162851306
8139,140981183219883
8140,140981203200246
8141,140981223298152
8142,140981243475775
8143,140981262947672
8144,140981283192838
8145,140981303370831
8146,140981322907816
8147,140981342890163
8148,140981363305141
8149,140981382932956
8150,140981402879229
8151,140981423106859
8152,140981442881737
8153,140981462981596
8154,140981483010391
8155,140981502906870
8156,140981526830691
8157,140981546890038
8158,140981567075358
8159,140981587977578
8160,140981606824692
8161,140981626982381
8162,140981646879744
8163,140981667069799
8164,140981687101863
8165,140981706875205
8166,140981726926258
8167,140981746880992
8168,140981767220333
8169,140981786883456
8170,140981806808412
8171,140981827193199
8172,140981847077827
8173,140981867128033
8174,140981886974016
8175,140981906907060
8176,140981926929258
8177,140981948082304
8178,140981967074861
8179,140981986866856
8180,140982009156531
8181,140982035666882
8182,140982055623571
8183,140982075412001
8184,140982091316931
8185,140982111020326
8186,140982131026003
8187,140982150823027
8188,140982170993931
8189,140982190798167
8190,140982210851409
8191,140982233185349
8192,140982250877121
8193,140982271052099
8194,140982290842761
8195,140982310827846
8196,140982331079623
8197,140982351373912
8198,140982371149798
8199,140982391170987
8200,140982410887823
8201,140982430863742
8202,140982450856052
8203,140982471244316
8204,140982491138524
8205,140982510836652
8206,140982535055117
8207,140982554883701
8208,140982575076156
8209,140982594862121
8210,140982614743376
8211,140982634788147
8212,140982655019389
8213,140982674775743
8214,140982695381415
8215,140982715074029
8216,140982735178085
8217,140982755178293
8218,140982775205849
8219,140982795212373
8220,140982815493500
8221,140982836128779
8222,140982854834295
8223,140982874860481
8224,140982894891056
8225,140982914795582
8226,140982935284446
8227,140982954971821
8228,140982975060853
8229,140982994826760
8230,140983014857605
8231,140983038851595
8232,140983058933073
8233,140983078754313
8234,140983099891539
8235,140983118807258
8236,140983139070972
8237,140983158926712
8238,140983178704204
8239,140983198655479
8240,140983218661047
8241,140983238687544
8242,140983259079302
8243,140983279275300
8244,140983299221100
8245,140983319228301
8246,140983340218807
8247,140983359017815
8248,140983378908066
8249,140983400474880
8250,140983419037681
8251,140983438715384
8252,140983458755327
8253,140983478906458
8254,140983498819039
8255,140983518765607
8256,140983543272763
8257,140983562948656
8258,140983582839382
8259,140983602749460
8260,140983622810258
8261,140983642963173
8262,140983663059383
8263,140983682659081
8264,140983703417567
8265,140983723264722
8266,140983743196172
8267,140983763187947
8268,140983783321328
8269,140983803500233
8270,140983823383516
8271,140983844265164
8272,140983862654758
8273,140983883117250
8274,140983903075159
8275,140983923136577
8276,140983943510993
8277,140983962765059
8278,140983982677470
8279,140984003283489
8280,140984023244553
8281,140984047317805
8282,140984067182214
8283,140984086944720
8284,140984106819143
8285,140984126835787
8286,140984147765391
8287,140984166860502
8288,140984186894833
8289,140984206990710
8290,140984226846227
8291,140984247253148
8292,140984267226701
8293,140984287240284
8294,140984306983135
8295,140984326910577
8296,140984348619147
8297,140984366882827
8298,140984386540820
8299,140984406961488
8300,140984427094265
8301,140984446919339
8302,140984466963864
8303,140984487393970
8304,140984507087193
8305,140984527105892
8306,140984551419387
8307,140984571317564
8308,140984591760847
8309,140984610774674
8310,140984630768052
8311,140984651206089
8312,140984671165683
8313,140984691195455
8314,140984711089170
8315,140984731184883
8316,140984751096868
8317,140984771009415
8318,140984791041502
8319,140984811132386
8320,140984830834506
8321,140984850977978
8322,140984875460938
8323,140984890812591
8324,140984910902418
8325,140984930781497
8326,140984951515519
8327,140984970708923
8328,140984990767910
8329,140985010851343
8330,140985031064616
8331,140985054913639
8332,140985075042907
8333,140985095716527
8334,140985114831945
8335,140985134765690
8336,140985154935260
8337,140985174715225
8338,140985194689074
8339,140985214658926
8340,140985235089253
8341,140985255299514
8342,140985275211385
8343,140985295295200
8344,140985315315339
8345,140985335202556
8346,140985355285180
8347,140985374846193
8348,140985395156202
8349,140985415089328
8350,140985434696916
8351,140985454672665
8352,140985474690345
8353,140985495010417
8354,140985514957275
8355,140985535129418
8356,140985559272760
8357,140985579350116
8358,140985601079496
8359,140985619063998
8360,140985638779742
8361,140985659241835
8362,140985678841720
8363,140985698688992
8364,140985718973426
8365,140985738739567
8366,140985758680598
8367,140985778717919
8368,140985799122741
8369,140985819116441
8370,140985838692162
8371,140985859123379
8372,140985879536154
8373,140985898843408
8374,140985919142184
8375,140985939004936
8376,140985959616477
8377,140985978898921
8378,140985998760210
8379,140986019159203
8380,140986038704431
8381,140986063328799
8382,140986083106599
8383,140986103934036
8384,140986122995182
8385,140986143002819
8386,140986162861413
8387,140986182848523
8388,140986202894079
8389,140986222889761
8390,140986242924904
8391,140986262906121
8392,140986282915750
8393,140986302898041
8394,140986322865601
8395,140986342904563
8396,140986363139664
8397,140986383043844
8398,140986403722029
8399,140986422962492
8400,140986442824079
8401,140986463153754
8402,140986482924512
8403,140986503235747
8404,140986523131298
8405,140986543070037
8406,140986566879720
8407,140986586885606
8408,140986607037815
8409,140986626838423
8410,140986646838454
8411,140986667271883
8412,140986687288710
8413,140986707147603
8414,140986726847680
8415,140986746719970
8416,140986767162691
8417,140986787120835
8418,140986806704676
8419,140986827177540
8420,140986847231959
8421,140986867044896
8422,140986886894855
8423,140986906755991
8424,140986926765684
8425,140986947353709
8426,140986967050537
8427,140986986921091
8428,140987007073826
8429,140987026719406
8430,140987046716247
8431,140987071086469
8432,140987090785882
8433,140987111285866
8434,140987130998098
8435,140987151063319
8436,140987170885659
8437,140987191115455
8438,140987211097674
8439,140987230954544
8440,140987250960650
8441,140987270976496
8442,140987290897513
8443,140987310872352
8444,140987331109483
8445,140987350972260
8446,140987370819626
8447,140987391032944
8448,140987410910083
8449,140987431485596
8450,140987450946326
8451,140987470928378
8452,140987490749394
8453,140987510963776
8454,140987530916827
8455,140987550942599
8456,140987574953360
8457,140987595053213
8458,140987614905740
8459,140987634796791
8460,140987654595062
8461,140987674792589
8462,140987694658509
8463,140987714805850
8464,140987734787052
8465,140987754833415
8466,140987774972549
8467,140987794863362
8468,140987814970649
8469,140987835014427
8470,140987855085083
8471,140987875018749
8472,140987894948350
8473,140987915072236
8474,140987934968019
8475,140987954913017
8476,140987974928706
8477,140987994907055
8478,140988014789284
8479,140988034710370
8480,140988054807847
8481,140988078913862
8482,140988098881601
8483,140988118790205
8484,140988138698479
8485,140988158774895
8486,140988178759612
8487,140988198780080
8488,140988218704973
8489,140988238788057
8490,140988258729553
8491,140988279105062
8492,140988298781036
8493,140988318739244
8494,140988338758940
8495,140988360175860
8496,140988378935937
8497,140988398738028
8498,140988418713576
8499,140988438732315
8500,140988458604473
8501,140988479012128
8502,140988498736488
8503,140988518784432
8504,140988538768063
8505,140988559118342
8506,140988583119409
8507,140988602894811
8508,140988622944230
8509,140988642908956
8510,140988663833021
8511,140988682902918
8512,140988703173353
8513,140988723035908
8514,140988742994620
8515,140988762823557
8516,140988783046747
8517,140988802737583
8518,140988822713268
8519,140988843010798
8520,140988864519099
8521,140988883111519
8522,140988902833575
8523,140988923167835
8524,140988943318805
8525,140988963591372
8526,140988982857188
8527,140989004096979
8528,140989027708369
8529,140989046782276
8530,140989062803261
8531,140989086862877
8532,140989107680108
8533,140989127179399
8534,140989146908392
8535,140989166774708
8536,140989186757583
8537,140989207025165
8538,140989226772493
8539,140989246789765
8540,140989266741677
8541,140989287006947
8542,140989307271211
8543,140989327071698
8544,140989346772553
8545,140989368206634
8546,140989386875405
8547,140989407995883
8548,140989427067198
8549,140989447015257
8550,140989468088796
8551,140989490023325
8552,140989508888956
8553,140989530735069
8554,140989546998903
8555,140989567113331
8556,140989590891181
8557,140989611837309
8558,140989631065194
8559,140989651001325
8560,140989670904724
8561,140989690968155
8562,140989710745508
8563,140989730932810
8564,140989750947020
8565,140989770896870
8566,140989790782271
8567,140989810877673
8568,140989830889172
8569,140989850943516
8570,140989870894258
8571,140989894312219
8572,140989910848075
8573,140989930966614
8574,140989951216860
8575,140989970915627
8576,140989991012184
8577,140990010977116
8578,140990030903764
8579,140990050942997
8580,140990070984271
8581,140990095086382
8582,140990116846598
8583,140990134992211
8584,140990154899163
8585,140990175043148
8586,140990194839116
8587,140990215452519
8588,140990235266240
8589,140990254830270
8590,140990274733887
8591,140990295140909
8592,140990315043416
8593,140990334901468
8594,140990354766858
8595,140990375201973
8596,140990395119828
8597,140990414995142
8598,140990435001710
8599,140990455013495
8600,140990474986953
8601,140990495018246
8602,140990517490658
8603,140990534949323
8604,140990554931347
8605,140990574914590
8606,140990598872205
8607,140990620975391
8608,140990639077120
8609,140990658895003
8610,140990678963380
8611,140990698909541
8612,140990718889782
8613,140990739237854
8614,140990759313519
8615,140990779049112
8616,140990799099651
8617,140990819034825
8618,140990839106836
8619,140990859090506
8620,140990879338167
8621,140990899100660
8622,140990919247711
8623,140990939177460
8624,140990959168519
8625,140990979093936
8626,140990999118313
8627,140991019254676
8628,140991039161102
8629,140991059147643
8630,140991079154406
8631,140991103141780
8632,140991123151727
8633,140991143201044
8634,140991163173726
8635,140991183058915
8636,140991203057195
8637,140991223148674
8638,140991243047376
8639,140991263105487
8640,140991283090173
8641,140991303056525
8642,140991323053547
8643,140991343077881
8644,140991363572054
8645,140991383148446
8646,140991403162929
8647,140991423134096
8648,140991443102674
8649,140991463037839
8650,140991484882533
8651,140991503072853
8652,140991523055952
8653,140991543087516
8654,140991563079000
8655,140991583060864
8656,140991607096222
8657,140991627088593
8658,140991647262283
8659,140991667288184
8660,140991687223056
8661,140991707142083
8662,140991727056438
8663,140991747088234
8664,140991767188560
8665,140991787051497
8666,140991807118956
8667,140991827089105
8668,140991847121855
8669,140991867931256
8670,140991887091619
8671,140991907128516
8672,140991927043355
8673,140991948094455
8674,140991967023170
8675,140991987219379
8676,140992007110279
8677,140992027179484
8678,140992047058789
8679,140992067121399
8680,140992087164332
8681,140992111056509
8682,140992131002210
8683,140992151106661
8684,140992171113238
8685,140992191032633
8686,140992211112233
8687,140992231510538
8688,140992251046180
8689,140992271103429
8690,140992291003879
8691,140992311095417
8692,140992331062368
8693,140992351038412
8694,140992371325215
8695,140992391060115
8696,140992411212576
8697,140992431448196
8698,140992451019220
8699,140992470889968
8700,140992490830351
8701,140992510892183
8702,140992530842268
8703,140992551003749
8704,140992571071682
8705,140992591017955
8706,140992615005448
8707,140992635073649
8708,140992655114687
8709,140992674959403
8710,140992694943492
8711,140992715016796
8712,140992735025944
8713,140992755070304
8714,140992774988367
8715,140992794994145
8716,140992814998253
8717,140992835029031
8718,140992854984685
8719,140992875352984
8720,140992895205477
8721,140992915070208
8722,140992935268756
8723,140992954843259
8724,140992975225431
8725,140992994883264
8726,140993014818893
8727,140993034851677
8728,140993055148396
8729,140993074860237
8730,140993095235260
8731,140993119361033
8732,140993139196666
8733,140993159081413
8734,140993179306381
8735,140993199091724
8736,140993218991191
8737,140993239018819
8738,140993259015913
8739,140993279051734
8740,140993299083295
8741,140993319005376
8742,140993339006118
8743,140993359033025
8744,140993379443101
8745,140993399079663
8746,140993419051331
8747,140993439277222
8748,140993458886157
8749,140993479032561
8750,140993498983898
8751,140993519050642
8752,140993538981723
8753,140993559029061
8754,140993579018737
8755,140993599027825
8756,140993623908854
8757,140993643067650
8758,140993662945413
8759,140993683473469
8760,140993703495111
8761,140993723339881
8762,140993743413506
8763,140993763326113
8764,140993783570554
8765,140993803037730
8766,140993822933558
8767,140993842901483
8768,140993862928585
8769,140993883306007
8770,140993903055449
8771,140993923476673
8772,140993943378716
8773,140993962923786
8774,140993982960952
8775,140994003145794
8776,140994022984066
8777,140994042992287
8778,140994063250321
8779,140994083025084
8780,140994103402953
8781,140994127829342
8782,140994147017843
8783,140994167223262
8784,140994187046902
8785,140994206976392
8786,140994226956513
8787,140994247076378
8788,140994267078080
8789,140994287004722
8790,140994307024093
8791,140994327065693
8792,140994347040878
8793,140994367098385
8794,140994387323382
8795,140994407152693
8796,140994427076324
8797,140994447014660
8798,140994467055679
8799,140994487069588
8800,140994507312586
8801,140994527095200
8802,140994547053210
8803,140994567035193
8804,140994586963948
8805,140994607054585
8806,140994631658773
8807,140994651318583
8808,140994671723817
8809,140994691535944
8810,140994711310128
8811,140994731181008
8812,140994751278054
8813,140994771156063
8814,140994791197704
8815,140994811213485
8816,140994831224245
8817,140994851273033
8818,140994871163885
8819,140994891420522
8820,140994911774584
8821,140994931020298
8822,140994952209820
8823,140994971130362
8824,140994991159808
8825,140995011082585
8826,140995031003865
8827,140995051204028
8828,140995071006779
8829,140995091044827
8830,140995111043853
8831,140995135396303
8832,140995155093138
8833,140995175015879
8834,140995194861979
8835,140995214959164
8836,140995235022146
8837,140995255026357
8838,140995274950771
8839,140995294957357
8840,140995315006016
8841,140995334983752
8842,140995354983724
8843,140995375120158
8844,140995395012539
8845,140995415095899
8846,140995435366674
8847,140995455096748
8848,140995475000058
8849,140995494991392
8850,140995515001079
8851,140995535009800
8852,140995554990439
8853,140995574996578
8854,140995595037521
8855,140995615005844
8856,140995639060271
8857,140995659133506
8858,140995678992059
8859,140995699001959
8860,140995718998686
8861,140995739068607
8862,140995759023167
8863,140995778977460
8864,140995799030868
8865,140995819030300
8866,140995838973450
8867,140995859031209
8868,140995879192479
8869,140995898958029
8870,140995919113671
8871,140995938991893
8872,140995958980892
8873,140995979024321
8874,140995999065758
8875,140996019209266
8876,140996039019651
8877,140996059100905
8878,140996079022366
8879,140996099087824
8880,140996119074711
8881,140996144868049
8882,140996163042379
8883,140996183002100
8884,140996203155240
8885,140996223085504
8886,140996243030045
8887,140996263241818
8888,140996283005667
8889,140996303035212
8890,140996323048239
8891,140996343081054
8892,140996363034780
8893,140996383158853
8894,140996403159592
8895,140996423101398
8896,140996443337083
8897,140996462900036
8898,140996483014473
8899,140996503013632
8900,140996523032609
8901,140996543048048
8902,140996563063021
8903,140996582989081
8904,140996602923805
8905,140996623024716
8906,140996647066359
8907,140996667095566
8908,140996687034334
8909,140996707027550
8910,140996727052174
8911,140996747072308
8912,140996767069609
8913,140996787027054
8914,140996806957399
8915,140996827026279
8916,140996847040194
8917,140996867058333
8918,140996887686714
8919,140996907291534
8920,140996927479218
8921,140996948205493
8922,140996967526315
8923,140996987167540
8924,140997007380284
8925,140997027638741
8926,140997047490635
8927,140997067301739
8928,140997087305296
8929,140997107331623
8930,140997127373641
8931,140997151630712
8932,140997171548714
8933,140997191374795
8934,140997211350068
8935,140997231904227
8936,140997251522043
8937,140997271403619
8938,140997291520186
8939,140997311430697
8940,140997331493758
8941,140997351637587
8942,140997371518105
8943,140997391542017
8944,140997411600709
8945,140997431676115
8946,140997451767526
8947,140997471569262
8948,140997491541798
8949,140997511445776
8950,140997531491425
8951,140997551677800
8952,140997571539577
8953,140997591584947
8954,140997611554925
8955,140997631571119
8956,140997655703237
8957,140997675916752
8958,140997695647607
8959,140997715674451
8960,140997735557233
8961,140997755703157
8962,140997775361703
8963,140997795386155
8964,140997815527410
8965,140997835523644
8966,140997855683801
8967,140997875559096
8968,140997895682337
8969,140997915589897
8970,140997935611031
8971,140997956467840
8972,140997975756607
8973,140997995650550
8974,140998015630810
8975,140998035847101
8976,140998055819578
8977,140998075640523
8978,140998095809080
8979,140998115678669
8980,140998135846198
8981,140998159931790
8982,140998179692107
8983,140998199751655
8984,140998219524312
8985,140998239524458
8986,140998259613161
8987,140998279541614
8988,140998299830541
8989,140998319495821
8990,140998339452486
8991,140998359707462
8992,140998379507110
8993,140998399722838
8994,140998419643687
8995,140998439834550
8996,140998459833598
8997,140998479583826
8998,140998499604324
8999,140998519600995
9000,140998539660734
9001,140998559767305
9002,140998579581358
9003,140998599624764
9004,140998619662042
9005,140998640473125
9006,140998663821150
9007,140998683688536
9008,140998703616039
9009,140998723632035
9010,140998743607924
9011,140998763768382
9012,140998783635678
9013,140998803645360
9014,140998823638144
9015,140998843636288
9016,140998863810901
9017,140998883677897
9018,140998904079626
9019,140998923701273
9020,140998944157715
9021,140998963938593
9022,140998983753335
9023,140999003878129
9024,140999023896399
9025,140999043808302
9026,140999063955477
9027,140999083887575
9028,140999103726210
9029,140999123853843
9030,140999144986701
9031,140999167944796
9032,140999188214648
9033,140999208226873
9034,140999227976283
9035,140999248058896
9036,140999267830540
9037,140999288061362
9038,140999308087467
9039,140999328031010
9040,140999348050638
9041,140999368132683
9042,140999388066190
9043,140999408033331
9044,140999428207249
9045,140999448146896
9046,140999468209305
9047,140999488032110
9048,140999507984672
9049,140999528039484
9050,140999548063869
9051,140999568194092
9052,140999588085084
9053,140999607991266
9054,140999627965486
9055,140999648831455
9056,140999672038156
9057,140999692144245
9058,140999712192547
9059,140999731957545
9060,140999751940752
9061,140999772031940
9062,140999791999042
9063,140999812152831
9064,140999832021195
9065,140999852158100
9066,140999871957788
9067,140999893141446
9068,140999916099987
9069,140999932528476
9070,140999953065044
9071,140999971893792
9072,140999991931736
9073,141000014193868
9074,141000032203073
9075,141000052095209
9076,141000072391305
9077,141000092090333
9078,141000112221725
9079,141000132071576
9080,141000153306814
9081,141000176149789
9082,141000196074024
9083,141000216515128
9084,141000236067963
9085,141000256107144
9086,141000276069029
9087,141000296112650
9088,141000316241002
9089,141000336123878
9090,141000356112804
9091,141000376073058
9092,141000397582835
9093,141000416382196
9094,141000436156371
9095,141000456054887
9096,141000476091624
9097,141000496103396
9098,141000516275598
9099,141000536103832
9100,141000556110034
9101,141000576087445
9102,141000596090719
9103,141000616314315
9104,141000636061374
9105,141000656724586
9106,141000680708438
9107,141000700313868
9108,141000720489325
9109,141000740105522
9110,141000760095175
9111,141000780114434
9112,141000800098668
9113,141000820262123
9114,141000840099102
9115,141000860109719
9116,141000880157640
9117,141000900349304
9118,141000920342822
9119,141000940123264
9120,141000960090881
9121,141000980106030
9122,141000999973344
9123,141001020227474
9124,141001040053639
9125,141001060045264
9126,141001080052572
9127,141001100045230
9128,141001120191246
9129,141001140065415
9130,141001160126624
9131,141001184156803
9132,141001204130304
9133,141001224227505
9134,141001244090201
9135,141001264068961
9136,141001284092602
9137,141001304137101
9138,141001324207555
9139,141001344050468
9140,141001364103968
9141,141001384072850
9142,141001404313617
9143,141001424209760
9144,141001444161972
9145,141001464212907
9146,141001484094286
9147,141001504091199
9148,141001524158052
9149,141001544050026
9150,141001564083734
9151,141001584065468
9152,141001604042111
9153,141001624190858
9154,141001644064686
9155,141001664190172
9156,141001688489478
9157,141001708154177
9158,141001728213188
9159,141001748119515
9160,141001768110090
9161,141001788115607
9162,141001808185750
9163,141001828249820
9164,141001848218924
9165,141001868057112
9166,141001888047550
9167,141001908340049
9168,141001928218575
9169,141001949499850
9170,141001968025092
9171,141001988111794
9172,141002008190990
9173,141002028198310
9174,141002048211373
9175,141002068049370
9176,141002088041668
9177,141002108040074
9178,141002128061851
9179,141002148180931
9180,141002168422681
9181,141002192280147
9182,141002212035004
9183,141002233521340
9184,141002251962997
9185,141002271893328
9186,141002291791089
9187,141002311923630
9188,141002331923373
9189,141002352062179
9190,141002371952744
9191,141002391987798
9192,141002412117381
9193,141002432107188
9194,141002451929178
9195,141002471938933
9196,141002492078718
9197,141002511885746
9198,141002531926228
9199,141002551950314
9200,141002571947928
9201,141002591842250
9202,141002611944704
9203,141002631931681
9204,141002651885741
9205,141002672177800
9206,141002696049631
9207,141002715952759
9208,141002735774689
9209,141002755928044
9210,141002776050962
9211,141002795940717
9212,141002815985450
9213,141002835948421
9214,141002856068271
9215,141002875971670
9216,141002895955329
9217,141002916844928
9218,141002936984154
9219,141002955953689
9220,141002976070700
9221,141002995952379
9222,141003015980020
9223,141003036181976
9224,141003056119282
9225,141003076119281
9226,141003096647016
9227,141003115930766
9228,141003136126356
9229,141003155997131
9230,141003176189698
9231,141003199837523
9232,141003219796659
9233,141003239854636
9234,141003259742197
9235,141003279964136
9236,141003299768025
9237,141003319723023
9238,141003339659367
9239,141003359772458
9240,141003379863951
9241,141003399651898
9242,141003419895271
9243,141003439624732
9244,141003459673421
9245,141003479604103
9246,141003499546028
9247,141003519531402
9248,141003539326694
9249,141003559450706
9250,141003579408110
9251,141003599448333
9252,141003619484709
9253,141003639315038
9254,141003659615768
9255,141003679571794
9256,141003703368361
9257,141003723558175
9258,141003743703031
9259,141003763367574
9260,141003783391660
9261,141003803373492
9262,141003823313285
9263,141003843304246
9264,141003864205125
9265,141003883302424
9266,141003903268726
9267,141003923103609
9268,141003943524733
9269,141003963176919
9270,141003983289871
9271,141004003129521
9272,141004023208659
9273,141004042969142
9274,141004063278320
9275,141004083055444
9276,141004103168710
9277,141004123053964
9278,141004143365203
9279,141004164691437
9280,141004182993038
9281,141004207140582
9282,141004226926911
9283,141004247186455
9284,141004267250884
9285,141004287581938
9286,141004307506384
9287,141004327271916
9288,141004347302058
9289,141004367321785
9290,141004387369445
9291,141004407199916
9292,141004426988757
9293,141004447472867
9294,141004467180850
9295,141004487031627
9296,141004507264032
9297,141004526981797
9298,141004546983441
9299,141004567031639
9300,141004586984066
9301,141004607376660
9302,141004627047201
9303,141004646984458
9304,141004667702778
9305,141004687173891
9306,141004711179542
9307,141004730963504
9308,141004750987532
9309,141004770945988
9310,141004790828356
9311,141004811526729
9312,141004831012584
9313,141004850983286
9314,141004870928233
9315,141004891025718
9316,141004911519919
9317,141004933803175
9318,141004952387186
9319,141004970924952
9320,141004990994564
9321,141005010948762
9322,141005030955109
9323,141005050952593
9324,141005070952227
9325,141005090984710
9326,141005110963928
9327,141005131305946
9328,141005151295463
9329,141005171734333
9330,141005191450329
9331,141005215185361
9332,141005235571035
9333,141005255247453
9334,141005274962842
9335,141005294913765
9336,141005314988513
9337,141005334963826
9338,141005355151915
9339,141005374960009
9340,141005395096917
9341,141005415200098
9342,141005434874776
9343,141005455034564
9344,141005474931903
9345,141005494938185
9346,141005514972762
9347,141005534916453
9348,141005554924845
9349,141005574997435
9350,141005594936795
9351,141005614994693
9352,141005634958109
9353,141005654955539
9354,141005675610486
9355,141005695226058
9356,141005718977678
9357,141005739019948
9358,141005759044612
9359,141005779059856
9360,141005799144434
9361,141005819041610
9362,141005839117406
9363,141005859325832
9364,141005879305165
9365,141005899177903
9366,141005919921473
9367,141005939501051
9368,141005959233396
9369,141005979085947
9370,141005999186317
9371,141006019349809
9372,141006039376703
9373,141006059510202
9374,141006079329401
9375,141006099646737
9376,141006119463843
9377,141006139507817
9378,141006159441744
9379,141006179797117
9380,141006198983810
9381,141006223317925
9382,141006243270343
9383,141006263089874
9384,141006283181182
9385,141006303286151
9386,141006323287883
9387,141006343321624
9388,141006363378116
9389,141006383489900
9390,141006403298735
9391,141006425183859
9392,141006442897805
9393,141006463096426
9394,141006483295331
9395,141006503329101
9396,141006523313439
9397,141006543481163
9398,141006563288774
9399,141006583313167
9400,141006603137363
9401,141006622983102
9402,141006643136068
9403,141006663294666
9404,141006683148199
9405,141006702966149
9406,141006727140516
9407,141006747227903
9408,141006766825839
9409,141006787318650
9410,141006807362338
9411,141006827511425
9412,141006847515130
9413,141006867403356
9414,141006887324484
9415,141006907306133
9416,141006928340118
9417,141006947268342
9418,141006966936649
9419,141006987104419
9420,141007007007064
9421,141007027042076
9422,141007046885191
9423,141007066886518
9424,141007086964341
9425,141007106968126
9426,141007127107862
9427,141007146971941
9428,141007167161141
9429,141007186855332
9430,141007207343364
9431,141007231362667
9432,141007251364304
9433,141007271316889
9434,141007291049690
9435,141007310978508
9436,141007330972900
9437,141007351014950
9438,141007370995260
9439,141007391127741
9440,141007411310623
9441,141007431800347
9442,141007451494571
9443,141007470949604
9444,141007491003467
9445,141007511210074
9446,141007530955644
9447,141007550930483
9448,141007570979482
9449,141007590992486
9450,141007610808107
9451,141007630977005
9452,141007651091146
9453,141007671353500
9454,141007690917649
9455,141007710940938
9456,141007735705697
9457,141007755385401
9458,141007775174192
9459,141007794893548
9460,141007814931616
9461,141007834935055
9462,141007855078196
9463,141007874889257
9464,141007895246435
9465,141007914921007
9466,141007935006376
9467,141007954971111
9468,141007974968515
9469,141007994883278
9470,141008015317415
9471,141008035086377
9472,141008055167913
9473,141008075282543
9474,141008095170723
9475,141008115278107
9476,141008134980167
9477,141008154927353
9478,141008176243057
9479,141008196037929
9480,141008214961538
9481,141008238876567
9482,141008259197790
9483,141008279203820
9484,141008299193639
9485,141008319182367
9486,141008339156134
9487,141008358754623
9488,141008379409802
9489,141008399314252
9490,141008419305182
9491,141008438892713
9492,141008458978974
9493,141008478794482
9494,141008499185721
9495,141008519304916
9496,141008539325646
9497,141008559312626
9498,141008579341635
9499,141008599310190
9500,141008619241284
9501,141008639357202
9502,141008659330798
9503,141008680991810
9504,141008698937013
9505,141008719195607
9506,141008743386727
9507,141008763667443
9508,141008783333547
9509,141008803161806
9510,141008822917918
9511,141008843079916
9512,141008863172725
9513,141008883151327
9514,141008904219850
9515,141008922951643
9516,141008943128831
9517,141008963109683
9518,141008983006004
9519,141009003259761
9520,141009023077698
9521,141009043286895
9522,141009063193411
9523,141009083200925
9524,141009103312907
9525,141009123231765
9526,141009143240879
9527,141009163009276
9528,141009184290791
9529,141009203076660
9530,141009223058510
9531,141009246947361
9532,141009266961882
9533,141009286914025
9534,141009307178246
9535,141009326874500
9536,141009347154506
9537,141009366925658
9538,141009386978706
9539,141009406954451
9540,141009427354356
9541,141009446915082
9542,141009467096303
9543,141009487103924
9544,141009506999465
9545,141009526964342
9546,141009547134959
9547,141009566969446
9548,141009586968637
9549,141009607293192
9550,141009627012422
9551,141009647163169
9552,141009667074226
9553,141009687479811
9554,141009707593548
9555,141009726951709
9556,141009751127610
9557,141009771236550
9558,141009791253668
9559,141009811276508
9560,141009831334460
9561,141009851363074
9562,141009871501090
9563,141009891482252
9564,141009911330899
9565,141009933726834
9566,141009955998517
9567,141009971355610
9568,141009991124177
9569,141010010984377
9570,141010030943389
9571,141010050978355
9572,141010071570318
9573,141010091191521
9574,141010111025041
9575,141010130986811
9576,141010151006434
9577,141010171384360
9578,141010191424121
9579,141010211250030
9580,141010231070269
9581,141010255247536
9582,141010274811433
9583,141010295234393
9584,141010315004810
9585,141010335031836
9586,141010354991480
9587,141010374986488
9588,141010395012875
9589,141010414966279
9590,141010436119213
9591,141010455952954
9592,141010475300410
9593,141010495057469
9594,141010515001687
9595,141010534993184
9596,141010555051734
9597,141010575135686
9598,141010595076638
9599,141010614978778
9600,141010635068415
9601,141010654889228
9602,141010675182515
9603,141010695347045
9604,141010715163623
9605,141010735017365
9606,141010759053966
9607,141010779032572
9608,141010799036296
9609,141010819067953
9610,141010839045817
9611,141010859011888
9612,141010879236058
9613,141010898981998
9614,141010919594339
9615,141010939889550
9616,141010959253237
9617,141010978952004
9618,141010999096342
9619,141011018992419
9620,141011038990307
9621,141011059225176
9622,141011078934389
9623,141011098997389
9624,141011118882337
9625,141011138988581
9626,141011159808777
9627,141011179050613
9628,141011199670480
9629,141011219015069
9630,141011239107896
9631,141011263275814
9632,141011283614326
9633,141011303366016
9634,141011323399661
9635,141011343433016
9636,141011363275578
9637,141011383218949
9638,141011403025887
9639,141011422965361
9640,141011443779074
9641,141011462918131
9642,141011482920776
9643,141011503377266
9644,141011523195306
9645,141011543076591
9646,141011563167453
9647,141011583296738
9648,141011603398018
9649,141011623323669
9650,141011643328283
9651,141011663577649
9652,141011683445619
9653,141011703299361
9654,141011723353183
9655,141011747367118
9656,141011767410628
9657,141011787153104
9658,141011807095512
9659,141011827174151
9660,141011847187472
9661,141011867400007
9662,141011887224399
9663,141011907167987
9664,141011927066417
9665,141011947670632
9666,141011967042815
9667,141011987118379
9668,141012007058028
9669,141012026832552
9670,141012046967089
9671,141012067544403
9672,141012087451719
9673,141012107269207
9674,141012127324396
9675,141012146915226
9676,141012167194663
9677,141012188068774
9678,141012207328751
9679,141012227010363
9680,141012251075711
9681,141012270952793
9682,141012291191615
9683,141012311023989
9684,141012331363840
9685,141012351206405
9686,141012370977693
9687,141012390930115
9688,141012411082009
9689,141012430942611
9690,141012450998630
9691,141012470962949
9692,141012491167549
9693,141012511347169
9694,141012531294585
9695,141012551154990
9696,141012570783367
9697,141012590948748
9698,141012610947919
9699,141012630934120
9700,141012651104533
9701,141012670936453
9702,141012692466489
9703,141012712620966
9704,141012731136155
9705,141012754781612
9706,141012775230932
9707,141012795329294
9708,141012815334299
9709,141012835404202
9710,141012855343285
9711,141012875182241
9712,141012895235483
9713,141012914975301
9714,141012935308553
9715,141012954994917
9716,141012975023301
9717,141012995261693
9718,141013015471073
9719,141013035337175
9720,141013055164386
9721,141013074977416
9722,141013094994178
9723,141013115098957
9724,141013135176655
9725,141013154955365
9726,141013174955863
9727,141013196323542
9728,141013214881622
9729,141013235357491
9730,141013259426960
9731,141013279348091
9732,141013299534611
9733,141013319326843
9734,141013339557878
9735,141013359344463
9736,141013379122338
9737,141013399082860
9738,141013419318167
9739,141013439394661
9740,141013461004600
9741,141013478949000
9742,141013499009263
9743,141013519230844
9744,141013539223506
9745,141013559200389
9746,141013579100721
9747,141013599448394
9748,141013619276671
9749,141013639466414
9750,141013659253560
9751,141013679205620
9752,141013700688530
9753,141013718974095
9754,141013739503724
9755,141013763195963
9756,141013783202145
9757,141013803198937
9758,141013822835778
9759,141013843376709
9760,141013863224279
9761,141013882808312
9762,141013903109570
9763,141013923205069
9764,141013945096632
9765,141013962813758
9766,141013982879566
9767,141014003285805
9768,141014023013502
9769,141014043081606
9770,141014063014060
9771,141014082919135
9772,141014103724482
9773,141014122884744
9774,141014142851481
9775,141014162789235
9776,141014182982020
9777,141014207512241
9778,141014227676172
9779,141014247674926
9780,141014271635583
9781,141014291594112
9782,141014311616881
9783,141014331483613
9784,141014351492299
9785,141014371419095
9786,141014391628937
9787,141014411619831
9788,141014431564167
9789,141014451554904
9790,141014467026176
9791,141014486921751
9792,141014506953357
9793,141014526959038
9794,141014546928613
9795,141014566973520
9796,141014588642157
9797,141014618675871
9798,141014632911924
9799,141014648160151
9800,141014667008883
9801,141014686959866
9802,141014707510807
9803,141014727196754
9804,141014746998050
9805,141014770982096
9806,141014790993266
9807,141014810952835
9808,141014831114658
9809,141014851332464
9810,141014871252612
9811,141014891034108
9812,141014911034088
9813,141014931028760
9814,141014953699340
9815,141014973980021
9816,141014991290321
9817,141015011243433
9818,141015031070691
9819,141015050940447
9820,141015071024145
9821,141015091005497
9822,141015111004671
9823,141015131068074
9824,141015151406241
9825,141015170987781
9826,141015191131345
9827,141015210882117
9828,141015231101015
9829,141015251111021
9830,141015275231486
9831,141015295330170
9832,141015315347663
9833,141015335291617
9834,141015355459879
9835,141015375406718
9836,141015395196782
9837,141015414949334
9838,141015434999183
9839,141015455478383
9840,141015475200752
9841,141015494955382
9842,141015514958196
9843,141015534951980
9844,141015554953795
9845,141015574961342
9846,141015595310112
9847,141015615202375
9848,141015634957136
9849,141015654898780
9850,141015675002332
9851,141015695013555
9852,141015715216326
9853,141015735199277
9854,141015754907395
9855,141015778906009
9856,141015799022258
9857,141015819194514
9858,141015838987948
9859,141015859176627
9860,141015879001467
9861,141015898999158
9862,141015918959350
9863,141015939010514
9864,141015959747853
9865,141015979282861
9866,141015999166224
9867,141016019151174
9868,141016039015454
9869,141016059382059
9870,141016079273815
9871,141016099088689
9872,141016119270789
9873,141016139024078
9874,141016159061025
9875,141016179108540
9876,141016199717188
9877,141016219347581
9878,141016239129710
9879,141016259018325
9880,141016283423658
9881,141016303399343
9882,141016323488677
9883,141016343377803
9884,141016363503721
9885,141016383535282
9886,141016403409877
9887,141016423362709
9888,141016443386040
9889,141016464274548
9890,141016483631100
9891,141016503236466
9892,141016523112451
9893,141016543010132
9894,141016563078515
9895,141016582973894
9896,141016603071739
9897,141016623221428
9898,141016643005072
9899,141016663033267
9900,141016683332103
9901,141016704813368
9902,141016723172348
9903,141016743129211
9904,141016763392914
9905,141016787221043
9906,141016807262180
9907,141016827195496
9908,141016847023150
9909,141016867022848
9910,141016887061052
9911,141016907233179
9912,141016927022631
9913,141016947652849
9914,141016967158651
9915,141016987127335
9916,141017007046135
9917,141017027125712
9918,141017047075551
9919,141017067016982
9920,141017087067912
9921,141017107013851
9922,141017127447363
9923,141017147070863
9924,141017167025661
9925,141017187229922
9926,141017208929819
9927,141017227467247
9928,141017247128287
9929,141017267091270
9930,141017291039562
9931,141017310971956
9932,141017331072345
9933,141017351019805
9934,141017371258709
9935,141017391066033
9936,141017411137557
9937,141017431374550
9938,141017451283248
9939,141017471471574
9940,141017491153382
9941,141017511125834
9942,141017531310541
9943,141017551266130
9944,141017571120874
9945,141017591632128
9946,141017611321063
9947,141017631085340
9948,141017651329726
9949,141017671075863
9950,141017691083856
9951,141017712729554
9952,141017731180753
9953,141017751083346
9954,141017771116176
9955,141017795074862
9956,141017815214843
9957,141017835079294
9958,141017855123301
9959,141017875083901
9960,141017895156628
9961,141017915026923
9962,141017935047661
9963,141017955371549
9964,141017975928203
9965,141017995089183
9966,141018015305409
9967,141018035395397
9968,141018055386274
9969,141018075475974
9970,141018095431729
9971,141018115422897
9972,141018135510669
9973,141018155385693
9974,141018175563784
9975,141018195483677
9976,141018215927572
9977,141018235117184
9978,141018255066152
9979,141018275018878
9980,141018299071123
9981,141018318876747
9982,141018339046631
9983,141018359007900
9984,141018379051520
9985,141018399012801
9986,141018419066262
9987,141018439051452
9988,141018460143301
9989,141018478883263
9990,141018498905317
9991,141018519277219
9992,141018539544435
9993,141018559109626
9994,141018579312839
9995,141018599113992
9996,141018619284332
9997,141018639158217
9998,141018659157959
9999,141018679170286
10000,141018699036576
10001,141018721432856
10002,141018739034877
10003,141018759203986
10004,141018779099170
10005,141018803299298
10006,141018823395773
10007,141018843477612
10008,141018863573868
10009,141018884415104
10010,141018903214744
10011,141018923161825
10012,141018943293707
10013,141018965880739
10014,141018983124266
10015,141019003247073
10016,141019022982266
10017,141019043163646
10018,141019062932041
10019,141019083048907
10020,141019103291280
10021,141019123361610
10022,141019143405179
10023,141019163464315
10024,141019183263073
10025,141019203031086
10026,141019223647290
10027,141019243202898
10028,141019263054417
10029,141019283035879
10030,141019307288837
10031,141019327274005
10032,141019347457899
10033,141019367122029
10034,141019387016651
10035,141019407006685
10036,141019427036315
10037,141019447224760
10038,141019469049354
10039,141019490003741
10040,141019513851826
10041,141019533131670
10042,141019552561034
10043,141019582885896
10044,141019600749213
10045,141019616632464
10046,141019634788759
10047,141019653003449
10048,141019667420611
10049,141019692072266
10050,141019716814196
10051,141019729050192
10052,141019747643668
10053,141019766888047
10054,141019786860529
10055,141019810783938
10056,141019830682336
10057,141019850846226
10058,141019870918946
10059,141019891099987
10060,141019911267130
10061,141019931170940
10062,141019951887372
10063,141019971908308
10064,141019995674188
10065,141020010859298
10066,141020030980866
10067,141020050973718
10068,141020071193502
10069,141020090921481
10070,141020110972602
10071,141020130814409
10072,141020150971056
10073,141020170967191
10074,141020190988729
10075,141020211302734
10076,141020231516953
10077,141020251054292
10078,141020271149283
10079,141020291096590
10080,141020315169758
10081,141020335331123
10082,141020354989272
10083,141020375216548
10084,141020395365163
10085,141020414981759
10086,141020439750103
10087,141020470104119
10088,141020492143674
10089,141020514142641
10090,141020536449047
10091,141020558986545
10092,141020581357770
10093,141020595224933
10094,141020613325821
10095,141020635516651
10096,141020653612984
10097,141020667448320
10098,141020681323774
10099,141020699517964
10100,141020719882866
10101,141020739575528
10102,141020759634002
10103,141020779625088
10104,141020799612520
10105,141020821437916
10106,141020856259082
10107,141020878495752
10108,141020897013003
10109,141020906845588
10110,141020919153680
10111,141020939125044
10112,141020959110707
10113,141020982019165
10114,141020999214057
10115,141021019141672
10116,141021038963019
10117,141021058992634
10118,141021079107797
10119,141021098873988
10120,141021119071816
10121,141021139001318
10122,141021159185048
10123,141021179037858
10124,141021199305370
10125,141021219432098
10126,141021239046282
10127,141021259019929
10128,141021278902008
10129,141021299521238
10130,141021323500566
10131,141021343490958
10132,141021363538227
10133,141021383262051
10134,141021403498649
10135,141021423407283
10136,141021443404420
10137,141021463658033
10138,141021483181797
10139,141021502931398
10140,141021523084714
10141,141021543292854
10142,141021563280446
10143,141021583358346
10144,141021603590317
10145,141021623394991
10146,141021643482348
10147,141021663577597
10148,141021683471576
10149,141021703809115
10150,141021724389409
10151,141021743002617
10152,141021762976530
10153,141021783253341
10154,141021803208109
10155,141021827499151
10156,141021847562314
10157,141021867380755
10158,141021887298279
10159,141021907430566
10160,141021927352565
10161,141021948702762
10162,141021967281525
10163,141021987420846
10164,141022007385592
10165,141022027127416
10166,141022047141863
10167,141022067115224
10168,141022087105772
10169,141022107120067
10170,141022127134534
10171,141022147076292
10172,141022167149762
10173,141022187097310
10174,141022207128972
10175,141022227952387
10176,141022247210421
10177,141022267496968
10178,141022287425550
10179,141022307436241
10180,141022331677674
10181,141022351409714
10182,141022371445782
10183,141022391295028
10184,141022411436125
10185,141022431547731
10186,141022451577485
10187,141022472154051
10188,141022491233654
10189,141022511261922
10190,141022531091651
10191,141022550984576
10192,141022571200463
10193,141022591173936
10194,141022610948625
10195,141022630917475
10196,141022651318307
10197,141022671394566
10198,141022691472005
10199,141022711582529
10200,141022733125263
10201,141022751209749
10202,141022771162765
10203,141022790860842
10204,141022810890457
10205,141022835468903
10206,141022855466644
10207,141022875417521
10208,141022895423881
10209,141022915449306
10210,141022935407504
10211,141022955094849
10212,141022975711051
10213,141022995187060
10214,141023015425219
10215,141023035314872
10216,141023055358369
10217,141023075174363
10218,141023095278656
10219,141023115136535
10220,141023135476680
10221,141023155504763
10222,141023175361140
10223,141023195144793
10224,141023215336296
10225,141023235151725
10226,141023256105083
10227,141023275045656
10228,141023295194274
10229,141023315141986
10230,141023339125939
10231,141023359138980
10232,141023379194758
10233,141023399313663
10234,141023419355005
10235,141023439062651
10236,141023459201292
10237,141023479988377
10238,141023499186268
10239,141023519172575
10240,141023539090270
10241,141023559129051
10242,141023579215734
10243,141023599200761
10244,141023619130688
10245,141023639157094
10246,141023659182586
10247,141023679102630
10248,141023699091552
10249,141023719103255
10250,141023739274130
10251,141023759231825
10252,141023779122743
10253,141023799128206
10254,141023819199332
10255,141023843478109
10256,141023863706102
10257,141023883360682
10258,141023903272644
10259,141023923147945
10260,141023943569225
10261,141023963258053
10262,141023983644971
10263,141024003523272
10264,141024023186100
10265,141024043063793
10266,141024063203910
10267,141024083166052
10268,141024103165432
10269,141024123130335
10270,141024143076966
10271,141024163212305
10272,141024183095241
10273,141024203029281
10274,141024223182944
10275,141024243381014
10276,141024263204679
10277,141024283144351
10278,141024303035743
10279,141024323050902
10280,141024348251834
10281,141024367094027
10282,141024387107135
10283,141024407061117
10284,141024427116146
10285,141024447059293
10286,141024467169006
10287,141024487235503
10288,141024507157432
10289,141024527268804
10290,141024547304268
10291,141024567166940
10292,141024587427552
10293,141024607295048
10294,141024627418569
10295,141024647270993
10296,141024667263332
10297,141024687274629
10298,141024707539225
10299,141024727549861
10300,141024747380380
10301,141024767064693
10302,141024787376819
10303,141024807541338
10304,141024827549813
10305,141024851705285
10306,141024871617101
10307,141024891570954
10308,141024911437587
10309,141024931374300
10310,141024952199237
10311,141024971084225
10312,141024991230091
10313,141025013820449
10314,141025031101674
10315,141025051043794
10316,141025071276914
10317,141025091368911
10318,141025111085027
10319,141025131693986
10320,141025151419800
10321,141025171594749
10322,141025191380502
10323,141025211095003
10324,141025231705022
10325,141025251234858
10326,141025271894115
10327,141025290973804
10328,141025311424209
10329,141025331498528
10330,141025355687742
10331,141025375768151
10332,141025395652696
10333,141025415360406
10334,141025435062527
10335,141025455306786
10336,141025475124384
10337,141025495709674
10338,141025515262437
10339,141025535178764
10340,141025555148197
10341,141025575062922
10342,141025595119882
10343,141025615037882
10344,141025635125201
10345,141025655195519
10346,141025675209767
10347,141025695091873
10348,141025715433516
10349,141025735838677
10350,141025755190773
10351,141025775021786
10352,141025795102998
10353,141025815084154
10354,141025835099612
10355,141025859055359
10356,141025879171704
10357,141025899105758
10358,141025919066924
10359,141025939097309
10360,141025959120405
10361,141025979104735
10362,141025999087615
10363,141026019193602
10364,141026039073681
10365,141026059265731
10366,141026079111544
10367,141026099266404
10368,141026119167202
10369,141026139417427
10370,141026159584035
10371,141026179428559
10372,141026199554619
10373,141026219641582
10374,141026241962679
10375,141026259223265
10376,141026279278502
10377,141026299099648
10378,141026319173841
10379,141026339468771
10380,141026363464240
10381,141026383259690
10382,141026403112105
10383,141026423312473
10384,141026443001834
10385,141026463100460
10386,141026483151953
10387,141026503096406
10388,141026523017569
10389,141026543257264
10390,141026563198438
10391,141026583443886
10392,141026603316531
10393,141026623346422
10394,141026643383811
10395,141026663266912
10396,141026683401494
10397,141026703274103
10398,141026723431350
10399,141026744304848
10400,141026763248038
10401,141026783823028
10402,141026803541506
10403,141026823424525
10404,141026843531071
10405,141026867733845
10406,141026887586531
10407,141026907267995
10408,141026926906162
10409,141026947568477
10410,141026967170259
10411,141026989249411
10412,141027007196440
10413,141027027062729
10414,141027047072165
10415,141027067002085
10416,141027087334760
10417,141027107007179
10418,141027127164467
10419,141027147167895
10420,141027167182659
10421,141027187087520
10422,141027207090916
10423,141027227017041
10424,141027247043678
10425,141027267087997
10426,141027287196644
10427,141027306991522
10428,141027327085745
10429,141027347075451
10430,141027371046112
10431,141027390977984
10432,141027411044775
10433,141027430984004
10434,141027450910728
10435,141027471470961
10436,141027492066587
10437,141027511310209
10438,141027531161167
10439,141027550802280
10440,141027571067759
10441,141027591217133
10442,141027611030171
10443,141027631028940
10444,141027651048526
10445,141027671012290
10446,141027691196925
10447,141027711039882
10448,141027731095795
10449,141027751091939
10450,141027771060245
10451,141027791552915
10452,141027811566065
10453,141027831552479
10454,141027851750860
10455,141027875653357
10456,141027895586420
10457,141027915287851
10458,141027935327854
10459,141027956256221
10460,141027975257330
10461,141027997469016
10462,141028015369650
10463,141028035400569
10464,141028055084440
10465,141028075249905
10466,141028095210553
10467,141028115085469
10468,141028135200799
10469,141028155116597
10470,141028175135567
10471,141028195127438
10472,141028215121954
10473,141028235123432
10474,141028255434193
10475,141028275190878
10476,141028295326538
10477,141028315085228
10478,141028335078073
10479,141028355078907
10480,141028379155388
10481,141028399100261
10482,141028419358302
10483,141028439240887
10484,141028459108193
10485,141028478919625
10486,141028499953136
10487,141028519507961
10488,141028539465057
10489,141028559087926
10490,141028579172803
10491,141028599332659
10492,141028618969252
10493,141028639259061
10494,141028659146771
10495,141028679150512
10496,141028699149594
10497,141028719130134
10498,141028739249999
10499,141028759469748
10500,141028779269071
10501,141028799105964
10502,141028819111298
10503,141028839250499
10504,141028859139223
10505,141028883148275
10506,141028903126159
10507,141028923187767
10508,141028943532855
10509,141028963104840
10510,141028983239690
10511,141029003863589
10512,141029023060859
10513,141029042871600
10514,141029063392083
10515,141029083453615
10516,141029103486952
10517,141029123267752
10518,141029143358681
10519,141029163470495
10520,141029183382500
10521,141029203295056
10522,141029223167958
10523,141029244460336
10524,141029263093177
10525,141029283263232
10526,141029303193000
10527,141029323049951
10528,141029343103550
10529,141029363105775
10530,141029387057945
10531,141029407033120
10532,141029427071883
10533,141029447044600
10534,141029467065837
10535,141029487123681
10536,141029507333902
10537,141029527129786
10538,141029547029993
10539,141029567042308
10540,141029587060258
10541,141029606982934
10542,141029627370018
10543,141029647210557
10544,141029667046376
10545,141029686955182
10546,141029706970492
10547,141029727046518
10548,141029747385094
10549,141029767115229
10550,141029787099773
10551,141029807016109
10552,141029827022818
10553,141029846956596
10554,141029867401950
10555,141029891312101
10556,141029911051267
10557,141029931183853
10558,141029951885728
10559,141029970923202
10560,141029991513483
10561,141030013435613
10562,141030035990780
10563,141030051401045
10564,141030071502011
10565,141030091116915
10566,141030111002195
10567,141030131003238
10568,141030150987826
10569,141030170808420
10570,141030191510767
10571,141030211630778
10572,141030231531718
10573,141030252447102
10574,141030271169722
10575,141030290995019
10576,141030311311002
10577,141030331390788
10578,141030351448373
10579,141030371417580
10580,141030395724285
10581,141030415747765
10582,141030435416017
10583,141030455685810
10584,141030475803380
10585,141030495293721
10586,141030514926102
10587,141030534973049
10588,141030555219215
10589,141030575177582
10590,141030595377703
10591,141030615420168
10592,141030635351791
10593,141030655403177
10594,141030675460225
10595,141030695470358
10596,141030715242009
10597,141030735163343
10598,141030756113521
10599,141030775044944
10600,141030795016848
10601,141030815472564
10602,141030835500221
10603,141030855565237
10604,141030875457602
10605,141030899558808
10606,141030919488317
10607,141030939004026
10608,141030958960772
10609,141030978925170
10610,141030998936542
10611,141031019271997
10612,141031039130958
10613,141031059030941
10614,141031079292685
10615,141031099266971
10616,141031119299782
10617,141031138887412
10618,141031159475755
10619,141031179411581
10620,141031199419917
10621,141031219535838
10622,141031239510545
10623,141031260499408
10624,141031279085185
10625,141031299443886
10626,141031319710078
10627,141031339461782
10628,141031359665726
10629,141031379423635
10630,141031403437579
10631,141031423286078
10632,141031443184524
10633,141031463499367
10634,141031483390541
10635,141031503307750
10636,141031523191157
10637,141031543722624
10638,141031563474471
10639,141031583358273
10640,141031603290133
10641,141031623257550
10642,141031643239841
10643,141031663193902
10644,141031683327530
10645,141031703456403
10646,141031723186892
10647,141031743268357
10648,141031764298365
10649,141031783217385
10650,141031803080396
10651,141031822941117
10652,141031842969894
10653,141031863592332
10654,141031883335470
10655,141031907699459
10656,141031927408851
10657,141031948097480
10658,141031967348838
10659,141031987422338
10660,141032008530212
10661,141032027013184
10662,141032047038037
10663,141032066952780
10664,141032087315827
10665,141032107320119
10666,141032126988004
10667,141032147368211
10668,141032167472390
10669,141032187707107
10670,141032207714034
10671,141032227542538
10672,141032248170358
10673,141032267767138
10674,141032287165709
10675,141032307106407
10676,141032327124605
10677,141032347175913
10678,141032366921512
10679,141032387089018
10680,141032411292981
10681,141032431113030
10682,141032451090610
10683,141032471067343
10684,141032491078703
10685,141032512107891
10686,141032531026206
10687,141032551165017
10688,141032571067844
10689,141032591096541
10690,141032611097900
10691,141032631267448
10692,141032651092219
10693,141032671045335
10694,141032691032048
10695,141032711114366
10696,141032731100513
10697,141032751117612
10698,141032771002389
10699,141032791018014
10700,141032811404670
10701,141032831292487
10702,141032851054085
10703,141032871467376
10704,141032891268389
10705,141032915300114
10706,141032935284459
10707,141032954978533
10708,141032975084728
10709,141032995424767
10710,141033018308842
10711,141033034939486
10712,141033055186007
10713,141033075492433
10714,141033095429516
10715,141033115441724
10716,141033135475511
10717,141033155593871
10718,141033175674335
10719,141033195595790
10720,141033215487675
10721,141033235456725
10722,141033255474625
10723,141033275361663
10724,141033295254033
10725,141033315176966
10726,141033335878516
10727,141033355031951
10728,141033375124723
10729,141033395117245
10730,141033419399042
10731,141033439313423
10732,141033459315500
10733,141033479136437
10734,141033499100841
10735,141033520972361
10736,141033539255556
10737,141033559142730
10738,141033579162487
10739,141033599211090
10740,141033619180134
10741,141033639296211
10742,141033659107286
10743,141033679192998
10744,141033699472377
10745,141033719532483
10746,141033739347282
10747,141033759163714
10748,141033779258447
10749,141033799254883
10750,141033819322214
10751,141033839606760
10752,141033859787822
10753,141033879626325
10754,141033899491345
10755,141033923783190
10756,141033943961012
10757,141033963332722
10758,141033983211866
10759,141034003346815
10760,141034024125056
10761,141034043225245
10762,141034063220097
10763,141034083093052
10764,141034103127792
10765,141034123214392
10766,141034143226699
10767,141034162998441
10768,141034182931004
10769,141034203342459
10770,141034223404627
10771,141034243313452
10772,141034263468996
10773,141034283261152
10774,141034303219167
10775,141034323089945
10776,141034343049064
10777,141034363279979
10778,141034383052185
10779,141034403093751
10780,141034427526347
10781,141034447101934
10782,141034467096093
10783,141034487143370
10784,141034507317766
10785,141034527011989
10786,141034547161799
10787,141034567143458
10788,141034587097958
10789,141034606924825
10790,141034627315732
10791,141034647480999
10792,141034667441786
10793,141034687466433
10794,141034707375764
10795,141034727543672
10796,141034747479969
10797,141034767830348
10798,141034787055453
10799,141034807571642
10800,141034827418438
10801,141034847107373
10802,141034867359981
10803,141034887259703
10804,141034907109478
10805,141034930909230
10806,141034951447475
10807,141034971118995
10808,141034991055143
10809,141035011052579
10810,141035031316841
10811,141035053803513
10812,141035071275712
10813,141035091018925
10814,141035111053058
10815,141035131137049
10816,141035151075260
10817,141035171048892
10818,141035191355967
10819,141035211105969
10820,141035231073163
10821,141035251896768
10822,141035271864047
10823,141035291074229
10824,141035311155331
10825,141035331517988
10826,141035351090473
10827,141035371109244
10828,141035391332178
10829,141035411179409
10830,141035435455122
10831,141035455321534
10832,141035475122085
10833,141035495147583
10834,141035515081099
10835,141035535590183
10836,141035555190970
10837,141035575094498
10838,141035595079570
10839,141035615163694
10840,141035634935827
10841,141035655094796
10842,141035675055446
10843,141035695318804
10844,141035715556776
10845,141035735526962
10846,141035755078662
10847,141035776572441
10848,141035794982005
10849,141035815116922
10850,141035835358361
10851,141035854957961
10852,141035874952009
10853,141035895088694
10854,141035915210498
10855,141035939837512
10856,141035959081650
10857,141035978980060
10858,141035999376718
10859,141036019206029
10860,141036039456432
10861,141036059307530
10862,141036079265379
10863,141036099202633
10864,141036119182286
10865,141036139202738
10866,141036159126832
10867,141036179181885
10868,141036199122685
10869,141036219140674
10870,141036239224508
10871,141036259386038
10872,141036280035795
10873,141036299190523
10874,141036319144431
10875,141036339335353
10876,141036359342235
10877,141036379512870
10878,141036399498129
10879,141036419149302
10880,141036443812082
10881,141036463709996
10882,141036483508102
10883,141036503363777
10884,141036523198435
10885,141036543524127
10886,141036563382427
10887,141036583205144
10888,141036603156641
10889,141036623201386
10890,141036643124332
10891,141036663310708
10892,141036683186446
10893,141036703186141
10894,141036723221625
10895,141036743519480
10896,141036764351717
10897,141036783980570
10898,141036803277961
10899,141036823199818
10900,141036843168957
10901,141036863654144
10902,141036883386329
10903,141036903150650
10904,141036923163940
10905,141036948309074
10906,141036967047217
10907,141036987071787
10908,141037007144050
10909,141037027774574
10910,141037047173767
10911,141037067194594
10912,141037087080332
10913,141037107117365
10914,141037127109808
10915,141037147158949
10916,141037167340506
10917,141037187116297
10918,141037207083814
10919,141037227075413
10920,141037247076282
10921,141037267364847
10922,141037287016761
10923,141037307215506
10924,141037327184791
10925,141037347114860
10926,141037367231027
10927,141037387113162
10928,141037407070105
10929,141037427055455
10930,141037451575734
10931,141037471585054
10932,141037491101459
10933,141037511713448
10934,141037531900258
10935,141037551164118
10936,141037571241279
10937,141037591309654
10938,141037611108892
10939,141037631121978
10940,141037651083257
10941,141037671137255
10942,141037691543178
10943,141037711358356
10944,141037731053471
10945,141037751081049
10946,141037771437893
10947,141037791032944
10948,141037811414718
10949,141037831612734
10950,141037851484645
10951,141037871448850
10952,141037891417206
10953,141037911257785
10954,141037931077957
10955,141037955040087
10956,141037975205836
10957,141037995410418
10958,141038015465724
10959,141038036762425
10960,141038055026236
10961,141038075592390
10962,141038095768739
10963,141038115629318
10964,141038135619256
10965,141038155612007
10966,141038175502631
10967,141038195665829
10968,141038215488793
10969,141038235776014
10970,141038255943340
10971,141038275037108
10972,141038295318035
10973,141038315057502
10974,141038335606758
10975,141038355601273
10976,141038375468978
10977,141038395425424
10978,141038415339484
10979,141038434984119
10980,141038459727470
10981,141038479341981
10982,141038499083902
10983,141038519261094
10984,141038540101339
10985,141038559191152
10986,141038579279214
10987,141038599145620
10988,141038619105551
10989,141038639135228
10990,141038659039347
10991,141038679137131
10992,141038699206521
10993,141038719126213
10994,141038739041851
10995,141038759273529
10996,141038779124020
10997,141038799954415
10998,141038819164116
10999,141038839376310
11000,141038860798964
11001,141038879448414
11002,141038899441742
11003,141038919597309
11004,141038939372386
11005,141038963517750
11006,141038983209069
11007,141039003141157
11008,141039023099877
11009,141039043408997
11010,141039063108108
11011,141039083029345
11012,141039103453858
11013,141039123814824
11014,141039143475418
11015,141039163674854
11016,141039183387266
11017,141039203698154
11018,141039223499380
11019,141039243520556
11020,141039263660063
11021,141039283830990
11022,141039303541150
11023,141039323318757
11024,141039343466503
11025,141039363509949
11026,141039384363205
11027,141039403015069
11028,141039423377117
11029,141039443538772
11030,141039467755192
11031,141039487964734
11032,141039507209083
11033,141039527339551
11034,141039547043544
11035,141039567089771
11036,141039587349601
11037,141039607528064
11038,141039627755253
11039,141039647636368
11040,141039667468484
11041,141039687833562
11042,141039707573503
11043,141039727326338
11044,141039747308952
11045,141039768604531
11046,141039788211810
11047,141039807138966
11048,141039827267004
11049,141039847082417
11050,141039867123845
11051,141039887086391
11052,141039907111136
11053,141039927197838
11054,141039948510209
11055,141039971191762
11056,141039991208738
11057,141040011152767
11058,141040031111145
11059,141040051220004
11060,141040071039738
11061,141040091086437
11062,141040110889507
11063,141040131256266
11064,141040151201696
11065,141040171374979
11066,141040191326690
11067,141040211419302
11068,141040231193727
11069,141040251375853
11070,141040271154678
11071,141040292153971
11072,141040311044640
11073,141040331478339
11074,141040351380039
11075,141040371393445
11076,141040391471752
11077,141040411498735
11078,141040431448452
11079,141040451499743
11080,141040475804485
11081,141040495628086
11082,141040516036741
11083,141040535082670
11084,141040555040833
11085,141040575147314
11086,141040594902911
11087,141040614978421
11088,141040635198945
11089,141040655004015
11090,141040674956923
11091,141040695335368
11092,141040715242272
11093,141040735612260
11094,141040755362011
11095,141040775230872
11096,141040796195561
11097,141040815269036
11098,141040835031381
11099,141040855130226
11100,141040875087851
11101,141040895165690
11102,141040915122386
11103,141040935125336
11104,141040955057293
11105,141040979230817
11106,141040999105660
11107,141041019130849
11108,141041039189963
11109,141041059286865
11110,141041079188611
11111,141041099164870
11112,141041119389420
11113,141041139421316
11114,141041159497521
11115,141041179526926
11116,141041199342588
11117,141041219593723
11118,141041239559902
11119,141041259664963
11120,141041279335935
11121,141041300640532
11122,141041319086802
11123,141041339459613
11124,141041359413325
11125,141041379390464
11126,141041399357171
11127,141041419088008
11128,141041439496833
11129,141041459665133
11130,141041483558555
11131,141041503268094
11132,141041523336297
11133,141041544127727
11134,141041563169264
11135,141041583107126
11136,141041603371000
11137,141041623470100
11138,141041643229049
11139,141041663411484
11140,141041683483471
11141,141041703635232
11142,141041723623015
11143,141041743292004
11144,141041763269871
11145,141041783558689
11146,141041803747706
11147,141041823049039
11148,141041843257182
11149,141041863385049
11150,141041883625784
11151,141041903489846
11152,141041923695920
11153,141041943641813
11154,141041963150881
11155,141041987123135
11156,141042011247796
11157,141042027825833
11158,141042049026876
11159,141042067597362
11160,141042087546812
11161,141042107167454
11162,141042127163305
11163,141042147199964
11164,141042167206365
11165,141042187266949
11166,141042207193630
11167,141042227639111
11168,141042247728998
11169,141042267203864
11170,141042287171972
11171,141042307497314
11172,141042327374197
11173,141042347270963
11174,141042367134650
11175,141042387141197
11176,141042407138765
11177,141042427168504
11178,141042447124541
11179,141042467183031
11180,141042491491063
11181,141042511223450
11182,141042534165054
11183,141042553425100
11184,141042586669669
11185,141042601882363
11186,141042613847494
11187,141042631145252
11188,141042650934991
11189,141042671450416
11190,141042691062357
11191,141042711186928
11192,141042731474813
11193,141042751397256
11194,141042773176623
11195,141042791114782
11196,141042811528225
11197,141042831388614
11198,141042851259902
11199,141042871206088
11200,141042891188789
11201,141042911040647
11202,141042931180941
11203,141042952141089
11204,141042971253144
11205,141042995227914
11206,141043015155109
11207,141043035181411
11208,141043056388442
11209,141043075334945
11210,141043095172487
11211,141043115375748
11212,141043135378139
11213,141043155495377
11214,141043175516802
11215,141043195462298
11216,141043215271176
11217,141043235543241
11218,141043255195937
11219,141043275088059
11220,141043295039452
11221,141043315935814
11222,141043335298722
11223,141043355218347
11224,141043375235536
11225,141043395307632
11226,141043415354425
11227,141043435161779
11228,141043455180545
11229,141043475237652
11230,141043499462320
11231,141043519888121
11232,141043539397813
11233,141043559398463
11234,141043579378449
11235,141043599153958
11236,141043619081889
11237,141043639358442
11238,141043659340770
11239,141043679197752
11240,141043699458987
11241,141043719725632
11242,141043739668353
11243,141043759500456
11244,141043779536844
11245,141043799798610
11246,141043819468228
11247,141043839273160
11248,141043859492836
11249,141043879548565
11250,141043899175378
11251,141043919167360
11252,141043939508023
11253,141043959208576
11254,141043979168510
11255,141044003570703
11256,141044023683379
11257,141044043529695
11258,141044063592126
11259,141044083312664
11260,141044103164780
11261,141044123238893
11262,141044143380281
11263,141044163383960
11264,141044183520169
11265,141044203544116
11266,141044223382152
11267,141044243176757
11268,141044263430201
11269,141044283347649
11270,141044304154561
11271,141044323169458
11272,141044343341308
11273,141044363470392
11274,141044383240307
11275,141044403270025
11276,141044423177438
11277,141044443202954
11278,141044463200787
11279,141044483259345
11280,141044507103954
11281,141044527265538
11282,141044547218341
11283,141044567484065
11284,141044587199590
11285,141044607428876
11286,141044627202496
11287,141044647230008
11288,141044667197209
11289,141044687101877
11290,141044707221439
11291,141044727321784
11292,141044747258510
11293,141044767235129
11294,141044787232279
11295,141044809053243
11296,141044827409583
11297,141044847367419
11298,141044867205317
11299,141044887280027
11300,141044907217090
11301,141044927484281
11302,141044947885205
11303,141044967271415
11304,141044987318877
11305,141045011387467
11306,141045031331498
11307,141045051378378
11308,141045071129908
11309,141045094118161
11310,141045111080574
11311,141045131169988
11312,141045151130052
11313,141045171127827
11314,141045191334066
11315,141045211182317
11316,141045231155127
11317,141045251148003
11318,141045271519064
11319,141045291437462
11320,141045312369243
11321,141045331240572
11322,141045351192913
11323,141045371172206
11324,141045390901317
11325,141045411195690
11326,141045431110639
11327,141045451132433
11328,141045471162295
11329,141045491505284
11330,141045515099666
11331,141045535151719
11332,141045555374716
11333,141045575068536
11334,141045595228165
11335,141045615111936
11336,141045635128848
11337,141045655203760
11338,141045675154205
11339,141045695342447
11340,141045715455191
11341,141045735205604
11342,141045755353602
11343,141045775349835
11344,141045795133009
11345,141045815233991
11346,141045835267444
11347,141045855250919
11348,141045875142894
11349,141045895181433
11350,141045915068299
11351,141045935179923
11352,141045956080923
11353,141045975174723
11354,141045994929767
11355,141046019349904
11356,141046039278945
11357,141046061294824
11358,141046079083778
11359,141046099491309
11360,141046119232123
11361,141046139295368
11362,141046158959417
11363,141046179499825
11364,141046199435882
11365,141046219498570
11366,141046239488048
11367,141046259344692
11368,141046279349597
11369,141046299297178
11370,141046319072163
11371,141046339406379
11372,141046359214196
11373,141046379195795
11374,141046399384042
11375,141046419374708
11376,141046439170944
11377,141046459438550
11378,141046479171813
11379,141046499435117
11380,141046524265894
11381,141046543415567
11382,141046564420658
11383,141046583157417
11384,141046603587691
11385,141046623524043
11386,141046643474965
11387,141046663494977
11388,141046683352175
11389,141046703391687
11390,141046723250349
11391,141046743000904
11392,141046763208019
11393,141046783140165
11394,141046803058411
11395,141046823237022
11396,141046843277611
11397,141046863568017
11398,141046883149158
11399,141046903704204
11400,141046922959323
11401,141046943250508
11402,141046963027564
11403,141046982951754
11404,141047003081161
11405,141047027771174
11406,141047047519014
11407,141047069289087
11408,141047087111742
11409,141047106991763
11410,141047126922871
11411,141047146970176
11412,141047167256504
11413,141047187018443
11414,141047207341951
11415,141047227277538
11416,141047247462469
11417,141047267414155
11418,141047287005491
11419,141047307087403
11420,141047327243868
11421,141047347054676
11422,141047367451030
11423,141047387276564
11424,141047407392923
11425,141047427245306
11426,141047446936683
11427,141047467135267
11428,141047487096692
11429,141047507134781
11430,141047531556486
11431,141047551527036
11432,141047572528231
11433,141047591138038
11434,141047611497996
11435,141047631266439
11436,141047651234807
11437,141047671393218
11438,141047690947325
11439,141047711346613
11440,141047731260849
11441,141047751375666
11442,141047771413268
11443,141047791301156
11444,141047811217716
11445,141047831135576
11446,141047851284325
11447,141047871241221
11448,141047890972957
11449,141047911412943
11450,141047931438230
11451,141047952717373
11452,141047971042943
11453,141047991047645
11454,141048012616133
11455,141048037295146
11456,141048055146691
11457,141048075933521
11458,141048095159194
11459,141048115145135
11460,141048135155153
11461,141048155233786
11462,141048175126889
11463,141048195128342
11464,141048215087240
11465,141048235200533
11466,141048255233286
11467,141048275159061
11468,141048295155150
11469,141048316108067
11470,141048335073126
11471,141048355249858
11472,141048374976020
11473,141048395395559
11474,141048415554947
11475,141048435601500
11476,141048455365814
11477,141048475601682
11478,141048495721092
11479,141048515538288
11480,141048539880930
11481,141048559774990
11482,141048579086855
11483,141048599580494
11484,141048619510067
11485,141048639764702
11486,141048659330952
11487,141048679334763
11488,141048699347865
11489,141048719403328
11490,141048739324300
11491,141048759470977
11492,141048780657202
11493,141048798988197
11494,141048820521290
11495,141048839134158
11496,141048859648338
11497,141048879405319
11498,141048899471904
11499,141048919427687
11500,141048938955579
11501,141048959251898
11502,141048979039529
11503,141048998975402
11504,141049024338474
11505,141049048118666
11506,141049068247281
11507,141049088297411
11508,141049107820457
11509,141049123310423
11510,141049142974138
11511,141049162993581
11512,141049182941001
11513,141049203458162
11514,141049223395239
11515,141049243183344
11516,141049263405191
11517,141049283413165
11518,141049303395285
11519,141049323717792
11520,141049343100723
11521,141049363357070
11522,141049383298124
11523,141049403265241
11524,141049423344198
11525,141049443362771
11526,141049463122587
11527,141049482997824
11528,141049503691988
11529,141049524664954
11530,141049549721256
11531,141049568963377
11532,141049589473776
11533,141049607264892
11534,141049626990124
11535,141049646998824
11536,141049667429834
11537,141049687210780
11538,141049707262930
11539,141049726978504
11540,141049747259069
11541,141049767459157
11542,141049787483054
11543,141049807389842
11544,141049828325306
11545,141049847226202
11546,141049867693093
11547,141049887324782
11548,141049907153994
11549,141049927153640
11550,141049947234951
11551,141049967203101
11552,141049987102500
11553,141050007235450
11554,141050027127640
11555,141050051093798
11556,141050072408711
11557,141050091269589
11558,141050110990282
11559,141050130959409
11560,141050150964046
11561,141050170988834
11562,141050191064352
11563,141050211401569
11564,141050231464457
11565,141050251507383
11566,141050271492120
11567,141050291832733
11568,141050311158416
11569,141050331467554
11570,141050351051193
11571,141050371615369
11572,141050391596150
11573,141050411434806
11574,141050431469914
11575,141050451400591
11576,141050471503988
11577,141050491361776
11578,141050511048239
11579,141050531384480
11580,141050555572241
11581,141050575884633
11582,141050595233606
11583,141050615666994
11584,141050635537653
11585,141050655532665
11586,141050675517153
11587,141050695540535
11588,141050715659829
11589,141050735605198
11590,141050755518157
11591,141050775684043
11592,141050795527126
11593,141050815460932
11594,141050835319393
11595,141050855237561
11596,141050875476795
11597,141050895420485
11598,141050915398551
11599,141050935162017
11600,141050955104285
11601,141050975197770
11602,141050995112115
11603,141051015175009
11604,141051035683655
11605,141051059096428
11606,141051079521342
11607,141051099265977
11608,141051119171868
11609,141051139186916
11610,141051159483882
11611,141051179162140
11612,141051199152914
11613,141051219168537
11614,141051239142404
11615,141051259183699
11616,141051279348598
11617,141051299429803
11618,141051319361214
11619,141051339132384
11620,141051359071891
11621,141051379428328
11622,141051399200558
11623,141051419413613
11624,141051439358533
11625,141051459279897
11626,141051479358831
11627,141051499485794
11628,141051519423104
11629,141051539387069
11630,141051563335740
11631,141051584345022
11632,141051603124482
11633,141051623059171
11634,141051643232468
11635,141051663270328
11636,141051683238208
11637,141051703453197
11638,141051723415617
11639,141051743064395
11640,141051763059407
11641,141051783315852
11642,141051803330903
11643,141051823105506
11644,141051843009280
11645,141051863058797
11646,141051883284944
11647,141051903290236
11648,141051923445977
11649,141051943618586
11650,141051963175413
11651,141051983039591
11652,141052003274568
11653,141052023300235
11654,141052043405691
11655,141052067589996
11656,141052087674827
11657,141052107159624
11658,141052127222192
11659,141052147174316
11660,141052167137543
11661,141052187286603
11662,141052207154648
11663,141052227178316
11664,141052247412424
11665,141052267275609
11666,141052287525129
11667,141052307549040
11668,141052327700174
11669,141052347393852
11670,141052367196278
11671,141052387187925
11672,141052407179597
11673,141052427351529
11674,141052447331737
11675,141052467369215
11676,141052487171929
11677,141052507163619
11678,141052527202744
11679,141052547245652
11680,141052571298013
11681,141052591312149
11682,141052611765387
11683,141052631658045
11684,141052651314959
11685,141052671209667
11686,141052691143574
11687,141052711237108
11688,141052731074401
11689,141052751397575
11690,141052771183524
11691,141052791277748
11692,141052811153230
11693,141052831523925
11694,141052851184403
11695,141052871241626
11696,141052891100473
11697,141052911189306
11698,141052931233696
11699,141052952179913
11700,141052971160558
11701,141052991184042
11702,141053011224654
11703,141053031422087
11704,141053051384276
11705,141053075614753
11706,141053095011436
11707,141053115256754
11708,141053135548629
11709,141053155507717
11710,141053175221837
11711,141053195183246
11712,141053215129023
11713,141053235199486
11714,141053255197685
11715,141053275201947
11716,141053295773566
11717,141053315204537
11718,141053335278587
11719,141053355165882
11720,141053375297803
11721,141053395189802
11722,141053415206129
11723,141053434971694
11724,141053455304728
11725,141053475542900
11726,141053495662850
11727,141053515533612
11728,141053535189249
11729,141053555537544
11730,141053579653923
11731,141053599224283
11732,141053619247569
11733,141053639191022
11734,141053659156253
11735,141053679203022
11736,141053699358534
11737,141053719228883
11738,141053739238213
11739,141053759224703
11740,141053779186501
11741,141053799195036
11742,141053819196318
11743,141053839919328
11744,141053859260368
11745,141053879522626
11746,141053899199480
11747,141053919205716
11748,141053939155587
11749,141053959187704
11750,141053979165662
11751,141053999218632
11752,141054019255228
11753,141054039289560
11754,141054059259724
11755,141054083361680
11756,141054103284883
11757,141054123316880
11758,141054143248129
11759,141054163204317
11760,141054183162185
11761,141054203180855
11762,141054223397681
11763,141054243197970
11764,141054263191544
11765,141054283199618
11766,141054303402550
11767,141054323187628
11768,141054343089062
11769,141054363312644
11770,141054383197779
11771,141054403211135
11772,141054423216224
11773,141054443167024
11774,141054463196933
11775,141054483194233
11776,141054503281492
11777,141054523184506
11778,141054543157779
11779,141054563243974
11780,141054587402928
11781,141054607241872
11782,141054627257359
11783,141054647364923
11784,141054667177654
11785,141054687152982
11786,141054707373097
11787,141054727211002
11788,141054747371031
11789,141054767229074
11790,141054787149109
11791,141054807216767
11792,141054827089926
11793,141054847090298
11794,141054867259696
11795,141054887628466
11796,141054907579071
11797,141054927134440
11798,141054947918361
11799,141054967467835
11800,141054987282020
11801,141055007450248
11802,141055027547921
11803,141055047439741
11804,141055067597856
11805,141055092803409
11806,141055115529412
11807,141055131120460
11808,141055151073741
11809,141055171071029
11810,141055191555574
11811,141055211567778
11812,141055231636999
11813,141055251525274
11814,141055271185878
11815,141055291177560
11816,141055311202412
11817,141055331244765
11818,141055351139866
11819,141055371335928
11820,141055391166016
11821,141055411213382
11822,141055431124565
11823,141055451328490
11824,141055471165722
11825,141055491217772
11826,141055511160565
11827,141055531185581
11828,141055551238363
11829,141055571197295
11830,141055596625268
11831,141055615193248
11832,141055634993807
11833,141055655285600
11834,141055675020591
11835,141055695158661
11836,141055715403968
11837,141055735212922
11838,141055755253322
11839,141055775190411
11840,141055795186937
11841,141055815172274
11842,141055835170090
11843,141055855119236
11844,141055875103049
11845,141055895482168
11846,141055915516992
11847,141055935404768
11848,141055955106444
11849,141055975201251
11850,141055995211709
11851,141056020237704
11852,141056040128505
11853,141056057452148
11854,141056075259782
11855,141056100234382
11856,141056119210509
11857,141056139007392
11858,141056159042372
11859,141056179019545
11860,141056199558368
11861,141056219454945
11862,141056239291684
11863,141056259324009
11864,141056279310907
11865,141056300535647
11866,141056319303926
11867,141056339372311
11868,141056359228421
11869,141056379285066
11870,141056399324553
11871,141056419232475
11872,141056439218671
11873,141056459193428
11874,141056479125260
11875,141056499220860
11876,141056519086624
11877,141056539235961
11878,141056559202539
11879,141056579245391
11880,141056603195418
11881,141056623308519
11882,141056643120064
11883,141056663194902
11884,141056683192339
11885,141056703050010
11886,141056723160094
11887,141056743106792
11888,141056763175319
11889,141056783164286
11890,141056803108445
11891,141056823377764
11892,141056843872503
11893,141056863343250
11894,141056883292330
11895,141056903174515
11896,141056923232507
11897,141056943305299
11898,141056963131422
11899,141056983211351
11900,141057003187584
11901,141057023212176
11902,141057043462818
11903,141057063362750
11904,141057083842980
11905,141057107081984
11906,141057127243549
11907,141057147595665
11908,141057167644898
11909,141057187513833
11910,141057207505041
11911,141057227253504
11912,141057247344232
11913,141057267233275
11914,141057287216303
11915,141057307353381
11916,141057327259515
11917,141057347603161
11918,141057367286784
11919,141057387319854
11920,141057407510437
11921,141057427465934
11922,141057447379244
11923,141057467399937
11924,141057487477425
11925,141057507072501
11926,141057527221564
11927,141057547243904
11928,141057567200206
11929,141057587222513
11930,141057611423465
11931,141057631279085
11932,141057651385376
11933,141057671202393
11934,141057691243579
11935,141057711161660
11936,141057730996563
11937,141057751262148
11938,141057771428883
11939,141057791360671
11940,141057811246211
11941,141057831238221
11942,141057852224565
11943,141057871231637
11944,141057891216684
11945,141057911222580
11946,141057931033642
11947,141057954578679
11948,141057971257152
11949,141057991227452
11950,141058011710102
11951,141058031308969
11952,141058051364847
11953,141058071211762
11954,141058091181835
11955,141058115407157
11956,141058135316254
11957,141058155402315
11958,141058175200597
11959,141058195242003
11960,141058215150250
11961,141058235227505
11962,141058255366997
11963,141058274976534
11964,141058295446350
11965,141058315493940
11966,141058335441651
11967,141058356940235
11968,141058375146512
11969,141058395085802
11970,141058415560351
11971,141058435318750
11972,141058455484716
11973,141058474985399
11974,141058495448045
11975,141058515036637
11976,141058535412986
11977,141058556376810
11978,141058575233437
11979,141058595427623
11980,141058619424129
11981,141058639377276
11982,141058659293686
11983,141058679357539
11984,141058699323197
11985,141058719376097
11986,141058739255845
11987,141058759366190
11988,141058779265586
11989,141058799334427
11990,141058819306919
11991,141058839312286
11992,141058860483455
11993,141058879515817
11994,141058899246018
11995,141058919262544
11996,141058939258715
11997,141058959333991
11998,141058979262863
11999,141058999320410
12000,141059019353094
12001,141059039385160
12002,141059059445677
12003,141059079323692
12004,141059099961083
12005,141059123199677
12006,141059143265767
12007,141059163343265
12008,141059183278082
12009,141059203306985
12010,141059223257941
12011,141059243295254
12012,141059263593740
12013,141059283312474
12014,141059305166349
12015,141059323270745
12016,141059343328510
12017,141059364197259
12018,141059383409736
12019,141059403423482
12020,141059423235955
12021,141059443325970
12022,141059463225657
12023,141059483423417
12024,141059503224712
12025,141059523292603
12026,141059543962065
12027,141059563332102
12028,141059583330273
12029,141059603951500
12030,141059627369757
12031,141059647331200
12032,141059667291471
12033,141059687328919
12034,141059707240963
12035,141059727303393
12036,141059747250287
12037,141059767339243
12038,141059787293129
12039,141059807356936
12040,141059827282246
12041,141059847326952
12042,141059867328986
12043,141059887380678
12044,141059907345472
12045,141059927375720
12046,141059948203508
12047,141059967329140
12048,141059987252338
12049,141060010571437
12050,141060027461677
12051,141060047323980
12052,141060067926864
12053,141060087465550
12054,141060109139148
12055,141060134983851
12056,141060151189216
12057,141060171301593
12058,141060191095462
12059,141060211410774
12060,141060231303718
12061,141060251354217
12062,141060271432792
12063,141060291374121
12064,141060311382217
12065,141060331576546
12066,141060351486463
12067,141060371305686
12068,141060391368968
12069,141060411339340
12070,141060431252584
12071,141060451331057
12072,141060471277098
12073,141060491347643
12074,141060511532521
12075,141060531280926
12076,141060551328828
12077,141060571373137
12078,141060591336331
12079,141060612420222
12080,141060635327312
12081,141060655337017
12082,141060675591613
12083,141060695783153
12084,141060715681014
12085,141060735324876
12086,141060755266356
12087,141060775289135
12088,141060795414208
12089,141060815407434
12090,141060835334768
12091,141060855510518
12092,141060875491284
12093,141060895375957
12094,141060915451938
12095,141060935267841
12096,141060955173083
12097,141060975456731
12098,141060995905152
12099,141061015385634
12100,141061035297941
12101,141061055306816
12102,141061075264272
12103,141061095383393
12104,141061116139244
12105,141061139328946
12106,141061159691163
12107,141061179351368
12108,141061199242864
12109,141061219330651
12110,141061239380577
12111,141061259284029
12112,141061279262531
12113,141061299337091
12114,141061319297290
12115,141061339366593
12116,141061360757367
12117,141061379656280
12118,141061399224548
12119,141061419278916
12120,141061439476891
12121,141061459278874
12122,141061479157947
12123,141061499409892
12124,141061519324510
12125,141061539413923
12126,141061561218291
12127,141061579433662
12128,141061599435183
12129,141061619409977
12130,141061643641663
12131,141061663627183
12132,141061683602666
12133,141061703455428
12134,141061723480741
12135,141061743665687
12136,141061763557365
12137,141061783711390
12138,141061803600434
12139,141061823639178
12140,141061843717734
12141,141061864211481
12142,141061884177018
12143,141061903873000
12144,141061923501828
12145,141061943537146
12146,141061963217852
12147,141061983208536
12148,141062003387564
12149,141062023336281
12150,141062043553401
12151,141062063639333
12152,141062083546659
12153,141062103693305
12154,141062123422930
12155,141062147581299
12156,141062167690024
12157,141062187780631
12158,141062207704330
12159,141062227466817
12160,141062247243661
12161,141062267209770
12162,141062287404719
12163,141062307998483
12164,141062327884843
12165,141062347759580
12166,141062367708450
12167,141062387618723
12168,141062407913102
12169,141062427528926
12170,141062447269637
12171,141062467415123
12172,141062487276355
12173,141062507738777
12174,141062527279568
12175,141062547417879
12176,141062567364020
12177,141062587511091
12178,141062607280709
12179,141062627448663
12180,141062651478616
12181,141062671433991
12182,141062691356533
12183,141062711344660
12184,141062731285886
12185,141062751327296
12186,141062771384591
12187,141062791701435
12188,141062811461229
12189,141062831352109
12190,141062851529135
12191,141062872271748
12192,141062891240844
12193,141062911298927
12194,141062931214290
12195,141062952204307
12196,141062971348634
12197,141062991288141
12198,141063011253826
12199,141063031460102
12200,141063051256145
12201,141063071722415
12202,141063091354326
12203,141063111284196
12204,141063131212332
12205,141063155337366
12206,141063175217179
12207,141063195325335
12208,141063215419127
12209,141063235675081
12210,141063255559275
12211,141063275293982
12212,141063295246985
12213,141063315628227
12214,141063335467063
12215,141063355300209
12216,141063376085477
12217,141063395474797
12218,141063415569085
12219,141063435609978
12220,141063455578692
12221,141063475480072
12222,141063495204889
12223,141063515592369
12224,141063535240276
12225,141063555503200
12226,141063575967060
12227,141063595314215
12228,141063615311591
12229,141063635329908
12230,141063659132120
12231,141063679391150
12232,141063699723983
12233,141063719624436
12234,141063739821755
12235,141063759348921
12236,141063779037274
12237,141063799445315
12238,141063819896612
12239,141063839470263
12240,141063859849532
12241,141063879334207
12242,141063899524566
12243,141063919484299
12244,141063939323684
12245,141063959617543
12246,141063979438185
12247,141063999475929
12248,141064019330156
12249,141064039378037
12250,141064059507167
12251,141064079377603
12252,141064099430787
12253,141064119542270
12254,141064139748125
12255,141064163612951
12256,141064183641745
12257,141064203702080
12258,141064223245513
12259,141064243341368
12260,141064263240890
12261,141064283247729
12262,141064303142979
12263,141064323327681
12264,141064343647112
12265,141064363736990
12266,141064383162339
12267,141064403227522
12268,141064423628248
12269,141064443697261
12270,141064463289613
12271,141064483070754
12272,141064503386456
12273,141064523437984
12274,141064543381458
12275,141064564277875
12276,141064583188505
12277,141064603240902
12278,141064625413011
12279,141064643432469
12280,141064667489583
12281,141064687778767
12282,141064707463998
12283,141064727607525
12284,141064747587742
12285,141064767457603
12286,141064787467629
12287,141064807342878
12288,141064827032907
12289,141064847348540
12290,141064867621905
12291,141064888108073
12292,141064907492722
12293,141064927443438
12294,141064948550894
12295,141064967176216
12296,141064987158330
12297,141065007507756
12298,141065027186097
12299,141065047750307
12300,141065067366491
12301,141065087153586
12302,141065107476507
12303,141065127714419
12304,141065149575167
12305,141065171319431
12306,141065191298438
12307,141065211225756
12308,141065231211259
12309,141065251223429
12310,141065271173141
12311,141065291165520
12312,141065311366520
12313,141065331353828
12314,141065351095387
12315,141065371221473
12316,141065391363323
12317,141065411221625
12318,141065431512533
12319,141065451649711
12320,141065471514441
12321,141065491560261
12322,141065511661739
12323,141065531081588
12324,141065551317573
12325,141065571101795
12326,141065591400855
12327,141065611547135
12328,141065633033785
12329,141065651415552
12330,141065675327656
12331,141065695897889
12332,141065715573455
12333,141065735533912
12334,141065755079335
12335,141065775519306
12336,141065795674617
12337,141065815413249
12338,141065835045303
12339,141065855639964
12340,141065876589374
12341,141065895168680
12342,141065915364383
12343,141065935380088
12344,141065955052268
12345,141065975163878
12346,141065995037942
12347,141066016696944
12348,141066035247042
12349,141066055399630
12350,141066075317643
12351,141066095348240
12352,141066115214505
12353,141066135303197
12354,141066155299962
12355,141066179303820
12356,141066199254603
12357,141066219342301
12358,141066239227700
12359,141066259283671
12360,141066279258757
12361,141066299325159
12362,141066319273061
12363,141066339276708
12364,141066359176832
12365,141066379441366
12366,141066399465126
12367,141066419347075
12368,141066439263114
12369,141066459445727
12370,141066479605408
12371,141066499345862
12372,141066519255476
12373,141066539297693
12374,141066559280710
12375,141066579468867
12376,141066599260483
12377,141066619306340
12378,141066639360667
12379,141066659244310
12380,141066683252530
12381,141066703485224
12382,141066723254768
12383,141066743469577
12384,141066763467099
12385,141066783477940
12386,141066803278722
12387,141066823494393
12388,141066843445137
12389,141066863647157
12390,141066883954433
12391,141066903378328
12392,141066923071925
12393,141066943485173
12394,141066963245663
12395,141066983287408
12396,141067003839885
12397,141067023582810
12398,141067043240535
12399,141067063528398
12400,141067083244676
12401,141067103480151
12402,141067123080702
12403,141067143514590
12404,141067163368043
12405,141067187317920
12406,141067207490854
12407,141067227366336
12408,141067247205484
12409,141067267303524
12410,141067287285436
12411,141067307481387
12412,141067327194324
12413,141067347367458
12414,141067367262100
12415,141067387362524
12416,141067407475153
12417,141067427275541
12418,141067446935065
12419,141067467608116
12420,141067487459552
12421,141067507494894
12422,141067527058041
12423,141067547579905
12424,141067567947348
12425,141067587418089
12426,141067607689415
12427,141067627399438
12428,141067647332695
12429,141067667424406
12430,141067691299160
12431,141067711313650
12432,141067731494525
12433,141067751340564
12434,141067771284650
12435,141067791317956
12436,141067811239866
12437,141067831224340
12438,141067851283794
12439,141067871610814
12440,141067892057699
12441,141067911337211
12442,141067931516176
12443,141067951696573
12444,141067971325804
12445,141067991366569
12446,141068011179081
12447,141068032286806
12448,141068051206401
12449,141068071289734
12450,141068091256133
12451,141068111618675
12452,141068132505909
12453,141068151349122
12454,141068171206889
12455,141068195841672
12456,141068215920056
12457,141068235813973
12458,141068255524147
12459,141068275530301
12460,141068295495970
12461,141068315209557
12462,141068335584618
12463,141068355242989
12464,141068375521317
12465,141068395493381
12466,141068415505725
12467,141068435709481
12468,141068455735522
12469,141068475719377
12470,141068495479387
12471,141068515444979
12472,141068535371259
12473,141068555338879
12474,141068575250732
12475,141068595247252
12476,141068615238901
12477,141068636583568
12478,141068655289872
12479,141068675237999
12480,141068699977770
12481,141068719934214
12482,141068739647003
12483,141068759529726
12484,141068779481426
12485,141068799585898
12486,141068819605363
12487,141068839602809
12488,141068859839548
12489,141068879975991
12490,141068899494507
12491,141068919297040
12492,141068939515763
12493,141068959173788
12494,141068979073521
12495,141068999140245
12496,141069019398799
12497,141069039555851
12498,141069059490783
12499,141069080574048
12500,141069099393528
12501,141069119667434
12502,141069141996088
12503,141069159150984
12504,141069179760695
12505,141069203936693
12506,141069223596840
12507,141069243605201
12508,141069263493009
12509,141069283340930
12510,141069303591396
12511,141069323878509
12512,141069343534266
12513,141069363527779
12514,141069383686463
12515,141069403518270
12516,141069423520531
12517,141069443562031
12518,141069463527022
12519,141069483666892
12520,141069503579721
12521,141069523803545
12522,141069543669807
12523,141069563582316
12524,141069583544561
12525,141069603004609
12526,141069623910564
12527,141069643491753
12528,141069663254068
12529,141069683587808
12530,141069707832351
12531,141069727665524
12532,141069747616081
12533,141069767509275
12534,141069787257886
12535,141069807537130
12536,141069827523879
12537,141069847479702
12538,141069867331996
12539,141069887413114
12540,141069907430649
12541,141069927390894
12542,141069948324148
12543,141069967324326
12544,141069987403399
12545,141070007352926
12546,141070027273034
12547,141070047481250
12548,141070067460154
12549,141070087300721
12550,141070107460682
12551,141070127336674
12552,141070147342469
12553,141070170106686
12554,141070187273622
12555,141070211308126
12556,141070231248503
12557,141070251335131
12558,141070271269203
12559,141070291500549
12560,141070311231983
12561,141070331526482
12562,141070351237700
12563,141070371358440
12564,141070391388356
12565,141070411221215
12566,141070431375911
12567,141070451499989
12568,141070471287559
12569,141070491325307
12570,141070511233187
12571,141070531168060
12572,141070551365864
12573,141070571428790
12574,141070591557643
12575,141070611594893
12576,141070631461490
12577,141070652750767
12578,141070671445553
12579,141070691538651
12580,141070715659987
12581,141070735939932
12582,141070755834789
12583,141070775628913
12584,141070795560445
12585,141070815610568
12586,141070835266320
12587,141070855591386
12588,141070875697724
12589,141070897262339
12590,141070915288544
12591,141070935302320
12592,141070955399025
12593,141070975413302
12594,141070995260370
12595,141071015387831
12596,141071035304824
12597,141071055471138
12598,141071075714063
12599,141071095378457
12600,141071115356508
12601,141071135313479
12602,141071155231410
12603,141071175266113
12604,141071195171980
12605,141071219653141
12606,141071239540275
12607,141071259401378
12608,141071279536267
12609,141071299547734
12610,141071319465612
12611,141071339410231
12612,141071359210310
12613,141071379536073
12614,141071399697489
12615,141071419335796
12616,141071439393969
12617,141071459557702
12618,141071479656927
12619,141071499691431
12620,141071519673639
12621,141071539555454
12622,141071559635390
12623,141071579592058
12624,141071599790604
12625,141071619728616
12626,141071639707869
12627,141071659167609
12628,141071679262454
12629,141071699718001
12630,141071723885531
12631,141071743909477
12632,141071763661121
12633,141071783708798
12634,141071803737878
12635,141071823762495
12636,141071843653787
12637,141071863889819
12638,141071883659483
12639,141071904659486
12640,141071923424349
12641,141071943702605
12642,141071963323250
12643,141071983348584
12644,141072003352024
12645,141072023225073
12646,141072043321590
12647,141072063436964
12648,141072084063827
12649,141072103509107
12650,141072123423645
12651,141072143543007
12652,141072163563895
12653,141072186469939
12654,141072203502388
12655,141072227351740
12656,141072247477308
12657,141072267511443
12658,141072287361493
12659,141072307370216
12660,141072327296474
12661,141072347391222
12662,141072367315878
12663,141072387442933
12664,141072407552286
12665,141072427408757
12666,141072447351828
12667,141072467307638
12668,141072487332283
12669,141072507349357
12670,141072527650694
12671,141072547605284
12672,141072567521354
12673,141072587798803
12674,141072607717838
12675,141072627541804
12676,141072648261527
12677,141072667703789
12678,141072687520838
12679,141072707964377
12680,141072731677789
12681,141072751834807
12682,141072771806958
12683,141072791541398
12684,141072811688084
12685,141072832483074
12686,141072851334458
12687,141072871920225
12688,141072891695469
12689,141072911655572
12690,141072931280033
12691,141072951987232
12692,141072971308010
12693,141072991529058
12694,141073011347412
12695,141073031300021
12696,141073051297288
12697,141073071378577
12698,141073091348247
12699,141073111637984
12700,141073131594674
12701,141073151869937
12702,141073171872759
12703,141073191664624
12704,141073211248084
12705,141073235566531
12706,141073255327778
12707,141073275291720
12708,141073295457653
12709,141073315374090
12710,141073335269132
12711,141073355296540
12712,141073375269458
12713,141073395494916
12714,141073415338308
12715,141073435468043
12716,141073455367884
12717,141073475355652
12718,141073495457697
12719,141073515288402
12720,141073535179224
12721,141073555152926
12722,141073575088395
12723,141073595444411
12724,141073615388346
12725,141073635343977
12726,141073655526383
12727,141073675339312
12728,141073695419224
12729,141073715584539
12730,141073739810237
12731,141073759681523
12732,141073779648549
12733,141073799933732
12734,141073819683160
12735,141073839705433
12736,141073859664857
12737,141073879672837
12738,141073899662466
12739,141073919518795
12740,141073939372438
12741,141073959304862
12742,141073979265883
12743,141073999427406
12744,141074019478902
12745,141074039468698
12746,141074059384787
12747,141074079372466
12748,141074099360292
12749,141074119404269
12750,141074139379493
12751,141074161080376
12752,141074179241182
12753,141074199412020
12754,141074219359531
12755,141074243712182
12756,141074263524853
12757,141074283359960
12758,141074303306637
12759,141074323329149
12760,141074343431924
12761,141074363603942
12762,141074383395466
12763,141074403472668
12764,141074423627918
12765,141074443568680
12766,141074463328925
12767,141074483402662
12768,141074503397512
12769,141074523402769
12770,141074543453645
12771,141074563454678
12772,141074583379165
12773,141074603471609
12774,141074623594233
12775,141074643675222
12776,141074664145421
12777,141074683450012
12778,141074703829776
12779,141074723354046
12780,141074747657682
12781,141074767727802
12782,141074787609719
12783,141074807322084
12784,141074827367002
12785,141074847385649
12786,141074867452478
12787,141074887314176
12788,141074907522435
12789,141074927364888
12790,141074948379878
12791,141074967451505
12792,141074987667098
12793,141075007325319
12794,141075027399633
12795,141075047330466
12796,141075067194442
12797,141075089139645
12798,141075107263349
12799,141075127441799
12800,141075147537891
12801,141075169091617
12802,141075192420859
12803,141075207459209
12804,141075227510547
12805,141075251380782
12806,141075271269257
12807,141075291434771
12808,141075311599928
12809,141075331845776
12810,141075351604713
12811,141075371611980
12812,141075391260342
12813,141075411756810
12814,141075431443972
12815,141075451893288
12816,141075471699736
12817,141075491786487
12818,141075511897030
12819,141075532159776
12820,141075551941276
12821,141075572069258
12822,141075591707861
12823,141075611901604
12824,141075631701145
12825,141075651941078
12826,141075672367576
12827,141075691536705
12828,141075711772691
12829,141075731773126
12830,141075755915299
12831,141075775732297
12832,141075795598366
12833,141075815743704
12834,141075836186202
12835,141075855746491
12836,141075876050614
12837,141075895712574
12838,141075916348038
12839,141075935589921
12840,141075956745639
12841,141075975431848
12842,141075995308007
12843,141076015749124
12844,141076035530414
12845,141076055390527
12846,141076075553179
12847,141076095358008
12848,141076115646372
12849,141076135695326
12850,141076155543783
12851,141076175360297
12852,141076195455923
12853,141076215554172
12854,141076235377590
12855,141076259408890
12856,141076279505196
12857,141076299411674
12858,141076319315209
12859,141076339421531
12860,141076359414192
12861,141076379373671
12862,141076399344222
12863,141076419688861
12864,141076439295742
12865,141076459495755
12866,141076479333912
12867,141076499389644
12868,141076519350585
12869,141076539371756
12870,141076559598995
12871,141076579533247
12872,141076599704228
12873,141076619483701
12874,141076639518958
12875,141076659413586
12876,141076679759750
12877,141076699820480
12878,141076719938661
12879,141076739819348
12880,141076764064273
12881,141076783729714
12882,141076803737492
12883,141076823898317
12884,141076843547637
12885,141076863728525
12886,141076883682311
12887,141076903795154
12888,141076924351119
12889,141076943593095
12890,141076963393352
12891,141076983426082
12892,141077003499612
12893,141077023716488
12894,141077043525512
12895,141077063659897
12896,141077083540835
12897,141077103361142
12898,141077123784617
12899,141077143874868
12900,141077164038406
12901,141077183784560
12902,141077203420344
12903,141077223545278
12904,141077243707708
12905,141077268067077
12906,141077288318332
12907,141077307824911
12908,141077327759296
12909,141077348226127
12910,141077367623935
12911,141077387523882
12912,141077407578147
12913,141077427582450
12914,141077447435172
12915,141077467909732
12916,141077487678135
12917,141077507657007
12918,141077527800053
12919,141077547689457
12920,141077567533192
12921,141077587949673
12922,141077607763442
12923,141077627635706
12924,141077647547199
12925,141077667900205
12926,141077687904207
12927,141077707475239
12928,141077727268381
12929,141077747414526
12930,141077771993494
12931,141077791754458
12932,141077811718733
12933,141077831707564
12934,141077851656438
12935,141077871725374
12936,141077891646746
12937,141077911713568
12938,141077931524747
12939,141077952199614
12940,141077971319233
12941,141077991385300
12942,141078012905071
12943,141078031495845
12944,141078051103950
12945,141078071538145
12946,141078092357590
12947,141078111379140
12948,141078131318681
12949,141078151809426
12950,141078172708647
12951,141078191214245
12952,141078211833670
12953,141078231909495
12954,141078251589013
12955,141078275683822
12956,141078295655885
12957,141078315624179
12958,141078335641434
12959,141078355597938
12960,141078375524242
12961,141078395578338
12962,141078415561896
12963,141078435435716
12964,141078455242311
12965,141078475641622
12966,141078495538766
12967,141078515430971
12968,141078535619276
12969,141078555498093
12970,141078575749665
12971,141078595506214
12972,141078615481061
12973,141078635516429
12974,141078655307192
12975,141078676063977
12976,141078695283977
12977,141078715297563
12978,141078735154094
12979,141078755201670
12980,141078779671030
12981,141078799370035
12982,141078819387846
12983,141078839289251
12984,141078859477375
12985,141078879309706
12986,141078899667336
12987,141078919928072
12988,141078939491527
12989,141078959319708
12990,141078979249855
12991,141078999353319
12992,141079019234463
12993,141079039457191
12994,141079059270613
12995,141079079219749
12996,141079099392446
12997,141079119546232
12998,141079139670739
12999,141079159819948
13000,141079180342190
13001,141079199295604
13002,141079219266166
13003,141079239597356
13004,141079259282004
13005,141079283811556
13006,141079303580151
13007,141079323629523
13008,141079343286701
13009,141079363389289
13010,141079383783340
13011,141079403401276
13012,141079423724636
13013,141079443583913
13014,141079463375097
13015,141079483328716
13016,141079503387005
13017,141079523502754
13018,141079546544352
13019,141079565588627
13020,141079591650268
13021,141079623827593
13022,141079650991675
13023,141079668093791
13024,141079690546761
13025,141079705285509
13026,141079715843213
13027,141079725374676
13028,141079744741535
13029,141079767777428
13030,141079788527283
13031,141079807213619
13032,141079827184200
13033,141079847038543
13034,141079867812158
13035,141079887411920
13036,141079907345201
13037,141079928312580
13038,141079948177750
13039,141079967523337
13040,141079987329374
13041,141080008616721
13042,141080027566343
13043,141080047412907
13044,141080067236132
13045,141080087437225
13046,141080107363038
13047,141080127455169
13048,141080147363744
13049,141080167437473
13050,141080187510003
13051,141080210956875
13052,141080227355040
13053,141080247413264
13054,141080267366256
13055,141080291876249
13056,141080311691844
13057,141080331588117
13058,141080353649218
13059,141080371339621
13060,141080391524335
13061,141080411574868
13062,141080432220922
13063,141080451358446
13064,141080471774324
13065,141080492031922
13066,141080511946606
13067,141080532115841
13068,141080551769251
13069,141080571389760
13070,141080591701389
13071,141080611469601
13072,141080631632367
13073,141080651828124
13074,141080671631452
13075,141080692111558
13076,141080711295694
13077,141080731493480
13078,141080751424582
13079,141080771618945
13080,141080795953137
13081,141080815690859
13082,141080835720223
13083,141080855796304
13084,141080875673661
13085,141080895742800
13086,141080915724033
13087,141080937561713
13088,141080955291620
13089,141080975246293
13090,141080995062724
13091,141081015457120
13092,141081035419449
13093,141081055565100
13094,141081075310238
13095,141081095483481
13096,141081115647694
13097,141081135484952
13098,141081155346064
13099,141081175385044
13100,141081195671874
13101,141081215492767
13102,141081235375321
13103,141081255646106
13104,141081275405115
13105,141081299711864
13106,141081319529032
13107,141081339464953
13108,141081359353094
13109,141081379416191
13110,141081399370810
13111,141081419416031
13112,141081439591964
13113,141081459591039
13114,141081479368966
13115,141081499643847
13116,141081519330436
13117,141081539569740
13118,141081559541807
13119,141081579472868
13120,141081599194215
13121,141081619707366
13122,141081639660002
13123,141081659884847
13124,141081680105938
13125,141081699298502
13126,141081719216043
13127,141081739373744
13128,141081759333067
13129,141081779355190
13130,141081803283002
13131,141081823387191
13132,141081843542964
13133,141081863453706
13134,141081883431089
13135,141081903338639
13136,141081923298541
13137,141081943748418
13138,141081963317400
13139,141081983293427
13140,141082003543110
13141,141082023295758
13142,141082043235612
13143,141082063197913
13144,141082083588597
13145,141082103448373
13146,141082123609481
13147,141082143554455
13148,141082163448887
13149,141082184148207
13150,141082203213169
13151,141082223330078
13152,141082245395907
13153,141082263255861
13154,141082283210313
13155,141082307792064
13156,141082327595134
13157,141082347371879
13158,141082367335371
13159,141082387730975
13160,141082407547967
13161,141082427600091
13162,141082447332457
13163,141082467423708
13164,141082487554198
13165,141082507373616
13166,141082527346457
13167,141082547357893
13168,141082567276358
13169,141082587437962
13170,141082608174022
13171,141082627479383
13172,141082647417055
13173,141082667380164
13174,141082687768535
13175,141082707590002
13176,141082727427014
13177,141082747445451
13178,141082767310101
13179,141082787400630
13180,141082811348081
13181,141082831371685
13182,141082851367125
13183,141082871357283
13184,141082891350791
13185,141082911365415
13186,141082931324090
13187,141082952362273
13188,141082971610177
13189,141082991684240
13190,141083011658560
13191,141083031363314
13192,141083051502990
13193,141083071532113
13194,141083091355628
13195,141083111373740
13196,141083131578358
13197,141083151693423
13198,141083171722990
13199,141083192446313
13200,141083211509992
13201,141083231443234
13202,141083251332615
13203,141083271373313
13204,141083291359864
13205,141083315791350
13206,141083335322404
13207,141083356044371
13208,141083375319238
13209,141083395436738
13210,141083415376914
13211,141083435183164
13212,141083455488170
13213,141083475406069
13214,141083495313171
13215,141083515401609
13216,141083535818550
13217,141083555424649
13218,141083575630736
13219,141083595339323
13220,141083615315445
13221,141083635343528
13222,141083655282099
13223,141083675369796
13224,141083695728418
13225,141083715422168
13226,141083735481466
13227,141083755366664
13228,141083775442308
13229,141083795393444
13230,141083819325362
13231,141083839361202
13232,141083859318948
13233,141083879340231
13234,141083899254659
13235,141083919403380
13236,141083939441768
13237,141083959855527
13238,141083979473333
13239,141083999338095
13240,141084019400437
13241,141084039388664
13242,141084059558930
13243,141084079560637
13244,141084099377023
13245,141084119401303
13246,141084139508320
13247,141084159610896
13248,141084179433164
13249,141084200509630
13250,141084219449282
13251,141084239424811
13252,141084259524727
13253,141084279471188
13254,141084299483002
13255,141084323428921
13256,141084343490012
13257,141084363492576
13258,141084383333024
13259,141084403565450
13260,141084423364395
13261,141084444361529
13262,141084463516230
13263,141084483516732
13264,141084503402574
13265,141084523433717
13266,141084543204942
13267,141084563648310
13268,141084583458137
13269,141084603304246
13270,141084623443329
13271,141084643440219
13272,141084663634987
13273,141084683549174
13274,141084703593560
13275,141084723558822
13276,141084743337771
13277,141084763550357
13278,141084783404446
13279,141084803762224
13280,141084827593264
13281,141084847686213
13282,141084868129153
13283,141084887667346
13284,141084907674218
13285,141084927659425
13286,141084950192991
13287,141084967421187
13288,141084987366576
13289,141085007559853
13290,141085027348329
13291,141085047678021
13292,141085067785733
13293,141085087623019
13294,141085107567131
13295,141085127610928
13296,141085147668015
13297,141085167579595
13298,141085187720972
13299,141085207800197
13300,141085227192073
13301,141085247235820
13302,141085267165353
13303,141085287504051
13304,141085307465995
13305,141085331474164
13306,141085351459890
13307,141085371457417
13308,141085391488405
13309,141085411647678
13310,141085431437531
13311,141085451779998
13312,141085471427897
13313,141085491409864
13314,141085511352518
13315,141085531406333
13316,141085551189980
13317,141085571463128
13318,141085591586037
13319,141085613229778
13320,141085631662942
13321,141085651504209
13322,141085671328745
13323,141085691480470
13324,141085711805295
13325,141085731554730
13326,141085752215850
13327,141085771349788
13328,141085791384880
13329,141085811496821
13330,141085835371169
13331,141085855458889
13332,141085875625854
13333,141085895459434
13334,141085915469768
13335,141085935610634
13336,141085956444032
13337,141085975437132
13338,141085995229699
13339,141086015632572
13340,141086035599511
13341,141086055341612
13342,141086075601931
13343,141086095649437
13344,141086115665746
13345,141086135766045
13346,141086155556216
13347,141086175584283
13348,141086195304422
13349,141086215407366
13350,141086235227373
13351,141086255334482
13352,141086275358807
13353,141086295619961
13354,141086315643689
13355,141086339759810
13356,141086360131586
13357,141086379436431
13358,141086399320789
13359,141086419208577
13360,141086439487256
13361,141086460100377
13362,141086479248510
13363,141086499694875
13364,141086519326617
13365,141086539426345
13366,141086559149417
13367,141086579704728
13368,141086599538735
13369,141086619490109
13370,141086639599651
13371,141086659513792
13372,141086679453252
13373,141086699519166
13374,141086719548430
13375,141086739325793
13376,141086759155323
13377,141086779540938
13378,141086799262195
13379,141086819391103
13380,141086843791302
13381,141086863872311
13382,141086883741436
13383,141086903700747
13384,141086923615125
13385,141086943812961
13386,141086964543916
13387,141086983337362
13388,141087003391304
13389,141087023449546
13390,141087043653205
13391,141087063665484
13392,141087083461168
13393,141087103511001
13394,141087123491411
13395,141087143428277
13396,141087163464501
13397,141087183614773
13398,141087204718761
13399,141087223447459
13400,141087243514178
13401,141087263546973
13402,141087283340148
13403,141087303365858
13404,141087323401595
13405,141087347466326
13406,141087367367709
13407,141087387610605
13408,141087407690812
13409,141087427523059
13410,141087447398621
13411,141087467497195
13412,141087487321722
13413,141087507656445
13414,141087527460244
13415,141087547105326
13416,141087567513272
13417,141087587621769
13418,141087607601725
13419,141087627645909
13420,141087647685540
13421,141087667504242
13422,141087687634002
13423,141087708829104
13424,141087727329461
13425,141087747664039
13426,141087767332680
13427,141087787423431
13428,141087807699013
13429,141087827767429
13430,141087851770101
13431,141087871729151
13432,141087891325529
13433,141087911325479
13434,141087931253080
13435,141087953916218
13436,141087972166373
13437,141087991277167
13438,141088011489817
13439,141088032259577
13440,141088051311173
13441,141088071582190
13442,141088091390802
13443,141088111480348
13444,141088131392874
13445,141088151450588
13446,141088171659152
13447,141088191482811
13448,141088212639241
13449,141088231554993
13450,141088251335097
13451,141088271422553
13452,141088291289316
13453,141088311364059
13454,141088331324128
13455,141088355397379
13456,141088375329727
13457,141088395416913
13458,141088415308116
13459,141088435471886
13460,141088455443467
13461,141088475624247
13462,141088495516359
13463,141088515422322
13464,141088535359511
13465,141088555374227
13466,141088575350428
13467,141088595362634
13468,141088615528541
13469,141088635612352
13470,141088655577841
13471,141088675283068
13472,141088695305804
13473,141088721091632
13474,141088740362239
13475,141088756202105
13476,141088775386071
13477,141088795381266
13478,141088815347314
13479,141088835599680
13480,141088859356231
13481,141088879564792
13482,141088899396638
13483,141088919317150
13484,141088939369305
13485,141088960181397
13486,141088979656281
13487,141088999282162
13488,141089019208410
13489,141089039250304
13490,141089059220491
13491,141089079286434
13492,141089099251939
13493,141089119304442
13494,141089139248151
13495,141089159226174
13496,141089179657337
13497,141089199294672
13498,141089220242854
13499,141089239440243
13500,141089259227809
13501,141089279210310
13502,141089299204791
13503,141089319148415
13504,141089339170466
13505,141089363188425
13506,141089388504286
13507,141089404665952
13508,141089424378004
13509,141089456386509
13510,141089469251706
13511,141089487094471
13512,141089506843781
13513,141089526936766
13514,141089547420623
13515,141089566907425
13516,141089582405682
13517,141089602482929
13518,141089622732689
13519,141089642583193
13520,141089662338507
13521,141089682465851
13522,141089702513339
13523,141089722233215
13524,141089742415156
13525,141089762333232
13526,141089782495695
13527,141089802524901
13528,141089822388599
13529,141089842389609
13530,141089866361676
13531,141089886393654
13532,141089906562018
13533,141089926414143
13534,141089947128047
13535,141089969593558
13536,141089986687025
13537,141090008300132
13538,141090027257082
13539,141090047243228
13540,141090067205911
13541,141090086843003
13542,141090107031269
13543,141090128338696
13544,141090147109093
13545,141090167128074
13546,141090186964324
13547,141090207116490
13548,141090226622842
13549,141090250225151
13550,141090267163328
13551,141090287205152
13552,141090307172800
13553,141090327029954
13554,141090347184044
13555,141090371116909
13556,141090391104528
13557,141090411070254
13558,141090430973985
13559,141090451080947
13560,141090471477513
13561,141090491503042
13562,141090511539862
13563,141090531411657
13564,141090551478635
13565,141090571446842
13566,141090591477729
13567,141090611470169
13568,141090631421718
13569,141090651437312
13570,141090671500430
13571,141090691432163
13572,141090711535095
13573,141090731783251
13574,141090751621423
13575,141090771430170
13576,141090791406534
13577,141090811421537
13578,141090831442415
13579,141090851448468
13580,141090877377987
13581,141090895538395
13582,141090915490736
13583,141090935561396
13584,141090955357871
13585,141090975474280
13586,141090995502235
13587,141091015485322
13588,141091035553763
13589,141091055392056
13590,141091075383978
13591,141091095470235
13592,141091115428200
13593,141091135514562
13594,141091155377870
13595,141091175427884
13596,141091195426063
13597,141091216187207
13598,141091235863968
13599,141091255343523
13600,141091275430506
13601,141091295462828
13602,141091315433392
13603,141091335423791
13604,141091355430762
13605,141091379450701
13606,141091399466129
13607,141091419422611
13608,141091439455130
13609,141091459379547
13610,141091479635274
13611,141091499552682
13612,141091519509853
13613,141091539425536
13614,141091559379241
13615,141091579448041
13616,141091599407744
13617,141091619263020
13618,141091639676396
13619,141091659517382
13620,141091679464933
13621,141091699404230
13622,141091720324946
13623,141091739547568
13624,141091759525121
13625,141091779392294
13626,141091800190049
13627,141091819487821
13628,141091839453429
13629,141091859429086
13630,141091883549750
13631,141091903291802
13632,141091923392756
13633,141091943810832
13634,141091963459378
13635,141091983668715
13636,141092003658276
13637,141092023402725
13638,141092043396986
13639,141092063433860
13640,141092083378986
13641,141092103409699
13642,141092123395777
13643,141092143438018
13644,141092163616374
13645,141092183394383
13646,141092203473880
13647,141092224228739
13648,141092243500133
13649,141092263498023
13650,141092283478815
13651,141092303464563
13652,141092323444243
13653,141092343384767
13654,141092363536851
13655,141092387358377
13656,141092407487522
13657,141092427483601
13658,141092447461738
13659,141092467683852
13660,141092487660299
13661,141092507425776
13662,141092527442263
13663,141092547472047
13664,141092567519477
13665,141092587428861
13666,141092607352738
13667,141092627210955
13668,141092647201330
13669,141092667216956
13670,141092687414793
13671,141092707492818
13672,141092728594078
13673,141092747420744
13674,141092767264618
13675,141092787254037
13676,141092807433911
13677,141092827260366
13678,141092847237091
13679,141092867282348
13680,141092891262513
13681,141092911250429
13682,141092931246223
13683,141092952288392
13684,141092971952242
13685,141092991288425
13686,141093011366796
13687,141093031245183
13688,141093051302600
13689,141093071254424
13690,141093091209890
13691,141093111235901
13692,141093131998715
13693,141093151434030
13694,141093171318840
13695,141093191322220
13696,141093211288355
13697,141093232206243
13698,141093251714038
13699,141093271495666
13700,141093291478066
13701,141093311469451
13702,141093331479666
13703,141093351430655
13704,141093371503685
13705,141093395394178
13706,141093415479050
13707,141093435491707
13708,141093455605035
13709,141093476281857
13710,141093495434152
13711,141093515498910
13712,141093535497701
13713,141093555504070
13714,141093575382335
13715,141093595534249
13716,141093615438834
13717,141093635388366
13718,141093655494274
13719,141093675460004
13720,141093695464365
13721,141093715441140
13722,141093735617826
13723,141093755595095
13724,141093775323235
13725,141093795547376
13726,141093816223545
13727,141093835476568
13728,141093855612594
13729,141093875564127
13730,141093899465734
13731,141093919473408
13732,141093939490159
13733,141093960276614
13734,141093980420462
13735,141093999492664
13736,141094019425138
13737,141094039472918
13738,141094059498311
13739,141094079425010
13740,141094099447361
13741,141094119472840
13742,141094139443916
13743,141094159650088
13744,141094179493914
13745,141094199493833
13746,141094219428542
13747,141094239611919
13748,141094259541935
13749,141094279508535
13750,141094299402238
13751,141094319454253
13752,141094339394900
13753,141094359464829
13754,141094379442116
13755,141094403444221
13756,141094423391126
13757,141094443423634
13758,141094463451761
13759,141094483455163
13760,141094503744936
13761,141094523398878
13762,141094543409535
13763,141094563438738
13764,141094583215214
13765,141094603224437
13766,141094623465777
13767,141094643510653
13768,141094663569312
13769,141094683497414
13770,141094703463353
13771,141094723931698
13772,141094743711902
13773,141094763583011
13774,141094783589951
13775,141094803560322
13776,141094823534227
13777,141094843571815
13778,141094863348603
13779,141094883464144
13780,141094907579039
13781,141094927685863
13782,141094948230380
13783,141094967652168
13784,141094987532164
13785,141095007788439
13786,141095027628516
13787,141095047422197
13788,141095067887658
13789,141095087459686
13790,141095107539310
13791,141095127709039
13792,141095147473202
13793,141095167505387
13794,141095187636727
13795,141095207498786
13796,141095228470459
13797,141095247530473
13798,141095268342870
13799,141095287433692
13800,141095307500475
13801,141095327376359
13802,141095347508915
13803,141095367445922
13804,141095389125699
13805,141095411336653
13806,141095431283510
13807,141095451446352
13808,141095471448636
13809,141095491567453
13810,141095511613979
13811,141095531505538
13812,141095551571959
13813,141095571432961
13814,141095591542807
13815,141095611444241
13816,141095631497608
13817,141095651439722
13818,141095671453123
13819,141095691541838
13820,141095711449143
13821,141095732553391
13822,141095751581521
13823,141095771627765
13824,141095791520884
13825,141095811467077
13826,141095832362945
13827,141095851540093
13828,141095871485487
13829,141095891734819
13830,141095915475226
13831,141095935595790
13832,141095955416307
13833,141095975579109
13834,141095995731913
13835,141096015580949
13836,141096035492085
13837,141096055567658
13838,141096075510005
13839,141096095524253
13840,141096115513851
13841,141096136181433
13842,141096155708689
13843,141096175474474
13844,141096195683140
13845,141096215427849
13846,141096236255222
13847,141096255786048
13848,141096275518441
13849,141096295503122
13850,141096315538206
13851,141096335529827
13852,141096355574476
13853,141096375462023
13854,141096395465286
13855,141096419567599
13856,141096439514115
13857,141096459574747
13858,141096480319017
13859,141096499785662
13860,141096519594759
13861,141096539522563
13862,141096559528853
13863,141096579514471
13864,141096599514718
13865,141096619481210
13866,141096639500220
13867,141096659514883
13868,141096679471771
13869,141096699693039
13870,141096719520675
13871,141096739744177
13872,141096759487931
13873,141096779509013
13874,141096799688101
13875,141096819506531
13876,141096839447179
13877,141096859564197
13878,141096879534622
13879,141096903665643
13880,141096923597605
13881,141096943605438
13882,141096963554675
13883,141096985692968
13884,141097003438578
13885,141097023797619
13886,141097043481904
13887,141097063459630
13888,141097083509274
13889,141097103357474
13890,141097123482950
13891,141097143515150
13892,141097163514689
13893,141097183347155
13894,141097203490450
13895,141097223518630
13896,141097243523696
13897,141097263576459
13898,141097283533157
13899,141097303928408
13900,141097323490700
13901,141097343448247
13902,141097363437791
13903,141097383742044
13904,141097408103237
13905,141097427785066
13906,141097447793773
13907,141097467475660
13908,141097489980901
13909,141097507528225
13910,141097527512320
13911,141097547736097
13912,141097567521361
13913,141097587685503
13914,141097607478133
13915,141097627656717
13916,141097647558836
13917,141097667586716
13918,141097687548690
13919,141097707515115
13920,141097727511202
13921,141097747858407
13922,141097767588777
13923,141097787463241
13924,141097807668259
13925,141097827472589
13926,141097848220635
13927,141097867606447
13928,141097887814738
13929,141097911642324
13930,141097931899117
13931,141097952426285
13932,141097971476734
13933,141097993415034
13934,141098011699594
13935,141098031677333
13936,141098051854546
13937,141098071687421
13938,141098091654014
13939,141098111481150
13940,141098131595923
13941,141098151450972
13942,141098171471346
13943,141098191455556
13944,141098211513773
13945,141098231555966
13946,141098251627905
13947,141098271580443
13948,141098291398364
13949,141098311491883
13950,141098331501220
13951,141098351495184
13952,141098371463376
13953,141098392226097
13954,141098415431472
13955,141098435593909
13956,141098455711711
13957,141098475486351
13958,141098495981421
13959,141098515567850
13960,141098535551449
13961,141098555608323
13962,141098575466841
13963,141098595573704
13964,141098615566120
13965,141098635520551
13966,141098655565097
13967,141098675506186
13968,141098695357467
13969,141098715580016
13970,141098736209279
13971,141098755780704
13972,141098775623400
13973,141098795681571
13974,141098815595165
13975,141098835505982
13976,141098855730705
13977,141098875457661
13978,141098895484497
13979,141098920116867
13980,141098939822899
13981,141098959518236
13982,141098979468460
13983,141098999417854
13984,141099019634787
13985,141099039684735
13986,141099059444245
13987,141099079696767
13988,141099099520926
13989,141099119484570
13990,141099140138891
13991,141099159591298
13992,141099179655775
13993,141099199505221
13994,141099219519784
13995,141099240758186
13996,141099259546532
13997,141099279601686
13998,141099299518528
13999,141099319487432
14000,141099339676766
14001,141099359521610
14002,141099379540282
14003,141099399574814
14004,141099423869772
14005,141099443794460
14006,141099463510378
14007,141099483518370
14008,141099503661034
14009,141099523613602
14010,141099543662051
14011,141099563540823
14012,141099583530921
14013,141099603306837
14014,141099623411045
14015,141099643641448
14016,141099663511073
14017,141099683514076
14018,141099704564285
14019,141099723473312
14020,141099744512731
14021,141099763711066
14022,141099783523937
14023,141099803458451
14024,141099823486051
14025,141099845039273
14026,141099864690097
14027,141099883468169
14028,141099903684551
14029,141099927944196
14030,141099949502257
14031,141099967418394
14032,141099987557548
14033,141100007616264
14034,141100027382059
14035,141100047594015
14036,141100067708507
14037,141100087689833
14038,141100107677842
14039,141100127692420
14040,141100147764695
14041,141100167660916
14042,141100187951146
14043,141100207846127
14044,141100227587490
14045,141100249389744
14046,141100271279375
14047,141100287420328
14048,141100307273400
14049,141100327269224
14050,141100347623099
14051,141100367672131
14052,141100387817947
14053,141100407845460
14054,141100431797335
14055,141100451832993
14056,141100471963220
14057,141100492597649
14058,141100511704590
14059,141100531654752
14060,141100551544493
14061,141100571486242
14062,141100591672326
14063,141100611333041
14064,141100631704638
14065,141100652043841
14066,141100671410211
14067,141100691792167
14068,141100711884481
14069,141100731541779
14070,141100752782562
14071,141100771451760
14072,141100791730172
14073,141100811581234
14074,141100831296968
14075,141100851702102
14076,141100871720303
14077,141100891663904
14078,141100911777995
14079,141100936105310
14080,141100955490440
14081,141100975360544
14082,141100997051109
14083,141101016025915
14084,141101035586293
14085,141101055127709
14086,141101075657692
14087,141101095540592
14088,141101115549508
14089,141101135655685
14090,141101155290442
14091,141101175676754
14092,141101196081238
14093,141101216093612
14094,141101236125514
14095,141101256161499
14096,141101275705280
14097,141101295537389
14098,141101315604556
14099,141101335534688
14100,141101355524353
14101,141101375597037
14102,141101396120669
14103,141101415484379
14104,141101439893376
14105,141101459867011
14106,141101479613897
14107,141101500727745
14108,141101519467623
14109,141101539846026
14110,141101560460970
14111,141101580142024
14112,141101599871576
14113,141101619860056
14114,141101639988805
14115,141101659918115
14116,141101680073687
14117,141101700046472
14118,141101719927254
14119,141101739821322
14120,141101759712214
14121,141101779640612
14122,141101799500855
14123,141101819551395
14124,141101839536129
14125,141101859692521
14126,141101880353085
14127,141101899504213
14128,141101919579503
14129,141101944078744
14130,141101963499949
14131,141101983527129
14132,141102007250245
14133,141102028287121
14134,141102048220681
14135,141102064197069
14136,141102083511988
14137,141102103504218
14138,141102123499183
14139,141102143651738
14140,141102163862458
14141,141102183613340
14142,141102203494280
14143,141102223673631
14144,141102246498472
14145,141102263860394
14146,141102283557801
14147,141102303612073
14148,141102323890416
14149,141102343834245
14150,141102363712562
14151,141102383836339
14152,141102404143505
14153,141102424039344
14154,141102448065356
14155,141102467961376
14156,141102487877397
14157,141102509063863
14158,141102527661701
14159,141102547791069
14160,141102567540922
14161,141102587857973
14162,141102608065543
14163,141102627837146
14164,141102647887897
14165,141102668026078
14166,141102688048162
14167,141102708075016
14168,141102727888688
14169,141102748086798
14170,141102767439004
14171,141102787785105
14172,141102808102263
14173,141102827838433
14174,141102847674759
14175,141102867794966
14176,141102887830457
14177,141102908316867
14178,141102927364605
14179,141102952680413
14180,141102971376205
14181,141102991489611
14182,141103012163801
14183,141103031411482
14184,141103051700486
14185,141103071696077
14186,141103091693974
14187,141103111969783
14188,141103131567437
14189,141103151966619
14190,141103171972926
14191,141103191842641
14192,141103211967699
14193,141103231806865
14194,141103252572654
14195,141103271606110
14196,141103291397866
14197,141103312219645
14198,141103331843453
14199,141103351734823
14200,141103371693904
14201,141103391732038
14202,141103411509807
14203,141103431702469
14204,141103455827020
14205,141103475840839
14206,141103495675288
14207,141103515618342
14208,141103535378619
14209,141103555584610
14210,141103575737921
14211,141103595500802
14212,141103615743158
14213,141103635777045
14214,141103656765237
14215,141103675935252
14216,141103695725663
14217,141103715889777
14218,141103736172218
14219,141103758483164
14220,141103775827175
14221,141103795979884
14222,141103815863096
14223,141103836148204
14224,141103856101946
14225,141103876096102
14226,141103896106574
14227,141103915917840
14228,141103936174571
14229,141103959617406
14230,141103979566035
14231,141103999515983
14232,141104019835398
14233,141104039737092
14234,141104059556302
14235,141104079564309
14236,141104099573703
14237,141104119699819
14238,141104139569000
14239,141104159483102
14240,141104179486281
14241,141104199445992
14242,141104219699753
14243,141104239612056
14244,141104261059738
14245,141104279878715
14246,141104299811616
14247,141104320085152
14248,141104339839742
14249,141104359547995
14250,141104379443926
14251,141104399638069
14252,141104420365131
14253,141104439500250
14254,141104463583195
14255,141104483818322
14256,141104503763928
14257,141104524424442
14258,141104543644117
14259,141104563662769
14260,141104583512662
14261,141104603461444
14262,141104623732897
14263,141104643581027
14264,141104663481725
14265,141104683488882
14266,141104703474668
14267,141104723667405
14268,141104743520058
14269,141104765443769
14270,141104783659719
14271,141104803462966
14272,141104823663162
14273,141104843447568
14274,141104863546992
14275,141104883521213
14276,141104903488818
14277,141104923714380
14278,141104943536737
14279,141104967631417
14280,141104987585034
14281,141105008619403
14282,141105027396181
14283,141105047889480
14284,141105067368318
14285,141105087619169
14286,141105107284986
14287,141105127301153
14288,141105147673587
14289,141105167967462
14290,141105187631270
14291,141105207535418
14292,141105227557261
14293,141105247540529
14294,141105268146152
14295,141105289770588
14296,141105307549981
14297,141105327563262
14298,141105347550817
14299,141105367636072
14300,141105387533466
14301,141105407519530
14302,141105427558358
14303,141105447538154
14304,141105471645790
14305,141105491709488
14306,141105512738208
14307,141105531623715
14308,141105551611326
14309,141105571652811
14310,141105591569884
14311,141105611538262
14312,141105631533865
14313,141105651488284
14314,141105671596338
14315,141105691531282
14316,141105711574010
14317,141105731370069
14318,141105751505262
14319,141105771639433
14320,141105791477899
14321,141105811532235
14322,141105831543611
14323,141105851520402
14324,141105871520277
14325,141105891475504
14326,141105911796397
14327,141105931615027
14328,141105952873465
14329,141105975571071
14330,141105995518994
14331,141106017367135
14332,141106035509490
14333,141106055556146
14334,141106075547506
14335,141106095542966
14336,141106115567158
14337,141106135525885
14338,141106155716476
14339,141106175562087
14340,141106195485963
14341,141106215575127
14342,141106235721897
14343,141106255565780
14344,141106275673092
14345,141106295701603
14346,141106315549347
14347,141106335519173
14348,141106355546445
14349,141106375509306
14350,141106395629098
14351,141106415615230
14352,141106435373696
14353,141106455671579
14354,141106479561850
14355,141106499598691
14356,141106520345954
14357,141106539655160
14358,141106559917073
14359,141106579581492
14360,141106599518448
14361,141106619461609
14362,141106639703969
14363,141106660191210
14364,141106679524893
14365,141106700107252
14366,141106719607788
14367,141106739721532
14368,141106759593454
14369,141106779616008
14370,141106799649307
14371,141106819621630
14372,141106839544102
14373,141106859548802
14374,141106879574180
14375,141106899558690
14376,141106919547768
14377,141106939610089
14378,141106959468430
14379,141106983461602
14380,141107003542428
14381,141107024576135
14382,141107043585216
14383,141107063774466
14384,141107083551812
14385,141107103528988
14386,141107123516283
14387,141107143541246
14388,141107163556620
14389,141107183563300
14390,141107203543293
14391,141107223711349
14392,141107243543018
14393,141107263866337
14394,141107283882770
14395,141107303838136
14396,141107323715110
14397,141107343995812
14398,141107364081466
14399,141107384066338
14400,141107404362998
14401,141107423556903
14402,141107443807152
14403,141107463746700
14404,141107487570515
14405,141107507842187
14406,141107527576007
14407,141107547599957
14408,141107567408589
14409,141107587845123
14410,141107607845907
14411,141107627840375
14412,141107647689993
14413,141107667541908
14414,141107687546673
14415,141107707583952
14416,141107727773729
14417,141107747964849
14418,141107768803833
14419,141107787631645
14420,141107807558802
14421,141107827569009
14422,141107847693903
14423,141107867521345
14424,141107887805340
14425,141107907793431
14426,141107928341010
14427,141107948347522
14428,141107967535231
14429,141107991585290
14430,141108011659283
14431,141108031780689
14432,141108051625160
14433,141108071493551
14434,141108091547629
14435,141108111549217
14436,141108131559388
14437,141108151507547
14438,141108171725182
14439,141108191643802
14440,141108211563786
14441,141108231546646
14442,141108251554201
14443,141108272368149
14444,141108291512888
14445,141108312130138
14446,141108331751081
14447,141108351463931
14448,141108371851899
14449,141108391706971
14450,141108411918984
14451,141108432044195
14452,141108452094317
14453,141108471980408
14454,141108496261023
14455,141108515982925
14456,141108535981569
14457,141108555476523
14458,141108575520734
14459,141108595744778
14460,141108615666456
14461,141108635471192
14462,141108655533920
14463,141108675689057
14464,141108695835798
14465,141108715773888
14466,141108735522639
14467,141108755854081
14468,141108776240947
14469,141108795568353
14470,141108815721076
14471,141108835513981
14472,141108855560446
14473,141108876051578
14474,141108895764620
14475,141108917314607
14476,141108935659428
14477,141108955843032
14478,141108975482852
14479,141108999484092
14480,141109024460787
14481,141109044303275
14482,141109064309203
14483,141109083959996
14484,141109099605967
14485,141109119498591
14486,141109139508684
14487,141109159580742
14488,141109179568112
14489,141109200114175
14490,141109219571337
14491,141109239723036
14492,141109259626455
14493,141109280483528
14494,141109299804228
14495,141109319948265
14496,141109339516575
14497,141109359548648
14498,141109379522520
14499,141109399761303
14500,141109419571395
14501,141109439509983
14502,141109459586208
14503,141109479527748
14504,141109503762103
14505,141109524198666
14506,141109543847633
14507,141109563626005
14508,141109583723712
14509,141109605854500
14510,141109625746452
14511,141109645566115
14512,141109665457365
14513,141109683677682
14514,141109703397529
14515,141109723393554
14516,141109743290890
14517,141109763280005
14518,141109785588928
14519,141109803949976
14520,141109823667525
14521,141109843542910
14522,141109863774890
14523,141109883646399
14524,141109903581150
14525,141109923529313
14526,141109943835393
14527,141109963539945
14528,141109983703142
14529,141110007882813
14530,141110028547473
14531,141110047876470
14532,141110067734308
14533,141110087534803
14534,141110107599145
14535,141110127569880
14536,141110147572030
14537,141110167453568
14538,141110187841905
14539,141110207827365
14540,141110228146565
14541,141110248120289
14542,141110267878620
14543,141110287652977
14544,141110312470258
14545,141110327420210
14546,141110347346403
14547,141110367535616
14548,141110387316836
14549,141110407497189
14550,141110428241028
14551,141110447694666
14552,141110467603320
14553,141110487717067
14554,141110511805568
14555,141110532610086
14556,141110551890981
14557,141110571828561
14558,141110592463205
14559,141110612086978
14560,141110631899944
14561,141110651562922
14562,141110671557972
14563,141110691782513
14564,141110711802367
14565,141110731547556
14566,141110751595604
14567,141110771626952
14568,141110791673646
14569,141110811785918
14570,141110831794608
14571,141110851633635
14572,141110871760390
14573,141110891702982
14574,141110911589175
14575,141110931418584
14576,141110952479949
14577,141110971713001
14578,141110991609172
14579,141111015726450
14580,141111036332706
14581,141111055673234
14582,141111075404189
14583,141111095484659
14584,141111115583165
14585,141111135742038
14586,141111155767211
14587,141111175603605
14588,141111195417640
14589,141111215682767
14590,141111235348377
14591,141111255927267
14592,141111275636691
14593,141111295499223
14594,141111315626652
14595,141111335757994
14596,141111355921779
14597,141111375736408
14598,141111395354352
14599,141111415632390
14600,141111435897714
14601,141111456098298
14602,141111475773195
14603,141111495827754
14604,141111519936473
14605,141111541245382
14606,141111559717525
14607,141111579455882
14608,141111599532474
14609,141111619489703
14610,141111639496999
14611,141111659667797
14612,141111679510054
14613,141111699397856
14614,141111719735374
14615,141111739858154
14616,141111759933234
14617,141111779750759
14618,141111799629949
14619,141111819843968
14620,141111839970775
14621,141111860263253
14622,141111879850832
14623,141111899833977
14624,141111920470728
14625,141111939738436
14626,141111960494107
14627,141111979653695
14628,141111999576696
14629,141112023805088
14630,141112045248812
14631,141112063670895
14632,141112083608880
14633,141112103602239
14634,141112123613842
14635,141112143559421
14636,141112163541281
14637,141112183527466
14638,141112203567795
14639,141112223581821
14640,141112243558128
14641,141112263637736
14642,141112283744422
14643,141112303752865
14644,141112323665620
14645,141112343560741
14646,141112363551840
14647,141112383593869
14648,141112403566109
14649,141112423524282
14650,141112443667984
14651,141112463521794
14652,141112483520323
14653,141112503546740
14654,141112527452267
14655,141112547523411
14656,141112568120077
14657,141112587384458
14658,141112607593118
14659,141112627706304
14660,141112647626537
14661,141112668143139
14662,141112687706986
14663,141112707496871
14664,141112727896358
14665,141112747913894
14666,141112767961910
14667,141112788358138
14668,141112807508685
14669,141112827369232
14670,141112847771471
14671,141112867897990
14672,141112887896779
14673,141112907770882
14674,141112927854915
14675,141112948968745
14676,141112967813897
14677,141112987657032
14678,141113007814252
14679,141113032041751
14680,141113051486878
14681,141113071686992
14682,141113091438221
14683,141113111816764
14684,141113131752380
14685,141113151518344
14686,141113172088782
14687,141113191631200
14688,141113211568185
14689,141113231354266
14690,141113251875494
14691,141113271940888
14692,141113292828036
14693,141113311589737
14694,141113331584509
14695,141113351699487
14696,141113371622459
14697,141113391552874
14698,141113411501096
14699,141113431518819
14700,141113451541709
14701,141113471467238
14702,141113491561634
14703,141113511517610
14704,141113535456762
14705,141113555458788
14706,141113575378080
14707,141113595513467
14708,141113615471418
14709,141113635493300
14710,141113655477243
14711,141113675432079
14712,141113695277072
14713,141113715711751
14714,141113735432089
14715,141113755491302
14716,141113775415092
14717,141113796243358
14718,141113815548024
14719,141113835603114
14720,141113855807490
14721,141113875812806
14722,141113895517061
14723,141113915562573
14724,141113935485989
14725,141113955432685
14726,141113975402487
14727,141113995321064
14728,141114018494705
14729,141114040419005
14730,141114059648766
14731,141114079305110
14732,141114099780766
14733,141114119644933
14734,141114139608248
14735,141114159961427
14736,141114180179653
14737,141114199693785
14738,141114219683951
14739,141114239514863
14740,141114259466953
14741,141114279629378
14742,141114299568391
14743,141114319358492
14744,141114339717606
14745,141114359733433
14746,141114379736699
14747,141114399790717
14748,141114419750043
14749,141114439756332
14750,141114459350567
14751,141114479627600
14752,141114499641981
14753,141114519887512
14754,141114544812058
14755,141114563510876
14756,141114583499172
14757,141114603154804
14758,141114623572903
14759,141114643845292
14760,141114663878509
14761,141114683737895
14762,141114703658138
14763,141114723531185
14764,141114743498916
14765,141114763543933
14766,141114783540841
14767,141114803387616
14768,141114823627541
14769,141114843576658
14770,141114863517147
14771,141114883565288
14772,141114903555182
14773,141114924099525
14774,141114943964790
14775,141114963546106
14776,141114983712110
14777,141115003648589
14778,141115023395986
14779,141115049714784
14780,141115067506773
14781,141115087530514
14782,141115107387466
14783,141115127582261
14784,141115147680378
14785,141115167779823
14786,141115187915057
14787,141115207817056
14788,141115228166497
14789,141115247937650
14790,141115267917784
14791,141115287927871
14792,141115307512175
14793,141115329946949
14794,141115347522736
14795,141115367536031
14796,141115387520371
14797,141115407595417
14798,141115427654174
14799,141115447548035
14800,141115467874729
14801,141115487757135
14802,141115507581709
14803,141115527791687
14804,141115552273142
14805,141115571543843
14806,141115591609134
14807,141115611573910
14808,141115631749735
14809,141115651529961
14810,141115671501750
14811,141115691786327
14812,141115711594399
14813,141115731726612
14814,141115751529990
14815,141115771543115
14816,141115791371796
14817,141115811714746
14818,141115831911295
14819,141115851832642
14820,141115871532502
14821,141115891532419
14822,141115911455908
14823,141115931691614
14824,141115952563566
14825,141115971431833
14826,141115991329643
14827,141116016606917
14828,141116031701066
14829,141116057249409
14830,141116075646524
14831,141116095417250
14832,141116115525952
14833,141116135645433
14834,141116155526813
14835,141116175469799
14836,141116195547928
14837,141116215546731
14838,141116235523235
14839,141116255762918
14840,141116275504130
14841,141116295476051
14842,141116315537553
14843,141116335632550
14844,141116355550414
14845,141116375526950
14846,141116395421895
14847,141116415482446
14848,141116436520380
14849,141116455798729
14850,141116475543674
14851,141116495608152
14852,141116515524950
14853,141116535738776
14854,141116560713764
14855,141116579673946
14856,141116599368380
14857,141116619736476
14858,141116639512417
14859,141116659587779
14860,141116679466825
14861,141116699801568
14862,141116719919843
14863,141116740165715
