frame_index,read_ok,t_before_read_ns,t_after_read_ns
0,1,17362375088723,17362394961884
1,1,17362394971450,17362415745840
2,1,17362415752216,17362434992424
3,1,17362434996685,17362454995955
4,1,17362455001287,17362475024636
5,1,17362475029811,17362495750890
6,1,17362495755722,17362515092772
7,1,17362515097926,17362535214580
8,1,17362535219200,17362555012405
9,1,17362555018228,17362574923211
10,1,17362574928295,17362595149122
11,1,17362595154356,17362614983182
12,1,17362614988451,17362634985835
13,1,17362634990889,17362654942534
14,1,17362654962186,17362675024211
15,1,17362675029387,17362694991239
16,1,17362694996207,17362715164478
17,1,17362715169901,17362738988337
18,1,17362738994012,17362759194944
19,1,17362759201443,17362779025647
20,1,17362779031079,17362799095755
21,1,17362799100805,17362818928178
22,1,17362818933349,17362838997277
23,1,17362839002600,17362858991253
24,1,17362858996392,17362878983929
25,1,17362878990270,17362899120442
26,1,17362899125813,17362919196797
27,1,17362919201868,17362939066297
28,1,17362939071393,17362959104574
29,1,17362959109445,17362979308008
30,1,17362979313078,17362999458349
31,1,17362999462701,17363019177850
32,1,17363019183937,17363039285885
33,1,17363039291796,17363059116264
34,1,17363059121674,17363079152819
35,1,17363079158047,17363099106389
36,1,17363099111440,17363119132968
37,1,17363119138487,17363138993981
38,1,17363138999641,17363159094506
39,1,17363159099724,17363178991223
40,1,17363178996564,17363199053479
41,1,17363199059783,17363219023356
42,1,17363219028572,17363239126513
43,1,17363239131571,17363259168412
44,1,17363259173655,17363279241696
45,1,17363279263182,17363299002928
46,1,17363299007737,17363319106810
47,1,17363319111920,17363339043660
48,1,17363339049207,17363359122315
49,1,17363359127351,17363379011701
50,1,17363379016977,17363399076117
51,1,17363399091859,17363418966476
52,1,17363418971540,17363439029784
53,1,17363439036052,17363458920054
54,1,17363458925871,17363483041675
55,1,17363483046879,17363502700779
56,1,17363502704988,17363523320157
57,1,17363523325366,17363543109019
58,1,17363543114148,17363563088128
59,1,17363563093159,17363582883415
60,1,17363582889058,17363602896089
61,1,17363602900944,17363623033082
62,1,17363623038696,17363643072728
63,1,17363643089177,17363662855057
64,1,17363662860218,17363683205314
65,1,17363683211116,17363703069162
66,1,17363703074716,17363722858263
67,1,17363722862903,17363743041523
68,1,17363743046924,17363763121322
69,1,17363763126101,17363783060272
70,1,17363783065907,17363802998837
71,1,17363803003560,17363823042182
72,1,17363823047365,17363843163636
73,1,17363843168999,17363863007394
74,1,17363863012873,17363883021451
75,1,17363883027085,17363903067592
76,1,17363903072858,17363923130872
77,1,17363923137854,17363943182905
78,1,17363943203946,17363963042815
79,1,17363963047719,17363982982761
80,1,17363982988388,17364003255722
81,1,17364003260400,17364023152773
82,1,17364023158263,17364043185496
83,1,17364043190617,17364063001225
84,1,17364063007419,17364083005404
85,1,17364083010831,17364103029182
86,1,17364103034790,17364123102739
87,1,17364123107694,17364142997821
88,1,17364143003110,17364163173588
89,1,17364163178694,17364182898399
90,1,17364182903826,17364203095922
91,1,17364203101101,17364223069006
92,1,17364223074780,17364247430461
93,1,17364247438772,17364266966001
94,1,17364266971160,17364287251135
95,1,17364287269721,17364306911088
96,1,17364306916370,17364327137514
97,1,17364327142508,17364346881196
98,1,17364346885961,17364367123949
99,1,17364367129268,17364387001656
100,1,17364387006894,17364407117554
101,1,17364407122609,17364427045764
102,1,17364427051052,17364447208815
103,1,17364447213664,17364467726484
104,1,17364467730584,17364487247070
105,1,17364487252301,17364506771110
106,1,17364506775566,17364527169825
107,1,17364527174700,17364546986874
108,1,17364546993986,17364567306757
109,1,17364567314543,17364586979922
110,1,17364586985795,17364607102045
111,1,17364607107037,17364627075528
112,1,17364627080319,17364647024196
113,1,17364647029365,17364667127202
114,1,17364667134684,17364687123297
115,1,17364687128099,17364707161058
116,1,17364707166054,17364727005367
117,1,17364727010729,17364747288585
118,1,17364747293521,17364766828283
119,1,17364766833887,17364787293742
120,1,17364787299493,17364807155750
121,1,17364807160702,17364827005405
122,1,17364827010663,17364847111040
123,1,17364847118762,17364867173479
124,1,17364867178475,17364887137732
125,1,17364887142986,17364907049941
126,1,17364907055112,17364926936946
127,1,17364926941835,17364947211700
128,1,17364947216709,17364967119100
129,1,17364967125006,17364986915369
130,1,17364986920858,17365011501933
131,1,17365011507946,17365031141885
132,1,17365031146710,17365051185871
133,1,17365051191230,17365070917659
134,1,17365070922937,17365091109586
135,1,17365091114957,17365111070398
136,1,17365111075542,17365131167486
137,1,17365131172647,17365151186489
138,1,17365151191750,17365171138429
139,1,17365171143535,17365190990400
140,1,17365190995230,17365211476738
141,1,17365211481299,17365230936222
142,1,17365230954725,17365250918282
143,1,17365250922964,17365271207524
144,1,17365271213153,17365291290730
145,1,17365291296631,17365311219007
146,1,17365311237500,17365330903239
147,1,17365330908084,17365351071165
148,1,17365351076110,17365370787616
149,1,17365370793060,17365391325526
150,1,17365391332406,17365411318451
151,1,17365411322760,17365431057725
152,1,17365431062525,17365451123483
153,1,17365451128922,17365471167664
154,1,17365471172513,17365491158914
155,1,17365491163610,17365511203114
156,1,17365511209092,17365531258053
157,1,17365531262290,17365551087679
158,1,17365551093179,17365571317002
159,1,17365571322469,17365591233590
160,1,17365591239057,17365611242930
161,1,17365611248583,17365631100360
162,1,17365631106812,17365651202876
163,1,17365651208137,17365671139055
164,1,17365671144177,17365691154440
165,1,17365691159511,17365711088121
166,1,17365711092799,17365731071224
167,1,17365731076371,17365755669315
168,1,17365755673836,17365775303169
169,1,17365775307823,17365795190349
170,1,17365795195311,17365815212566
171,1,17365815218075,17365835162904
172,1,17365835168962,17365855147847
173,1,17365855153382,17365875433844
174,1,17365875438535,17365895229402
175,1,17365895234645,17365915502188
176,1,17365915506825,17365935157563
177,1,17365935162611,17365955421679
178,1,17365955426927,17365975433086
179,1,17365975437645,17365995613561
180,1,17365995617609,17366015343638
181,1,17366015349396,17366035517676
182,1,17366035523246,17366055138793
183,1,17366055144092,17366075528204
184,1,17366075532572,17366095205847
185,1,17366095210328,17366115479814
186,1,17366115484716,17366135150452
187,1,17366135155338,17366155336526
188,1,17366155341067,17366175246384
189,1,17366175251580,17366195334461
190,1,17366195338972,17366215032903
191,1,17366215037896,17366235319290
192,1,17366235324446,17366255458306
193,1,17366255465516,17366275632563
194,1,17366275636751,17366295219972
195,1,17366295247704,17366315489929
196,1,17366315494645,17366335154431
197,1,17366335175429,17366355347972
198,1,17366355352760,17366375183284
199,1,17366375188535,17366395365928
200,1,17366395371181,17366415285003
201,1,17366415291463,17366435118811
202,1,17366435124493,17366455298458
203,1,17366455303276,17366475109945
204,1,17366475115796,17366495152823
205,1,17366495174868,17366519339974
206,1,17366519345066,17366539257791
207,1,17366539263408,17366559260630
208,1,17366559265534,17366579243213
209,1,17366579248036,17366599188047
210,1,17366599194123,17366619122337
211,1,17366619127534,17366639173935
212,1,17366639179579,17366659172747
213,1,17366659177674,17366679166249
214,1,17366679171273,17366699105128
215,1,17366699110840,17366719423406
216,1,17366719428907,17366739147215
217,1,17366739152301,17366759508848
218,1,17366759514994,17366779368089
219,1,17366779372753,17366799260528
220,1,17366799265936,17366819165785
221,1,17366819170818,17366839149582
222,1,17366839155142,17366859233099
223,1,17366859237706,17366879178438
224,1,17366879183676,17366899028722
225,1,17366899033835,17366919163300
226,1,17366919168627,17366939107015
227,1,17366939112636,17366959264236
228,1,17366959269681,17366979300704
229,1,17366979305414,17366999145679
230,1,17366999151668,17367019228477
231,1,17367019233823,17367039202320
232,1,17367039207377,17367059174806
233,1,17367059180827,17367079373019
234,1,17367079378921,17367099199428
235,1,17367099203844,17367119258605
236,1,17367119264153,17367139071981
237,1,17367139077316,17367159180653
238,1,17367159185914,17367179143060
239,1,17367179148366,17367199262968
240,1,17367199268587,17367219100856
241,1,17367219106201,17367239178940
242,1,17367239184896,17367259715640
243,1,17367259721636,17367285233799
244,1,17367285239083,17367303404372
245,1,17367303409552,17367323284879
246,1,17367323290568,17367343217574
247,1,17367343223127,17367363303491
248,1,17367363309228,17367383240441
249,1,17367383262644,17367403209311
250,1,17367403214620,17367423244850
251,1,17367423249818,17367443332108
252,1,17367443337002,17367463162575
253,1,17367463167879,17367483341910
254,1,17367483346708,17367503147357
255,1,17367503152131,17367523339433
256,1,17367523344985,17367543276413
257,1,17367543282199,17367563251330
258,1,17367563257616,17367583107909
259,1,17367583113441,17367603241843
260,1,17367603247556,17367623172124
261,1,17367623178160,17367643291997
262,1,17367643298491,17367663223177
263,1,17367663228735,17367683218632
264,1,17367683224629,17367703164778
265,1,17367703187801,17367723173181
266,1,17367723179289,17367743139893
267,1,17367743144911,17367763638377
268,1,17367763645137,17367783204899
269,1,17367783211360,17367803375820
270,1,17367803382064,17367823191222
271,1,17367823196500,17367843427042
272,1,17367843432749,17367865204934
273,1,17367865210333,17367883436952
274,1,17367883441970,17367903121052
275,1,17367903127119,17367923317090
276,1,17367923323210,17367943281599
277,1,17367943288289,17367963403219
278,1,17367963409487,17367983094370
279,1,17367983100185,17368003195147
280,1,17368003200525,17368027073237
281,1,17368027079091,17368047359434
282,1,17368047365113,17368067199622
283,1,17368067204997,17368087391285
284,1,17368087396754,17368107109789
285,1,17368107116098,17368127219334
286,1,17368127224786,17368147071768
287,1,17368147077548,17368167301251
288,1,17368167306931,17368187332595
289,1,17368187337505,17368207347953
290,1,17368207354006,17368227055352
291,1,17368227060442,17368247464790
292,1,17368247470812,17368268044660
293,1,17368268050212,17368287419144
294,1,17368287425097,17368307088301
295,1,17368307093466,17368327335827
296,1,17368327341396,17368347174663
297,1,17368347180402,17368367260807
298,1,17368367266264,17368387166972
299,1,17368387188763,17368407350920
300,1,17368407356986,17368427199322
301,1,17368427205037,17368447278062
302,1,17368447283590,17368467182461
303,1,17368467187577,17368487315860
304,1,17368487321993,17368507154564
305,1,17368507160247,17368527329251
306,1,17368527334932,17368547180247
307,1,17368547185761,17368567224937
308,1,17368567230451,17368587153966
309,1,17368587160472,17368607175010
310,1,17368607180793,17368627180339
311,1,17368627186074,17368647217739
312,1,17368647224109,17368667113835
313,1,17368667120504,17368687118472
314,1,17368687124296,17368707183901
315,1,17368707188952,17368727211098
316,1,17368727216776,17368747097631
317,1,17368747104102,17368767695383
318,1,17368767701854,17368791287397
319,1,17368791293324,17368811143289
320,1,17368811148590,17368831164040
321,1,17368831169568,17368851198091
322,1,17368851204282,17368871180284
323,1,17368871185702,17368891141207
324,1,17368891148283,17368911200990
325,1,17368911206391,17368931089371
326,1,17368931095353,17368951072261
327,1,17368951077736,17368971339029
328,1,17368971344379,17368991204358
329,1,17368991210233,17369011274164
330,1,17369011280287,17369031123912
331,1,17369031131358,17369051366965
332,1,17369051373236,17369071064383
333,1,17369071070248,17369091186411
334,1,17369091192351,17369111124051
335,1,17369111132103,17369131200241
336,1,17369131206944,17369151108552
337,1,17369151114113,17369171204645
338,1,17369171210526,17369191151830
339,1,17369191157276,17369211111102
340,1,17369211116959,17369231109198
341,1,17369231114763,17369251238802
342,1,17369251244516,17369271771955
343,1,17369271777423,17369291274658
344,1,17369291280527,17369311208015
345,1,17369311213628,17369331100553
346,1,17369331106509,17369351147493
347,1,17369351153522,17369371284463
348,1,17369371290763,17369391067983
349,1,17369391074256,17369411201117
350,1,17369411227081,17369431230491
351,1,17369431235733,17369451181268
352,1,17369451186585,17369471119665
353,1,17369471125700,17369491258365
354,1,17369491264468,17369511193214
355,1,17369511198611,17369531134600
356,1,17369531142051,17369555266559
357,1,17369555271475,17369575189083
358,1,17369575194539,17369595236379
359,1,17369595242280,17369615247985
360,1,17369615253446,17369635168342
361,1,17369635173358,17369655140728
362,1,17369655147324,17369675185103
363,1,17369675190737,17369695133349
364,1,17369695140347,17369715122563
365,1,17369715128150,17369735251842
366,1,17369735257364,17369755162414
367,1,17369755191829,17369775013637
368,1,17369775018403,17369795275495
369,1,17369795281427,17369815292878
370,1,17369815298319,17369835185269
371,1,17369835191433,17369855247097
372,1,17369855252583,17369875210775
373,1,17369875216187,17369895170122
374,1,17369895175914,17369915140154
375,1,17369915147126,17369935173347
376,1,17369935178818,17369955150814
377,1,17369955157114,17369975223639
378,1,17369975229443,17369995088996
379,1,17369995094417,17370015029996
380,1,17370015036597,17370035259454
381,1,17370035267086,17370055299631
382,1,17370055305060,17370074888875
383,1,17370074894178,17370094999278
384,1,17370095004515,17370115014601
385,1,17370115020326,17370135142797
386,1,17370135148950,17370155164765
387,1,17370155169957,17370175025686
388,1,17370175031575,17370195234728
389,1,17370195240497,17370215090152
390,1,17370215096033,17370235155450
391,1,17370235160961,17370255000821
392,1,17370255022944,17370275533960
393,1,17370275539002,17370299198837
394,1,17370299204617,17370319138942
395,1,17370319144072,17370339257168
396,1,17370339262537,17370359101274
397,1,17370359107130,17370379349601
398,1,17370379355433,17370399254338
399,1,17370399259559,17370419265788
400,1,17370419271884,17370439258989
401,1,17370439282712,17370459095276
402,1,17370459100966,17370479297461
403,1,17370479302654,17370499306641
404,1,17370499312970,17370519231726
405,1,17370519239797,17370539240868
406,1,17370539246887,17370559256632
407,1,17370559262307,17370579270157
408,1,17370579275819,17370599137225
409,1,17370599142865,17370619246753
410,1,17370619252437,17370639110337
411,1,17370639116302,17370659162579
412,1,17370659169074,17370679157792
413,1,17370679163321,17370699182474
414,1,17370699188937,17370719211290
415,1,17370719216497,17370739232758
416,1,17370739238675,17370759163310
417,1,17370759168914,17370779095038
418,1,17370779100166,17370799389954
419,1,17370799395606,17370819265325
420,1,17370819272381,17370839131668
421,1,17370839137239,17370859335911
422,1,17370859342107,17370879182181
423,1,17370879187925,17370898939882
424,1,17370898945390,17370920129739
425,1,17370920136641,17370943303644
426,1,17370943309811,17370962429050
427,1,17370962443981,17370980994713
428,1,17370981000179,17371000132705
429,1,17371000137637,17371021603932
430,1,17371021619118,17371040954263
431,1,17371040961597,17371064374163
432,1,17371064378969,17371083372028
433,1,17371083376690,17371105880629
434,1,17371105887497,17371124370004
435,1,17371124400423,17371146347912
436,1,17371146354836,17371164677879
437,1,17371164682763,17371183164423
438,1,17371183170856,17371203348109
439,1,17371203354155,17371223281020
440,1,17371223286781,17371242943561
441,1,17371242948760,17371263225619
442,1,17371263231328,17371282901217
443,1,17371282906323,17371303355787
444,1,17371303362090,17371323191039
445,1,17371323197551,17371343198748
446,1,17371343205832,17371363120769
447,1,17371363126369,17371383164083
448,1,17371383170404,17371403345619
449,1,17371403351410,17371423211095
450,1,17371423218163,17371443092779
451,1,17371443098613,17371463071503
452,1,17371463077365,17371483240774
453,1,17371483264625,17371503250584
454,1,17371503256449,17371523372251
455,1,17371523379592,17371543310745
456,1,17371543316720,17371563305268
457,1,17371563311964,17371583155037
458,1,17371583160899,17371603302914
459,1,17371603308664,17371623130052
460,1,17371623135591,17371643189648
461,1,17371643195813,17371662765156
462,1,17371662770283,17371683052135
463,1,17371683058263,17371703082036
464,1,17371703087351,17371723035596
465,1,17371723041628,17371743009162
466,1,17371743014676,17371763022676
467,1,17371763028285,17371782902116
468,1,17371782907055,17371803690325
469,1,17371803698041,17371830007067
470,1,17371830012395,17371848897370
471,1,17371848903221,17371868410295
472,1,17371868427186,17371888340980
473,1,17371888346235,17371909906032
474,1,17371909911691,17371929450195
475,1,17371929458768,17371948939982
476,1,17371948945592,17371969814533
477,1,17371969832210,17371988412713
478,1,17371988418444,17372010170852
479,1,17372010177657,17372027315292
480,1,17372027320987,17372048050747
481,1,17372048057005,17372067334357
482,1,17372067341240,17372087408349
483,1,17372087414237,17372107635995
484,1,17372107641005,17372127034138
485,1,17372127039068,17372147079179
486,1,17372147084983,17372167266924
487,1,17372167272209,17372187240248
488,1,17372187245972,17372207179040
489,1,17372207184020,17372227131504
490,1,17372227137280,17372247182974
491,1,17372247188947,17372267129008
492,1,17372267134983,17372286974678
493,1,17372286979374,17372307188862
494,1,17372307194823,17372327173601
495,1,17372327179154,17372347189027
496,1,17372347194995,17372367058939
497,1,17372367064963,17372387116476
498,1,17372387122495,17372407224100
499,1,17372407229383,17372427268351
500,1,17372427274815,17372447186324
501,1,17372447191824,17372467090828
502,1,17372467097482,17372486948409
503,1,17372486967623,17372507161072
504,1,17372507166830,17372527363708
505,1,17372527370373,17372547243333
506,1,17372547249311,17372571159146
507,1,17372571164581,17372591034880
508,1,17372591040579,17372611229397
509,1,17372611234396,17372631162920
510,1,17372631169128,17372651102342
511,1,17372651108123,17372671261176
512,1,17372671267252,17372691164897
513,1,17372691170158,17372711205716
514,1,17372711212467,17372731546330
515,1,17372731552757,17372751333478
516,1,17372751339538,17372771173817
517,1,17372771180364,17372791210961
518,1,17372791218248,17372811354435
519,1,17372811359541,17372831224945
520,1,17372831247783,17372851283213
521,1,17372851289144,17372871249953
522,1,17372871256084,17372891170125
523,1,17372891176019,17372911152440
524,1,17372911157919,17372931653822
525,1,17372931658620,17372951112247
526,1,17372951117331,17372971219579
527,1,17372971225335,17372991148781
528,1,17372991154185,17373011232541
529,1,17373011238336,17373031308368
530,1,17373031316218,17373051283031
531,1,17373051288670,17373071250686
532,1,17373071256897,17373091233350
533,1,17373091238568,17373111249019
534,1,17373111255028,17373131163677
535,1,17373131169522,17373151211626
536,1,17373151218011,17373171238934
537,1,17373171245246,17373191005880
538,1,17373191011613,17373211097864
539,1,17373211103817,17373231080132
540,1,17373231085962,17373251222130
541,1,17373251227905,17373271151504
542,1,17373271157922,17373290840697
543,1,17373290845576,17373311301752
544,1,17373311307700,17373335208557
545,1,17373335214181,17373355182760
546,1,17373355188387,17373375192282
547,1,17373375197221,17373395186392
548,1,17373395192119,17373415224278
549,1,17373415229323,17373435179338
550,1,17373435185470,17373455349888
551,1,17373455355309,17373475194124
552,1,17373475199429,17373495285608
553,1,17373495290991,17373515287304
554,1,17373515308228,17373535753762
555,1,17373535758627,17373555303924
556,1,17373555309827,17373575198906
557,1,17373575204900,17373595085849
558,1,17373595091308,17373615054535
559,1,17373615060102,17373635105361
560,1,17373635111313,17373655092593
561,1,17373655098551,17373675073515
562,1,17373675093731,17373695018598
563,1,17373695024450,17373715212815
564,1,17373715219008,17373735227489
565,1,17373735233594,17373755208426
566,1,17373755213955,17373775150985
567,1,17373775156946,17373795257599
568,1,17373795367903,17373815270379
569,1,17373815275874,17373835282831
570,1,17373835289311,17373855161245
571,1,17373855166379,17373875192116
572,1,17373875197620,17373895205119
573,1,17373895210560,17373915185603
574,1,17373915190883,17373935168975
575,1,17373935174685,17373955082185
576,1,17373955088092,17373975098138
577,1,17373975103934,17373995062560
578,1,17373995068351,17374015133184
579,1,17374015138650,17374035690012
580,1,17374035697704,17374055185725
581,1,17374055191221,17374075267447
582,1,17374075272925,17374099218660
583,1,17374099225035,17374119163238
584,1,17374119169046,17374139164767
585,1,17374139171014,17374159050270
586,1,17374159055989,17374179161386
587,1,17374179168213,17374199095610
588,1,17374199101980,17374219081281
589,1,17374219086865,17374238881427
590,1,17374238886930,17374258996057
591,1,17374259001472,17374279137085
592,1,17374279143110,17374299119277
593,1,17374299125736,17374319122232
594,1,17374319128901,17374339007837
595,1,17374339012991,17374358971004
596,1,17374358977774,17374379116029
597,1,17374379121981,17374399106043
598,1,17374399111763,17374419174451
599,1,17374419179528,17374438947675
600,1,17374438954794,17374459151240
601,1,17374459165088,17374479260406
602,1,17374479266139,17374499192813
603,1,17374499198830,17374519173923
604,1,17374519179955,17374540295273
605,1,17374540317619,17374559145381
606,1,17374559177173,17374579358773
607,1,17374579365041,17374599234184
608,1,17374599240433,17374619152608
609,1,17374619158447,17374639252764
610,1,17374639258579,17374659256968
611,1,17374659262553,17374679168713
612,1,17374679174808,17374699055596
613,1,17374699061791,17374719242379
614,1,17374719248673,17374739141527
615,1,17374739147599,17374759145769
616,1,17374759152246,17374779305695
617,1,17374779310657,17374799341144
618,1,17374799347468,17374819413019
619,1,17374819418769,17374843167921
620,1,17374843174321,17374863195669
621,1,17374863201367,17374883329756
622,1,17374883335575,17374903440365
623,1,17374903447037,17374923151186
624,1,17374923157453,17374943557947
625,1,17374943565218,17374962966925
626,1,17374962973172,17374983393714
627,1,17374983398735,17375003343011
628,1,17375003347854,17375022809632
629,1,17375022815113,17375043180163
630,1,17375043186819,17375062860816
631,1,17375062866561,17375083312135
632,1,17375083320714,17375102916372
633,1,17375102921620,17375122918153
634,1,17375122923011,17375142852778
635,1,17375142857863,17375162895321
636,1,17375162900185,17375183695302
637,1,17375183700389,17375203226868
638,1,17375203231999,17375223089228
639,1,17375223095724,17375243079762
640,1,17375243085887,17375263039391
641,1,17375263045632,17375283163726
642,1,17375283169452,17375303431154
643,1,17375303436376,17375323210777
644,1,17375323216262,17375343002213
645,1,17375343008224,17375363027832
646,1,17375363033727,17375382981923
647,1,17375382988184,17375403045302
648,1,17375403051303,17375422947135
649,1,17375422952551,17375442970319
650,1,17375442976566,17375463007270
651,1,17375463012899,17375483119045
652,1,17375483125191,17375503275004
653,1,17375503281814,17375523432023
654,1,17375523436476,17375545892468
655,1,17375545899174,17375562887462
656,1,17375562892547,17375582909765
657,1,17375582914746,17375607125522
658,1,17375607156826,17375627956604
659,1,17375627962199,17375647777545
660,1,17375647782876,17375667473226
661,1,17375667478281,17375687000262
662,1,17375687004909,17375707115607
663,1,17375707121523,17375727400100
664,1,17375727406310,17375747254449
665,1,17375747260494,17375767476836
666,1,17375767482019,17375787421336
667,1,17375787426621,17375806935444
668,1,17375806940611,17375827045688
669,1,17375827050839,17375847172569
670,1,17375847178640,17375868942237
671,1,17375868949318,17375887690645
672,1,17375887695546,17375907278136
673,1,17375907284026,17375927720185
674,1,17375927725214,17375947244295
675,1,17375947249136,17375967214471
676,1,17375967219863,17375987070957
677,1,17375987076574,17376007111986
678,1,17376007117887,17376027033266
679,1,17376027039017,17376049165643
680,1,17376049172893,17376070226769
681,1,17376070233566,17376090229785
682,1,17376090237719,17376110553480
683,1,17376110561073,17376129865397
684,1,17376129873876,17376147208966
685,1,17376147216447,17376172707466
686,1,17376172714002,17376190867469
687,1,17376190873856,17376209721012
688,1,17376209727527,17376229970276
689,1,17376229976622,17376250045152
690,1,17376250074039,17376269935270
691,1,17376269941703,17376289701489
692,1,17376289707033,17376309717972
693,1,17376309724794,17376329686750
694,1,17376329692555,17376347880595
695,1,17376347886994,17376373841756
696,1,17376373847993,17376390919350
697,1,17376390924376,17376411030140
698,1,17376411036463,17376431074794
699,1,17376431080817,17376451086502
700,1,17376451092515,17376470981494
701,1,17376470988140,17376490935791
702,1,17376490941031,17376511167123
703,1,17376511173367,17376530807978
704,1,17376530813237,17376551561521
705,1,17376551568873,17376573259381
706,1,17376573267072,17376592027032
707,1,17376592032910,17376613220495
708,1,17376613248456,17376631789242
709,1,17376631811058,17376651236483
710,1,17376651241991,17376670955204
711,1,17376670960275,17376691040617
712,1,17376691045469,17376710853331
713,1,17376710859527,17376731169474
714,1,17376731175347,17376751164964
715,1,17376751171160,17376771317429
716,1,17376771323455,17376791135205
717,1,17376791140865,17376811146256
718,1,17376811152057,17376831291421
719,1,17376831297161,17376851144597
720,1,17376851150041,17376871162064
721,1,17376871167756,17376891227730
722,1,17376891233706,17376911131966
723,1,17376911137997,17376931377971
724,1,17376931383926,17376951080476
725,1,17376951086319,17376971152151
726,1,17376971158169,17376991087794
727,1,17376991093828,17377011153527
728,1,17377011162359,17377031138332
729,1,17377031144173,17377051272126
730,1,17377051276908,17377071023493
731,1,17377071028286,17377091190496
732,1,17377091220526,17377115190418
733,1,17377115209052,17377135189608
734,1,17377135195190,17377155178023
735,1,17377155184112,17377175284191
736,1,17377175289541,17377195269131
737,1,17377195275855,17377215150773
738,1,17377215156708,17377235731684
739,1,17377235737133,17377255194687
740,1,17377255200489,17377275124642
741,1,17377275129519,17377295483065
742,1,17377295489877,17377316362440
743,1,17377316368877,17377335168016
744,1,17377335172925,17377355009418
745,1,17377355014589,17377374875368
746,1,17377374880776,17377395209640
747,1,17377395217910,17377415599544
748,1,17377415606183,17377435128630
749,1,17377435134821,17377455143217
750,1,17377455148980,17377475491407
751,1,17377475496921,17377494946033
752,1,17377494951403,17377515116573
753,1,17377515122500,17377535189562
754,1,17377535196133,17377555580410
755,1,17377555585009,17377575006681
756,1,17377575012629,17377595224405
757,1,17377595229707,17377615179524
758,1,17377615184660,17377635086434
759,1,17377635109266,17377655101608
760,1,17377655107285,17377675244019
761,1,17377675251675,17377695255174
762,1,17377695260706,17377715211796
763,1,17377715217845,17377735242520
764,1,17377735248387,17377755035522
765,1,17377755041313,17377775212785
766,1,17377775219122,17377795063320
767,1,17377795069384,17377815173388
768,1,17377815179886,17377835154838
769,1,17377835159925,17377855150936
770,1,17377855156994,17377879153854
771,1,17377879159639,17377899194499
772,1,17377899200060,17377918958929
773,1,17377918964999,17377939169434
774,1,17377939176203,17377959116960
775,1,17377959140043,17377979182425
776,1,17377979189293,17377999267698
777,1,17377999273476,17378019259811
778,1,17378019266345,17378039243746
779,1,17378039250171,17378059107664
780,1,17378059114385,17378079304807
781,1,17378079311411,17378099174758
782,1,17378099180903,17378119106861
783,1,17378119112776,17378139112881
784,1,17378139119206,17378159190947
785,1,17378159196596,17378179098596
786,1,17378179104772,17378199198599
787,1,17378199205153,17378219254000
788,1,17378219260623,17378239287689
789,1,17378239293861,17378259381238
790,1,17378259387471,17378279196193
791,1,17378279202132,17378299449613
792,1,17378299456529,17378319062346
793,1,17378319069030,17378339265937
794,1,17378339272467,17378359130411
795,1,17378359136850,17378379152622
796,1,17378379159152,17378399148042
797,1,17378399154388,17378419199939
798,1,17378419206037,17378438939894
799,1,17378438944796,17378459250649
800,1,17378459256479,17378479183950
801,1,17378479191565,17378499046159
802,1,17378499051184,17378519303030
803,1,17378519311293,17378538991870
804,1,17378538996970,17378560405735
805,1,17378560411890,17378579059806
806,1,17378579065271,17378599301629
807,1,17378599307919,17378619221380
808,1,17378619227458,17378643328983
809,1,17378643335559,17378663183565
810,1,17378663207266,17378682894186
811,1,17378682899306,17378703243537
812,1,17378703249470,17378723224238
813,1,17378723230580,17378743074828
814,1,17378743080475,17378763314625
815,1,17378763319761,17378783245905
816,1,17378783252235,17378803712063
817,1,17378803719086,17378823389699
818,1,17378823396013,17378843294721
819,1,17378843300667,17378863168632
820,1,17378863175166,17378883237492
821,1,17378883243715,17378903194340
822,1,17378903200588,17378923141689
823,1,17378923146892,17378943507798
824,1,17378943515831,17378963106184
825,1,17378963111817,17378983352421
826,1,17378983358381,17379003251381
827,1,17379003257495,17379023187189
828,1,17379023193453,17379044178003
829,1,17379044182760,17379063626604
830,1,17379063631417,17379083177033
831,1,17379083183357,17379103465392
832,1,17379103471757,17379123695973
833,1,17379123701599,17379145594865
834,1,17379145600232,17379164166497
835,1,17379164171716,17379183502172
836,1,17379183507167,17379202886710
837,1,17379202891846,17379223675927
838,1,17379223681385,17379243821095
839,1,17379243828567,17379264074106
840,1,17379264079050,17379283526055
841,1,17379283531245,17379303192852
842,1,17379303200625,17379323029289
843,1,17379323034532,17379343708656
844,1,17379343715373,17379364547434
845,1,17379364552719,17379387004431
846,1,17379387009386,17379407112541
847,1,17379407117985,17379428117629
848,1,17379428125697,17379447476718
849,1,17379447483072,17379467499248
850,1,17379467505504,17379487752750
851,1,17379487759333,17379506999300
852,1,17379507004528,17379527277480
853,1,17379527284192,17379547242212
854,1,17379547247927,17379567295363
855,1,17379567301773,17379587168926
856,1,17379587176463,17379607182928
857,1,17379607188927,17379627236533
858,1,17379627243135,17379647016925
859,1,17379647023099,17379667186986
860,1,17379667209427,17379687076317
861,1,17379687083191,17379707185996
862,1,17379707206052,17379727066141
863,1,17379727071717,17379747075890
864,1,17379747081670,17379767148004
865,1,17379767153181,17379787128248
866,1,17379787134336,17379807638077
867,1,17379807647383,17379827197830
868,1,17379827203924,17379847286188
869,1,17379847292309,17379867162786
870,1,17379867168642,17379887312367
871,1,17379887317679,17379907219140
872,1,17379907225152,17379927260828
873,1,17379927266540,17379947521939
874,1,17379947527883,17379967096665
875,1,17379967102977,17379987145090
876,1,17379987151146,17380009059392
877,1,17380009064897,17380027482995
878,1,17380027488928,17380047141102
879,1,17380047145954,17380066967056
880,1,17380066972477,17380087341165
881,1,17380087346253,17380107426513
882,1,17380107432713,17380127122042
883,1,17380127127641,17380151119172
884,1,17380151125107,17380171127979
885,1,17380171135734,17380191116256
886,1,17380191122377,17380211115864
887,1,17380211121292,17380231080174
888,1,17380231085419,17380251266741
889,1,17380251272989,17380271232049
890,1,17380271238547,17380291163384
891,1,17380291169704,17380311877408
892,1,17380311883230,17380331199180
893,1,17380331204882,17380351243332
894,1,17380351249332,17380371179267
895,1,17380371185676,17380391235940
896,1,17380391242720,17380411125436
897,1,17380411131454,17380431087590
898,1,17380431093564,17380451197944
899,1,17380451203772,17380471118518
900,1,17380471124132,17380491152580
901,1,17380491158306,17380511182490
902,1,17380511205571,17380531193648
903,1,17380531199636,17380551027025
904,1,17380551032866,17380571030597
905,1,17380571036303,17380591190210
906,1,17380591196071,17380611246845
907,1,17380611254136,17380631044525
908,1,17380631049923,17380652087889
909,1,17380652092931,17380671081699
910,1,17380671087299,17380690927169
911,1,17380690932038,17380710963219
912,1,17380710987599,17380731043175
913,1,17380731049063,17380751047939
914,1,17380751054693,17380771263059
915,1,17380771268952,17380791097790
916,1,17380791103888,17380811811066
917,1,17380811815838,17380831187434
918,1,17380831193698,17380851216906
919,1,17380851223108,17380871006320
920,1,17380871012195,17380891127524
921,1,17380891133221,17380915102372
922,1,17380915107942,17380935103940
923,1,17380935109663,17380955108677
924,1,17380955115834,17380975164706
925,1,17380975170378,17380996082688
926,1,17380996087713,17381015074432
927,1,17381015080405,17381035052832
928,1,17381035058943,17381055036306
929,1,17381055042111,17381075290516
930,1,17381075297516,17381095092844
931,1,17381095098542,17381115164435
932,1,17381115169958,17381135128872
933,1,17381135135397,17381155041851
934,1,17381155047977,17381175334188
935,1,17381175339625,17381196192353
936,1,17381196198881,17381215345390
937,1,17381215350496,17381234844049
938,1,17381234849478,17381254678496
939,1,17381254683374,17381276133276
940,1,17381276148549,17381295839068
941,1,17381295844058,17381316446236
942,1,17381316450660,17381334818418
943,1,17381334822944,17381354932781
944,1,17381354938139,17381375215346
945,1,17381375245285,17381395222282
946,1,17381395228578,17381415180152
947,1,17381415187165,17381435361088
948,1,17381435367045,17381456041372
949,1,17381456047196,17381475450609
950,1,17381475460364,17381495510143
951,1,17381495515562,17381515609162
952,1,17381515614447,17381534897142
953,1,17381534902443,17381555224356
954,1,17381555231090,17381575187738
955,1,17381575193867,17381595769476
956,1,17381595775180,17381615242387
957,1,17381615248397,17381635232922
958,1,17381635238436,17381659533603
959,1,17381659539880,17381679566184
960,1,17381679574375,17381699219529
961,1,17381699224759,17381719389368
962,1,17381719395415,17381738978949
963,1,17381738998284,17381759225520
964,1,17381759231671,17381779430225
965,1,17381779438680,17381799239209
966,1,17381799257159,17381819091084
967,1,17381819096269,17381839065841
968,1,17381839072212,17381859262923
969,1,17381859268649,17381879218864
970,1,17381879225219,17381899213956
971,1,17381899219636,17381919043966
972,1,17381919049677,17381939285500
973,1,17381939295328,17381958866757
974,1,17381958872252,17381979122045
975,1,17381979127702,17381998812048
976,1,17381998816941,17382018991219
977,1,17382018996330,17382039153664
978,1,17382039158973,17382059179128
979,1,17382059184022,17382079452187
980,1,17382079458178,17382098926678
981,1,17382098938995,17382119460838
982,1,17382119466493,17382139376107
983,1,17382139382244,17382159450466
984,1,17382159457783,17382179881817
985,1,17382179886933,17382199487823
986,1,17382199492729,17382219340013
987,1,17382219382909,17382239112843
988,1,17382239118658,17382259240191
989,1,17382259246088,17382279151978
990,1,17382279158334,17382299133084
991,1,17382299139273,17382321577204
992,1,17382321582028,17382341864660
993,1,17382341870552,17382358984915
994,1,17382358989911,17382379206343
995,1,17382379211753,17382399385524
996,1,17382399391059,17382423166289
997,1,17382423172474,17382443174929
998,1,17382443181060,17382462988415
999,1,17382462993892,17382483196245
1000,1,17382483202113,17382515889703
1001,1,17382515898948,17382529827453
1002,1,17382529833883,17382545649321
1003,1,17382545655960,17382565822746
1004,1,17382565836731,17382585074829
1005,1,17382585080058,17382603361406
1006,1,17382603366549,17382622984261
1007,1,17382622989467,17382643488521
1008,1,17382643495231,17382663950114
1009,1,17382663956253,17382684278259
1010,1,17382684288198,17382703791899
1011,1,17382703797634,17382723225537
1012,1,17382723230670,17382743410546
1013,1,17382743416887,17382763149665
1014,1,17382763173141,17382783199486
1015,1,17382783205805,17382803120177
1016,1,17382803125731,17382823130970
1017,1,17382823136036,17382843172094
1018,1,17382843178376,17382863123496
1019,1,17382863129955,17382883111155
1020,1,17382883116681,17382903231696
1021,1,17382903238175,17382923036001
1022,1,17382923042132,17382943383399
1023,1,17382943389250,17382963036011
1024,1,17382963042028,17382983150682
1025,1,17382983156572,17383003202613
1026,1,17383003209408,17383023152201
1027,1,17383023157980,17383043603804
1028,1,17383043609199,17383063244199
1029,1,17383063249711,17383083240294
1030,1,17383083263488,17383104658609
1031,1,17383104663686,17383123315909
1032,1,17383123320567,17383142915631
1033,1,17383142920583,17383167622907
1034,1,17383167627946,17383187230933
1035,1,17383187236545,17383206792106
1036,1,17383206796935,17383227237707
1037,1,17383227242803,17383247598885
1038,1,17383247603744,17383267167713
1039,1,17383267172886,17383287131095
1040,1,17383287137290,17383307265712
1041,1,17383307271339,17383327637187
1042,1,17383327651555,17383347298825
1043,1,17383347305469,17383367216561
1044,1,17383367223123,17383387188598
1045,1,17383387194400,17383407066984
1046,1,17383407073199,17383427268632
1047,1,17383427274307,17383447248687
1048,1,17383447255314,17383467155942
1049,1,17383467162016,17383487134383
1050,1,17383487140436,17383507016012
1051,1,17383507021743,17383526861460
1052,1,17383526867026,17383547082148
1053,1,17383547087767,17383567872444
1054,1,17383567876856,17383587312867
1055,1,17383587318493,17383607322813
1056,1,17383607328682,17383627487412
1057,1,17383627492409,17383647348731
1058,1,17383647353535,17383666868249
1059,1,17383666873151,17383686895687
1060,1,17383686900814,17383707433727
1061,1,17383707440289,17383727351960
1062,1,17383727357619,17383747161314
1063,1,17383747166487,17383767033689
1064,1,17383767039102,17383787265450
1065,1,17383787270573,17383807483137
1066,1,17383807521138,17383827406274
1067,1,17383827411200,17383847296662
1068,1,17383847302493,17383866994235
1069,1,17383866998850,17383887240747
1070,1,17383887247266,17383907063176
1071,1,17383907070834,17383931098383
1072,1,17383931118960,17383951024650
1073,1,17383951029645,17383971377183
1074,1,17383971385060,17383991243525
1075,1,17383991249832,17384011727689
1076,1,17384011732784,17384031018439
1077,1,17384031023953,17384051102550
1078,1,17384051108723,17384071704088
1079,1,17384071712125,17384091586651
1080,1,17384091592245,17384112752621
1081,1,17384112757963,17384131093163
1082,1,17384131116070,17384151187734
1083,1,17384151193456,17384170940417
1084,1,17384170946814,17384191625661
1085,1,17384191631639,17384211059186
1086,1,17384211064510,17384230981588
1087,1,17384230986408,17384250995318
1088,1,17384251000478,17384271194103
1089,1,17384271199463,17384291275879
1090,1,17384291280714,17384311443260
1091,1,17384311448032,17384330780633
1092,1,17384330785977,17384351175904
1093,1,17384351181683,17384371308670
1094,1,17384371314893,17384391275038
1095,1,17384391280816,17384411258154
1096,1,17384411264249,17384431122982
1097,1,17384431128704,17384451614595
1098,1,17384451619624,17384471135601
1099,1,17384471140860,17384491272959
1100,1,17384491279175,17384511021805
1101,1,17384511027243,17384531349832
1102,1,17384531354461,17384551190209
1103,1,17384551196031,17384570917999
1104,1,17384570923445,17384591320043
1105,1,17384591326749,17384611419934
1106,1,17384611425031,17384631393015
1107,1,17384631398016,17384653337289
1108,1,17384653343128,17384670809605
1109,1,17384670814373,17384695216341
1110,1,17384695223880,17384714986724
1111,1,17384714991794,17384735263481
1112,1,17384735270556,17384755116300
1113,1,17384755121086,17384775574083
1114,1,17384775579114,17384795534447
1115,1,17384795560824,17384815137633
1116,1,17384815156941,17384835110857
1117,1,17384835118145,17384856430428
1118,1,17384856445826,17384875220455
1119,1,17384875226140,17384895171909
1120,1,17384895177341,17384914912775
1121,1,17384914917380,17384934806738
1122,1,17384934811697,17384957465505
1123,1,17384957471728,17384975474454
1124,1,17384975479865,17384996628689
1125,1,17384996634447,17385015169614
1126,1,17385015174658,17385035164378
1127,1,17385035169336,17385057030473
1128,1,17385057037489,17385075566855
1129,1,17385075571761,17385095238409
1130,1,17385095243285,17385116986065
1131,1,17385116994454,17385135081015
1132,1,17385135086293,17385155230963
1133,1,17385155238594,17385176304143
1134,1,17385176310516,17385195930622
1135,1,17385195935330,17385215183717
1136,1,17385215188468,17385236224940
1137,1,17385236230427,17385254923723
1138,1,17385254928880,17385275946869
1139,1,17385275952077,17385295267919
1140,1,17385295274444,17385315123969
1141,1,17385315129479,17385334897314
1142,1,17385334902553,17385355993430
1143,1,17385356062735,17385375637784
1144,1,17385375642719,17385395536303
1145,1,17385395541356,17385414945740
1146,1,17385414951288,17385439020949
1147,1,17385439027263,17385459334865
1148,1,17385459340272,17385479221925
1149,1,17385479228438,17385500226413
1150,1,17385500230810,17385519347633
1151,1,17385519352891,17385539158955
1152,1,17385539164592,17385559849409
1153,1,17385559853962,17385579987332
1154,1,17385579993191,17385599326403
1155,1,17385599332006,17385618956400
1156,1,17385618961573,17385639218957
1157,1,17385639225519,17385659120117
1158,1,17385659126115,17385679084635
1159,1,17385679090433,17385699030557
1160,1,17385699036689,17385719193902
1161,1,17385719199348,17385739095153
1162,1,17385739101597,17385759159498
1163,1,17385759165192,17385779187585
1164,1,17385779193662,17385799158372
1165,1,17385799164181,17385819174835
1166,1,17385819181000,17385839345108
1167,1,17385839367826,17385859232655
1168,1,17385859238470,17385878976577
1169,1,17385878981589,17385898965348
1170,1,17385898971567,17385919116818
1171,1,17385919122709,17385939199401
1172,1,17385939205332,17385959095267
1173,1,17385959101147,17385979168331
1174,1,17385979174329,17385999094428
1175,1,17385999100613,17386019095194
1176,1,17386019101236,17386039079849
1177,1,17386039085902,17386059130598
1178,1,17386059136443,17386079266211
1179,1,17386079271250,17386099184168
1180,1,17386099190220,17386119261770
1181,1,17386119267404,17386139189925
1182,1,17386139195813,17386158961924
1183,1,17386158967348,17386179252560
1184,1,17386179257424,17386203168350
1185,1,17386203173607,17386223315718
1186,1,17386223321999,17386243397301
1187,1,17386243402221,17386262984802
1188,1,17386262989947,17386283037396
1189,1,17386283042060,17386302980238
1190,1,17386302986229,17386323268172
1191,1,17386323273204,17386343963152
1192,1,17386343968032,17386362925472
1193,1,17386362930229,17386383234274
1194,1,17386383240295,17386402870668
1195,1,17386402875739,17386423315723
1196,1,17386423322406,17386443129017
1197,1,17386443135190,17386463190108
1198,1,17386463195829,17386483348985
1199,1,17386483354628,17386503151590
1200,1,17386503175374,17386523059506
1201,1,17386523066055,17386543077607
1202,1,17386543083311,17386563134943
1203,1,17386563140751,17386583162944
1204,1,17386583168927,17386603210510
1205,1,17386603215972,17386623135863
1206,1,17386623141548,17386643294752
1207,1,17386643302064,17386663225747
1208,1,17386663232020,17386683655204
1209,1,17386683661819,17386702867039
1210,1,17386702872556,17386723188788
1211,1,17386723193585,17386743185021
1212,1,17386743189891,17386762921197
1213,1,17386762926418,17386783238189
1214,1,17386783244189,17386802909924
1215,1,17386802928051,17386823412042
1216,1,17386823418320,17386843283339
1217,1,17386843289643,17386863500562
1218,1,17386863523554,17386883216419
1219,1,17386883222375,17386903294609
1220,1,17386903301824,17386923253029
1221,1,17386923258833,17386943459193
1222,1,17386943465135,17386967242108
1223,1,17386967248045,17386987237308
1224,1,17386987243297,17387007173958
1225,1,17387007180554,17387027333502
1226,1,17387027339126,17387047237032
1227,1,17387047243588,17387067219443
1228,1,17387067225682,17387087778879
1229,1,17387087784225,17387107287421
1230,1,17387107293865,17387126895403
1231,1,17387126900850,17387148120168
1232,1,17387148125505,17387166988231
1233,1,17387166993321,17387187213021
1234,1,17387187219929,17387207555137
1235,1,17387207560233,17387226997208
1236,1,17387227002967,17387247038108
1237,1,17387247043153,17387266983109
1238,1,17387266988426,17387287101169
1239,1,17387287109014,17387307163562
1240,1,17387307169295,17387327165370
1241,1,17387327170741,17387348427840
1242,1,17387348448166,17387366746978
1243,1,17387366764642,17387387152534
1244,1,17387387158831,17387407858173
1245,1,17387407864350,17387426965738
1246,1,17387426970235,17387446938382
1247,1,17387446943520,17387467180679
1248,1,17387467186882,17387487358499
1249,1,17387487368293,17387507127335
1250,1,17387507133092,17387527546130
1251,1,17387527551983,17387546767584
1252,1,17387546772890,17387567115243
1253,1,17387567120687,17387588092813
1254,1,17387588097717,17387607271252
1255,1,17387607276844,17387627151545
1256,1,17387627158375,17387647118223
1257,1,17387647122882,17387667074086
1258,1,17387667079348,17387687681111
1259,1,17387687688765,17387711087709
1260,1,17387711092729,17387731178539
1261,1,17387731184362,17387751790927
1262,1,17387751797937,17387771392464
1263,1,17387771398603,17387791322205
1264,1,17387791328053,17387811355024
1265,1,17387811360281,17387831244182
1266,1,17387831249965,17387851135815
1267,1,17387851141303,17387871333910
1268,1,17387871340463,17387891161041
1269,1,17387891166480,17387911206999
1270,1,17387911304111,17387931834914
1271,1,17387931840057,17387951181194
1272,1,17387951187075,17387971649944
1273,1,17387971655049,17387990934362
1274,1,17387990939330,17388011068897
1275,1,17388011073708,17388030930623
1276,1,17388030935991,17388051090130
1277,1,17388051095863,17388071504638
1278,1,17388071510479,17388091731591
1279,1,17388091736858,17388111351347
1280,1,17388111356311,17388131115737
1281,1,17388131120904,17388151551502
1282,1,17388151558068,17388171378617
1283,1,17388171384293,17388191230402
1284,1,17388191236589,17388211236507
1285,1,17388211260168,17388231131676
1286,1,17388231137728,17388251257536
1287,1,17388251263203,17388271172962
1288,1,17388271179048,17388291335446
1289,1,17388291342115,17388311142464
1290,1,17388311148356,17388331260071
1291,1,17388331265458,17388351224639
1292,1,17388351230149,17388371193971
1293,1,17388371199392,17388391129605
1294,1,17388391135449,17388411064343
1295,1,17388411069981,17388431117953
1296,1,17388431125724,17388451049132
1297,1,17388451054819,17388475118840
1298,1,17388475124511,17388495293503
1299,1,17388495300324,17388515181155
1300,1,17388515186916,17388535184806
1301,1,17388535190227,17388555236637
1302,1,17388555242431,17388577827302
1303,1,17388577834949,17388597278014
1304,1,17388597308526,17388614961420
1305,1,17388614966107,17388635414590
1306,1,17388635425315,17388655575070
1307,1,17388655579680,17388675189999
1308,1,17388675195316,17388697507931
1309,1,17388697515020,17388715417559
1310,1,17388715423486,17388735453105
1311,1,17388735459481,17388755105539
1312,1,17388755111158,17388775061890
1313,1,17388775067357,17388795080572
1314,1,17388795086143,17388815184814
1315,1,17388815190793,17388835041575
1316,1,17388835047239,17388855427141
1317,1,17388855432383,17388875415029
1318,1,17388875419846,17388895212703
1319,1,17388895218552,17388915223546
1320,1,17388915247085,17388935521583
1321,1,17388935526531,17388955332937
1322,1,17388955338718,17388975210011
1323,1,17388975215514,17388995254489
1324,1,17388995260384,17389015276941
1325,1,17389015282615,17389034965428
1326,1,17389034970248,17389055200714
1327,1,17389055206522,17389075230030
1328,1,17389075235873,17389095353540
1329,1,17389095358882,17389115390010
1330,1,17389115396210,17389137324308
1331,1,17389137337085,17389155407669
1332,1,17389155413516,17389175515814
1333,1,17389175521500,17389195247641
1334,1,17389195253013,17389215299028
1335,1,17389215304335,17389239277754
1336,1,17389239283615,17389259206712
1337,1,17389259211918,17389279285198
1338,1,17389279291041,17389299026755
1339,1,17389299031686,17389319365411
1340,1,17389319371964,17389339237291
1341,1,17389339243957,17389359313353
1342,1,17389359319061,17389379384340
1343,1,17389379389751,17389399220918
1344,1,17389399227549,17389419214262
1345,1,17389419220117,17389439277260
1346,1,17389439282995,17389459310816
1347,1,17389459316713,17389479307042
1348,1,17389479312855,17389499230410
1349,1,17389499235472,17389519290322
1350,1,17389519296426,17389539217522
1351,1,17389539223902,17389559293964
1352,1,17389559300064,17389579381507
1353,1,17389579387045,17389598873167
1354,1,17389598878363,17389619336585
1355,1,17389619342939,17389639318480
1356,1,17389639325467,17389659054017
1357,1,17389659059036,17389678837335
1358,1,17389678842751,17389699289506
1359,1,17389699294821,17389719231981
1360,1,17389719237695,17389739265938
1361,1,17389739272136,17389759195232
1362,1,17389759201419,17389779671970
1363,1,17389779676856,17389799173102
1364,1,17389799179667,17389819227103
1365,1,17389819232416,17389839272434
1366,1,17389839278083,17389859284041
1367,1,17389859289980,17389879060141
1368,1,17389879065349,17389899083592
1369,1,17389899089689,17389919156250
1370,1,17389919180211,17389939150831
1371,1,17389939169915,17389959100118
1372,1,17389959106076,17389983100006
1373,1,17389983106082,17390003404254
1374,1,17390003409375,17390023399457
1375,1,17390023404719,17390043243426
1376,1,17390043248934,17390063188553
1377,1,17390063194396,17390083087374
1378,1,17390083093376,17390103082095
1379,1,17390103087363,17390122970422
1380,1,17390122976775,17390143005965
1381,1,17390143011670,17390162913983
1382,1,17390162919729,17390182998738
1383,1,17390183003986,17390204176616
1384,1,17390204181995,17390223346718
1385,1,17390223351688,17390242962521
1386,1,17390242968076,17390263106987
1387,1,17390263111758,17390282969518
1388,1,17390282974766,17390303457174
1389,1,17390303461757,17390323136792
1390,1,17390323142213,17390343151517
1391,1,17390343159483,17390363168082
1392,1,17390363174572,17390383165245
1393,1,17390383170794,17390403309368
1394,1,17390403314704,17390423124204
1395,1,17390423129349,17390443177363
1396,1,17390443183390,17390463250968
1397,1,17390463256243,17390483226235
1398,1,17390483232503,17390503216406
1399,1,17390503222110,17390523209619
1400,1,17390523215018,17390543066934
1401,1,17390543072763,17390563135030
1402,1,17390563141107,17390583169245
1403,1,17390583175162,17390603148244
1404,1,17390603153245,17390623344587
1405,1,17390623350787,17390642988502
1406,1,17390642994428,17390663101284
1407,1,17390663106990,17390683105330
1408,1,17390683112100,17390703200171
1409,1,17390703206207,17390723714516
1410,1,17390723719996,17390747222590
1411,1,17390747228670,17390767130760
1412,1,17390767153502,17390787162975
1413,1,17390787168171,17390806978447
1414,1,17390806984415,17390827114375
1415,1,17390827119885,17390847558661
1416,1,17390847564357,17390867102155
1417,1,17390867107120,17390887092539
1418,1,17390887098385,17390907238624
1419,1,17390907244235,17390927238040
1420,1,17390927243575,17390948315005
1421,1,17390948320513,17390967358869
1422,1,17390967378724,17390986959302
1423,1,17390986964589,17391007046821
1424,1,17391007053142,17391027133079
1425,1,17391027138542,17391047158983
1426,1,17391047165002,17391067082187
1427,1,17391067087909,17391087138448
1428,1,17391087144536,17391106918238
1429,1,17391106923430,17391127279732
1430,1,17391127285731,17391147338962
1431,1,17391147344545,17391167025592
1432,1,17391167031629,17391187137629
1433,1,17391187143409,17391207095849
1434,1,17391207102063,17391227073790
1435,1,17391227079347,17391247461531
1436,1,17391247466891,17391267430957
1437,1,17391267436900,17391287181852
1438,1,17391287188074,17391307105901
1439,1,17391307110729,17391326986923
1440,1,17391326992479,17391347195325
1441,1,17391347204010,17391367187520
1442,1,17391367193237,17391387202277
1443,1,17391387207824,17391407083556
1444,1,17391407089725,17391426941977
1445,1,17391426946952,17391447129971
1446,1,17391447136465,17391468752992
1447,1,17391468765520,17391488786790
1448,1,17391488794754,17391511747887
1449,1,17391511752475,17391533468453
1450,1,17391533479069,17391551254615
1451,1,17391551261854,17391571714185
1452,1,17391571719589,17391591609488
1453,1,17391591616369,17391610906406
1454,1,17391610911627,17391630974547
1455,1,17391630994472,17391651324779
1456,1,17391651331722,17391672403507
1457,1,17391672408595,17391691005478
1458,1,17391691012045,17391711104154
1459,1,17391711110635,17391731275978
1460,1,17391731282010,17391751239914
1461,1,17391751245982,17391771314501
1462,1,17391771320364,17391791666840
1463,1,17391791672647,17391811033038
1464,1,17391811037889,17391831265623
1465,1,17391831271257,17391851533260
1466,1,17391851539081,17391871624931
1467,1,17391871630838,17391891396999
1468,1,17391891403026,17391912863411
1469,1,17391912868155,17391931067249
1470,1,17391931073026,17391951329377
1471,1,17391951335360,17391971215238
1472,1,17391971221718,17391991080945
1473,1,17391991087138,17392011060530
1474,1,17392011083480,17392030977919
1475,1,17392030984134,17392051074903
1476,1,17392051080671,17392071194212
1477,1,17392071200299,17392091172321
1478,1,17392091178794,17392110941999
1479,1,17392110947811,17392131090530
1480,1,17392131096797,17392151106767
1481,1,17392151112095,17392171378774
1482,1,17392171384299,17392190940727
1483,1,17392190945813,17392210964851
1484,1,17392210971438,17392231047209
1485,1,17392231053167,17392255191320
1486,1,17392255198376,17392274908498
1487,1,17392274913629,17392295100232
1488,1,17392295106212,17392315883923
1489,1,17392315900094,17392335313924
1490,1,17392335319940,17392355938629
1491,1,17392355943890,17392377262478
1492,1,17392377268365,17392395298748
1493,1,17392395304353,17392415039938
1494,1,17392415046429,17392435117288
1495,1,17392435122529,17392455137321
1496,1,17392455142923,17392475023757
1497,1,17392475030969,17392494894492
1498,1,17392494900207,17392517277297
1499,1,17392517283392,17392534696150
1500,1,17392534703124,17392555012534
1501,1,17392555018579,17392574932248
1502,1,17392574940084,17392595205511
1503,1,17392595210937,17392615333083
1504,1,17392615339038,17392635262743
1505,1,17392635268052,17392655091905
1506,1,17392655097585,17392675135234
1507,1,17392675141065,17392695200481
1508,1,17392695206558,17392715142514
1509,1,17392715148197,17392735112485
1510,1,17392735119016,17392754991775
1511,1,17392754997905,17392775087414
1512,1,17392775093805,17392794868189
1513,1,17392794873590,17392814939446
1514,1,17392814945571,17392835717605
1515,1,17392835722527,17392856095121
1516,1,17392856100756,17392874843121
1517,1,17392874848219,17392895191422
1518,1,17392895197991,17392915135666
1519,1,17392915141449,17392935028314
1520,1,17392935034496,17392955174204
1521,1,17392955180245,17392975185739
1522,1,17392975191512,17392995210903
1523,1,17392995216249,17393019353536
1524,1,17393019376258,17393039186334
1525,1,17393039191938,17393059111255
1526,1,17393059117086,17393079094581
1527,1,17393079100659,17393099077177
1528,1,17393099083649,17393119274297
1529,1,17393119280215,17393139298934
1530,1,17393139305342,17393159154325
1531,1,17393159159691,17393179153193
1532,1,17393179158693,17393199141357
1533,1,17393199147212,17393219108261
1534,1,17393219114077,17393239185587
1535,1,17393239191440,17393259139288
1536,1,17393259145384,17393278892572
1537,1,17393278897551,17393300814674
1538,1,17393300819883,17393319282181
1539,1,17393319288609,17393339047031
1540,1,17393339066927,17393360414856
1541,1,17393360420080,17393378912056
1542,1,17393378917184,17393399355664
1543,1,17393399361950,17393419170973
1544,1,17393419177000,17393439191937
1545,1,17393439198225,17393459024249
1546,1,17393459030255,17393479182312
1547,1,17393479189016,17393499145217
1548,1,17393499151182,17393519229592
1549,1,17393519235321,17393538871639
1550,1,17393538877293,17393559126705
1551,1,17393559132674,17393579171219
1552,1,17393579176845,17393599248740
1553,1,17393599254341,17393619299254
1554,1,17393619304439,17393638886454
1555,1,17393638892101,17393658891081
1556,1,17393658897237,17393679000564
1557,1,17393679007299,17393699301678
1558,1,17393699310889,17393719087846
1559,1,17393719093887,17393738999657
1560,1,17393739006634,17393759189764
1561,1,17393759194851,17393783416227
1562,1,17393783422247,17393803179194
1563,1,17393803185859,17393823134996
1564,1,17393823143389,17393843113690
1565,1,17393843119756,17393863160336
1566,1,17393863166418,17393883421951
1567,1,17393883428483,17393903863850
1568,1,17393903868660,17393922803968
1569,1,17393922809657,17393943441635
1570,1,17393943448224,17393963195351
1571,1,17393963200780,17393983035681
1572,1,17393983041263,17394002951461
1573,1,17394002956793,17394022863411
1574,1,17394022869151,17394043091614
1575,1,17394043114458,17394063022312
1576,1,17394063028685,17394083090159
1577,1,17394083095170,17394103020727
1578,1,17394103026766,17394123121300
1579,1,17394123127683,17394143076461
1580,1,17394143082547,17394163064260
1581,1,17394163070245,17394182860183
1582,1,17394182879693,17394203128833
1583,1,17394203134662,17394222947446
1584,1,17394222952471,17394242991436
1585,1,17394242998189,17394263128798
1586,1,17394263134582,17394283097549
1587,1,17394283103917,17394303099307
1588,1,17394303105700,17394323039559
1589,1,17394323045271,17394343058834
1590,1,17394343064949,17394363687201
1591,1,17394363693133,17394383208729
1592,1,17394383215192,17394403103428
1593,1,17394403109089,17394423805400
1594,1,17394423810721,17394443083093
1595,1,17394443088896,17394463306924
1596,1,17394463312785,17394483198137
1597,1,17394483203914,17394503168384
1598,1,17394503174647,17394527280124
1599,1,17394527285682,17394547201053
1600,1,17394547207082,17394567057286
1601,1,17394567063600,17394586886306
1602,1,17394586892062,17394606924534
1603,1,17394606930284,17394627028655
1604,1,17394627035249,17394647098015
1605,1,17394647103761,17394667199025
1606,1,17394667205059,17394687086677
1607,1,17394687092594,17394707174220
1608,1,17394707180307,17394727126863
1609,1,17394727133117,17394746995385
1610,1,17394747001456,17394766925274
1611,1,17394766931102,17394787139179
1612,1,17394787144723,17394807124408
1613,1,17394807130375,17394827113287
1614,1,17394827118925,17394847211354
1615,1,17394847217319,17394867044007
1616,1,17394867049190,17394887308114
1617,1,17394887314817,17394907237034
1618,1,17394907242580,17394927313878
1619,1,17394927319917,17394949147408
1620,1,17394949154076,17394967705700
1621,1,17394967710873,17394987407472
1622,1,17394987413054,17395007047454
1623,1,17395007052777,17395027208457
1624,1,17395027216281,17395047164459
1625,1,17395047187557,17395067171658
1626,1,17395067193331,17395087074297
1627,1,17395087080441,17395107041951
1628,1,17395107047769,17395128808141
1629,1,17395128815056,17395147389151
1630,1,17395147395739,17395167265690
1631,1,17395167272874,17395186863845
1632,1,17395186869038,17395206881343
1633,1,17395206886820,17395226993027
1634,1,17395226999312,17395247290305
1635,1,17395247296060,17395267170637
1636,1,17395267175883,17395291157451
1637,1,17395291163621,17395311127382
1638,1,17395311133955,17395331137613
1639,1,17395331143536,17395351216588
1640,1,17395351222818,17395370968849
1641,1,17395370973813,17395391304341
1642,1,17395391310193,17395411104222
1643,1,17395411110065,17395432133774
1644,1,17395432139064,17395451102874
1645,1,17395451107817,17395470853413
1646,1,17395470858377,17395491149358
1647,1,17395491154661,17395511066685
1648,1,17395511072858,17395531192181
1649,1,17395531197067,17395551112465
1650,1,17395551118019,17395571168202
1651,1,17395571174435,17395591173266
1652,1,17395591179453,17395611280907
1653,1,17395611286377,17395631251432
1654,1,17395631256598,17395651262099
1655,1,17395651268155,17395671172442
1656,1,17395671178964,17395691146770
1657,1,17395691152630,17395711129433
1658,1,17395711136437,17395731261214
1659,1,17395731266973,17395751254320
1660,1,17395751261918,17395771201028
1661,1,17395771206756,17395791040450
1662,1,17395791046841,17395811131695
1663,1,17395811138132,17395831223488
1664,1,17395831229876,17395851094767
1665,1,17395851101252,17395870895804
1666,1,17395870901028,17395891140399
1667,1,17395891145999,17395911144339
1668,1,17395911151347,17395931327486
1669,1,17395931333497,17395950980015
1670,1,17395950986228,17395970824916
1671,1,17395970830124,17395990994359
1672,1,17395991000883,17396011679713
1673,1,17396011686632,17396032241562
1674,1,17396032249235,17396054923799
1675,1,17396054930002,17396075033971
1676,1,17396075040042,17396094967602
1677,1,17396094973811,17396115464445
1678,1,17396115500849,17396135207153
1679,1,17396135213463,17396155148593
1680,1,17396155154278,17396174880366
1681,1,17396174885033,17396194960039
1682,1,17396194965819,17396215029652
1683,1,17396215035838,17396235130926
1684,1,17396235136666,17396255047730
1685,1,17396255053687,17396275044615
1686,1,17396275050390,17396295880915
1687,1,17396295886137,17396315032081
1688,1,17396315036917,17396335405321
1689,1,17396335410627,17396354894955
1690,1,17396354900026,17396375247127
1691,1,17396375252334,17396395399186
1692,1,17396395407932,17396415458208
1693,1,17396415463451,17396435205315
1694,1,17396435210771,17396455030948
1695,1,17396455035555,17396475056761
1696,1,17396475063685,17396495326659
1697,1,17396495332550,17396515083947
1698,1,17396515089639,17396535122381
1699,1,17396535127866,17396554888258
1700,1,17396554893427,17396575193030
1701,1,17396575198171,17396595237641
1702,1,17396595243278,17396615247371
1703,1,17396615253174,17396635161456
1704,1,17396635167594,17396655292964
1705,1,17396655298674,17396675145766
1706,1,17396675151365,17396695340321
1707,1,17396695346280,17396715235489
1708,1,17396715255813,17396735167884
1709,1,17396735173652,17396755230528
1710,1,17396755254076,17396775233493
1711,1,17396775240562,17396799351280
1712,1,17396799356166,17396819068302
1713,1,17396819073569,17396838955803
1714,1,17396838961279,17396859390386
1715,1,17396859397823,17396879195740
1716,1,17396879201963,17396899341899
1717,1,17396899347166,17396919180938
1718,1,17396919187024,17396939206280
1719,1,17396939212098,17396959140362
1720,1,17396959146248,17396979479802
1721,1,17396979486128,17396999321170
1722,1,17396999327128,17397019083361
1723,1,17397019089285,17397039132322
1724,1,17397039137680,17397059182192
1725,1,17397059187809,17397080565590
1726,1,17397080570874,17397099141875
1727,1,17397099147823,17397119202137
1728,1,17397119222201,17397139205636
1729,1,17397139211711,17397159275293
1730,1,17397159281331,17397179098086
1731,1,17397179103339,17397199942212
1732,1,17397199947360,17397219222393
1733,1,17397219227091,17397238988725
1734,1,17397238993921,17397259371952
1735,1,17397259378754,17397279139368
1736,1,17397279144602,17397298980583
1737,1,17397298985750,17397318943252
1738,1,17397318948091,17397339158718
1739,1,17397339164585,17397358982545
1740,1,17397358987886,17397379205335
1741,1,17397379210597,17397399859628
1742,1,17397399864560,17397419085244
1743,1,17397419090596,17397438929498
1744,1,17397438934673,17397458869553
1745,1,17397458874663,17397479422563
1746,1,17397479428134,17397501613540
1747,1,17397501618415,17397519489755
1748,1,17397519494941,17397539060363
1749,1,17397539065117,17397563297185
1750,1,17397563302199,17397583440026
1751,1,17397583445124,17397603031481
1752,1,17397603050762,17397623883713
1753,1,17397623888734,17397643458406
1754,1,17397643464226,17397663617473
1755,1,17397663622608,17397683508251
1756,1,17397683513076,17397703639189
1757,1,17397703644406,17397723462463
1758,1,17397723469475,17397743048983
1759,1,17397743054396,17397765644394
1760,1,17397765651766,17397787607720
1761,1,17397787614656,17397804222530
1762,1,17397804228708,17397826676581
1763,1,17397826686210,17397843063192
1764,1,17397843068613,17397863310402
1765,1,17397863316946,17397883006873
1766,1,17397883012174,17397903274918
1767,1,17397903280685,17397923233982
1768,1,17397923240111,17397943648727
1769,1,17397943655251,17397963062944
1770,1,17397963067436,17397983621858
1771,1,17397983627357,17398003046815
1772,1,17398003052519,17398023354893
1773,1,17398023360444,17398043260161
1774,1,17398043266661,17398063118299
1775,1,17398063123777,17398083130615
1776,1,17398083135515,17398103028114
1777,1,17398103033494,17398123814596
1778,1,17398123820740,17398143093916
1779,1,17398143117373,17398165402799
1780,1,17398165408176,17398183473778
1781,1,17398183478556,17398203107346
1782,1,17398203112296,17398223334603
1783,1,17398223340606,17398243072615
1784,1,17398243078815,17398263042708
1785,1,17398263047888,17398282996895
1786,1,17398283002560,17398303128743
1787,1,17398303134139,17398327097776
1788,1,17398327104415,17398347159616
1789,1,17398347165475,17398367045389
1790,1,17398367050895,17398387255259
1791,1,17398387260951,17398407249887
1792,1,17398407256193,17398427029676
1793,1,17398427035437,17398446931120
1794,1,17398446935815,17398467064393
1795,1,17398467087556,17398486898370
1796,1,17398486903306,17398507135691
1797,1,17398507141268,17398527064970
1798,1,17398527071321,17398547146638
1799,1,17398547151809,17398566935668
1800,1,17398566941152,17398587158189
1801,1,17398587164539,17398607216955
1802,1,17398607222930,17398628061731
1803,1,17398628068506,17398647265793
1804,1,17398647271061,17398668776395
1805,1,17398668781176,17398686899487
1806,1,17398686904781,17398707439427
1807,1,17398707445344,17398727268220
1808,1,17398727274233,17398747154655
1809,1,17398747160562,17398767134734
1810,1,17398767140270,17398786945485
1811,1,17398786950533,17398807226374
1812,1,17398807232290,17398827117856
1813,1,17398827123664,17398847068325
1814,1,17398847073743,17398867120171
1815,1,17398867126332,17398887460832
1816,1,17398887466320,17398907315119
1817,1,17398907321416,17398927058725
1818,1,17398927064236,17398947476858
1819,1,17398947482404,17398966923107
1820,1,17398966927973,17398989621999
1821,1,17398989630812,17399010356536
1822,1,17399010370747,17399029919237
1823,1,17399029925690,17399050251135
1824,1,17399050257889,17399070765418
1825,1,17399070769960,17399091060101
1826,1,17399091066219,17399113531306
1827,1,17399113538143,17399132601461
1828,1,17399132606662,17399150999704
1829,1,17399151005070,17399171317042
1830,1,17399171340241,17399191208329
1831,1,17399191214168,17399211142401
1832,1,17399211148889,17399231094601
1833,1,17399231101211,17399251220537
1834,1,17399251226791,17399271177438
1835,1,17399271184119,17399291283321
1836,1,17399291289111,17399311376119
1837,1,17399311382056,17399331305375
1838,1,17399331310836,17399351402452
1839,1,17399351408463,17399371344285
1840,1,17399371349930,17399391515732
1841,1,17399391524520,17399411391244
1842,1,17399411397296,17399431202679
1843,1,17399431208380,17399451349694
1844,1,17399451355859,17399471292442
1845,1,17399471297887,17399491478533
1846,1,17399491484714,17399511278692
1847,1,17399511285276,17399531166330
1848,1,17399531171811,17399551791090
1849,1,17399551796338,17399570909526
1850,1,17399570914548,17399591309885
1851,1,17399591315337,17399611167008
1852,1,17399611172746,17399632115601
1853,1,17399632120631,17399651200632
1854,1,17399651206627,17399671290392
1855,1,17399671296103,17399691218748
1856,1,17399691224811,17399711200400
1857,1,17399711206442,17399731252887
1858,1,17399731258704,17399751283482
1859,1,17399751289129,17399771471241
1860,1,17399771477841,17399791333103
1861,1,17399791339179,17399811260678
1862,1,17399811266431,17399835323985
1863,1,17399835330043,17399855306865
1864,1,17399855313351,17399875338037
1865,1,17399875343479,17399895373307
1866,1,17399895379540,17399915378132
1867,1,17399915383386,17399935259766
1868,1,17399935265463,17399955221498
1869,1,17399955227703,17399975191893
1870,1,17399975197765,17399995316496
1871,1,17399995321426,17400019541501
1872,1,17400019548521,17400036125764
1873,1,17400036131143,17400055357409
1874,1,17400055363272,17400075424352
1875,1,17400075430161,17400096117300
1876,1,17400096122758,17400115216198
1877,1,17400115223170,17400135494857
1878,1,17400135499720,17400155340771
1879,1,17400155346450,17400175391993
1880,1,17400175414792,17400195299494
1881,1,17400195305207,17400215208477
1882,1,17400215229203,17400235195115
1883,1,17400235200965,17400255179110
1884,1,17400255185285,17400275525908
1885,1,17400275531722,17400295312967
1886,1,17400295319700,17400315259318
1887,1,17400315265091,17400335055804
1888,1,17400335061807,17400355206251
1889,1,17400355212192,17400375208891
1890,1,17400375215050,17400395372790
1891,1,17400395378660,17400415155292
1892,1,17400415161642,17400434968065
1893,1,17400434972923,17400454977856
1894,1,17400454984475,17400475027415
1895,1,17400475033324,17400495058205
1896,1,17400495063642,17400515108648
1897,1,17400515114544,17400535403059
1898,1,17400535408896,17400555251586
1899,1,17400555257434,17400575165380
1900,1,17400575171361,17400599276838
1901,1,17400599282679,17400618946151
1902,1,17400618952239,17400639469414
1903,1,17400639476095,17400659219892
1904,1,17400659225868,17400679027105
1905,1,17400679033085,17400698996450
1906,1,17400699002261,17400719228742
1907,1,17400719234126,17400739087927
1908,1,17400739093514,17400759023587
1909,1,17400759029678,17400779180286
1910,1,17400779186407,17400799587512
1911,1,17400799592591,17400819374166
1912,1,17400819379485,17400839057939
1913,1,17400839063623,17400858934793
1914,1,17400858940253,17400881402351
1915,1,17400881407245,17400898968715
1916,1,17400898974117,17400919366986
1917,1,17400919373176,17400938963946
1918,1,17400938970221,17400958940282
1919,1,17400958945789,17400979064354
1920,1,17400979070375,17400999097078
1921,1,17400999103113,17401019063936
1922,1,17401019083747,17401038922467
1923,1,17401038928038,17401058942452
1924,1,17401058949026,17401079030883
1925,1,17401079036074,17401099213550
1926,1,17401099219172,17401119157254
1927,1,17401119163216,17401141635248
1928,1,17401141647928,17401159252408
1929,1,17401159258868,17401179210796
1930,1,17401179216640,17401198920081
1931,1,17401198925138,17401219047503
1932,1,17401219073543,17401239019637
1933,1,17401239025376,17401258989992
1934,1,17401258995879,17401279150023
1935,1,17401279155263,17401299318138
1936,1,17401299324059,17401319565906
1937,1,17401319571427,17401343213139
1938,1,17401343219312,17401363213007
1939,1,17401363219040,17401383465434
1940,1,17401383474611,17401403369088
1941,1,17401403374919,17401423007439
1942,1,17401423012950,17401443168217
1943,1,17401443174436,17401462945128
1944,1,17401462950868,17401483046562
1945,1,17401483052499,17401505901111
1946,1,17401505908306,17401524936069
1947,1,17401524943875,17401543921358
1948,1,17401543925993,17401562912405
1949,1,17401562918023,17401582959457
1950,1,17401582964415,17401603085358
1951,1,17401603091883,17401625182071
1952,1,17401625188211,17401644291312
1953,1,17401644296593,17401663179684
1954,1,17401663184742,17401683212252
1955,1,17401683218558,17401703059451
1956,1,17401703065686,17401723006922
1957,1,17401723011887,17401743083155
1958,1,17401743088983,17401762717814
1959,1,17401762724213,17401783001807
1960,1,17401783007964,17401802966852
1961,1,17401802971510,17401822937109
1962,1,17401822942740,17401842980843
1963,1,17401842986920,17401862860124
1964,1,17401862865620,17401882950986
1965,1,17401882974294,17401902960379
1966,1,17401902965168,17401923135251
1967,1,17401923141130,17401943378506
1968,1,17401943384672,17401963007349
1969,1,17401963013515,17401983046654
1970,1,17401983052226,17402003136350
1971,1,17402003190951,17402022917257
1972,1,17402022923006,17402043904550
1973,1,17402043909479,17402062794542
1974,1,17402062800020,17402083907632
1975,1,17402083912472,17402107129174
1976,1,17402107135426,17402126746662
1977,1,17402126751847,17402146697937
1978,1,17402146703406,17402167111826
1979,1,17402167118334,17402189088042
1980,1,17402189093344,17402208797344
1981,1,17402208818316,17402226923201
1982,1,17402226928560,17402247005830
1983,1,17402247026899,17402266624734
1984,1,17402266629891,17402286918390
1985,1,17402286924255,17402307069807
1986,1,17402307074551,17402327176169
1987,1,17402327201653,17402347105584
1988,1,17402347110163,17402367200196
1989,1,17402367205626,17402387166630
1990,1,17402387173909,17402407096362
1991,1,17402407103762,17402427457858
1992,1,17402427463231,17402446961321
1993,1,17402446966317,17402467072123
1994,1,17402467077923,17402486821708
1995,1,17402486827953,17402506728303
1996,1,17402506734649,17402527725646
1997,1,17402527731196,17402546915618
1998,1,17402546921109,17402567511338
1999,1,17402567516041,17402587014899
2000,1,17402587020850,17402610215308
2001,1,17402610222277,17402629685511
2002,1,17402629691894,17402649729460
2003,1,17402649737480,17402667197457
2004,1,17402667202568,17402686939252
2005,1,17402686943998,17402707420761
2006,1,17402707428711,17402728319156
2007,1,17402728324947,17402746817481
2008,1,17402746822898,17402767030501
2009,1,17402767037208,17402787211603
2010,1,17402787217508,17402807249868
2011,1,17402807255931,17402827109077
2012,1,17402827115394,17402851048879
2013,1,17402851054888,17402870992215
2014,1,17402870997615,17402891342043
2015,1,17402891348285,17402911174271
2016,1,17402911182361,17402931123524
2017,1,17402931130597,17402950797923
2018,1,17402950803238,17402971841015
2019,1,17402971847059,17402991117427
2020,1,17402991123836,17403010946328
2021,1,17403010951671,17403030972754
2022,1,17403030979050,17403051008413
2023,1,17403051014805,17403071007690
2024,1,17403071013280,17403091082621
2025,1,17403091089046,17403110923660
2026,1,17403110928798,17403130906464
2027,1,17403130911929,17403150967854
2028,1,17403150973574,17403171530938
2029,1,17403171537594,17403192248215
2030,1,17403192253565,17403210962867
2031,1,17403210968001,17403236346673
2032,1,17403236354679,17403252451474
2033,1,17403252458460,17403270675605
2034,1,17403270694914,17403290957311
2035,1,17403290962328,17403310685872
2036,1,17403310691105,17403331000690
2037,1,17403331006367,17403351058135
2038,1,17403351065945,17403370713143
2039,1,17403370717819,17403391785222
2040,1,17403391790706,17403410805896
2041,1,17403410811473,17403431305004
2042,1,17403431311145,17403451123299
2043,1,17403451129570,17403471167905
2044,1,17403471173797,17403491193225
2045,1,17403491199188,17403511263210
2046,1,17403511268466,17403530926601
2047,1,17403530932213,17403550898009
2048,1,17403550903091,17403571015123
2049,1,17403571020240,17403590992586
2050,1,17403591016648,17403615583759
2051,1,17403615589582,17403634936474
2052,1,17403634941400,17403655394987
2053,1,17403655410835,17403675323011
2054,1,17403675328914,17403695411712
2055,1,17403695416457,17403714921546
2056,1,17403714926763,17403734763044
2057,1,17403734768517,17403755008672
2058,1,17403755013868,17403775026251
2059,1,17403775031228,17403795507348
2060,1,17403795512691,17403814982669
2061,1,17403814987933,17403835183914
2062,1,17403835191507,17403855061304
2063,1,17403855067519,17403875112022
2064,1,17403875119071,17403895741445
2065,1,17403895746091,17403915071894
2066,1,17403915076828,17403935389828
2067,1,17403935395633,17403955215679
2068,1,17403955221723,17403975161216
2069,1,17403975166805,17403995105401
2070,1,17403995111060,17404015001263
2071,1,17404015006058,17404035098572
2072,1,17404035104822,17404055416771
2073,1,17404055421907,17404075103223
2074,1,17404075109480,17404095351394
2075,1,17404095357519,17404115150171
2076,1,17404115155913,17404135173043
2077,1,17404135178959,17404155349825
2078,1,17404155355409,17404175333738
2079,1,17404175339508,17404195014498
2080,1,17404195021180,17404215151654
2081,1,17404215157524,17404235225215
2082,1,17404235231962,17404257004089
2083,1,17404257009695,17404276224791
2084,1,17404276230560,17404295490850
2085,1,17404295497077,17404315378646
2086,1,17404315402367,17404334926023
2087,1,17404334932402,17404355142780
2088,1,17404355148258,17404379160070
2089,1,17404379166523,17404399414329
2090,1,17404399419844,17404419112360
2091,1,17404419117139,17404439273029
2092,1,17404439296354,17404459568043
2093,1,17404459572647,17404479262640
2094,1,17404479268913,17404499193755
2095,1,17404499199790,17404519096465
2096,1,17404519101740,17404539102055
2097,1,17404539108003,17404559104255
2098,1,17404559110056,17404579187096
2099,1,17404579193016,17404599145911
2100,1,17404599151255,17404619181133
2101,1,17404619187703,17404639095871
2102,1,17404639101597,17404659041880
2103,1,17404659046561,17404679038318
2104,1,17404679043441,17404698962112
2105,1,17404698967132,17404719033793
2106,1,17404719040335,17404739085357
2107,1,17404739090882,17404759158327
2108,1,17404759164332,17404779038048
2109,1,17404779043789,17404798953096
2110,1,17404798959471,17404822324841
2111,1,17404822339300,17404839735961
2112,1,17404839743702,17404859839074
2113,1,17404859843725,17404878966371
2114,1,17404878971304,17404899547684
2115,1,17404899552396,17404921325931
2116,1,17404921335553,17404939568083
2117,1,17404939575193,17404959913206
2118,1,17404959918689,17404978966085
2119,1,17404978970870,17404999653224
2120,1,17404999658555,17405020220368
2121,1,17405020228038,17405040451671
2122,1,17405040458667,17405059546498
2123,1,17405059551749,17405078793366
2124,1,17405078799182,17405099892023
2125,1,17405099897384,17405123358032
2126,1,17405123363356,17405143068528
2127,1,17405143074398,17405162867458
2128,1,17405162872377,17405183093848
2129,1,17405183099605,17405202846167
2130,1,17405202851573,17405223053642
2131,1,17405223059804,17405242901034
2132,1,17405242938700,17405262812051
2133,1,17405262817435,17405282656977
2134,1,17405282662860,17405302972725
2135,1,17405302998708,17405322855514
2136,1,17405322874259,17405343038546
2137,1,17405343044516,17405363052488
2138,1,17405363057908,17405382831142
2139,1,17405382836343,17405402646766
2140,1,17405402652182,17405422852518
2141,1,17405422857956,17405442903441
2142,1,17405442910290,17405462862631
2143,1,17405462897522,17405482983713
2144,1,17405482988565,17405502930840
2145,1,17405502935805,17405523103133
2146,1,17405523108758,17405543116919
2147,1,17405543122139,17405562920850
2148,1,17405562925892,17405582808612
2149,1,17405582813462,17405602671883
2150,1,17405602676510,17405623275162
2151,1,17405623281954,17405643001909
2152,1,17405643007309,17405662972266
2153,1,17405662977359,17405682735365
2154,1,17405682740689,17405703384199
2155,1,17405703392462,17405723402373
2156,1,17405723407486,17405742911639
2157,1,17405742917014,17405762799074
2158,1,17405762805194,17405782603610
2159,1,17405782609027,17405802901389
2160,1,17405802906941,17405822804440
2161,1,17405822810294,17405843132401
2162,1,17405843138410,17405862968807
2163,1,17405862973737,17405886879764
2164,1,17405886885922,17405907784374
2165,1,17405907790140,17405926915600
2166,1,17405926920391,17405947683415
2167,1,17405947689737,17405967006436
2168,1,17405967011316,17405986861799
2169,1,17405986867447,17406007007950
2170,1,17406007014301,17406027326361
2171,1,17406027331095,17406047064018
2172,1,17406047070194,17406066764610
2173,1,17406066769626,17406087627407
2174,1,17406087634567,17406107285030
2175,1,17406107290368,17406126749727
2176,1,17406126754983,17406146956453
2177,1,17406146962188,17406167416998
2178,1,17406167422695,17406187328793
2179,1,17406187334699,17406207157003
2180,1,17406207163104,17406227016996
2181,1,17406227036568,17406247161433
2182,1,17406247166735,17406266892835
2183,1,17406266897321,17406286983925
2184,1,17406286990914,17406307660254
2185,1,17406307665406,17406326844219
2186,1,17406326849223,17406346759557
2187,1,17406346778476,17406366792238
2188,1,17406366797648,17406387180429
2189,1,17406387185231,17406406758372
2190,1,17406406763527,17406426684327
2191,1,17406426689135,17406446420117
2192,1,17406446425526,17406466911748
2193,1,17406466916523,17406487203424
2194,1,17406487210051,17406506772543
2195,1,17406506778821,17406526498733
2196,1,17406526504305,17406546641693
2197,1,17406546647161,17406566772315
2198,1,17406566778005,17406586802046
2199,1,17406586807554,17406607000370
2200,1,17406607006767,17406626997320
2201,1,17406627002245,17406651447422
2202,1,17406651455404,17406671026956
2203,1,17406671031992,17406691002867
2204,1,17406691008257,17406710975402
2205,1,17406710980421,17406730891593
2206,1,17406730896991,17406750819051
2207,1,17406750824352,17406770706185
2208,1,17406770711938,17406790753069
2209,1,17406790758730,17406810972703
2210,1,17406810977769,17406830670026
2211,1,17406830674856,17406850748109
2212,1,17406850753456,17406871687578
2213,1,17406871693647,17406890934336
2214,1,17406890939764,17406910767431
2215,1,17406910772587,17406930610990
2216,1,17406930616062,17406950551752
2217,1,17406950556910,17406971552401
2218,1,17406971557552,17406990960512
2219,1,17406990966085,17407010819802
2220,1,17407010839229,17407030967944
2221,1,17407030972585,17407051417238
2222,1,17407051423086,17407070946327
2223,1,17407070950721,17407090986242
2224,1,17407090992452,17407111133550
2225,1,17407111139023,17407131053333
2226,1,17407131058390,17407151066793
2227,1,17407151071707,17407171022956
2228,1,17407171028086,17407191003130
2229,1,17407191008255,17407210833101
2230,1,17407210839217,17407230817003
2231,1,17407230823324,17407250819487
2232,1,17407250825386,17407270986214
2233,1,17407270991272,17407291005405
2234,1,17407291010666,17407311221588
2235,1,17407311226362,17407331249916
2236,1,17407331254965,17407351060682
2237,1,17407351065416,17407371051523
2238,1,17407371067686,17407391116062
2239,1,17407391120797,17407415363271
2240,1,17407415369600,17407437052399
2241,1,17407437057646,17407455125206
2242,1,17407455131411,17407474998755
2243,1,17407475003537,17407495028405
2244,1,17407495033177,17407515000404
2245,1,17407515006240,17407535289484
2246,1,17407535295236,17407555503652
2247,1,17407555509729,17407574901031
2248,1,17407574906056,17407594990796
2249,1,17407594995275,17407614826799
2250,1,17407614833045,17407634874849
2251,1,17407634881099,17407655626339
2252,1,17407655631859,17407675086811
2253,1,17407675092411,17407694851726
2254,1,17407694857889,17407714655915
2255,1,17407714662049,17407734851911
2256,1,17407734858424,17407754936230
2257,1,17407754941173,17407774895287
2258,1,17407774900304,17407794959333
2259,1,17407794964479,17407816399419
2260,1,17407816406479,17407835039188
2261,1,17407835044541,17407856278403
2262,1,17407856296328,17407874676355
2263,1,17407874681751,17407894953119
2264,1,17407894958328,17407914431983
2265,1,17407914437191,17407934945996
2266,1,17407934951571,17407954759140
2267,1,17407954763695,17407975020390
2268,1,17407975025714,17407994880203
2269,1,17407994885369,17408014636680
2270,1,17408014642146,17408035591359
2271,1,17408035596429,17408055137849
2272,1,17408055142776,17408074617958
2273,1,17408074623687,17408094767143
2274,1,17408094773489,17408114742328
2275,1,17408114748613,17408134943366
2276,1,17408134948485,17408159370250
2277,1,17408159375825,17408181003171
2278,1,17408181010138,17408201220512
2279,1,17408201226900,17408221522437
2280,1,17408221530662,17408241386951
2281,1,17408241393680,17408259490531
2282,1,17408259496614,17408278835557
2283,1,17408278840803,17408299169420
2284,1,17408299176369,17408320320612
2285,1,17408320326035,17408338936321
2286,1,17408338941939,17408359071477
2287,1,17408359076264,17408379055060
2288,1,17408379060692,17408398762795
2289,1,17408398768509,17408418876897
2290,1,17408418902044,17408439005462
2291,1,17408439010452,17408459021611
2292,1,17408459026959,17408479002256
2293,1,17408479008371,17408498810482
2294,1,17408498817586,17408518807746
2295,1,17408518813781,17408538927532
2296,1,17408538933013,17408558783595
2297,1,17408558789613,17408578942421
2298,1,17408578947738,17408599119938
2299,1,17408599125842,17408619029770
2300,1,17408619035199,17408638869205
2301,1,17408638875153,17408659630785
2302,1,17408659636625,17408678904650
2303,1,17408678910683,17408699047442
2304,1,17408699052776,17408718847254
2305,1,17408718904519,17408738960782
2306,1,17408738966251,17408759954747
2307,1,17408759959789,17408778738533
2308,1,17408778743562,17408798699416
2309,1,17408798705232,17408818755667
2310,1,17408818761519,17408838763802
2311,1,17408838770359,17408858635195
2312,1,17408858641192,17408878660308
2313,1,17408878666215,17408898527177
2314,1,17408898533412,17408922793685
2315,1,17408922800299,17408943068502
2316,1,17408943074910,17408962687449
2317,1,17408962693919,17408982899962
2318,1,17408982906380,17409002723957
2319,1,17409002730040,17409022752826
2320,1,17409022758888,17409042833267
2321,1,17409042840688,17409062811168
2322,1,17409062817310,17409082796089
2323,1,17409082801940,17409103021531
2324,1,17409103026890,17409123049491
2325,1,17409123054557,17409142606658
2326,1,17409142613145,17409162798380
2327,1,17409162803091,17409182816569
2328,1,17409182822563,17409204481679
2329,1,17409204487507,17409224031182
2330,1,17409224036554,17409243038367
2331,1,17409243043394,17409263018391
2332,1,17409263023798,17409284755379
2333,1,17409284765153,17409302945053
2334,1,17409302950457,17409322916854
2335,1,17409322921707,17409342960171
2336,1,17409342965434,17409362996118
2337,1,17409363001509,17409383046808
2338,1,17409383052081,17409402994442
2339,1,17409402999424,17409423486758
2340,1,17409423510318,17409442910070
2341,1,17409442914779,17409463046324
2342,1,17409463052046,17409482973312
2343,1,17409482978440,17409502878254
2344,1,17409502883639,17409523078847
2345,1,17409523084408,17409542708379
2346,1,17409542713724,17409562756052
2347,1,17409562761615,17409583097106
2348,1,17409583103309,17409602732013
2349,1,17409602737495,17409622669336
2350,1,17409622674355,17409642639652
2351,1,17409642646332,17409666890368
2352,1,17409666896754,17409686812966
2353,1,17409686818245,17409706855956
2354,1,17409706862108,17409726702057
2355,1,17409726707863,17409746582450
2356,1,17409746588745,17409766690424
2357,1,17409766696768,17409786830378
2358,1,17409786836772,17409806838628
2359,1,17409806846305,17409826352895
2360,1,17409826358236,17409846848196
2361,1,17409846854230,17409866935486
2362,1,17409866940643,17409886875014
2363,1,17409886880415,17409906909830
2364,1,17409906916060,17409926830928
2365,1,17409926837233,17409947081094
2366,1,17409947086501,17409966643827
2367,1,17409966649628,17409986720001
2368,1,17409986726059,17410006654195
2369,1,17410006660122,17410026686935
2370,1,17410026692774,17410046728932
2371,1,17410046734580,17410066688806
2372,1,17410066694651,17410086821730
2373,1,17410086827760,17410106764927
2374,1,17410106771517,17410126701263
2375,1,17410126707083,17410146773428
2376,1,17410146779070,17410166818430
2377,1,17410166824066,17410189314567
2378,1,17410189321946,17410208955996
2379,1,17410208963110,17410227096907
2380,1,17410227101848,17410246930890
2381,1,17410246936669,17410267575859
2382,1,17410267581688,17410287625260
2383,1,17410287630552,17410306579719
2384,1,17410306584377,17410327510054
2385,1,17410327516961,17410346631985
2386,1,17410346637369,17410366987266
2387,1,17410366992298,17410386992167
2388,1,17410386997468,17410406780409
2389,1,17410406785991,17410430731774
2390,1,17410430756368,17410450964987
2391,1,17410450985420,17410470790716
2392,1,17410470796628,17410490970809
2393,1,17410490976821,17410510900879
2394,1,17410510906702,17410530998333
2395,1,17410531004271,17410550762841
2396,1,17410550769093,17410570881353
2397,1,17410570887124,17410590910336
2398,1,17410590948859,17410610870589
2399,1,17410610876722,17410630862185
2400,1,17410630889252,17410650768142
2401,1,17410650773785,17410670957075
2402,1,17410670962444,17410690892515
2403,1,17410690897809,17410711085898
2404,1,17410711091757,17410730577099
2405,1,17410730581703,17410751202005
2406,1,17410751208824,17410770873981
2407,1,17410770879400,17410791006111
2408,1,17410791010804,17410810847360
2409,1,17410810852858,17410830984910
2410,1,17410830990374,17410850602544
2411,1,17410850607717,17410872618780
2412,1,17410872627184,17410890412979
2413,1,17410890418140,17410910715581
2414,1,17410910721689,17410930421625
2415,1,17410930426810,17410950853633
2416,1,17410950859151,17410970704942
2417,1,17410970710011,17410990677521
2418,1,17410990684330,17411010588482
2419,1,17411010594308,17411030689487
2420,1,17411030695699,17411051031144
2421,1,17411051036032,17411070441882
2422,1,17411070448208,17411090713676
2423,1,17411090719626,17411110861455
2424,1,17411110867202,17411130805068
2425,1,17411130811442,17411150927307
2426,1,17411150933065,17411171040070
2427,1,17411171045896,17411194967129
2428,1,17411194974625,17411215944234
2429,1,17411215958066,17411234798323
2430,1,17411234804634,17411255367150
2431,1,17411255372052,17411274430787
2432,1,17411274450897,17411294898895
2433,1,17411294904456,17411314850450
2434,1,17411314856414,17411334729321
2435,1,17411334735339,17411354648415
2436,1,17411354654596,17411374856289
2437,1,17411374861752,17411394927889
2438,1,17411394933761,17411415276615
2439,1,17411415282635,17411434856930
2440,1,17411434862513,17411454948511
2441,1,17411454954164,17411474829702
2442,1,17411474852004,17411494813829
2443,1,17411494821065,17411514948942
2444,1,17411514954680,17411535035002
2445,1,17411535039530,17411554967346
2446,1,17411554972315,17411575058931
2447,1,17411575065055,17411594987797
2448,1,17411594993130,17411614859611
2449,1,17411614865601,17411634584496
2450,1,17411634590081,17411654712823
2451,1,17411654718402,17411674430760
2452,1,17411674435936,17411694766877
2453,1,17411694773189,17411714852737
2454,1,17411714858607,17411734534527
2455,1,17411734539992,17411754515773
2456,1,17411754521556,17411774559424
2457,1,17411774565817,17411794799496
2458,1,17411794805223,17411814741662
2459,1,17411814747161,17411835001151
2460,1,17411835006498,17411854779189
2461,1,17411854785237,17411874995160
2462,1,17411875000146,17411894847094
2463,1,17411894852727,17411914736112
2464,1,17411914741720,17411938795811
2465,1,17411938801627,17411958806984
2466,1,17411958812880,17411978724455
2467,1,17411978730739,17411998819419
2468,1,17411998825361,17412018792000
2469,1,17412018797803,17412038819659
2470,1,17412038825714,17412058952390
2471,1,17412058958378,17412078881072
2472,1,17412078886865,17412099065073
2473,1,17412099069677,17412118913927
2474,1,17412118920091,17412138974616
2475,1,17412138994298,17412158761126
2476,1,17412158766738,17412178961574
2477,1,17412178966330,17412199124089
2478,1,17412199131490,17412219050084
2479,1,17412219055185,17412239030113
2480,1,17412239035191,17412259088591
2481,1,17412259094617,17412279052347
2482,1,17412279057304,17412299103233
2483,1,17412299108133,17412319850003
2484,1,17412319856039,17412339047084
2485,1,17412339051751,17412358789281
2486,1,17412358794445,17412378695638
2487,1,17412378701712,17412398861361
2488,1,17412398866908,17412419242367
2489,1,17412419248413,17412440506264
2490,1,17412440514107,17412458763252
2491,1,17412458768342,17412479039467
2492,1,17412479045287,17412499091701
2493,1,17412499096773,17412518951318
2494,1,17412518971999,17412539638695
2495,1,17412539644806,17412559157621
2496,1,17412559162972,17412579249747
2497,1,17412579255554,17412599020523
2498,1,17412599025460,17412618990464
2499,1,17412618995298,17412639199428
2500,1,17412639205728,17412659178940
2501,1,17412659184766,17412678944802
2502,1,17412678950105,17412703062494
2503,1,17412703068111,17412723035111
2504,1,17412723040330,17412743196288
2505,1,17412743201681,17412763234370
2506,1,17412763240486,17412783214279
2507,1,17412783220120,17412803241933
2508,1,17412803247597,17412823158262
2509,1,17412823164066,17412844387180
2510,1,17412844392559,17412863278955
2511,1,17412863285856,17412883371450
2512,1,17412883377311,17412902985750
2513,1,17412902990524,17412923895770
2514,1,17412923900913,17412943312190
2515,1,17412943317401,17412963065487
2516,1,17412963070478,17412982846980
2517,1,17412982852875,17413003055614
2518,1,17413003060648,17413022997270
2519,1,17413023002306,17413043131319
2520,1,17413043137254,17413063419318
2521,1,17413063425191,17413083160412
2522,1,17413083166297,17413103187326
2523,1,17413103193083,17413123235777
2524,1,17413123241686,17413143226304
2525,1,17413143231860,17413163332647
2526,1,17413163338862,17413183158930
2527,1,17413183164977,17413203749888
2528,1,17413203755792,17413223261606
2529,1,17413223267297,17413243133859
2530,1,17413243139814,17413263220284
2531,1,17413263226026,17413283381049
2532,1,17413283386626,17413303290629
2533,1,17413303296328,17413323012416
2534,1,17413323017440,17413342936400
2535,1,17413342942763,17413362856900
2536,1,17413362863722,17413383896667
2537,1,17413383901634,17413403015675
2538,1,17413403020411,17413423864728
2539,1,17413423870606,17413443018260
2540,1,17413443023519,17413467047872
2541,1,17413467052584,17413486996064
2542,1,17413487001172,17413507011255
2543,1,17413507016009,17413526811996
2544,1,17413526835340,17413546904852
2545,1,17413546910839,17413567123199
2546,1,17413567128659,17413587252954
2547,1,17413587258996,17413607158557
2548,1,17413607164734,17413627117522
2549,1,17413627123978,17413646903530
2550,1,17413646909652,17413667039234
2551,1,17413667044162,17413687099388
2552,1,17413687104177,17413707166883
2553,1,17413707171785,17413727050879
2554,1,17413727057202,17413747078200
2555,1,17413747083338,17413767034128
2556,1,17413767039362,17413787018965
2557,1,17413787024038,17413806932917
2558,1,17413806937615,17413827206071
2559,1,17413827212803,17413847151485
2560,1,17413847174721,17413867087292
2561,1,17413867094000,17413887227732
2562,1,17413887235176,17413908665814
2563,1,17413908670409,17413927039989
2564,1,17413927044829,17413947484433
2565,1,17413947489979,17413967319844
2566,1,17413967325616,17413987207768
2567,1,17413987213812,17414007636102
2568,1,17414007641377,17414027169030
2569,1,17414027174497,17414047686301
2570,1,17414047692542,17414067407386
2571,1,17414067412936,17414087213864
2572,1,17414087219705,17414107224149
2573,1,17414107230224,17414127134461
2574,1,17414127140322,17414147066837
2575,1,17414147071386,17414167176243
2576,1,17414167182156,17414187036651
2577,1,17414187041730,17414212872967
2578,1,17414212890615,17414231346340
2579,1,17414231354281,17414251963504
2580,1,17414251969642,17414271395834
2581,1,17414271401474,17414291505115
2582,1,17414291510833,17414312784414
2583,1,17414312791494,17414331929662
2584,1,17414331934223,17414351801950
2585,1,17414351807219,17414371313726
2586,1,17414371318378,17414392279255
2587,1,17414392284489,17414412040222
2588,1,17414412046909,17414432982534
2589,1,17414432987323,17414453131461
2590,1,17414453136751,17414471414569
2591,1,17414471419527,17414491105863
2592,1,17414491112153,17414511060036
2593,1,17414511064515,17414531782050
2594,1,17414531787215,17414551554329
2595,1,17414551574708,17414572113227
2596,1,17414572118462,17414590860549
2597,1,17414590865970,17414611058933
2598,1,17414611064409,17414631164365
2599,1,17414631170680,17414650981688
2600,1,17414650987749,17414670963668
2601,1,17414670999170,17414691111432
2602,1,17414691134316,17414710997172
2603,1,17414711002203,17414731069560
2604,1,17414731075254,17414751001621
2605,1,17414751006453,17414770979871
2606,1,17414770984997,17414790940453
2607,1,17414790946680,17414810860303
2608,1,17414810866166,17414830818982
2609,1,17414830825346,17414850848102
2610,1,17414850853506,17414870720554
2611,1,17414870726156,17414890736284
2612,1,17414890742482,17414911095435
2613,1,17414911100346,17414931769986
2614,1,17414931776039,17414951641165
2615,1,17414951646872,17414974975376
2616,1,17414974980588,17414995267106
2617,1,17414995272807,17415014885718
2618,1,17415014891094,17415034721012
2619,1,17415034727326,17415054818214
2620,1,17415054824478,17415074424651
2621,1,17415074429722,17415094881623
2622,1,17415094890341,17415114804103
2623,1,17415114810267,17415134818892
2624,1,17415134825009,17415154687689
2625,1,17415154693038,17415174953679
2626,1,17415174959579,17415195127698
2627,1,17415195133306,17415215150439
2628,1,17415215155737,17415234876640
2629,1,17415234881428,17415254999948
2630,1,17415255004958,17415274798038
2631,1,17415274803170,17415294905468
2632,1,17415294911040,17415314861996
2633,1,17415314867876,17415334804559
2634,1,17415334811428,17415354655331
2635,1,17415354661476,17415374663616
2636,1,17415374669740,17415394912737
2637,1,17415394956675,17415414656905
2638,1,17415414662332,17415434585505
2639,1,17415434590599,17415454960307
2640,1,17415454965332,17415474501821
2641,1,17415474506830,17415495198723
2642,1,17415495205452,17415514870898
2643,1,17415514875863,17415534768112
2644,1,17415534772882,17415554525297
2645,1,17415554544789,17415574899270
2646,1,17415574921650,17415595118676
2647,1,17415595128026,17415615267146
2648,1,17415615272312,17415634556334
2649,1,17415634561699,17415654485211
2650,1,17415654490651,17415674827517
2651,1,17415674833896,17415695230606
2652,1,17415695237636,17415715035821
2653,1,17415715040839,17415738891642
2654,1,17415738896936,17415758707072
2655,1,17415758712592,17415778929762
2656,1,17415778935763,17415798803958
2657,1,17415798810221,17415818705973
2658,1,17415818712753,17415838721833
2659,1,17415838726996,17415858721815
2660,1,17415858727866,17415878548602
2661,1,17415878553866,17415898777049
2662,1,17415898783263,17415918784581
2663,1,17415918790589,17415938638596
2664,1,17415938643718,17415958981841
2665,1,17415958987745,17415978911804
2666,1,17415978918272,17415998794383
2667,1,17415998800233,17416019049365
2668,1,17416019057232,17416039101003
2669,1,17416039105886,17416059012178
2670,1,17416059017523,17416078942864
2671,1,17416078948955,17416099069550
2672,1,17416099119387,17416118734552
2673,1,17416118740419,17416138840145
2674,1,17416138846226,17416159835315
2675,1,17416159840576,17416179228823
2676,1,17416179233841,17416199097979
2677,1,17416199103796,17416218920839
2678,1,17416218926333,17416238720831
2679,1,17416238726194,17416258928701
2680,1,17416258933856,17416279369524
2681,1,17416279375658,17416299578977
2682,1,17416299584174,17416318830172
2683,1,17416318835122,17416338886039
2684,1,17416338891531,17416359161644
2685,1,17416359166456,17416379166393
2686,1,17416379171273,17416399518221
2687,1,17416399522998,17416418850608
2688,1,17416418856409,17416438867673
2689,1,17416438872566,17416459223286
2690,1,17416459229417,17416483547716
2691,1,17416483554291,17416502934811
2692,1,17416502940063,17416523088964
2693,1,17416523094773,17416543239581
2694,1,17416543246363,17416563623187
2695,1,17416563628604,17416583157213
2696,1,17416583162347,17416603054249
2697,1,17416603058670,17416623004205
2698,1,17416623023610,17416642907238
2699,1,17416642913376,17416662709519
2700,1,17416662715574,17416683017870
2701,1,17416683055647,17416703217349
2702,1,17416703223343,17416723091236
2703,1,17416723095615,17416743080844
2704,1,17416743085800,17416763014689
2705,1,17416763019024,17416782841985
2706,1,17416782848343,17416803064600
2707,1,17416803069644,17416823019980
2708,1,17416823025086,17416842913845
2709,1,17416842919880,17416865015464
2710,1,17416865022792,17416886516414
2711,1,17416886522941,17416905136280
2712,1,17416905141708,17416922531091
2713,1,17416922536524,17416943350720
2714,1,17416943357954,17416963126984
2715,1,17416963132225,17416983069280
2716,1,17416983074729,17417002856807
2717,1,17417002862707,17417023171246
2718,1,17417023176842,17417042884492
2719,1,17417042890275,17417062809111
2720,1,17417062815420,17417082979568
2721,1,17417082985033,17417102924723
2722,1,17417102930388,17417122920180
2723,1,17417122926221,17417142962250
2724,1,17417142969156,17417162682430
2725,1,17417162687468,17417183143606
2726,1,17417183149759,17417203033390
2727,1,17417203038579,17417223134938
2728,1,17417223140251,17417246956854
2729,1,17417246962604,17417266983465
2730,1,17417267035923,17417286788001
2731,1,17417286793886,17417306975639
2732,1,17417306982029,17417326877386
2733,1,17417326882981,17417347112030
2734,1,17417347117862,17417367024945
2735,1,17417367030249,17417387217746
2736,1,17417387223637,17417406925548
2737,1,17417406931202,17417428520155
2738,1,17417428525706,17417447013924
2739,1,17417447019697,17417468941425
2740,1,17417468947678,17417487037688
2741,1,17417487042678,17417507035150
2742,1,17417507040027,17417527161966
2743,1,17417527167594,17417547152801
2744,1,17417547158840,17417567197598
2745,1,17417567203250,17417586694769
2746,1,17417586701088,17417606882835
2747,1,17417606888266,17417627055679
2748,1,17417627075119,17417647033570
2749,1,17417647037958,17417666717588
2750,1,17417666724021,17417687228652
2751,1,17417687234698,17417707044059
2752,1,17417707049693,17417726852023
2753,1,17417726858500,17417746792514
2754,1,17417746797721,17417766561865
2755,1,17417766566671,17417786768011
2756,1,17417786773172,17417806757643
2757,1,17417806763003,17417827358113
2758,1,17417827363335,17417847097465
2759,1,17417847102575,17417866805363
2760,1,17417866810356,17417886713591
2761,1,17417886718899,17417907058702
2762,1,17417907063829,17417927068823
2763,1,17417927075281,17417948138420
2764,1,17417948143109,17417966810700
2765,1,17417966815610,17417987189335
2766,1,17417987195030,17418011076166
2767,1,17418011081425,17418030849407
2768,1,17418030855976,17418050893692
2769,1,17418050898861,17418071084939
2770,1,17418071090234,17418098446521
2771,1,17418098453646,17418112517409
2772,1,17418112543976,17418132747326
2773,1,17418132752427,17418150843147
2774,1,17418150848101,17418171170617
2775,1,17418171175784,17418191638701
2776,1,17418191644081,17418212670860
2777,1,17418212677283,17418232326045
2778,1,17418232331095,17418250970657
2779,1,17418250975453,17418271152545
2780,1,17418271161261,17418291295041
2781,1,17418291300611,17418310977718
2782,1,17418311015533,17418330856339
2783,1,17418330862235,17418351085359
2784,1,17418351090466,17418371042320
2785,1,17418371047290,17418391141216
2786,1,17418391146669,17418411145091
2787,1,17418411150487,17418431054523
2788,1,17418431059691,17418451564453
2789,1,17418451569601,17418471071363
2790,1,17418471076835,17418490833351
2791,1,17418490841258,17418510905940
2792,1,17418510911672,17418530799752
2793,1,17418530806284,17418551446318
2794,1,17418551451351,17418571112746
2795,1,17418571117672,17418590963320
2796,1,17418590969148,17418610929950
2797,1,17418610935293,17418630872241
2798,1,17418630880025,17418650440370
2799,1,17418650460917,17418670845565
2800,1,17418670851373,17418691489808
2801,1,17418691494796,17418711087552
2802,1,17418711092746,17418730993829
2803,1,17418730999875,17418754826752
2804,1,17418754833195,17418774820756
2805,1,17418774826552,17418794775125
2806,1,17418794781547,17418814870959
2807,1,17418814876529,17418834837914
2808,1,17418834844224,17418854910821
2809,1,17418854916250,17418874788320
2810,1,17418874795130,17418894913254
2811,1,17418894918632,17418914880195
2812,1,17418914885816,17418934744507
2813,1,17418934750103,17418954849256
2814,1,17418954855099,17418974939549
2815,1,17418974978149,17418995111879
2816,1,17418995117792,17419015145090
2817,1,17419015150376,17419034981400
2818,1,17419034987540,17419054916374
2819,1,17419054922342,17419074953798
2820,1,17419074959668,17419094929382
2821,1,17419094935694,17419115051826
2822,1,17419115056590,17419134656401
2823,1,17419134661454,17419154950985
2824,1,17419154956964,17419175963810
2825,1,17419175979851,17419195346259
2826,1,17419195351934,17419215108544
2827,1,17419215113389,17419234959773
2828,1,17419234965915,17419254907919
2829,1,17419254913455,17419274891172
2830,1,17419274896903,17419294913737
2831,1,17419294919210,17419315013418
2832,1,17419315019698,17419335237326
2833,1,17419335243499,17419355135871
2834,1,17419355142797,17419375005572
2835,1,17419375010232,17419395144798
2836,1,17419395151137,17419415132281
2837,1,17419415136935,17419435027910
2838,1,17419435033266,17419455065551
2839,1,17419455070940,17419475135915
2840,1,17419475140985,17419494856837
2841,1,17419494861924,17419519268714
2842,1,17419519273556,17419539038372
2843,1,17419539043525,17419559153695
2844,1,17419559159135,17419579166194
2845,1,17419579171483,17419598817543
2846,1,17419598822468,17419618851175
2847,1,17419618856362,17419638822712
2848,1,17419638827985,17419659125939
2849,1,17419659130968,17419678979510
2850,1,17419678999666,17419699192892
2851,1,17419699197937,17419718910073
2852,1,17419718915024,17419738924681
2853,1,17419738929641,17419759672915
2854,1,17419759678118,17419779399977
2855,1,17419779405035,17419799117533
2856,1,17419799122360,17419819369309
2857,1,17419819374436,17419838967827
2858,1,17419838973772,17419859201714
2859,1,17419859207985,17419879056734
2860,1,17419879062153,17419898711878
2861,1,17419898716804,17419918928994
2862,1,17419918934961,17419939098274
2863,1,17419939103571,17419959151435
2864,1,17419959156478,17419979157052
2865,1,17419979162011,17419999113435
2866,1,17419999119087,17420018907675
2867,1,17420018914140,17420039054729
2868,1,17420039060618,17420059228604
2869,1,17420059235191,17420078913602
2870,1,17420078918831,17420098876244
2871,1,17420098881321,17420119125051
2872,1,17420119133920,17420138842921
2873,1,17420138848075,17420159019087
2874,1,17420159023835,17420179282051
2875,1,17420179286727,17420198823328
2876,1,17420198829017,17420218708132
2877,1,17420218734223,17420238723531
2878,1,17420238729824,17420259088143
2879,1,17420259093283,17420282582274
2880,1,17420282587432,17420303099508
2881,1,17420303105142,17420322897439
2882,1,17420322902739,17420343014889
2883,1,17420343020125,17420362583296
2884,1,17420362588627,17420382588530
2885,1,17420382593973,17420402982727
2886,1,17420402990294,17420422660324
2887,1,17420422665690,17420442927674
2888,1,17420442933351,17420462438538
2889,1,17420462443991,17420482964098
2890,1,17420482969189,17420502832907
2891,1,17420502838934,17420522800390
2892,1,17420522805296,17420543356841
2893,1,17420543363688,17420562752904
2894,1,17420562758141,17420582923877
2895,1,17420582928479,17420602689113
2896,1,17420602694784,17420623189383
2897,1,17420623196044,17420643148102
2898,1,17420643153415,17420662946367
2899,1,17420662951069,17420682699996
2900,1,17420682719959,17420703072857
2901,1,17420703078664,17420722872093
2902,1,17420722914807,17420743723482
2903,1,17420743728355,17420763430188
2904,1,17420763436991,17420782693053
2905,1,17420782698257,17420804182090
2906,1,17420804187501,17420823164713
2907,1,17420823171118,17420842863733
2908,1,17420842870266,17420862775600
2909,1,17420862782005,17420882797866
2910,1,17420882803880,17420902909457
2911,1,17420902914914,17420922757347
2912,1,17420922763322,17420942924370
2913,1,17420942931413,17420962896610
2914,1,17420962904446,17420982790893
2915,1,17420982797149,17421002953906
2916,1,17421002960308,17421026937366
2917,1,17421026943140,17421046882351
2918,1,17421046888795,17421066894099
2919,1,17421066900074,17421086869806
2920,1,17421086875649,17421107079200
2921,1,17421107085053,17421128425501
2922,1,17421128432920,17421149495913
2923,1,17421149503147,17421169226276
2924,1,17421169233445,17421193316355
2925,1,17421193323122,17421209025487
2926,1,17421209034115,17421227696289
2927,1,17421227701770,17421250195265
2928,1,17421250202772,17421267312370
2929,1,17421267317715,17421286909449
2930,1,17421286915483,17421306677796
2931,1,17421306683036,17421326826395
2932,1,17421326832143,17421346897865
2933,1,17421346903902,17421366851064
2934,1,17421366857369,17421386781353
2935,1,17421386787614,17421407137757
2936,1,17421407143494,17421426939106
2937,1,17421426945514,17421447017733
2938,1,17421447057346,17421467164044
2939,1,17421467169423,17421487155024
2940,1,17421487160405,17421507130439
2941,1,17421507135419,17421527095213
2942,1,17421527115309,17421546936739
2943,1,17421546942843,17421567180891
2944,1,17421567186101,17421586997419
2945,1,17421587003536,17421607100553
2946,1,17421607105815,17421627020666
2947,1,17421627027042,17421646770184
2948,1,17421646775953,17421666857819
2949,1,17421666863462,17421689657225
2950,1,17421689680146,17421707423482
2951,1,17421707429175,17421726818602
2952,1,17421726843439,17421746994313
2953,1,17421746999677,17421766936407
2954,1,17421766942396,17421791059413
2955,1,17421791064359,17421810978453
2956,1,17421811017099,17421830776661
2957,1,17421830783088,17421850770002
2958,1,17421850775761,17421870935572
2959,1,17421870941769,17421890932938
2960,1,17421890938218,17421911085505
2961,1,17421911092307,17421930817322
2962,1,17421930823423,17421951887445
2963,1,17421951895049,17421971060231
2964,1,17421971065358,17421990884113
2965,1,17421990889386,17422010914709
2966,1,17422010922743,17422030890104
2967,1,17422030896561,17422050880749
2968,1,17422050886968,17422070964219
2969,1,17422070970106,17422091006978
2970,1,17422091013069,17422110815715
2971,1,17422110822200,17422130735035
2972,1,17422130741570,17422150726270
2973,1,17422150732682,17422170763911
2974,1,17422170770026,17422193643110
2975,1,17422193650917,17422211743033
2976,1,17422211749629,17422230771784
2977,1,17422230777336,17422251064753
2978,1,17422251070684,17422271135403
2979,1,17422271140028,17422291020848
2980,1,17422291026955,17422312994430
2981,1,17422313000594,17422330761212
2982,1,17422330766103,17422350896467
2983,1,17422350901806,17422371170443
2984,1,17422371176033,17422390921500
